experience_years,education_years,salary
13.11,16.48,162385.54
33.28,11.72,242277.32
25.62,18.72,244634.09
20.95,16.13,199285.08
5.46,11.57,116725.22
5.46,19.62,152392.33
2.03,15.18,122124.3
30.32,10.73,217444.59
21.04,16.27,209833.93
24.78,12.53,202016.55
0.72,18.04,120631.23
33.95,18.18,279580.28
29.14,19.79,264597.99
7.43,15.02,125200.98
6.36,14.55,141401.77
6.42,17.53,129150.51
10.65,11.32,123635.17
18.37,15.47,189194.66
15.12,15.46,176350.94
10.19,10.89,138690.13
21.41,14.18,181536.96
4.88,18.53,139537.51
10.23,18.56,147215.87
12.82,10.99,138005.97
15.96,10.91,155995.11
27.48,12.63,228128.54
6.99,18.75,154521.3
18.0,11.29,175270.24
20.73,17.2,215080.24
1.63,11.01,85809.43
21.26,16.23,195386.47
5.97,13.56,124831.76
2.28,17.89,115828.57
33.21,12.34,254182.32
33.8,16.39,265943.66
28.29,12.36,227287.38
10.66,17.14,155651.93
3.42,18.74,140673.89
23.95,11.27,194214.37
15.41,18.67,190658.82
4.27,15.94,124016.17
17.33,11.27,166190.09
1.2,14.28,96475.32
31.83,11.61,221655.45
9.06,17.0,163017.73
23.19,17.59,228460.1
10.91,11.06,129760.2
18.2,15.06,201203.02
19.13,18.15,205418.69
6.47,19.36,165900.82
33.94,15.14,262989.58
27.13,19.5,240012.16
32.88,15.36,272840.42
31.32,13.94,249724.95
20.93,18.48,216590.71
32.27,14.93,257773.57
3.1,14.72,112557.2
6.86,14.9,140049.01
1.58,18.47,107741.75
11.39,18.32,160403.55
13.6,14.04,165802.57
9.5,13.33,132999.08
29.01,14.92,235806.62
12.49,15.73,149275.32
9.83,12.38,147251.36
18.99,17.94,216060.34
4.93,14.86,123286.64
28.08,13.34,217736.42
2.61,11.07,103417.9
34.54,12.39,267124.25
27.03,19.49,256313.06
6.96,13.05,142203.13
0.19,11.69,77914.53
28.54,14.61,223094.52
24.74,13.07,194885.1
25.52,10.35,197801.91
26.99,13.23,216983.58
2.59,15.44,116027.74
12.55,15.52,166796.17
4.06,13.57,124882.13
30.21,14.47,225079.78
21.82,19.66,222401.64
11.58,13.77,153286.78
2.22,12.58,96682.63
10.88,12.43,129463.04
11.38,14.58,158249.07
25.54,17.6,220840.94
22.31,12.06,187460.1
31.05,17.09,259030.84
16.53,10.21,148215.84
4.19,14.19,124889.75
24.96,17.76,225443.37
26.63,13.39,226616.26
19.64,15.64,195997.61
26.98,12.05,215003.63
17.28,17.42,200916.26
18.3,10.52,158584.91
14.96,18.53,170495.89
0.89,11.98,93891.9
3.78,18.74,140687.44
1.1,13.53,104645.62
22.27,17.23,214803.23
11.0,13.19,137044.89
17.8,19.06,222856.9
31.76,11.27,217306.72
8.73,11.79,130252.14
14.36,14.93,161190.86
26.44,10.82,197621.69
8.01,11.96,119442.93
2.69,19.44,131769.63
10.14,19.76,176057.34
5.64,13.76,134043.39
32.54,19.23,279442.44
28.28,15.45,234034.57
22.17,12.7,184362.78
30.5,17.02,257280.7
28.13,16.59,256650.45
6.53,19.89,154412.7
31.24,12.65,230959.84
18.88,16.72,194261.57
28.26,10.52,203252.52
31.36,11.14,203621.74
11.13,10.04,128313.02
3.85,19.99,139732.88
7.98,18.02,139861.76
14.95,17.87,190849.2
28.63,15.1,223862.1
30.13,13.0,227067.88
0.24,11.51,97558.14
17.88,12.85,161893.53
14.61,13.76,148258.25
7.77,17.56,152661.3
4.2,15.4,134323.66
11.82,10.77,118420.38
33.0,10.18,234315.27
11.31,11.02,135736.4
18.16,14.1,164346.87
24.61,19.33,243791.54
12.73,16.37,172703.93
34.01,18.02,274232.68
33.69,14.66,268402.55
8.81,13.62,143538.23
17.4,11.08,163136.73
10.53,18.76,163775.42
9.97,17.83,152167.76
1.29,11.68,90981.73
21.33,15.12,206739.56
17.59,14.87,180200.34
1.8,16.25,98956.97
9.75,19.46,178809.7
31.79,15.8,255134.94
8.38,15.4,138269.06
5.07,10.5,110186.74
17.13,10.63,171423.53
34.5,11.87,223563.64
8.47,10.32,119123.1
23.52,17.43,210684.18
26.66,17.23,239015.12
8.32,11.36,121305.78
25.49,18.36,240982.42
12.87,11.55,136627.04
22.13,13.01,178302.72
22.17,12.49,187857.55
18.75,13.72,186289.99
3.16,12.55,113620.34
29.24,14.89,225112.72
11.23,14.07,155013.13
6.53,19.87,152001.68
1.43,10.56,89236.34
20.68,11.42,175503.83
23.71,10.53,189207.29
0.58,16.26,119068.6
17.92,10.55,151714.96
7.93,18.36,149352.05
22.58,15.12,208582.04
6.1,15.27,152336.53
24.18,15.62,208644.06
13.54,11.71,162372.36
32.79,11.98,256075.67
4.81,13.19,114938.28
11.94,15.93,156661.77
3.97,12.1,100533.09
32.36,11.16,231960.93
30.71,19.7,255965.34
9.03,10.22,116414.73
23.1,18.03,236927.88
28.6,17.88,242197.45
19.43,12.97,180161.36
18.54,11.36,155004.74
8.46,11.46,124467.99
3.26,16.97,130724.76
31.4,16.43,255229.19
31.51,17.83,260732.67
22.16,19.37,224938.35
11.87,16.92,168248.99
12.22,11.56,137534.66
25.41,12.43,207108.12
31.4,18.42,266863.08
31.05,12.09,239762.95
27.3,10.73,209602.94
22.47,17.03,218155.75
2.94,14.03,124563.82
5.66,19.2,154130.11
31.45,16.5,266422.66
21.23,10.9,184654.26
0.32,19.48,111258.97
3.55,12.59,118109.71
23.22,13.37,201638.56
0.18,14.02,97368.11
5.63,10.51,107653.38
19.21,14.97,188560.86
24.22,11.23,195254.69
22.82,14.01,197162.22
7.85,13.51,140404.03
24.93,17.73,229003.48
8.3,18.03,151603.7
11.39,11.53,125937.43
26.13,13.67,216172.56
22.74,13.73,202020.96
29.72,11.51,223374.92
23.02,17.98,214921.14
19.89,17.07,192058.93
3.28,11.9,107521.49
12.87,13.67,164499.14
9.28,11.06,113705.67
8.54,16.28,160183.64
34.06,11.21,244131.92
13.76,19.86,188497.85
31.22,17.81,257491.79
22.09,13.9,186921.21
27.82,15.79,241033.62
17.59,19.11,198401.87
20.19,15.54,192449.6
17.24,11.74,173262.04
6.83,13.79,111091.18
25.29,18.43,222154.58
9.83,16.44,152472.67
0.85,16.51,116653.17
22.59,18.67,229626.2
6.2,18.94,148823.71
32.92,19.2,298792.82
33.39,10.95,234945.63
32.02,15.44,250959.33
12.96,17.41,164964.76
0.54,17.57,119155.51
32.49,16.07,263952.76
14.99,11.67,162641.68
33.83,17.97,263074.2
33.73,17.2,269073.58
29.86,10.86,221178.11
10.31,14.64,150220.18
13.48,11.74,144959.66
29.79,13.37,234713.79
11.09,10.18,118563.17
5.93,14.0,137892.6
19.49,15.5,204047.88
32.77,16.2,249436.78
24.36,16.63,212855.77
19.95,18.36,203763.15
3.4,12.15,109843.49
21.53,11.2,171406.04
34.65,18.52,279869.03
4.9,11.57,111579.02
18.14,19.75,210547.15
30.71,18.43,263495.31
25.93,15.01,210950.1
24.4,19.81,243721.48
24.59,10.97,188253.88
12.58,13.03,144402.48
10.28,16.38,156194.52
28.33,13.5,224116.43
28.35,19.28,253649.69
30.35,10.66,212566.96
31.96,15.49,250340.75
17.9,15.91,189919.16
17.55,16.53,179654.81
27.94,12.56,212504.54
22.75,13.65,203315.38
24.57,18.44,221342.64
27.85,11.95,222686.0
31.15,18.27,273675.07
11.83,15.63,146509.01
13.15,17.62,185351.17
3.29,17.14,128241.63
20.24,12.08,184830.07
1.26,15.69,107748.05
16.3,18.68,203723.31
18.99,14.32,190568.28
10.03,19.67,163300.69
20.68,14.52,186046.3
1.07,11.43,76436.6
1.31,13.89,104488.75
28.79,19.52,261719.98
12.61,13.2,153679.86
4.45,18.68,167409.68
18.28,18.81,197104.78
26.95,13.5,210895.46
7.55,10.83,124319.82
21.8,17.25,210767.62
2.99,13.12,108344.95
1.81,17.83,116735.49
18.6,14.43,188586.99
18.92,14.85,185648.01
22.31,17.78,228642.37
25.41,13.82,218249.8
34.15,14.43,254742.26
18.07,13.76,178546.67
11.3,13.67,139855.23
27.83,15.26,217899.79
9.48,18.09,152486.1
15.36,13.62,166253.96
2.75,15.24,119798.17
0.89,16.71,116647.55
33.69,12.69,244988.74
29.26,12.78,232133.16
24.36,19.33,236562.42
14.31,17.24,158899.84
6.07,15.77,119304.95
5.48,16.48,102310.56
8.76,10.29,118796.46
19.22,16.18,185787.92
25.01,15.1,214816.2
23.11,15.46,208305.05
9.8,13.59,151190.71
33.42,10.81,239759.13
25.83,11.93,204997.64
19.4,19.51,223165.2
21.41,14.09,199962.38
14.69,14.67,162517.89
8.67,10.53,126365.49
12.46,10.38,123327.71
26.52,17.17,236611.79
0.5,15.38,93379.08
4.06,15.09,124084.44
1.61,12.43,98452.51
1.43,17.45,136216.06
29.94,11.68,208804.27
24.63,11.9,193337.75
16.6,14.61,183308.94
3.42,12.86,110720.53
17.21,12.47,169991.7
16.57,16.45,177653.34
6.06,16.51,133183.94
15.18,18.25,198255.53
13.95,14.18,159549.72
21.55,10.73,183175.69
22.23,12.74,192213.36
1.59,19.8,124950.67
13.11,15.96,172950.75
21.91,17.1,218822.81
17.61,10.07,177675.84
29.98,15.18,231864.43
23.05,10.38,191227.44
5.7,15.69,121354.18
2.47,19.21,137651.31
22.48,19.68,238658.73
0.93,15.41,91209.53
20.5,14.58,193739.27
32.91,19.45,273766.45
20.14,16.74,199099.45
13.59,10.65,143054.16
22.52,14.66,213866.87
16.04,12.4,160738.08
19.1,14.7,191326.22
32.95,14.55,254299.03
13.51,15.82,166322.96
33.64,13.57,242570.49
31.69,11.64,240777.89
6.85,15.04,136181.39
2.43,18.3,134754.47
3.53,16.64,121134.8
0.64,13.38,92927.18
3.31,19.36,139580.11
23.91,19.12,220064.9
2.49,12.09,85077.4
11.16,10.39,121760.57
29.57,17.41,254387.13
0.81,18.28,117620.46
28.51,19.68,247599.34
9.86,18.9,158629.55
4.14,16.01,123582.97
24.39,15.3,212147.03
22.01,10.28,197937.16
30.71,12.47,239291.96
25.73,14.6,225724.24
28.12,16.29,246640.94
9.87,15.57,139795.8
6.21,17.43,133175.25
26.27,12.8,200595.13
28.24,15.65,245323.59
34.67,10.88,238413.1
14.44,14.14,151723.09
13.02,17.5,168900.43
27.17,16.93,233543.58
11.93,19.91,182086.31
32.58,12.78,244219.55
30.04,14.98,232775.59
15.01,13.3,166853.19
26.28,14.41,212973.1
26.41,18.57,239292.33
3.61,16.84,135256.63
31.59,18.82,262711.77
17.68,12.04,163821.71
28.93,18.73,258497.38
11.2,10.6,120801.05
31.34,18.89,263875.22
13.62,13.29,158425.33
0.38,13.15,111737.12
31.69,15.12,254594.57
3.2,19.41,144844.76
11.18,10.48,131866.15
33.25,13.52,240432.39
33.27,18.57,276863.42
20.07,13.96,190056.51
22.11,11.99,191586.77
15.7,14.25,170615.55
10.26,13.86,144206.38
11.5,19.15,171292.23
23.54,17.62,224328.39
26.33,15.05,211554.92
27.71,19.88,250686.21
27.64,14.65,237699.41
3.19,10.58,129963.59
17.3,12.62,169566.28
2.01,14.36,124984.38
19.23,11.57,162399.56
15.45,19.48,186080.31
31.07,17.67,273881.8
12.28,12.68,144300.8
4.1,15.91,124713.86
5.0,17.21,127324.62
26.65,19.41,249894.36
21.64,18.82,227003.79
3.54,15.15,111004.04
2.94,17.75,129809.92
24.53,15.62,214568.14
2.55,15.53,119724.21
28.77,11.15,203686.84
24.72,11.26,206135.87
2.85,15.3,125578.95
2.97,12.69,101736.1
34.53,10.21,237064.61
13.1,17.23,170376.25
12.97,10.32,128390.17
28.45,15.95,232823.59
33.15,15.39,256458.98
34.51,19.69,301786.75
26.37,14.84,229105.12
13.17,10.64,145548.03
2.92,15.52,122451.22
27.2,18.41,233873.46
19.54,19.97,218764.52
14.85,14.3,173626.69
31.72,13.2,228965.76
3.89,19.07,147686.48
17.24,11.91,185463.24
0.4,16.15,119038.43
16.4,14.06,184445.57
1.97,10.41,89965.42
4.16,13.47,122613.89
4.11,12.65,103815.94
22.72,16.86,223398.45
26.11,19.49,249658.98
20.42,12.68,187682.79
33.68,18.11,286838.54
13.12,10.55,132352.05
10.0,15.38,146230.64
30.4,10.71,220302.61
7.83,19.34,151062.93
33.71,17.66,275425.92
0.43,16.58,97755.85
33.95,18.24,286588.78
1.51,16.48,117736.04
31.19,19.69,266060.7
18.47,17.14,192105.59
34.75,19.25,284993.25
2.58,15.17,121724.6
19.38,11.17,177272.25
33.93,15.28,256211.81
18.31,11.27,160670.82
22.03,15.92,214541.2
24.35,14.82,206402.82
15.91,16.23,181564.29
21.96,10.1,179457.89
20.45,11.95,184211.66
31.54,14.91,254858.61
1.59,19.51,122762.68
9.83,13.84,122857.88
33.26,14.24,248547.05
31.16,17.15,272412.69
15.95,16.04,197476.4
21.7,12.99,207918.89
9.71,14.11,138365.75
6.58,12.18,102600.11
16.23,19.66,180717.13
12.37,11.31,131940.35
20.43,13.72,188976.78
2.72,10.26,102049.4
34.1,12.22,254562.93
34.52,17.8,280252.99
24.44,12.01,190690.04
18.76,10.8,159523.83
10.83,14.74,150197.74
28.48,10.1,212255.66
23.97,10.85,193649.55
5.69,18.08,136059.47
31.88,17.71,269524.33
28.79,19.15,258561.65
33.24,18.55,266524.25
25.4,16.83,220595.76
21.47,10.52,184400.87
14.64,17.83,180603.79
32.65,18.46,285481.4
30.31,17.99,261156.67
1.58,15.08,106336.12
0.92,12.33,92712.36
13.18,18.45,178827.83
28.37,17.27,236868.1
34.55,19.81,281163.59
5.26,11.56,115152.98
20.79,12.26,191859.41
13.33,12.12,151256.91
33.95,17.93,288945.71
29.47,11.87,216005.5
29.34,10.67,227896.02
16.4,19.99,195602.59
14.52,10.25,133938.09
9.57,18.35,146553.02
1.97,13.65,101195.65
30.27,18.42,254574.75
28.45,15.55,238966.79
34.99,19.02,289016.58
34.88,19.26,277556.0
19.44,10.09,163925.54
26.91,10.75,199087.05
33.07,12.5,228180.39
29.74,16.69,238744.79
8.66,18.88,154102.97
15.77,14.6,184033.01
4.52,16.07,131112.36
33.39,11.88,247403.48
21.22,18.05,203875.43
8.0,19.67,172378.24
23.51,12.69,209122.35
21.63,14.95,185262.76
12.54,10.86,129659.95
3.97,15.59,128791.89
23.51,15.03,215700.14
18.21,11.44,162515.93
27.03,14.42,219245.98
18.21,13.34,173042.64
29.83,15.22,240822.02
19.32,15.86,206835.15
19.63,10.08,161584.56
30.68,17.61,265425.58
14.12,17.13,169605.27
4.69,13.66,110501.51
1.01,10.53,90829.29
26.43,17.55,243243.99
21.71,19.55,233741.55
24.64,12.4,189932.05
7.45,13.24,122672.24
4.77,11.84,143139.96
0.51,15.77,108933.25
12.27,11.55,128829.98
20.65,13.56,194712.39
13.73,16.97,167304.48
15.31,15.6,189856.05
31.65,13.86,255813.88
12.19,14.2,156504.77
17.99,15.62,200447.67
27.43,10.06,201551.5
13.88,10.79,148499.95
21.77,18.81,235479.53
30.18,10.78,220785.75
33.23,17.07,265723.22
5.15,19.2,133957.84
32.43,12.71,240218.41
17.22,13.7,181947.66
9.04,15.69,153583.34
16.07,18.82,199679.91
34.3,19.42,281030.78
17.24,17.4,177429.49
11.51,10.87,126646.78
22.17,16.69,210929.58
8.41,14.1,132159.74
2.66,14.71,119068.26
4.51,10.49,117313.71
4.48,11.91,108737.58
5.32,17.91,140576.37
4.86,14.54,120784.96
22.43,13.02,196526.0
6.37,13.84,118494.26
12.1,18.54,174539.48
31.39,17.49,263960.08
16.59,12.72,168262.26
23.36,11.18,212947.64
6.03,12.52,121022.24
6.73,19.21,139818.1
1.43,15.82,118919.89
5.91,15.33,125791.83
9.75,15.96,140513.74
6.2,13.66,114534.04
3.1,18.07,137139.21
4.22,15.23,121929.37
16.13,11.17,141626.44
7.22,11.29,119687.12
12.75,15.37,147897.53
17.62,19.37,207636.41
24.16,13.08,204763.8
1.38,18.7,135732.07
27.98,17.64,258208.11
21.98,12.48,179219.25
2.86,10.36,91771.2
30.58,11.02,219710.84
32.23,17.28,267336.14
2.14,12.0,99018.09
9.69,13.71,134881.45
28.22,15.02,226834.17
26.19,17.25,223330.63
6.46,11.13,120216.14
7.33,14.06,134355.04
12.97,14.85,166311.81
16.96,15.41,179767.12
21.64,18.18,213507.85
12.91,11.72,132778.66
16.19,18.08,195239.7
26.16,16.93,222167.53
1.28,15.56,127141.67
8.84,17.0,140422.06
24.97,14.12,213699.89
31.33,11.38,241393.36
17.91,16.66,198947.68
18.62,15.25,191615.75
3.75,16.39,119504.84
15.66,13.38,153172.73
18.64,19.07,216629.3
8.49,15.87,157145.34
9.42,10.85,118204.11
13.2,14.5,148183.73
0.7,17.56,98001.47
11.27,17.94,158259.21
7.4,14.95,134357.57
11.46,18.95,186272.49
4.19,12.68,116114.93
31.17,14.11,243930.1
20.78,18.99,216183.9
23.77,18.96,226774.5
27.62,16.86,249213.57
17.45,18.59,203214.62
3.04,10.89,77933.03
18.8,18.65,202955.4
20.54,13.21,181197.12
26.09,11.78,199297.84
15.11,12.39,161619.62
4.47,14.18,157446.87
9.93,12.51,131967.65
12.71,13.21,159848.25
22.61,11.35,181592.86
19.98,12.96,200536.7
12.46,15.72,154880.7
34.53,14.42,261523.17
21.2,13.47,190335.11
8.3,17.46,152952.35
3.56,18.94,143865.41
5.35,17.57,144491.71
8.61,13.32,125137.46
5.62,17.44,131746.32
6.53,11.52,135393.59
9.98,11.3,122411.9
6.07,13.46,128295.37
31.39,18.08,249511.41
2.81,12.46,100504.84
18.36,10.63,163721.3
14.36,11.32,151307.79
34.38,18.59,258579.24
3.92,16.34,129631.91
13.92,12.53,141542.64
33.93,15.55,266406.1
30.29,15.28,233865.35
28.6,16.55,233198.48
9.03,12.33,125714.26
5.98,18.64,140034.11
23.4,13.09,195715.5
32.53,16.94,253326.96
19.49,10.16,152267.14
20.01,13.73,197454.17
9.8,13.52,126286.73
26.93,15.43,225145.97
6.55,10.73,116461.22
11.33,17.9,161411.14
14.89,12.18,147536.58
17.77,16.77,195633.44
8.48,18.03,165061.06
4.02,15.62,114982.58
21.37,17.41,212664.91
10.1,16.62,139951.89
20.34,13.56,186092.37
5.4,18.09,144020.75
16.84,12.95,161715.6
18.64,15.71,188740.64
1.81,17.45,111982.06
11.78,13.79,147970.48
4.7,13.03,123437.06
2.22,14.59,101759.25
34.65,18.18,275628.0
11.28,19.3,177971.24
28.35,15.45,243776.1
8.91,16.61,137168.63
23.85,19.03,230996.04
26.61,10.99,204472.85
20.85,12.32,184370.32
16.51,17.09,167684.29
14.41,18.24,187799.81
12.21,18.57,187098.5
32.53,14.15,249981.88
29.07,10.89,204682.12
33.78,14.38,252376.41
4.35,12.31,124219.32
25.58,12.91,215369.11
32.84,17.72,274657.81
6.34,10.76,112432.94
2.33,18.28,125150.88
25.94,14.28,214550.61
20.11,15.96,200212.41
29.46,10.9,220171.51
4.89,13.37,129892.16
27.83,10.9,216799.75
7.06,19.62,146209.26
5.73,18.07,146886.82
5.75,14.6,133255.54
28.51,12.24,222836.48
23.28,19.33,226381.84
18.31,13.45,203948.01
12.56,11.61,128806.22
30.7,15.63,237527.49
13.74,19.44,188233.65
28.58,10.04,224496.26
15.37,12.38,151062.66
13.19,19.38,180956.04
16.19,11.71,168262.33
10.55,11.13,127875.55
26.17,15.7,221802.74
17.6,18.62,207243.62
8.13,14.77,139534.98
31.49,19.95,282188.02
13.44,16.79,181937.14
19.02,10.74,171261.98
31.73,19.93,277134.93
21.85,14.08,200435.34
4.09,12.87,115130.07
32.89,15.58,258817.16
21.97,13.04,193723.92
11.72,10.86,142002.76
4.87,10.01,112410.24
27.79,14.5,212984.46
21.7,18.37,220403.1
18.67,15.72,186979.27
31.29,19.99,269943.17
27.6,12.87,219850.46
5.31,12.8,121552.58
10.91,11.6,131054.28
8.7,11.64,106888.59
26.04,12.85,201068.89
1.17,17.93,130811.4
19.95,19.06,192953.04
26.69,19.75,258088.74
30.69,12.32,233877.06
11.97,18.81,185515.14
28.74,13.28,222508.35
3.87,11.13,83385.9
29.63,18.7,260587.5
4.46,16.36,141579.14
13.91,11.65,154472.15
27.91,14.3,219690.35
5.25,12.87,116697.02
8.02,17.37,145792.78
25.28,14.53,207846.54
25.2,19.89,250474.87
22.44,10.55,172488.61
24.29,13.55,198063.67
19.0,14.82,180334.58
8.81,15.03,128569.87
12.1,13.16,146766.94
6.36,17.29,153319.88
31.8,18.75,267320.52
20.42,19.39,207298.23
14.03,18.05,187697.48
16.17,18.51,208641.1
33.15,15.51,253859.94
5.37,18.26,140401.09
20.52,13.04,191890.33
17.71,13.98,192700.49
21.4,13.17,187599.33
0.63,14.67,110821.54
30.52,12.86,236705.57
32.62,19.62,284688.19
19.78,13.13,184699.98
24.38,10.98,187934.15
32.29,15.27,261922.68
24.75,10.57,196534.19
5.34,11.11,100621.06
20.17,12.19,181992.95
21.24,14.64,187492.74
14.84,14.33,171341.81
25.78,18.0,232672.74
32.7,17.39,263064.11
32.39,14.26,248545.99
15.78,13.34,165680.93
3.96,13.16,119515.66
34.47,17.74,282768.6
29.36,10.52,211680.56
4.36,10.13,104391.07
32.23,17.96,270536.37
30.45,14.77,237252.93
18.16,11.31,166257.92
20.69,12.36,183492.74
13.97,19.33,191142.01
1.92,18.6,127279.08
11.73,17.1,160972.94
28.1,14.82,245728.45
0.16,15.2,111860.65
11.67,19.75,171357.21
13.94,19.66,193278.81
18.81,12.15,175950.32
32.19,18.11,271080.33
12.12,11.97,140625.03
12.14,12.14,150517.25
25.81,16.76,231569.79
15.83,14.05,168777.0
7.86,19.32,168680.03
15.84,10.89,154897.76
4.93,15.12,127317.25
6.17,19.19,155233.66
17.44,19.04,203046.01
14.66,11.57,150233.44
32.02,13.67,238701.2
12.68,16.19,157705.97
20.32,11.59,170645.82
22.13,19.68,217063.49
0.46,19.15,118410.26
23.22,11.67,190159.61
6.23,11.21,151694.06
33.64,10.85,235391.19
5.2,19.09,128106.05
14.51,11.94,164671.75
2.99,14.16,121809.52
34.89,14.49,266704.0
17.58,15.99,204886.73
20.84,10.72,168553.76
2.35,12.27,115672.2
26.25,19.31,235588.77
7.35,19.08,158662.61
31.43,17.81,251221.31
7.18,10.19,109884.31
6.67,13.27,127067.11
1.28,16.28,113838.05
16.52,12.75,172343.73
19.77,19.1,216472.7
2.3,16.34,116122.68
27.14,10.72,198292.99
15.87,19.09,202606.95
18.35,19.58,205739.1
15.43,10.78,157915.19
14.03,15.32,176752.8
19.59,13.03,145587.3
5.43,13.93,131854.0
6.37,11.8,132427.88
30.16,15.78,246742.64
33.11,19.58,285415.3
13.07,15.03,168754.73
9.48,10.83,119674.42
22.54,16.2,214013.12
14.31,13.4,146655.24
0.89,18.56,126199.93
5.47,14.35,128765.65
25.06,11.93,204740.35
23.06,11.91,201309.82
0.95,17.69,114208.05
7.77,12.66,120309.16
8.09,17.67,168262.95
23.52,12.06,193550.91
0.69,13.22,97929.02
3.64,14.65,117634.35
28.0,19.43,245478.74
6.25,19.32,167352.34
22.85,12.07,187724.52
8.34,13.58,122262.88
3.48,11.49,97182.41
8.51,15.1,123400.07
25.28,14.61,209649.09
29.95,19.01,252012.65
29.06,19.3,262337.29
13.9,13.84,152248.7
23.38,14.92,216709.41
7.17,18.96,167220.88
10.26,18.07,169509.75
31.37,10.04,219453.18
0.46,13.2,96146.97
2.99,14.22,99923.98
7.28,12.3,119930.83
0.93,12.0,83781.66
6.35,10.38,113370.67
20.41,16.43,226552.66
14.75,12.63,160378.4
31.24,10.52,206192.1
28.61,12.31,215393.29
11.96,18.02,171197.63
9.08,18.51,161144.62
13.29,14.83,153807.25
20.66,14.16,196073.27
9.38,19.78,157615.08
21.85,12.01,179789.65
14.33,12.15,156946.77
19.32,12.92,172772.46
15.26,11.73,158782.02
10.31,13.79,129201.13
33.2,19.11,293305.62
26.73,16.15,222888.13
4.9,14.12,119094.57
30.4,19.34,267197.42
17.06,10.48,152534.74
31.31,12.1,232906.82
27.99,15.66,237723.23
14.88,16.16,183358.3
0.79,10.4,88777.95
9.4,14.03,136911.62
18.96,16.49,196984.29
22.17,16.98,234998.63
9.03,16.38,157169.58
4.88,13.21,108295.31
29.22,10.94,215293.23
34.45,14.27,256780.98
18.4,11.29,167265.02
6.01,19.48,142967.13
9.53,14.75,139132.21
0.64,13.17,111161.25
32.0,17.66,269288.83
4.12,14.98,100879.4
20.18,13.1,196667.43
9.59,18.12,169655.82
19.4,18.67,208620.83
22.8,16.73,222360.07
29.04,10.47,203780.07
7.22,15.66,134375.89
0.38,17.63,130375.93
4.79,11.37,103880.07
31.5,12.29,217794.86
30.59,18.82,262174.26
20.91,10.2,173817.41
21.02,17.53,223235.94
23.28,14.74,207926.38
6.14,14.47,124308.06
32.0,10.07,233792.39
14.66,18.19,185622.18
13.41,13.6,147844.85
18.16,15.41,198463.62
1.64,16.77,121204.88
5.82,17.03,139940.59
25.83,19.56,244777.78
2.9,15.31,109030.65
21.11,14.0,190604.27
8.59,19.54,163814.96
13.63,16.42,168341.59
10.1,12.98,146590.0
12.45,11.26,139180.69
25.17,18.43,241847.82
10.4,13.62,140419.63
19.82,16.6,211908.71
16.66,14.71,180570.36
23.23,11.99,193436.53
32.79,16.02,259951.66
25.64,10.61,187786.45
7.52,14.13,135879.12
1.09,15.47,109628.05
9.18,14.36,134926.15
20.83,17.49,221420.26
1.8,18.28,117546.96
17.37,17.71,192975.56
20.89,10.39,184106.5
11.7,11.94,140005.84
26.98,15.37,226126.91
3.73,19.35,145142.04
2.63,18.35,134153.92
25.49,18.43,223018.76
17.34,13.03,169100.14
24.09,14.29,222495.23
15.22,14.71,163852.93
8.62,11.57,119813.32
28.67,10.31,203757.21
27.98,19.47,251831.07
24.31,12.41,194865.83
9.53,12.4,134516.43
20.66,10.83,178355.61
12.63,19.29,186511.99
3.21,15.8,113173.43
32.11,16.67,256885.07
4.79,19.12,144564.92
33.26,13.46,253116.12
15.61,16.22,172653.61
6.48,10.39,115816.45
18.97,11.87,184316.74
30.55,18.31,251463.23
25.63,17.67,228391.92
28.23,13.51,218267.54
23.06,13.77,224266.04
24.23,15.34,211056.51
29.72,10.0,226467.18
8.74,12.41,116560.3
17.13,12.08,157603.81
7.74,12.5,118111.8
34.57,18.06,272707.88
33.04,12.8,242392.2
1.38,11.92,86943.32
24.7,15.04,208097.76
32.38,18.66,281456.88
6.32,12.41,128337.15
19.88,10.79,180987.46
32.04,13.56,247732.15
1.19,17.48,121703.15
24.41,15.51,212099.37
10.41,18.17,155911.36
32.35,19.6,279419.38
33.99,17.93,266300.99
33.05,16.04,253114.24
16.6,14.93,187820.17
30.17,10.4,232828.18
29.56,19.84,265865.44
11.17,13.83,154182.5
29.01,11.52,214320.38
1.3,16.67,105878.9
20.87,12.84,193252.09
8.05,15.86,147410.35
4.22,15.87,127720.77
2.69,14.46,110636.22
24.37,18.36,239186.01
11.9,12.65,133539.62
25.37,14.49,208350.14
2.29,15.38,106931.44
11.04,16.64,159478.25
18.88,17.84,195628.65
27.68,13.95,216581.07
11.16,16.46,152378.1
21.91,11.51,183260.14
31.01,19.33,254973.74
21.56,13.83,196846.93
8.15,17.3,161047.08
0.85,10.2,82547.12
30.45,12.05,239876.62
0.74,14.87,116446.45
30.61,18.78,269256.18
18.51,15.27,190339.69
32.87,19.3,277740.18
27.96,14.84,234873.99
34.93,14.9,261929.62
12.27,11.2,120150.73
26.85,18.03,243957.35
14.07,12.47,142117.79
16.8,19.0,192022.26
21.96,19.11,225240.73
30.58,19.43,265025.84
34.44,15.2,252413.45
26.89,16.77,234825.02
14.62,17.79,190495.74
14.75,11.31,139688.69
25.82,16.01,235553.15
8.36,10.34,101820.1
3.87,14.98,138885.82
12.41,11.55,135135.95
10.05,11.83,130809.09
10.37,13.65,124286.27
8.18,14.32,134556.18
1.47,16.23,117827.33
0.63,10.74,82311.25
34.57,15.04,259404.37
14.97,11.83,145112.33
13.45,15.74,175176.25
23.79,16.37,218608.86
7.64,15.57,152569.19
33.25,17.38,265136.16
27.52,13.36,214895.62
3.13,17.65,138319.87
14.62,14.33,150474.87
30.77,14.84,232677.22
33.07,16.48,273281.26
16.36,10.18,142086.75
21.47,16.54,194372.55
5.85,16.19,151534.35
34.69,13.1,242860.03
8.11,10.86,118362.03
33.0,10.91,235195.14
22.74,19.23,205135.41
21.27,16.89,208558.32
17.94,11.27,169837.57
8.07,13.57,133761.49
6.18,15.92,143310.09
7.72,18.36,150981.27
6.53,10.44,114522.57
27.29,12.37,206475.51
12.25,18.9,164105.59
2.02,10.09,75686.93
33.92,12.01,232752.55
30.93,19.59,277152.17
32.47,16.13,246092.48
34.82,12.62,255174.73
6.09,10.67,105675.81
13.87,10.28,138450.24
26.54,12.45,220949.16
24.36,18.81,229601.99
5.39,14.16,128427.79
28.55,17.2,243946.2
7.86,19.18,157817.59
7.83,14.08,152042.68
18.79,11.91,161373.08
20.75,15.17,210605.92
20.3,19.08,223566.12
3.2,18.04,129695.92
30.71,10.66,234771.79
9.3,16.93,137288.17
4.53,15.72,123280.3
31.11,19.07,256562.54
33.45,11.22,242138.42
30.17,15.34,232913.84
28.33,18.79,254479.89
22.93,14.1,201538.43
19.28,14.82,187019.19
3.04,10.7,98167.43
14.3,12.78,152262.94
13.04,13.25,141293.17
9.09,19.45,189128.43
25.32,12.83,201960.09
17.36,14.61,161487.9
2.84,16.71,117957.91
7.71,11.62,108446.0
23.91,14.86,218022.55
2.66,17.39,130517.44
29.79,18.67,261032.93
17.33,16.26,185659.19
16.82,16.69,185968.98
20.73,11.26,176090.57
28.86,19.46,256226.21
12.17,11.33,143437.19
23.73,17.75,228114.43
19.8,12.65,186498.38
9.35,19.34,169976.05
30.75,17.2,262676.99
27.91,17.54,244641.71
23.05,12.19,196691.61
29.77,14.43,245594.43
30.36,16.18,242049.94
24.79,17.7,222001.51
29.3,11.04,205284.35
24.41,19.62,239293.2
23.8,18.9,215805.46
21.65,12.7,194574.65
26.35,18.23,237633.41
5.55,15.18,138879.28
30.83,14.62,236449.65
30.51,13.14,231057.72
1.02,15.81,120950.39
28.9,17.3,257649.71
4.51,14.11,113465.46
11.73,16.29,161634.51
26.02,16.99,233242.81
5.63,17.11,142745.74
28.63,10.52,207015.42
29.12,18.6,264672.77
17.76,14.58,166245.42
0.22,12.62,87193.12
10.05,12.42,136409.41
21.59,14.83,205345.43
34.34,18.87,294469.55
22.11,13.78,208352.75
9.09,17.5,152735.92
22.19,10.97,194890.26
18.9,14.76,182879.2
27.29,19.92,259552.63
3.74,17.7,149911.1
26.64,12.11,218341.38
18.94,15.01,191386.07
33.7,12.34,242933.3
11.97,14.1,136770.03
22.14,17.8,221813.24
32.62,17.71,258499.69
3.59,12.28,98860.79
32.8,19.22,266685.82
24.08,15.93,213251.49
2.37,13.8,107484.73
10.53,15.02,150503.28
24.79,16.05,215568.92
2.36,15.6,126086.2
20.38,14.86,194616.26
12.11,15.05,148685.47
21.73,11.76,188020.42
1.6,18.13,143076.06
30.5,15.42,247397.76
34.07,11.31,239224.55
33.91,17.66,261524.11
26.24,19.32,241930.52
4.55,19.47,149320.53
26.54,13.69,212530.08
0.86,11.36,73262.0
0.77,15.18,99658.52
11.33,11.13,143759.76
17.1,19.34,215800.04
26.96,11.84,200559.17
23.92,12.53,204572.67
15.61,14.07,158185.48
9.58,13.83,149972.26
34.9,17.95,283024.45
14.92,14.56,175165.15
15.8,11.71,142390.24
5.73,12.67,122655.51
27.82,15.09,228960.97
24.28,11.47,202071.96
7.73,16.12,150445.94
2.88,15.66,120409.76
23.82,17.15,217378.12
22.91,19.38,237087.75
9.56,19.12,164985.05
33.28,19.46,273163.67
5.29,12.45,106092.64
15.13,11.32,138799.44
33.03,13.02,241424.74
14.69,18.95,198081.54
22.35,19.72,231507.91
13.92,18.59,178283.52
9.6,11.1,130756.48
34.44,19.47,279535.8
14.33,14.23,163069.63
31.29,10.09,219624.35
8.05,14.42,141730.68
7.46,10.46,98817.69
1.09,15.44,102592.05
22.81,13.39,184981.17
12.9,14.73,155362.16
30.25,16.13,257205.92
16.56,18.69,193060.62
33.89,16.62,264622.4
6.49,14.34,136050.21
30.4,18.19,267520.04
27.18,19.06,245882.06
26.98,11.2,210679.26
29.57,15.32,229887.1
26.64,12.85,223573.66
21.92,10.47,198402.14
4.59,16.69,137434.64
1.14,18.63,108931.9
32.23,11.63,229488.91
21.58,18.12,223756.36
27.88,18.53,243637.75
16.85,19.14,212085.77
4.11,12.65,114885.87
4.38,19.04,138314.2
23.99,13.21,202975.86
15.06,15.52,165258.59
7.02,10.51,109198.27
17.21,10.44,153154.88
2.25,17.2,134787.66
20.37,14.44,212160.88
9.41,12.56,118620.44
27.91,11.9,196570.82
10.86,16.7,156246.61
15.93,10.0,135923.04
0.41,18.06,120357.37
2.54,10.79,99240.93
13.74,11.91,159838.22
16.8,13.86,175228.51
21.0,14.85,197404.04
10.21,13.55,122346.9
24.32,13.21,204245.01
30.1,19.64,264958.73
27.29,16.42,238866.6
1.39,10.23,78239.17
16.82,14.3,172209.08
3.67,18.75,127067.99
8.47,13.01,109941.72
34.53,10.95,233308.96
4.99,17.58,126017.15
17.46,16.06,191297.47
21.64,15.7,201773.87
24.59,10.54,186610.85
19.59,11.4,166423.88
0.34,16.23,82624.61
11.43,12.08,149616.75
18.12,15.04,178021.68
3.08,15.45,116174.27
12.27,12.84,132286.97
1.16,19.48,139484.47
2.75,18.42,134820.08
13.89,17.22,168519.4
4.65,10.78,116383.82
19.86,11.06,188552.63
24.13,14.93,211576.51
28.02,11.61,210343.42
7.01,19.78,150940.97
5.86,11.59,95688.12
3.66,14.87,118060.39
22.28,13.64,200852.9
24.73,16.39,231562.88
1.11,11.29,69215.16
32.77,14.3,241474.28
1.82,12.75,94565.52
18.95,18.88,210550.63
24.82,10.41,190213.71
30.48,19.14,262749.54
24.99,18.33,236839.07
28.06,12.98,211521.51
11.88,17.89,177054.27
28.52,10.31,211300.17
2.8,19.67,137609.89
31.32,15.27,261794.62
19.17,13.03,194482.82
28.61,13.63,233211.09
15.83,10.66,126058.9
22.53,19.89,245031.37
18.42,10.39,170643.55
25.61,16.55,243708.27
2.86,14.43,123846.58
2.11,19.49,149435.95
8.65,12.46,134691.84
5.58,15.32,141549.45
30.51,14.82,258456.59
7.67,17.03,149043.28
34.16,10.68,226088.05
11.79,11.94,135120.34
6.37,12.15,120070.64
27.64,17.38,240716.66
23.05,11.89,181525.49
17.44,15.73,172753.87
19.44,12.15,171672.12
25.17,18.62,242461.11
8.0,19.42,174327.48
34.87,15.18,274234.96
34.12,13.52,263033.13
22.76,12.34,192597.47
6.98,10.5,95771.11
23.81,12.69,195375.52
2.53,16.54,120532.45
1.07,15.34,104974.54
9.02,19.44,165439.01
16.19,13.96,174556.7
30.39,16.94,259092.5
25.45,14.89,215030.0
25.99,15.13,204727.15
14.89,12.68,153056.3
12.11,14.55,153162.15
12.99,14.71,168260.02
34.57,17.07,269904.98
1.4,19.41,136399.47
30.35,13.29,235117.49
20.25,10.42,173111.98
15.35,14.96,179407.28
25.38,15.44,214364.8
17.03,11.68,158549.13
30.57,17.6,256177.22
31.52,19.85,267702.15
14.76,19.46,196032.84
9.69,11.97,122752.29
20.73,18.75,253859.49
31.93,17.04,259932.73
7.37,14.54,134925.24
21.8,15.41,201424.94
22.1,18.5,219754.49
25.66,14.8,218606.71
4.6,13.73,119413.31
25.05,14.93,215917.29
31.82,15.79,268126.38
6.29,11.89,106671.5
8.31,19.01,159432.16
34.0,16.74,256800.56
6.33,16.33,141533.16
29.9,10.99,227149.74
17.23,16.04,184764.1
8.65,11.21,117576.15
30.48,10.79,222708.49
15.59,15.27,169667.48
18.02,14.03,175681.88
12.57,15.89,174181.49
20.75,10.89,179818.2
5.72,14.31,120628.61
13.69,11.75,143883.58
33.93,19.87,300078.07
9.03,15.61,143127.12
22.99,16.87,211898.67
11.38,13.25,136888.09
27.07,10.95,199299.54
4.58,19.76,143875.53
33.94,12.86,238845.15
15.88,14.24,161022.28
8.26,16.5,139672.05
2.57,10.25,95245.2
5.94,18.1,142763.64
18.19,15.37,186819.19
11.8,12.78,152937.13
29.01,10.62,222699.63
15.08,11.62,150295.16
8.7,18.95,155830.88
21.6,16.86,204699.76
24.74,12.5,207894.64
5.85,10.66,105157.79
5.87,16.91,152653.48
1.28,15.72,105369.71
25.77,14.05,207804.32
23.23,13.64,204624.98
16.61,12.17,152537.46
29.55,16.7,254544.18
28.2,19.71,250339.03
20.49,11.76,179454.44
30.39,15.97,235446.49
7.2,14.24,130798.17
3.92,14.47,115681.21
9.44,12.54,130354.51
2.0,18.25,160625.21
18.59,14.85,189419.58
32.78,15.43,250237.38
1.38,13.05,56629.63
4.27,11.82,111351.62
15.83,10.86,163747.38
32.69,17.14,267753.06
11.07,11.96,140439.15
17.75,16.9,199503.41
1.46,13.9,115749.97
5.19,14.16,105840.38
34.53,14.69,267877.19
33.78,13.68,261472.54
0.17,11.01,70723.72
33.31,13.1,240133.85
22.37,16.64,206816.33
30.38,16.66,244120.25
15.92,12.86,159507.54
18.05,14.6,185923.43
17.11,11.93,172498.68
23.34,12.1,203553.31
4.89,10.23,93582.55
1.05,18.97,120781.43
10.78,12.11,145264.96
24.66,12.28,206042.7
7.06,12.8,123548.11
23.57,11.27,194985.39
33.95,16.39,267841.35
3.29,10.75,100707.58
23.54,11.34,188343.23
15.53,16.45,182466.2
30.38,13.4,220559.12
6.2,17.08,135874.97
24.24,15.57,210246.3
29.33,12.56,220290.28
33.06,16.51,256197.13
23.91,11.16,187214.92
17.4,15.36,171630.76
21.62,14.37,203872.39
30.41,12.68,229108.35
19.97,16.04,186176.8
1.06,18.71,119617.46
32.58,19.99,282476.32
24.13,16.08,213568.74
23.68,14.05,199886.29
7.55,12.25,121252.49
23.06,12.57,198600.43
13.79,14.79,150150.12
22.79,13.67,205015.17
3.73,19.14,135112.79
23.02,13.68,201164.62
34.98,13.73,259125.13
1.69,13.84,100021.85
34.2,18.37,270950.77
14.24,16.51,171211.94
30.48,16.14,261981.4
27.38,13.34,206288.91
19.85,18.18,225600.35
25.85,10.38,193403.93
30.75,18.71,263281.72
14.14,15.13,156718.76
11.45,13.98,140232.85
23.37,14.97,205102.23
28.27,16.67,230594.66
26.68,10.13,196151.84
27.92,18.72,244920.84
15.25,14.47,184084.17
28.62,13.43,214445.14
4.21,11.38,104605.69
19.06,14.39,189918.03
0.2,14.96,93726.85
11.36,14.04,152521.4
12.83,16.79,164498.53
13.87,14.21,138545.57
24.34,19.61,243016.02
13.6,15.99,158142.94
15.7,18.07,180665.31
8.31,11.09,124664.48
13.06,13.97,151478.65
7.95,13.37,137058.02
2.56,15.69,128780.94
21.12,18.61,213644.33
23.39,10.78,213810.99
21.68,10.73,174068.74
16.22,18.5,213559.54
13.29,12.13,140094.26
30.22,16.69,258328.31
18.17,15.43,195957.29
16.77,18.33,199288.9
0.9,11.25,81364.01
11.94,11.3,133825.72
13.31,15.57,145637.55
13.96,19.46,189443.68
20.31,14.15,195331.46
18.68,13.27,181232.96
21.28,16.07,181287.73
26.77,19.3,235298.02
28.45,18.37,242832.33
25.13,19.95,244879.34
33.44,10.23,235876.2
0.64,11.13,83659.06
6.85,16.09,144568.94
0.26,18.21,111283.06
22.66,12.85,200732.72
31.43,12.39,237891.56
8.52,17.87,158069.52
32.45,10.56,228318.44
2.11,13.69,121430.95
32.71,15.06,258822.17
12.31,15.6,150984.58
3.55,17.29,133564.02
17.01,13.55,179380.07
8.99,16.13,142619.5
9.97,15.85,159415.49
10.76,15.48,154750.22
28.11,16.4,217341.9
18.87,12.59,180091.36
10.9,10.85,124587.62
21.36,11.19,186141.08
25.07,12.25,210055.08
9.54,15.0,145638.53
14.47,18.4,198878.49
4.27,17.01,131752.55
6.34,17.89,151805.47
23.84,13.51,210499.59
6.35,14.05,125719.06
18.38,13.94,188718.79
24.82,11.92,194256.7
3.74,10.61,94033.75
19.86,15.91,188303.94
8.98,19.89,169220.58
33.7,11.67,245032.91
16.92,10.47,166552.85
28.21,17.8,268685.52
19.26,12.53,176638.22
1.52,18.3,116840.12
22.16,17.04,218968.83
33.3,19.46,290102.35
21.06,14.09,201756.03
28.67,16.62,250401.23
30.95,14.65,241152.86
7.98,16.31,140674.65
7.42,14.5,126800.78
21.38,11.89,184802.33
14.39,15.08,166298.85
29.4,15.29,239721.31
31.5,18.11,262849.93
12.37,17.36,167489.52
8.29,16.64,140954.75
27.32,11.13,214083.27
9.62,17.21,156400.41
28.79,15.0,231900.99
14.83,18.94,183049.67
23.36,19.2,220030.23
3.34,10.55,106594.65
21.84,18.21,224737.94
15.81,10.38,136317.07
20.53,13.67,197363.22
5.88,15.42,139664.96
25.79,11.48,202140.12
30.2,17.46,267122.91
7.59,10.08,112596.08
3.35,11.69,89362.26
0.83,15.81,113507.15
22.47,17.14,219167.15
21.25,19.17,217429.85
19.13,17.05,206893.1
8.12,16.72,133130.32
13.68,13.94,165820.8
20.81,10.01,165595.49
17.39,11.2,154411.63
34.57,15.35,264838.88
4.78,16.75,137811.68
24.33,14.17,210468.92
14.15,17.31,171008.12
14.99,15.22,166576.3
25.12,10.74,184785.64
24.24,11.92,195063.27
34.69,18.4,291428.1
4.49,17.25,135464.84
3.64,18.95,147831.42
25.35,11.18,210019.91
20.24,19.9,216992.35
9.6,12.09,127489.84
2.78,10.12,109002.14
3.0,19.97,155121.93
31.3,12.81,221084.97
6.72,16.68,144969.88
11.32,11.77,134695.31
7.93,15.8,148854.81
12.42,19.04,171320.25
2.43,13.2,97750.88
18.17,16.7,189658.12
2.37,11.88,92837.51
28.01,16.25,242911.45
8.18,13.36,120066.93
18.9,12.11,169888.74
30.8,13.13,219075.43
22.78,11.79,199051.01
18.65,19.02,220689.14
11.35,13.97,143527.7
11.66,12.45,137251.81
23.43,14.48,210957.39
34.79,13.21,268307.7
23.16,17.44,224905.81
19.52,19.71,211753.18
25.57,14.38,201478.02
16.28,18.61,185977.48
2.1,15.66,116687.31
19.68,11.57,170524.61
33.52,16.91,270197.51
6.14,15.13,126648.54
24.15,16.51,211484.96
7.03,18.9,104489.52
18.75,14.4,199663.55
3.38,19.01,147212.78
15.76,17.51,201641.87
26.47,14.89,226306.78
12.17,16.03,157116.26
23.27,13.26,211329.52
27.84,19.84,253526.2
32.45,16.67,263540.4
8.21,10.44,114653.63
13.98,13.27,130349.6
5.33,16.23,147439.21
34.74,10.56,270571.48
32.45,10.24,230973.06
18.9,14.5,187064.94
29.47,13.33,229564.72
18.23,14.38,178602.04
21.83,12.63,196211.55
3.12,11.65,89009.36
26.43,16.89,233588.65
4.47,15.15,129232.58
28.91,12.0,216703.01
27.37,13.2,220200.16
24.81,15.92,211638.72
1.27,10.72,77976.42
10.61,11.47,132080.15
9.21,10.73,126213.07
12.6,18.12,157816.09
3.07,17.52,134871.33
32.79,17.53,263355.91
19.38,17.16,202130.54
10.69,16.69,146182.57
13.89,14.77,155555.47
15.65,16.42,188912.94
21.02,10.38,176193.8
18.05,16.21,189013.36
32.18,17.78,264946.21
17.39,15.0,186748.26
34.73,13.58,261100.94
29.8,12.77,226396.31
7.3,16.43,151923.09
32.57,16.93,271880.18
4.07,18.71,144748.24
28.61,13.42,224719.48
13.32,17.7,180679.38
30.73,15.61,249458.65
30.38,18.83,270644.57
28.21,15.28,239538.44
27.65,15.18,220013.18
10.66,15.78,143452.17
2.83,17.49,123190.39
14.1,19.65,197542.07
6.07,10.74,94827.3
24.32,10.53,193475.12
12.11,19.38,180994.59
34.15,15.3,273306.22
22.43,16.15,213303.89
28.79,14.82,221012.86
4.64,10.94,95149.68
30.17,17.68,244477.47
32.3,17.47,260407.97
17.05,13.12,169405.8
21.22,13.06,180785.41
26.77,18.38,253729.39
6.12,10.72,97082.49
17.59,18.81,214851.2
13.95,12.57,161715.72
5.12,15.93,138973.0
12.86,19.36,175553.54
2.39,16.78,126197.07
0.9,14.14,91281.98
4.73,16.9,142431.55
33.71,13.44,250885.33
19.23,12.77,176746.04
33.8,19.97,275542.72
15.14,17.51,162526.74
10.91,16.45,148412.59
17.71,13.55,186173.26
15.38,10.49,144990.78
3.7,10.31,94423.99
22.43,15.54,214165.08
7.56,17.62,165198.67
21.69,15.37,215936.73
22.76,18.41,216551.9
5.32,10.33,86556.0
2.15,13.67,125976.91
27.33,12.37,231836.03
16.09,14.47,174528.74
2.04,10.72,79261.23
34.82,19.54,297033.65
2.02,12.23,96921.64
24.33,19.22,234352.56
34.43,14.26,267042.65
8.37,19.86,167442.19
4.98,15.54,118623.98
4.25,19.31,142369.63
10.61,10.05,128320.44
3.54,17.48,136750.38
24.23,19.03,236135.46
2.18,11.4,102211.53
17.83,10.96,160754.64
34.88,14.25,263140.96
28.49,19.34,209156.8
21.53,15.42,200474.37
10.72,15.27,156791.28
21.84,11.41,181375.64
18.45,10.01,158034.8
14.91,18.1,176621.4
4.57,10.88,111241.14
31.03,16.34,256860.17
15.74,19.15,202363.6
6.81,12.09,103496.26
12.87,16.65,166048.02
14.49,10.79,142839.4
28.96,16.04,237257.37
25.68,11.64,196186.01
26.93,17.36,233701.31
0.39,13.01,100839.27
14.57,14.63,149339.25
16.85,15.99,199970.7
0.67,11.71,92427.44
9.09,17.42,154383.97
26.61,13.03,220396.87
4.8,16.62,121227.99
18.74,11.58,165972.59
7.53,16.88,144864.82
0.42,11.28,96420.4
8.44,14.25,135350.61
34.16,12.47,252597.17
28.05,17.48,237597.3
33.59,12.62,250748.02
17.07,18.82,215003.96
3.84,18.92,149734.6
19.18,11.96,175066.96
15.9,16.14,186312.04
29.55,10.88,220772.53
3.43,13.92,117690.12
17.09,17.13,201513.87
5.25,16.59,144719.41
11.36,16.25,157111.49
25.81,12.83,213601.79
16.66,13.78,169103.9
13.16,11.03,131738.21
13.81,17.19,172636.3
16.08,15.04,175156.17
27.48,17.09,223652.69
31.22,12.49,224089.91
33.44,13.24,225557.13
27.54,13.34,241687.23
11.04,10.26,138370.02
24.08,13.41,201902.0
15.32,18.03,187352.55
8.91,18.97,164703.4
29.43,15.18,232602.41
1.34,14.56,108155.03
31.56,10.31,222508.27
16.15,18.79,194900.67
22.3,10.13,181480.53
23.08,19.45,220338.24
31.33,14.89,246637.0
22.28,13.42,198355.92
21.49,19.24,225058.14
2.33,10.24,87196.84
18.14,15.81,200341.83
5.26,15.49,126597.37
25.81,12.19,206802.05
17.93,14.29,192662.36
23.81,16.52,218525.86
1.46,17.27,123039.78
2.97,10.01,90052.68
25.07,19.37,249609.84
2.52,11.65,95056.92
2.49,12.34,111605.88
0.42,12.63,90965.29
33.48,10.38,227083.58
25.81,11.23,205649.63
12.36,19.86,179050.31
10.38,13.15,143085.21
12.24,11.15,112553.11
27.11,11.07,204838.51
23.15,17.19,216162.77
6.48,18.55,141424.34
6.09,12.57,113141.61
3.44,10.21,89285.93
23.11,12.23,193701.38
26.75,10.57,188908.63
9.28,11.03,124970.92
0.73,14.32,113772.54
2.88,12.3,104740.31
33.88,15.16,268189.94
10.34,12.53,143744.17
26.92,19.41,257778.69
21.86,19.06,240471.64
13.37,15.67,160527.44
7.2,13.54,121147.73
4.25,13.81,123205.95
21.53,14.12,203498.6
27.11,17.28,243654.9
22.54,14.52,219754.36
18.56,18.57,207171.79
1.47,19.44,136170.45
33.9,13.36,243733.34
27.95,15.61,267456.28
10.25,10.95,122955.5
34.3,12.0,244446.32
21.07,14.13,192666.12
20.38,12.06,176373.3
26.18,18.77,234448.65
28.41,11.58,209238.1
22.98,14.56,194059.85
4.48,16.06,122581.13
11.84,16.92,180421.98
32.48,13.83,253304.69
7.86,18.69,164445.89
13.03,15.68,173140.31
15.12,14.4,182910.25
15.38,10.67,134277.91
21.45,14.65,189467.21
33.01,18.21,265789.94
8.42,16.15,141521.59
4.25,18.32,113550.26
6.91,14.94,129597.25
31.04,11.18,227323.26
22.6,10.14,181488.19
10.01,13.03,129489.81
28.56,16.98,223992.91
30.15,17.9,247117.05
29.63,12.96,222410.18
32.16,14.96,249072.2
8.83,14.21,127430.69
26.43,14.11,213311.65
16.12,12.31,152224.12
29.47,11.36,216891.16
25.5,11.97,193249.4
27.18,10.55,195182.05
22.97,11.98,181109.47
6.21,10.09,104120.46
19.08,16.27,190302.74
34.46,13.16,261625.81
32.81,19.73,282934.68
1.51,11.94,93150.58
5.77,13.46,114374.76
4.61,13.58,120155.5
25.41,10.08,198085.82
28.62,18.39,251364.71
7.47,10.32,125178.66
17.7,19.4,210983.43
29.42,18.92,264785.61
25.65,15.36,221760.01
18.98,15.44,198587.33
20.66,16.54,199584.54
17.79,13.87,174869.85
10.41,16.47,158194.62
19.78,10.45,173597.71
24.11,10.54,193616.21
30.57,14.57,249844.55
22.27,15.5,195600.34
26.64,18.88,234965.19
5.6,11.05,109886.39
16.15,18.23,186618.97
0.33,12.1,117284.17
8.63,13.94,139249.31
25.43,13.17,207643.3
34.71,14.0,255132.65
3.47,11.5,96946.6
14.05,15.04,165251.98
28.0,18.02,246080.47
7.14,14.42,127678.62
19.43,14.91,189923.31
25.66,18.49,248379.78
21.56,17.06,224687.85
6.58,14.9,134060.35
12.44,12.58,132707.55
27.43,18.85,251312.1
19.4,15.77,209807.36
0.18,12.21,100064.79
26.63,12.69,217297.91
1.24,18.03,136132.88
26.1,10.44,197461.76
7.09,19.92,165317.35
33.53,11.3,233701.49
12.88,17.96,176728.79
11.44,13.95,157892.93
5.21,14.92,121456.62
10.7,18.81,161244.03
30.68,14.13,239645.79
34.87,15.37,265505.62
12.89,10.49,140993.99
15.7,10.02,143836.31
25.27,12.45,218542.62
31.02,16.81,243588.32
20.76,11.21,189736.65
13.7,11.14,136420.94
14.44,14.11,146953.87
24.35,16.48,223144.26
0.11,17.12,111429.48
21.69,11.78,176578.43
12.44,10.8,120573.22
27.8,19.4,251278.85
3.25,12.61,114041.07
20.59,18.53,221376.32
16.83,18.63,199007.96
22.48,17.73,224228.76
2.27,11.69,96001.85
20.3,18.22,201331.24
19.65,17.69,195709.45
19.62,15.97,196953.84
21.12,13.37,190523.13
23.68,12.63,205643.06
28.17,11.22,217060.08
9.44,15.1,149225.52
28.88,15.85,235852.9
17.44,13.59,163757.41
2.7,14.75,117757.49
2.05,13.64,109730.73
11.7,16.41,140258.1
27.47,19.01,240674.21
24.77,11.64,191789.53
27.6,13.81,222355.23
18.1,11.41,160730.31
15.41,16.25,178160.37
5.16,17.29,136772.58
11.49,19.32,173369.92
15.19,12.79,153241.18
3.1,19.5,135447.24
7.72,10.63,104949.58
20.94,16.03,208149.36
25.75,10.57,201026.88
34.94,18.94,279751.85
32.66,15.3,268554.95
22.49,16.69,212153.24
14.74,18.32,198695.01
22.27,11.5,181474.1
27.5,10.39,185805.96
4.14,18.79,145372.82
14.35,13.15,158838.64
29.39,11.29,217466.64
13.43,14.68,154533.39
20.02,15.98,200282.92
20.57,10.31,169228.09
6.46,12.75,117649.71
12.68,10.33,140728.99
11.71,14.2,150695.48
0.92,18.95,132387.66
0.85,19.83,129427.47
29.11,16.37,239214.52
9.56,11.62,116633.02
18.13,19.06,204336.37
10.46,15.16,120359.37
32.92,11.54,232474.73
9.08,19.22,163340.97
15.04,17.57,188192.94
30.55,17.32,252367.98
29.47,17.09,250690.04
6.51,12.0,98038.93
28.09,12.11,214371.56
16.04,16.88,170881.28
16.9,12.2,155149.63
4.67,14.39,119798.59
2.82,17.82,141645.58
25.48,17.84,235982.82
17.38,14.53,180204.07
15.29,17.92,168628.86
25.53,18.39,229834.74
26.79,16.55,227196.49
5.56,12.28,117836.43
21.36,12.74,177829.91
4.74,13.15,120274.05
26.3,11.17,198343.6
22.99,12.73,203262.86
33.48,12.1,251507.36
2.41,14.55,97614.31
2.0,19.08,128399.34
9.88,11.04,117491.57
9.16,17.2,138486.82
8.64,16.87,141376.47
31.72,10.96,248716.34
8.73,19.23,167919.89
9.52,15.68,163731.73
26.58,13.64,222773.41
15.74,17.57,180813.45
27.18,12.57,209701.0
2.29,16.94,128606.26
17.06,10.4,160629.7
1.18,18.39,120719.7
2.19,14.48,97544.34
31.73,16.37,284075.32
4.87,12.21,109749.58
18.63,16.77,195331.83
14.39,17.72,181688.4
12.16,14.73,151909.76
31.49,16.18,254926.33
0.76,14.56,114546.0
23.23,18.94,228428.71
33.72,14.98,249684.05
19.61,18.42,209970.69
32.79,18.01,266498.39
1.83,14.11,118716.69
14.66,12.3,163909.89
9.11,14.06,138256.59
25.58,18.26,224579.41
34.35,12.28,238292.17
8.98,15.24,143124.06
22.9,18.06,226428.38
6.93,13.53,122989.96
19.79,16.42,197725.35
16.24,12.46,158177.78
34.02,11.09,240711.5
21.3,17.94,196159.85
12.23,10.99,125509.74
3.99,12.71,104369.47
5.29,18.55,155945.75
7.89,13.46,122576.21
8.78,19.73,167092.21
29.77,19.8,265329.66
19.64,12.68,192725.88
18.32,10.41,174179.12
4.02,17.05,131867.99
30.1,14.51,233642.07
25.3,11.01,190910.81
2.37,17.08,122679.63
24.77,10.31,187093.38
19.02,18.7,214754.13
2.86,11.39,101104.42
16.04,11.27,161037.7
16.96,11.76,174153.42
5.8,19.6,169074.97
33.1,16.93,267535.17
29.75,18.01,263355.92
23.42,13.98,201411.05
16.18,13.36,177697.63
14.41,12.34,161907.95
22.78,14.81,214769.48
19.09,15.52,194613.22
2.18,16.32,114179.99
17.94,12.57,160900.12
28.22,19.49,253518.07
16.07,11.7,171421.53
1.82,19.66,132794.87
27.52,10.15,208574.74
7.05,14.81,140430.06
9.05,13.33,130937.39
5.76,14.49,137698.22
11.56,15.71,131535.52
26.49,14.36,208658.12
18.18,14.15,174398.44
7.17,17.33,139849.55
30.72,16.86,256093.3
30.79,18.33,263697.53
30.47,12.5,232543.03
8.36,16.1,150062.82
15.79,15.85,170415.08
34.47,13.7,246394.39
27.02,14.86,227449.94
0.95,13.14,91790.55
2.28,11.42,81541.11
16.24,12.14,169817.61
31.82,11.06,240896.89
18.85,16.83,212729.68
17.42,16.61,192673.82
3.69,19.51,148969.67
22.99,17.3,231604.03
28.77,10.52,204531.41
13.31,18.84,190449.61
27.15,18.63,246585.34
33.76,14.43,264693.05
7.13,15.86,140610.94
18.32,19.76,223079.82
10.05,15.32,149624.49
27.75,19.05,236686.66
20.22,10.83,187033.13
22.21,11.91,180769.67
27.93,14.41,236647.07
13.86,15.85,167447.99
32.03,18.16,277109.32
18.66,19.88,224033.21
5.53,13.89,126064.9
24.36,10.47,194262.44
27.76,18.01,247545.28
11.09,16.04,138784.67
30.0,11.99,225008.88
31.72,14.95,239209.75
9.69,17.42,158631.04
34.42,17.7,267612.13
4.92,15.0,115571.75
7.07,13.05,137839.63
6.45,19.74,165615.28
31.29,16.63,255105.83
22.9,14.08,204467.99
5.32,12.8,113818.04
15.41,17.31,188872.09
21.54,12.42,182950.89
2.92,11.72,107988.66
30.88,15.3,243841.01
28.13,12.9,215557.48
17.68,16.29,190958.0
33.85,11.18,235460.35
14.62,16.55,178650.39
34.44,12.83,247532.64
23.38,10.0,187564.8
22.21,11.27,195838.37
5.81,19.34,145766.11
30.87,18.67,262340.51
14.96,12.34,159677.71
5.68,17.78,139572.76
0.44,16.09,113826.55
19.59,19.71,222710.92
18.46,13.74,190654.51
25.18,16.81,221097.8
31.16,10.64,215224.68
2.78,13.96,107922.75
25.6,19.64,234477.53
6.56,15.39,139155.31
30.04,12.88,218960.08
28.67,11.2,232823.32
18.93,17.04,211930.37
24.86,16.45,223144.03
11.0,13.74,150920.57
16.49,19.51,187334.08
28.76,10.22,229797.49
16.07,13.04,160345.05
12.52,19.21,177986.81
17.3,13.21,156980.95
28.99,12.52,225625.16
11.73,15.34,145759.87
6.08,18.24,148135.65
24.92,11.03,190494.96
28.91,19.43,247843.94
3.52,17.95,127945.47
8.4,11.81,124791.18
4.97,17.12,125982.91
12.18,13.85,143117.86
15.76,14.02,174451.08
26.21,17.83,258034.63
22.79,19.63,235352.98
21.73,11.27,175714.8
12.33,14.21,148955.34
29.45,14.81,236045.84
16.5,13.76,168418.33
34.27,13.63,263050.92
22.19,10.52,183392.72
4.42,16.86,140844.23
23.67,14.36,204729.22
11.38,11.95,147171.29
24.02,18.16,227152.14
2.44,18.03,121753.33
6.12,14.86,148390.39
29.95,12.98,213416.94
7.95,16.38,138630.26
29.3,12.88,219618.03
9.77,12.36,152506.79
22.5,17.31,233411.02
24.3,10.4,202023.98
17.94,10.95,161528.04
10.69,10.07,143703.76
7.44,11.53,120850.37
1.16,10.69,93796.73
10.64,19.96,175832.31
22.86,12.89,196108.64
32.84,11.49,234674.82
30.49,12.41,227064.41
26.81,19.36,251709.97
27.6,15.2,231657.68
23.27,13.65,201864.13
9.11,18.73,174491.56
31.75,13.95,218487.87
23.48,13.35,205715.58
19.62,12.07,184494.71
3.88,13.78,124491.47
15.65,13.17,163190.98
16.11,16.77,186760.5
30.26,12.9,238501.4
19.13,15.77,208013.04
13.31,10.66,135896.5
34.19,11.91,248297.71
3.88,14.07,130507.18
14.79,19.37,173355.42
1.47,13.77,97220.16
25.9,16.64,240825.71
32.13,12.55,247788.09
9.8,11.27,130069.09
30.04,10.59,213126.83
10.23,13.05,129170.78
31.88,11.58,227020.17
26.39,11.74,218176.29
28.17,17.61,238488.34
0.63,10.16,80882.69
33.7,15.58,256171.6
25.43,13.79,218771.95
10.67,15.07,144405.49
29.03,15.63,237017.99
9.85,13.13,121221.41
30.55,12.95,218239.56
3.94,17.33,133550.69
24.63,18.71,222615.24
18.92,11.93,192222.75
3.38,10.98,80325.22
8.47,18.98,153605.31
0.43,13.5,96534.36
16.41,15.51,176914.13
10.54,13.6,131432.92
20.94,11.26,171981.4
10.4,15.89,143748.18
10.5,15.25,146791.51
26.01,12.03,221475.53
1.68,14.52,108705.62
31.6,17.97,273841.5
29.83,15.9,247775.01
23.37,10.97,198061.2
20.76,15.48,177498.64
31.23,17.03,254278.81
6.49,17.93,158374.28
2.76,16.29,117713.0
8.38,11.53,136316.8
27.81,17.1,252055.44
1.21,16.77,113399.73
20.4,10.24,168185.7
34.84,14.12,252124.43
29.95,13.33,225364.01
18.25,16.69,185305.94
2.23,12.16,102128.81
29.1,15.91,227285.76
20.96,19.13,226294.38
4.02,17.98,142543.67
3.29,19.21,126129.62
31.84,19.79,287685.07
23.42,10.11,188668.43
29.03,16.23,247315.95
30.76,14.13,232806.58
20.01,18.6,219451.55
18.11,12.52,182933.92
15.06,19.81,194332.67
11.09,16.14,173432.1
15.21,17.94,186575.64
27.09,10.86,213253.94
21.07,11.83,186149.95
31.24,17.58,264780.35
15.52,10.22,133521.47
21.25,18.17,220523.38
22.1,10.14,172899.45
20.71,16.57,199543.68
24.59,13.65,222233.52
8.31,16.11,143096.48
17.93,16.96,187024.15
3.65,13.42,108773.38
13.46,11.08,130313.11
17.07,10.7,170673.22
22.83,15.89,206090.94
33.27,15.21,262898.2
21.02,17.42,224049.57
26.03,15.1,216643.85
17.72,14.22,184751.22
22.19,13.98,190765.6
2.48,10.26,110660.1
8.9,13.36,140838.43
12.66,19.76,180920.17
16.54,18.74,190901.31
1.6,13.29,100266.01
4.9,15.88,127236.73
9.69,18.47,179222.46
34.0,14.41,247672.52
11.6,10.18,128844.72
16.87,10.75,157541.27
6.86,15.1,133063.11
21.38,19.69,224926.5
9.82,16.93,154175.27
7.24,10.71,120110.38
18.08,11.89,175132.99
0.19,17.71,120640.5
0.27,18.41,95320.08
7.67,16.18,145302.29
1.29,16.44,101966.59
3.78,10.28,101592.98
11.86,18.29,217310.54
28.09,17.88,236989.74
20.02,12.59,180737.75
17.94,17.09,191169.67
10.27,12.15,142644.62
32.61,10.4,230728.62
13.9,12.01,163146.6
3.05,11.79,104023.19
21.6,13.38,195986.41
3.98,14.18,117886.16
12.08,15.09,162412.78
17.76,14.77,168489.54
30.6,12.71,231686.05
17.27,10.29,156867.1
24.58,16.05,226002.07
34.75,13.96,257862.74
4.6,12.99,104978.68
9.62,18.67,163410.82
13.81,17.47,167182.33
14.76,18.58,170793.47
14.39,14.95,172474.49
31.77,11.31,234975.53
24.99,16.96,230220.56
21.28,12.06,196803.74
10.83,14.41,140633.72
28.83,10.65,198792.77
33.43,18.25,274479.11
28.74,11.26,210711.62
0.05,19.03,116075.83
22.27,18.64,223409.15
1.79,14.65,104030.5
9.02,17.44,138974.61
2.08,16.19,114994.14
21.13,18.03,206501.0
24.03,14.32,210593.1
4.01,17.86,130934.99
13.43,14.62,169130.05
15.97,19.41,211562.67
12.92,14.86,164107.27
4.24,14.63,107543.27
14.66,17.85,195637.53
26.29,18.22,251657.57
2.49,15.54,117501.85
2.81,11.8,110656.77
12.42,14.68,150239.1
32.96,19.68,264168.51
23.4,17.53,216353.42
23.75,18.11,241945.35
12.67,10.33,120848.44
20.78,14.68,197192.93
0.35,16.47,111707.51
22.26,18.3,217905.88
31.97,10.49,223118.63
21.44,18.52,220644.4
30.58,15.48,240524.81
25.34,11.97,189655.59
4.22,13.17,114923.38
31.59,12.82,246045.26
2.33,15.31,122723.35
18.69,10.52,158965.17
4.97,11.59,97484.14
0.41,18.13,117918.01
14.77,11.33,162814.33
10.33,12.33,178009.04
17.01,14.53,184114.75
20.2,15.17,204765.66
1.53,17.64,127055.04
4.31,14.47,121263.62
19.55,17.9,214022.76
12.01,16.18,156189.56
25.52,11.13,186101.33
22.83,11.56,195663.7
29.6,14.37,244778.39
24.24,13.97,198129.42
15.05,17.44,189715.19
23.55,15.81,260033.8
9.64,13.88,138523.32
10.72,11.71,124805.92
27.61,12.27,214418.73
15.62,15.76,172401.84
27.94,14.23,219932.48
28.78,15.15,237792.07
30.01,11.71,208993.9
32.08,16.63,247160.88
15.08,18.53,188757.55
11.16,12.58,138023.55
20.38,14.92,199576.32
12.99,19.76,200075.38
21.04,13.33,192208.83
24.7,15.95,224868.86
24.09,10.9,182822.02
13.11,16.06,172037.73
5.84,10.9,103647.34
15.07,19.59,194663.67
4.99,17.16,136232.78
31.15,17.88,269668.3
12.11,17.04,154602.31
5.41,15.9,112941.82
0.89,14.5,102105.66
22.6,18.58,229098.47
22.29,19.57,230268.83
11.92,14.99,164682.48
2.51,19.32,140786.28
14.34,15.83,165839.34
10.89,15.38,131853.28
23.7,14.54,206466.07
21.2,12.09,194317.24
12.76,10.04,129134.07
7.63,12.42,123274.18
34.58,15.1,268140.23
15.89,13.8,159707.73
24.09,14.48,215024.33
4.92,19.81,164549.31
17.0,13.5,171225.08
0.96,14.52,94813.12
17.69,11.34,164491.98
33.74,10.48,217377.27
13.45,17.75,178883.73
1.36,15.71,116452.42
1.08,17.61,135304.92
13.58,11.5,142516.26
5.6,15.72,135693.2
0.82,12.54,86019.15
26.47,12.28,205147.11
16.05,10.12,137064.19
10.12,11.3,125472.7
31.5,13.09,235295.83
4.06,11.17,104529.5
33.46,19.86,278279.72
10.99,13.09,140801.37
31.09,11.3,223524.02
21.1,11.99,181807.08
28.93,15.88,239341.8
34.44,10.64,241026.52
10.09,18.62,171545.19
33.64,19.61,282240.34
13.63,12.47,146496.71
13.49,14.5,157798.97
11.91,10.22,123299.82
18.95,16.41,194693.77
5.4,14.14,140426.81
19.38,12.7,172790.67
18.96,12.07,172873.62
26.67,16.54,227919.28
29.18,14.16,228890.58
15.42,11.8,152559.66
10.58,16.89,160488.68
9.08,15.65,130959.66
6.81,18.59,160786.27
2.02,11.17,97692.81
11.99,17.86,158850.36
9.46,16.74,133370.27
33.82,11.15,231899.89
19.52,16.95,201234.58
12.15,14.42,174247.84
20.32,19.45,224583.08
4.87,11.42,91437.0
15.54,16.43,174274.39
21.92,13.82,197103.63
17.11,19.57,207001.31
14.06,13.3,144845.29
34.78,19.62,287943.02
30.81,19.01,258818.68
21.82,12.7,181962.55
19.93,18.04,213055.77
21.72,19.96,235235.84
7.05,12.53,128518.24
13.83,14.37,165251.92
1.38,15.2,105836.37
16.64,12.95,174025.04
19.01,10.15,168131.68
7.97,12.2,124390.95
33.74,12.82,243254.13
31.83,14.44,242440.22
25.28,11.71,200742.15
18.67,18.73,229208.07
30.45,17.05,255297.1
4.57,10.85,97385.15
27.67,16.5,228561.03
4.37,16.54,127067.64
27.8,19.56,270682.01
9.65,10.03,131420.67
30.7,12.48,238030.07
33.04,19.28,275172.86
5.21,19.32,151549.02
16.19,17.21,194408.41
34.33,17.66,271779.4
16.92,10.91,153383.56
30.22,15.14,255693.51
20.61,12.32,192523.23
13.14,11.81,150277.41
10.0,18.1,168676.29
7.11,11.35,119418.89
26.66,14.69,238708.47
13.53,19.39,185293.45
17.89,11.86,173733.54
17.23,19.78,194244.34
20.2,19.94,215014.9
30.3,15.56,233938.32
34.33,11.7,256454.19
14.27,13.16,134664.14
28.96,14.24,226897.55
26.76,13.09,188254.9
20.07,12.81,177256.3
33.46,19.72,278722.04
7.02,11.53,127863.39
3.82,17.33,136327.33
29.89,10.0,206018.83
15.37,15.96,185852.81
29.64,19.16,259564.01
31.26,12.88,235766.46
2.19,11.86,86465.26
30.92,16.52,244112.56
15.69,17.13,177554.12
17.87,16.88,195184.77
21.93,13.19,195011.08
32.42,12.52,253050.07
0.67,19.56,132375.73
16.69,19.23,177853.9
24.07,14.57,212341.32
25.29,18.46,222975.59
24.24,14.52,202311.77
4.71,14.24,113887.62
10.48,11.57,124356.76
12.56,14.26,141755.1
28.16,15.37,233865.19
9.76,10.23,108018.5
7.37,14.44,135629.69
33.51,17.81,292240.28
0.31,16.8,101630.2
34.92,16.35,270346.0
23.69,19.1,210655.95
29.0,10.18,206793.79
10.31,15.57,155566.74
0.5,17.87,125606.13
25.83,15.41,222337.14
29.2,13.24,233839.15
25.92,11.36,222646.47
5.0,18.88,160689.4
26.37,14.71,215925.65
26.91,18.78,231640.37
23.05,15.86,209274.73
26.81,16.74,224875.99
29.61,18.04,257248.31
21.48,16.59,200091.07
3.1,13.98,111548.2
17.07,15.14,188688.42
2.72,18.03,130538.51
14.26,13.74,151301.87
14.25,13.88,170003.91
2.31,10.96,76657.28
12.21,19.15,174382.84
3.88,10.91,99478.0
28.29,16.48,238686.91
33.17,14.13,253819.92
2.53,14.06,115012.74
33.43,16.8,267204.09
18.29,10.67,161533.35
10.48,15.94,149276.94
2.69,17.72,124450.82
17.52,18.28,207000.13
27.81,11.71,205874.9
24.75,18.97,242918.45
1.76,16.56,119192.6
2.55,18.82,130257.21
14.1,14.85,169552.55
10.34,15.42,143238.36
8.13,19.19,165646.64
9.84,19.0,167764.45
28.12,14.48,222261.72
32.52,12.74,246110.77
14.18,13.93,164559.61
31.71,13.88,252961.73
11.25,12.87,148338.88
16.68,12.69,170922.9
7.91,18.61,146764.11
22.42,10.7,204171.68
34.26,16.78,259772.28
21.12,11.73,191410.37
12.52,13.45,152698.32
22.67,10.62,173981.23
4.3,12.7,109946.47
31.1,17.68,258918.08
17.61,18.85,214804.08
15.73,12.22,153162.08
20.51,14.64,193546.35
21.87,14.7,182084.01
2.51,18.74,148811.09
23.89,17.63,216182.42
8.47,15.13,143185.33
24.99,16.71,224052.18
28.79,18.47,250583.21
28.14,10.1,211487.58
19.34,14.03,201460.11
18.21,19.07,210062.4
5.0,17.4,144049.78
27.14,15.43,230365.78
9.5,15.3,153988.6
17.38,13.48,170671.58
9.95,15.21,155838.68
4.68,16.55,142150.4
22.03,14.18,209127.16
1.9,17.14,117154.38
26.2,18.61,238508.06
11.12,11.55,134681.03
0.0,14.52,87851.7
17.89,14.08,193911.16
1.64,16.87,119962.87
9.67,12.5,133877.87
24.74,16.4,217427.98
2.19,18.77,121431.67
29.38,14.18,226991.26
0.13,19.11,125908.35
8.64,19.93,171761.8
25.93,11.06,200876.18
11.07,12.33,139464.42
3.57,19.5,140196.63
12.61,19.58,185579.68
9.46,10.98,135339.88
29.49,10.15,217770.77
10.97,11.61,139207.43
27.61,19.96,255860.59
31.22,11.8,216825.39
15.18,15.03,162044.2
31.85,18.48,271673.74
13.21,10.2,135449.8
33.74,16.04,268973.87
3.13,12.77,120236.61
24.05,18.62,237242.92
17.28,12.83,181435.19
13.57,16.87,172828.05
22.14,16.74,206820.23
24.63,12.21,199622.71
0.15,10.35,71737.64
5.84,14.09,138000.46
24.96,12.89,211661.74
23.32,18.09,229847.3
33.81,18.0,286282.15
26.64,14.57,203663.18
33.28,16.07,267907.46
24.59,16.04,208691.57
10.43,18.27,164594.64
3.69,14.25,113650.89
27.36,12.75,220343.67
22.55,12.65,195966.19
1.69,15.36,123869.04
12.6,14.49,149736.92
33.49,14.4,261390.71
17.51,10.91,163316.38
15.15,17.19,168055.14
16.02,12.14,152580.4
7.31,11.97,118225.23
12.9,14.13,163899.29
12.94,12.28,148958.91
1.83,15.84,105721.16
26.86,13.71,216220.78
14.58,14.49,182061.76
28.78,15.37,236168.89
29.76,12.04,220209.76
7.42,11.56,121957.3
23.01,18.8,234367.75
16.53,14.34,170682.21
30.81,14.12,243712.07
7.55,10.36,109240.88
23.72,14.98,216955.59
21.27,15.54,205249.48
10.34,15.59,154394.05
4.78,17.07,129361.43
22.81,11.77,183545.77
25.85,12.52,214791.12
11.05,18.11,165782.51
22.57,19.47,232016.78
13.83,11.36,142120.13
24.96,14.98,223445.36
6.97,12.14,113916.44
31.16,10.6,221897.4
10.06,13.26,143691.2
12.87,11.44,150264.24
2.03,17.1,118748.89
3.9,15.34,139590.69
18.06,11.44,170125.28
9.37,10.09,108877.63
29.24,18.08,254841.22
0.51,11.76,84512.6
13.27,16.06,170007.11
11.81,13.37,144885.15
0.68,15.85,110509.32
4.35,13.16,105853.28
14.48,10.87,153974.48
17.25,12.23,157586.77
14.15,11.88,139674.66
18.58,14.28,188015.18
20.83,16.58,220947.49
0.35,12.64,88476.95
16.24,10.12,157060.12
33.72,15.19,269805.01
18.17,16.06,198970.95
23.71,19.63,232332.82
10.92,15.89,145100.62
27.09,14.71,204860.88
27.05,15.73,226534.8
18.25,19.28,219211.67
34.16,18.28,269462.11
4.39,13.23,120116.4
0.59,12.37,83269.02
26.96,12.63,213068.24
28.25,15.04,236904.26
4.21,17.44,129628.63
9.3,15.03,144597.44
0.61,10.68,79113.11
10.27,17.24,164564.52
27.06,18.06,242898.1
18.13,12.89,175890.73
12.18,16.64,177270.97
13.01,14.27,161319.43
0.05,18.89,116603.29
10.49,18.45,165125.56
22.63,15.25,207247.44
34.1,16.92,272259.38
29.65,18.83,279192.88
0.83,14.96,109123.53
31.45,13.13,220502.31
27.41,17.54,235197.96
27.31,12.2,195177.27
16.03,13.89,166730.27
13.93,18.66,166301.8
10.6,17.24,152630.09
2.3,14.04,95670.62
7.99,12.15,126303.39
8.63,13.56,132878.01
16.94,12.84,171548.52
26.16,11.76,203240.01
16.58,17.43,179092.99
2.02,12.52,103713.89
33.52,14.54,272613.59
33.0,13.86,253420.88
27.48,19.82,248396.51
34.7,13.91,246821.14
19.06,10.8,161398.51
33.7,10.9,242086.15
2.65,15.91,129131.03
12.8,15.99,165843.95
7.89,14.19,140060.42
6.85,14.32,135955.69
4.93,10.54,106787.34
21.78,15.17,198404.27
27.35,15.05,228038.33
20.24,11.5,171050.33
5.14,11.04,106136.65
28.39,11.24,214584.29
22.26,11.01,198607.49
13.59,16.1,156976.44
23.59,11.96,198743.83
9.1,12.51,141856.21
12.08,11.74,144486.69
32.11,19.58,282012.25
10.17,18.55,169969.78
16.45,12.3,174599.04
31.15,13.28,227702.0
24.77,12.1,188279.44
2.18,14.92,112520.37
5.16,10.2,83288.76
0.27,16.71,122757.31
22.08,15.23,215946.48
15.67,18.99,190436.62
4.7,11.64,104095.51
33.53,18.04,273883.06
18.54,17.92,204037.59
8.47,11.27,121415.75
17.52,13.99,182705.23
23.79,11.7,192578.82
2.67,12.55,110660.31
9.61,12.63,135742.83
28.24,15.56,228390.42
16.09,14.11,182385.08
19.13,19.48,203048.68
15.15,11.26,150391.81
1.54,19.74,142649.94
5.8,12.31,109150.31
15.59,17.73,189811.1
7.32,13.39,131543.4
1.75,11.43,84994.0
29.53,18.58,255166.48
34.34,13.09,251587.46
27.76,16.59,231842.84
29.88,15.66,262065.56
8.47,14.72,131777.67
33.62,14.96,267499.84
6.89,17.32,142371.22
33.3,10.88,226818.58
34.82,16.68,274842.64
24.91,18.96,241815.54
34.34,10.58,247677.71
19.93,11.41,189684.35
9.08,17.17,178440.49
15.29,14.37,170254.78
20.77,14.04,188201.31
2.56,11.37,99833.69
21.78,15.07,201219.91
34.34,11.27,251305.46
6.65,14.77,120459.1
27.74,17.64,262019.11
31.78,12.58,244006.11
33.03,14.81,240746.61
33.6,19.92,278643.96
18.25,16.87,203618.49
34.21,18.41,289920.8
26.51,14.15,207245.59
5.66,17.68,148711.35
16.69,10.41,138421.27
25.14,11.23,196297.14
8.66,12.03,134475.73
22.42,14.02,195959.18
23.33,18.46,214555.94
5.69,13.46,122117.49
19.78,16.55,197272.37
27.01,17.09,240980.06
17.46,15.86,179880.27
0.42,13.57,90153.38
0.32,15.77,90426.78
12.5,13.42,150227.78
32.42,10.84,229768.87
8.0,19.93,153455.48
22.2,11.27,187118.59
7.77,10.72,123531.97
11.26,18.79,169088.04
29.68,13.02,229956.37
25.51,16.5,228335.86
3.34,13.29,99458.06
15.0,13.91,181671.61
1.02,12.62,90815.15
16.83,13.43,177024.31
23.19,14.11,210700.48
4.15,17.2,132553.37
10.11,15.12,152055.98
13.92,19.44,189300.4
32.18,10.42,215640.95
34.76,15.03,262290.06
1.57,15.84,109150.43
26.64,19.2,240989.16
13.01,10.49,124976.62
13.74,15.73,176570.86
26.4,18.54,254022.1
32.14,12.42,246196.69
33.28,18.76,287765.1
20.2,10.19,168360.23
12.5,17.32,163680.41
27.56,19.33,243242.97
8.79,16.57,154613.46
19.74,14.39,192967.56
12.55,10.45,132924.96
22.98,19.2,240850.73
8.41,14.7,141415.65
6.71,10.29,101283.74
32.14,16.9,255350.82
3.56,14.82,124479.76
17.71,11.24,173526.86
7.73,12.14,126706.11
1.36,10.64,102397.94
1.26,15.74,126165.73
6.13,16.22,140732.78
30.34,15.06,234648.51
9.89,18.17,150726.88
33.27,18.61,272791.52
20.36,16.16,209421.96
15.28,10.13,161505.06
20.3,16.95,210466.97
18.08,14.18,191802.34
26.56,15.66,224039.31
9.89,16.49,158420.68
12.36,13.5,155526.94
31.29,19.17,251528.71
33.13,11.34,234023.87
31.24,16.72,263364.16
14.68,10.04,144672.09
27.31,19.25,238068.74
16.67,11.13,137956.25
17.41,10.95,158501.48
7.16,13.33,125396.14
20.69,13.74,184393.04
6.51,12.14,118514.05
11.6,15.85,161530.48
29.93,14.43,242010.44
7.25,10.34,90764.77
2.49,13.2,93984.88
2.42,18.1,127720.13
32.93,16.9,270244.25
17.74,17.25,200231.77
14.33,16.98,180571.86
28.38,13.11,218215.06
29.25,11.0,212140.53
11.63,12.72,134877.5
24.28,18.32,236936.44
26.99,19.8,241824.12
22.91,14.94,214624.56
5.31,10.1,103538.23
30.66,11.4,224099.64
18.87,13.22,175207.54
9.89,15.79,137935.89
14.88,10.75,141586.91
1.31,19.43,128929.67
4.48,13.65,96572.61
26.79,19.13,243554.22
0.0,17.81,124446.19
14.58,17.55,185682.45
18.29,16.07,188492.93
1.91,16.27,118674.14
34.06,16.38,263868.17
7.91,16.29,145544.34
10.65,15.54,164445.84
10.64,19.86,182048.36
8.06,17.32,154671.9
0.05,17.77,112469.9
25.53,18.72,244010.78
33.84,12.16,231176.44
7.85,10.84,113551.88
23.21,14.83,212963.23
25.97,15.14,227159.0
29.69,18.29,260863.85
14.79,14.44,168286.12
10.6,15.71,150391.62
11.39,15.27,157785.84
24.94,10.38,183731.79
28.59,16.15,231147.34
6.36,18.28,149111.86
12.98,11.58,143030.57
31.57,15.94,237550.91
28.23,15.94,239314.87
34.47,11.64,252605.4
26.4,11.23,201777.01
13.76,19.8,208452.53
20.67,13.94,187073.77
23.14,12.27,191364.5
2.75,11.71,95322.93
19.06,16.68,199028.16
24.83,16.09,218270.13
5.86,16.44,125032.98
27.32,10.88,200131.38
20.43,18.94,216977.1
33.33,13.89,262321.4
1.48,13.13,118552.67
9.29,14.62,152339.41
21.05,13.9,187756.75
10.38,18.64,160414.9
25.0,19.29,237070.21
26.57,13.03,227699.42
3.59,18.64,137260.78
17.98,17.82,188980.61
17.81,19.31,202877.05
12.92,12.46,152294.58
32.65,15.77,263910.37
28.96,12.75,199045.89
24.4,18.24,236320.48
25.0,10.05,171043.83
16.16,15.65,180281.28
32.23,13.39,250745.14
24.31,13.23,196991.35
25.51,16.45,218641.08
30.16,18.51,242935.47
9.59,16.09,163366.23
28.25,18.53,242887.21
6.83,12.65,123211.55
12.09,15.2,194352.3
11.75,14.51,163729.67
34.25,10.12,235684.14
29.98,15.57,237928.09
24.54,16.62,224087.19
25.45,15.92,233627.04
19.67,17.36,204722.17
33.15,15.71,252282.22
17.37,10.67,146817.05
13.32,11.16,130719.49
5.71,15.96,141280.74
27.52,12.75,212690.26
25.71,10.8,191998.29
13.45,14.3,151978.74
0.88,15.54,110026.69
29.36,13.29,225379.81
0.4,17.2,113163.08
24.63,16.44,233519.95
33.96,13.33,265294.58
15.32,17.55,171079.69
8.22,16.49,149299.15
24.67,16.37,215284.42
28.6,15.53,233065.39
19.13,10.11,168508.14
33.85,16.97,268746.08
1.81,13.76,106677.3
17.67,19.43,212731.92
25.15,18.18,235721.94
30.19,15.88,239763.25
6.27,12.52,112966.53
28.0,12.04,201787.53
19.34,13.4,176780.1
13.88,14.77,179372.31
4.61,12.96,106974.63
30.29,15.15,231832.85
5.5,11.65,113408.83
10.84,19.78,173308.61
10.15,11.08,107830.63
30.5,19.32,276792.14
23.54,19.14,236408.94
27.88,15.25,225681.94
8.77,17.25,148978.81
21.87,14.36,195899.3
20.01,16.3,209641.77
29.15,13.41,224290.65
31.71,13.01,223372.96
0.43,15.78,107811.01
23.59,14.98,197256.58
1.81,15.8,106956.39
19.21,12.87,172393.54
10.07,13.67,137822.41
10.74,10.84,129506.73
12.35,10.52,130565.49
21.75,12.53,187692.77
11.69,10.74,134644.4
25.64,11.04,211131.54
14.16,18.13,188159.65
2.39,10.39,102643.66
27.43,16.59,226082.14
10.0,12.73,136715.61
15.15,18.72,191234.75
23.99,14.85,214214.07
11.64,13.06,154530.38
1.98,15.18,111062.93
13.09,13.82,150302.17
33.06,15.64,264081.15
22.46,11.15,170744.84
23.5,19.97,233895.28
22.13,14.26,199548.97
6.96,13.48,118200.22
14.64,17.1,187821.72
26.28,13.64,205399.14
3.55,18.33,135733.04
9.72,14.54,144824.69
9.67,17.2,167414.0
15.12,11.07,149952.7
34.31,18.46,288667.47
2.36,17.36,132121.44
18.15,12.12,172546.57
6.28,11.45,103510.45
33.97,13.16,239243.31
3.97,19.76,147123.67
14.13,12.57,147936.62
25.83,14.56,225064.75
24.66,10.3,196596.54
14.8,13.97,161808.44
12.13,15.71,149098.51
13.92,19.53,192008.64
9.25,15.17,135016.37
7.19,18.19,144923.39
16.91,15.47,174133.36
9.4,10.41,118337.41
10.06,13.15,146418.71
22.99,15.76,211899.24
33.9,19.51,280269.69
21.13,18.59,206083.62
2.69,12.28,106090.45
2.65,12.2,94098.98
33.3,12.01,242949.48
10.41,19.22,166490.42
3.22,18.53,143503.08
20.97,17.75,212643.35
21.83,13.93,197241.05
22.7,15.04,211214.44
9.36,14.64,159289.51
0.53,12.53,99408.91
33.78,15.05,259479.57
8.78,10.3,116562.78
23.66,11.32,187090.62
24.73,18.87,227017.91
21.35,17.52,209713.61
10.95,14.23,139307.53
9.49,15.17,150199.41
20.92,13.7,183612.53
30.31,17.41,265203.62
33.14,17.84,277792.93
3.71,17.63,134152.04
5.42,17.23,139315.4
33.07,12.05,236149.45
25.78,13.38,213201.45
30.9,14.7,252231.47
7.09,13.31,119634.74
20.57,17.55,198158.02
24.54,13.29,211316.31
23.8,11.38,195211.86
14.29,13.99,151255.81
0.54,19.8,123452.82
20.4,12.26,175654.45
8.86,16.12,140926.58
15.76,14.33,167639.05
33.52,10.71,234047.44
13.97,14.88,158200.84
29.39,17.02,240535.41
6.6,15.13,131228.17
23.54,18.72,230976.46
34.2,12.89,248454.21
3.57,10.86,107975.35
0.29,19.37,130490.88
15.18,13.78,150891.49
3.24,15.76,126556.57
26.19,17.92,241446.39
32.01,13.24,237735.47
15.19,17.16,169360.87
9.05,11.35,123136.5
15.2,12.91,159982.83
25.32,11.45,189397.3
0.32,18.11,107449.94
20.63,12.23,183056.77
21.47,17.17,211133.01
22.32,19.43,224835.47
8.47,15.28,140474.03
24.99,15.4,208757.57
3.2,14.61,112206.48
6.97,13.26,129432.71
30.71,14.76,239260.49
25.86,16.03,210791.8
0.48,19.86,125690.65
8.69,19.38,154272.65
7.5,18.62,157107.02
9.48,18.89,166658.05
8.66,14.68,124722.22
2.19,16.57,127691.19
16.06,18.95,186597.18
25.65,13.93,226454.0
21.24,19.62,224435.57
23.55,14.16,195285.31
2.84,16.01,111774.62
33.3,17.1,271370.68
29.35,19.51,256332.89
28.18,12.45,216200.67
28.8,17.46,259941.05
32.64,15.21,249142.54
19.05,12.69,179394.0
7.01,17.77,160543.07
21.59,15.52,207336.25
26.0,16.61,214996.01
25.83,13.23,214623.91
18.25,14.81,176114.83
2.4,16.17,132133.22
12.99,14.05,147459.2
32.23,11.98,261303.72
20.46,19.62,233926.38
18.84,15.11,183735.97
9.41,17.34,155772.68
12.9,14.11,160717.17
31.34,13.55,246032.95
23.33,14.07,208299.31
27.56,14.09,233233.78
15.9,15.44,175896.51
22.06,15.43,203412.89
8.69,14.97,137509.9
24.69,11.35,203129.27
14.97,14.96,172529.53
15.49,11.69,157697.14
22.73,11.26,194291.15
32.77,19.33,259737.59
2.24,16.05,121400.85
28.87,16.59,243898.4
10.23,14.02,155887.02
15.54,19.09,180959.79
0.77,16.38,126302.52
10.54,17.69,162727.02
17.59,13.69,180925.34
1.97,19.6,150117.04
17.19,18.2,202925.83
32.45,18.54,274756.75
3.69,11.72,105218.4
26.76,12.71,207583.34
14.34,12.86,154916.91
22.93,12.71,189797.77
9.11,18.55,160339.69
5.58,10.32,84212.11
5.62,10.76,110152.78
2.47,12.74,101629.47
6.5,12.0,113622.4
23.25,12.32,196979.12
30.86,17.98,247610.62
28.49,15.63,251551.58
23.98,10.06,185393.53
3.87,14.29,116093.53
10.12,14.08,133346.5
10.84,11.14,129537.23
8.75,16.76,161770.06
18.03,17.02,205145.07
18.74,17.21,208182.97
12.49,17.28,173486.1
12.38,10.0,127395.09
29.0,19.54,245707.07
27.63,18.14,242258.76
10.77,19.04,168105.57
31.98,10.16,234149.97
33.35,19.34,282936.33
11.44,18.1,181847.34
12.4,18.37,184260.75
17.7,10.93,159118.39
32.94,17.39,252736.9
30.67,19.6,278975.98
3.59,16.79,140589.84
13.75,15.71,155279.63
19.37,19.46,228450.15
17.61,14.43,183975.36
6.79,15.99,139744.43
30.06,14.76,252480.07
23.69,19.33,244762.91
29.33,10.76,219614.51
30.06,15.01,244055.58
26.19,16.87,236071.64
15.37,17.92,183580.67
21.37,15.83,205253.02
5.61,19.09,142128.83
23.58,19.42,230519.16
6.27,10.64,105429.15
24.29,14.02,202723.65
8.04,10.23,114437.64
4.11,13.29,110505.55
5.78,15.37,135423.24
0.07,19.11,109921.1
25.16,18.47,233781.38
25.63,11.27,200466.57
18.02,10.93,162015.06
5.65,15.89,131854.26
2.92,15.32,104823.58
0.67,12.66,96278.97
5.8,18.99,155579.2
31.18,19.27,272466.46
8.45,14.03,143437.86
12.4,18.9,178529.63
3.69,13.84,118231.3
7.78,17.37,168262.49
18.17,14.76,191173.88
21.27,11.23,167958.22
8.59,19.28,154849.49
2.02,14.54,123323.48
13.69,17.34,154197.64
8.2,13.67,130579.74
7.68,10.19,121645.53
33.6,11.01,237471.05
21.57,14.96,198611.47
19.49,16.9,204007.91
14.55,13.35,155836.79
15.01,16.95,180307.87
18.93,16.99,194870.78
24.38,17.04,233577.29
24.58,14.93,226063.68
6.01,19.15,150583.72
17.5,14.89,170798.9
14.42,14.5,159688.55
30.47,11.99,224990.42
22.1,13.08,198732.46
18.64,10.42,156540.5
4.04,16.34,122197.77
21.2,12.49,191940.15
4.1,13.04,119872.19
11.8,17.71,162505.8
5.0,13.27,105663.46
24.22,12.42,227446.58
7.22,11.69,124350.44
13.72,17.75,175089.61
31.35,11.3,235099.2
7.15,14.54,131176.2
17.77,15.07,192270.75
14.67,16.87,179178.81
0.63,16.33,112924.53
27.75,18.11,243399.63
2.42,10.45,78197.8
16.6,12.96,184262.98
19.62,12.8,174218.09
21.99,11.46,174041.02
24.1,12.89,199683.52
8.86,13.1,123211.61
0.35,15.22,104464.29
25.32,16.64,231764.36
18.75,13.81,191728.79
29.26,17.19,254133.57
28.75,13.36,222032.9
29.52,12.9,226629.17
16.98,15.41,185997.02
11.68,10.24,113422.39
27.7,10.8,211005.67
15.8,14.18,157418.5
6.42,19.43,172156.53
29.92,17.22,247347.83
30.89,10.88,221479.32
16.32,18.46,188355.16
2.65,17.32,122031.27
13.57,16.11,187442.65
28.12,18.2,254683.91
31.56,14.04,229977.18
7.12,12.22,132828.27
2.34,15.12,124586.06
30.71,15.49,243627.95
13.63,15.38,167225.98
18.96,15.65,193753.03
33.88,19.49,300620.96
2.33,19.02,127896.38
22.69,18.76,227609.92
2.59,18.01,127070.43
13.14,19.43,171035.11
28.13,10.98,227833.67
15.17,12.65,148469.87
34.9,14.95,267241.35
19.57,18.47,196612.53
11.24,15.05,148034.01
7.7,17.48,153259.16
12.27,11.39,130109.12
13.04,12.52,151758.52
2.4,17.32,123882.11
12.94,11.65,151558.25
16.25,13.51,180346.57
25.3,12.65,200088.83
22.99,13.5,200854.84
24.81,17.08,227686.25
0.29,13.68,101871.02
7.62,15.55,139440.68
23.16,11.0,189514.48
16.94,18.05,193975.65
0.19,13.7,97150.59
28.16,16.49,248956.05
27.05,17.25,242146.06
19.19,12.1,182484.65
2.33,18.85,139879.86
26.83,16.16,228666.8
20.43,14.29,196337.59
27.37,11.82,200675.43
26.31,19.42,255413.64
28.11,17.55,219552.13
18.13,12.08,170441.48
4.91,13.38,126864.6
23.49,18.1,214530.44
21.72,16.96,216432.7
25.98,17.66,228221.16
5.95,14.41,123695.68
6.82,17.16,152664.64
31.16,13.86,241744.45
26.25,12.11,189051.88
31.79,16.33,247962.39
26.56,19.76,255749.03
20.9,13.11,193367.27
22.89,14.61,220476.32
31.12,16.74,269069.53
20.26,15.42,195814.33
22.13,18.43,243712.11
5.48,17.62,141793.95
16.59,10.58,147160.76
25.07,19.98,236918.39
9.48,17.52,137675.1
7.08,18.64,166941.56
10.98,16.51,171440.32
8.45,18.56,149562.97
7.52,11.12,113979.68
14.87,13.48,200703.26
31.77,18.76,260699.35
17.75,12.02,153972.82
6.58,10.78,108680.62
2.69,17.88,127774.59
24.37,18.35,227654.19
13.4,11.63,145799.91
28.76,18.54,263805.62
23.08,16.87,215533.74
27.87,15.2,231286.86
9.52,18.3,167225.12
24.23,14.19,213488.55
9.24,11.94,121633.89
32.87,12.85,244827.35
22.27,15.05,210066.64
11.36,15.31,143720.31
9.43,18.06,170161.42
6.68,17.91,160131.97
24.31,15.81,211384.96
7.66,17.81,152833.28
20.84,11.92,188550.26
9.26,10.5,114814.31
23.17,18.74,232263.58
28.52,10.76,211329.32
27.23,12.47,200126.73
26.63,16.95,237098.71
6.57,14.09,118312.9
3.09,18.76,144983.48
24.46,12.98,197693.15
12.89,10.12,132165.55
15.13,13.01,171814.55
1.09,15.78,115818.9
9.09,13.76,126519.1
1.18,15.35,101175.64
30.77,18.77,258315.9
8.52,19.12,164729.6
19.51,12.66,183981.53
1.36,14.62,99794.54
23.34,15.49,202054.63
11.31,19.49,177196.42
31.43,19.99,271778.32
31.08,12.35,250104.01
11.39,17.27,163918.73
31.53,13.78,257055.28
34.87,10.08,229925.75
28.89,10.09,194975.97
29.57,14.61,225825.63
8.72,14.88,150192.76
20.18,10.23,186333.42
2.35,16.87,116938.44
3.32,12.94,103881.19
34.96,15.6,259096.66
11.43,13.01,126266.22
26.19,11.67,209882.06
28.23,14.07,227642.17
30.03,12.32,226003.85
34.92,15.35,255612.54
8.45,11.99,137946.11
1.41,15.08,105330.89
14.39,11.57,153305.73
4.55,16.71,120589.75
0.78,17.54,117570.78
12.61,11.1,139778.51
27.43,14.68,227815.69
19.82,10.71,173549.45
10.95,15.98,159170.75
22.9,12.64,185815.63
8.12,15.28,141496.7
0.5,15.17,106425.27
26.75,19.24,247624.7
21.83,15.49,206500.6
26.68,15.83,216760.2
1.36,14.02,92606.96
29.3,19.49,240509.0
21.68,17.77,224084.2
19.72,12.85,189973.79
21.86,18.44,228528.3
30.26,14.32,240130.35
20.54,18.29,196793.67
20.33,18.23,204965.06
34.67,11.89,249780.68
26.49,17.01,234008.8
15.48,12.91,159600.65
24.76,12.97,207704.67
13.62,12.96,152103.98
8.01,17.26,150713.88
20.89,12.3,179872.88
32.49,10.01,235544.79
32.52,17.15,260861.98
11.97,11.71,126062.4
18.47,11.04,160947.42
7.41,12.38,119018.89
34.85,13.8,267566.19
34.34,14.76,261231.7
22.73,10.45,181734.17
28.15,19.71,244042.11
25.03,17.16,234111.86
20.76,13.23,184056.03
1.87,13.19,101179.88
15.92,14.49,184628.84
23.62,16.26,221414.43
23.71,11.46,178678.58
13.06,11.89,128531.37
32.96,18.59,273829.51
5.86,12.56,106548.18
17.51,13.8,182473.54
24.18,18.71,232436.11
24.4,16.63,223537.65
22.7,13.42,192638.33
9.64,16.84,168700.44
5.47,10.2,127121.8
22.26,17.36,214967.76
20.98,14.87,202050.48
6.28,18.13,148328.75
24.68,19.55,236212.43
15.93,19.26,189868.05
23.37,19.09,221607.09
29.31,15.12,227003.45
5.94,13.6,126038.45
0.67,14.65,99164.72
27.27,16.9,213910.5
21.34,18.84,225027.95
24.49,12.07,198438.95
29.34,19.18,269359.5
28.1,18.15,249471.93
33.63,19.79,271560.45
18.76,18.8,190320.26
17.1,12.8,163457.7
14.07,11.06,139078.0
5.38,11.12,115425.32
20.04,12.91,184650.46
9.7,16.14,160165.09
32.25,18.04,256413.66
20.41,18.99,226218.09
20.75,16.24,211306.49
12.42,10.06,113768.54
1.82,11.86,106151.05
1.11,11.0,87625.68
14.82,13.63,165059.88
2.96,15.01,109515.5
21.24,10.43,187951.93
30.83,13.48,226207.55
30.9,11.79,234925.82
23.07,16.47,222955.98
7.39,14.64,141997.18
30.2,14.95,257383.34
31.01,14.28,215049.49
6.88,19.56,162867.65
25.81,12.15,191649.68
10.03,15.17,164822.38
28.09,17.36,231745.98
34.9,15.57,277304.26
1.05,19.29,121193.44
31.41,13.78,235683.38
21.79,14.64,207987.85
34.07,10.89,248811.06
16.28,16.09,171507.61
29.66,12.88,236116.77
2.18,11.6,104248.04
11.73,15.45,147738.8
2.35,15.32,129094.29
34.14,10.76,227384.76
28.59,16.98,237366.77
29.84,16.24,249323.9
32.83,11.89,231563.05
2.98,14.69,117539.67
13.5,17.2,175452.08
2.49,15.29,114453.87
7.38,13.95,137156.89
8.03,13.22,126844.56
16.42,16.1,185121.29
9.4,19.39,175976.5
3.53,16.72,135145.43
5.86,10.75,91337.17
5.15,14.61,114822.44
34.06,18.91,286202.75
26.58,10.94,194240.67
33.87,19.89,274996.12
15.39,19.49,194643.52
9.74,10.78,115168.03
27.94,19.33,258398.83
11.42,13.63,151762.97
10.48,18.45,149594.21
8.14,14.18,127163.9
4.54,14.41,108517.92
8.98,16.34,144763.88
12.44,17.74,174838.99
23.59,10.34,184112.57
2.19,15.93,112890.3
7.37,11.87,130238.97
28.32,13.46,203379.47
5.14,13.48,129190.64
11.99,14.69,148357.07
30.26,13.34,231791.62
5.42,11.07,102851.08
2.9,11.46,111178.55
16.96,10.33,145560.72
10.58,14.7,146847.08
19.72,19.54,222214.26
28.13,11.16,196402.96
4.8,19.46,140517.69
20.32,17.33,207737.79
17.69,16.37,183738.27
5.04,16.45,126785.4
21.84,18.27,217386.28
9.58,11.07,129194.24
17.07,15.05,178228.6
2.88,16.97,135828.89
16.09,15.87,171661.81
10.73,18.33,155565.2
28.78,10.72,227458.52
1.99,16.91,116414.62
14.65,15.34,138709.2
16.05,13.79,154320.63
25.38,13.4,218465.95
20.1,16.21,222036.18
23.35,18.91,227646.45
27.2,14.96,224065.85
30.18,18.25,266114.76
10.99,14.02,143416.16
18.83,11.02,189106.86
29.4,10.62,214858.54
34.63,10.51,249993.04
31.13,13.8,246405.91
13.0,13.37,150686.33
6.83,17.18,139736.99
17.13,17.43,196630.22
25.96,10.51,201075.15
17.24,12.21,162397.61
16.91,12.74,169709.41
29.34,15.48,249164.05
12.65,11.45,156837.02
30.09,11.34,228394.88
14.24,19.44,204690.86
11.49,18.04,162738.49
15.89,11.81,163937.65
26.69,14.07,229808.18
4.41,13.56,108312.66
6.87,17.91,144569.25
33.3,15.1,272796.83
6.14,11.28,103036.04
19.87,17.39,195827.4
20.28,13.97,204271.02
17.14,12.63,179069.09
22.57,13.75,203527.76
8.04,14.98,137581.11
19.34,13.43,180445.5
13.03,12.42,148558.19
23.16,13.99,216849.32
4.94,10.19,102764.71
19.98,17.72,227894.73
6.48,11.71,107291.42
9.75,10.44,120939.18
7.65,16.54,141406.79
6.4,17.74,136719.44
28.9,18.14,248937.81
10.0,14.94,149047.46
32.45,12.05,242085.89
33.95,17.37,291640.29
19.99,17.0,209700.07
5.01,12.46,122586.14
13.11,19.03,181535.67
27.92,11.04,222736.78
12.86,19.83,204240.68
3.05,18.6,140452.14
19.49,16.88,194347.37
29.58,19.39,255592.99
27.86,17.22,242697.22
6.13,11.9,118408.63
23.55,14.42,213172.61
7.72,10.72,118457.49
7.64,13.9,97534.1
30.59,17.42,250012.67
8.74,13.86,138286.83
9.21,13.3,149598.07
0.02,15.95,115742.01
30.47,18.72,266112.98
27.74,10.48,213405.87
21.96,13.85,194740.99
26.26,11.58,199310.53
5.32,16.95,131135.37
16.04,11.06,153824.22
12.29,16.65,160992.93
3.28,12.86,117472.55
17.01,11.99,160883.23
32.23,19.36,267609.61
1.4,10.19,100595.89
10.2,14.38,139601.67
7.26,10.22,111505.55
8.34,14.84,142195.6
31.8,15.01,239794.65
16.38,13.22,178446.55
16.32,11.32,163175.13
26.62,13.76,229814.56
5.41,16.72,130872.43
17.05,17.82,196316.61
15.05,15.31,172008.23
20.89,15.9,206277.35
34.98,12.01,238099.36
26.93,12.87,214279.84
13.93,11.62,134444.44
28.96,12.49,224258.87
5.97,12.25,97605.3
1.07,15.19,92690.66
7.16,15.63,144874.27
11.91,19.45,172716.6
17.87,11.96,160811.76
21.53,16.42,220248.38
31.87,18.17,269098.11
17.84,15.6,229232.82
17.54,12.55,169204.56
1.76,12.63,121343.95
1.22,10.39,79111.19
19.29,13.05,196791.82
15.34,17.45,183806.27
29.37,10.48,198761.38
5.62,12.19,118087.41
0.87,17.06,119839.06
15.72,17.83,179409.03
8.31,14.55,128959.61
1.74,16.98,120894.2
25.36,13.88,214720.2
3.91,11.6,82507.29
21.29,13.98,204729.82
9.84,15.8,145122.56
6.07,19.48,142375.56
13.29,10.69,146484.26
28.05,15.07,229861.35
13.72,13.29,164549.85
26.28,15.08,225634.16
4.39,10.24,98593.75
27.05,13.13,213907.08
8.29,18.2,159784.2
23.71,15.54,210178.01
19.8,14.51,184668.42
32.52,12.86,247363.73
13.56,12.98,150523.76
2.32,13.83,107886.04
0.67,18.36,132111.42
28.94,19.67,257452.37
18.37,14.39,184490.56
27.13,13.93,214683.3
8.2,18.47,160390.23
12.08,14.27,154165.48
1.05,15.52,117715.31
33.65,12.31,240419.06
23.38,17.44,218333.16
32.66,15.32,262493.24
9.29,18.09,161182.46
21.4,17.81,208435.08
23.75,12.15,207328.13
11.11,17.16,147372.43
29.68,18.0,260263.2
33.15,13.46,237945.34
30.97,11.73,243909.83
25.87,10.03,180716.74
9.71,14.51,151896.64
9.86,13.52,136881.25
33.72,15.55,259410.89
0.36,11.88,89174.29
25.06,18.6,240410.25
24.72,12.58,194651.58
21.79,12.26,182021.0
34.65,14.81,268931.08
10.92,14.99,135152.26
11.9,12.15,134374.32
2.76,12.72,129836.22
15.5,11.7,147071.81
9.14,17.18,163466.12
12.02,17.7,163777.99
29.21,14.62,237883.24
32.74,17.14,271219.24
6.5,17.36,153963.43
13.04,11.38,139129.12
32.5,19.66,294381.99
2.16,18.21,124612.73
3.23,12.04,104712.24
5.7,11.86,114647.29
20.83,11.26,170102.57
5.27,11.38,105869.01
33.88,17.48,274800.55
15.64,14.7,167959.73
17.55,17.83,218861.91
8.63,17.46,146047.53
16.48,16.05,193224.11
23.17,16.86,225704.17
26.29,10.18,196378.43
26.39,13.12,204813.38
20.23,16.38,197057.32
31.65,10.09,218708.25
28.61,10.33,192982.54
26.5,18.52,232215.58
1.95,16.84,108819.97
0.24,12.65,102453.63
7.44,16.88,150770.69
23.22,17.92,230846.08
14.39,13.07,161545.7
14.08,10.36,142269.48
30.96,19.33,308345.57
31.34,13.45,233704.22
31.82,11.06,229987.0
10.99,14.92,155956.99
24.19,17.68,215524.84
9.51,12.22,155676.27
6.67,12.69,121025.95
6.46,12.43,119774.78
11.97,19.92,190754.86
15.05,11.97,162111.63
29.08,15.76,239110.99
4.2,19.25,145714.47
25.72,11.47,187945.5
18.6,19.71,208479.84
10.08,19.47,173826.92
17.25,18.85,205583.02
10.5,12.15,143461.59
20.86,16.34,205183.69
15.18,17.61,172570.77
5.75,19.86,163367.71
4.08,11.8,117567.01
19.13,17.66,212800.16
31.58,13.39,238480.39
12.04,11.76,146817.53
25.66,14.21,243864.26
23.05,17.94,224537.83
32.6,14.65,240808.73
28.73,15.38,230045.71
19.83,19.95,225683.1
23.0,13.99,189164.7
31.44,16.15,254925.97
13.98,13.65,160676.36
11.44,13.93,159515.32
0.38,16.96,125224.02
28.93,19.38,264189.27
28.03,15.42,213418.13
3.66,17.68,141839.94
20.19,10.89,180893.05
16.24,12.11,163608.7
4.15,15.02,107714.46
34.32,10.2,231185.13
7.51,12.53,113273.97
2.35,15.17,97640.3
20.82,10.15,173802.47
25.86,12.65,200653.94
1.14,15.14,130814.63
23.06,15.73,210656.63
18.63,19.26,222006.46
3.61,16.45,114083.54
6.04,14.15,121320.65
19.88,19.3,218041.13
10.37,17.85,154488.0
32.84,12.0,235866.8
28.66,11.31,211632.72
34.42,16.76,270427.73
9.09,15.6,161041.34
33.94,17.9,279097.17
15.09,17.39,186801.76
12.16,16.25,166492.98
1.76,19.86,141432.36
1.85,15.34,112398.15
24.22,11.13,190083.8
16.03,18.28,193805.56
7.93,12.52,134569.08
21.49,17.77,225901.69
8.85,19.57,162945.59
20.22,16.97,213139.84
12.57,15.96,160694.0
28.82,14.6,231762.76
28.72,13.64,221951.81
16.71,13.53,169763.27
12.28,16.36,174435.9
12.69,17.51,171776.69
28.2,16.79,240842.4
11.49,11.98,124277.09
7.32,14.94,132340.27
2.96,17.92,129931.49
16.33,14.76,168649.82
16.87,15.37,181928.06
29.43,17.71,247120.74
7.74,16.61,145992.53
13.33,14.09,157447.72
28.29,18.95,243311.88
28.83,11.63,212612.01
13.46,19.96,215912.24
16.07,11.19,165788.62
10.62,10.15,125383.62
32.64,18.9,268628.97
4.15,12.45,112429.43
32.68,17.3,280657.52
23.94,18.11,235754.87
18.61,18.59,212066.99
1.14,19.92,139538.68
16.65,12.94,180153.97
14.27,17.1,186028.82
5.64,11.15,113475.34
22.97,14.07,212202.65
33.99,18.48,269975.48
19.68,13.68,174249.98
25.02,15.91,222222.47
2.4,15.04,114851.53
14.62,16.46,170748.49
4.07,19.73,153553.27
21.45,10.56,162800.11
32.85,15.74,254386.61
23.16,18.63,223469.63
2.69,14.81,100616.41
12.41,10.79,147375.87
19.27,15.61,183592.39
14.11,13.32,151389.47
29.18,11.55,225121.98
28.51,18.49,255606.89
21.41,15.22,193297.72
13.07,19.33,188137.86
8.94,18.06,159936.31
3.71,16.93,150147.24
12.42,10.05,134320.98
14.46,14.28,161997.6
23.65,11.97,187658.5
23.04,19.11,223244.98
2.45,11.75,90414.44
13.83,12.86,164208.64
6.36,15.17,132579.99
5.49,12.63,120523.26
28.96,12.1,231988.77
1.47,15.99,94555.05
14.67,10.89,157557.99
5.89,10.58,107146.67
30.78,13.72,240908.97
19.5,17.21,197489.54
8.1,15.55,134727.75
17.58,14.23,183711.43
25.6,15.66,242271.58
33.53,13.65,260249.57
7.72,19.36,170256.34
31.02,10.55,220380.62
32.7,16.73,258217.78
32.07,18.91,264632.2
22.24,18.04,216659.14
22.04,11.84,170329.91
14.11,12.96,148349.4
26.33,17.17,228252.53
18.6,10.84,165588.99
23.71,18.12,228231.0
15.0,17.19,184253.42
25.6,17.3,230397.59
28.86,11.0,207968.9
5.13,17.18,121146.38
29.15,16.8,239678.34
18.91,18.31,199188.85
29.56,10.42,217483.68
15.1,10.23,153251.43
13.27,13.73,162159.05
32.03,11.49,238834.89
8.79,15.58,142888.67
29.55,19.17,254541.23
16.94,13.91,168196.04
17.99,18.45,190791.95
10.8,10.0,131648.58
20.06,11.69,176929.35
11.38,10.3,116780.27
1.37,13.28,93019.44
9.52,19.08,157737.7
0.22,10.97,82533.1
34.24,16.06,276963.35
33.8,14.51,254623.36
13.83,19.38,167314.2
25.49,11.23,196888.26
12.1,12.12,138809.71
23.49,10.3,183635.66
28.19,14.34,221591.85
33.14,12.78,246922.52
14.01,18.7,184374.15
27.42,16.05,231883.33
9.31,16.14,152469.36
34.66,15.32,262456.73
0.9,10.92,81221.98
21.12,14.45,209232.36
23.08,20.0,239126.23
24.08,18.35,236834.59
4.21,18.93,153453.56
32.85,18.23,276373.38
6.34,11.03,118718.59
21.8,12.27,175592.98
7.79,10.03,113018.4
10.75,13.04,137245.19
19.13,11.09,185199.67
14.6,14.73,174164.78
5.61,16.77,132366.6
5.98,18.75,152679.85
14.64,17.49,182255.35
26.5,19.39,249151.57
31.43,10.54,215547.25
2.94,10.12,94417.3
13.76,16.61,169740.72
3.51,12.89,110822.45
0.58,12.54,85969.51
23.16,13.31,194939.11
21.09,12.7,198205.59
5.71,15.11,120570.96
8.18,14.4,127202.16
0.83,15.12,106421.96
29.22,16.73,238003.41
34.11,13.87,248314.73
4.74,12.51,112838.37
8.1,11.66,108158.51
30.39,13.49,225391.79
32.43,17.42,282859.85
14.69,17.57,185399.88
1.77,16.67,113314.29
1.38,12.34,98726.92
20.09,15.88,205199.0
13.75,15.71,175381.21
1.0,14.84,105196.39
20.41,15.5,208161.07
0.4,14.92,86247.9
27.56,15.65,221734.82
10.73,17.16,161496.62
1.41,11.1,91658.44
20.59,17.5,203283.73
13.92,11.36,147389.11
34.08,10.67,233710.2
19.05,19.76,213311.97
9.63,19.57,176813.5
24.83,10.6,200258.63
9.5,14.43,132383.87
31.65,11.86,223300.92
13.12,14.85,155769.99
19.25,18.3,208806.47
1.77,19.51,128812.02
14.91,16.34,185180.12
29.13,13.54,230471.47
28.2,16.03,239222.95
7.85,13.12,116800.94
7.91,19.1,168812.92
28.61,18.7,227717.87
32.56,15.58,263686.04
3.34,13.25,117411.49
15.75,12.93,159419.86
11.81,10.33,140304.56
30.47,18.16,258103.38
2.92,14.5,114573.71
7.39,13.25,129353.97
26.34,14.71,247323.49
1.8,18.19,139100.66
17.24,11.25,168199.55
15.47,18.58,183184.79
11.7,18.98,175145.46
13.81,19.47,179872.4
18.55,13.97,190119.63
5.65,12.17,115163.62
20.02,13.74,179355.51
28.19,13.33,222362.02
26.61,11.76,198871.31
5.39,16.07,134465.45
5.22,14.77,118406.72
9.39,18.66,162593.56
12.64,10.32,139720.3
14.3,16.44,173113.37
23.79,17.63,221559.71
1.98,17.59,127260.06
1.21,18.86,134167.89
13.72,17.29,165574.4
24.4,19.28,238113.82
6.77,13.33,135654.07
22.45,15.03,210914.33
9.09,10.14,117403.74
31.01,10.07,224938.92
31.35,12.4,237303.41
10.41,11.01,133178.39
8.05,12.6,108436.46
14.4,11.77,108803.23
8.42,10.29,123560.36
23.53,19.09,218679.84
28.91,10.08,211823.84
23.56,17.36,219573.3
28.85,11.52,207121.1
13.89,19.12,188400.52
5.47,18.93,150086.35
25.83,16.54,245483.03
12.62,16.72,161214.72
23.49,10.05,196554.6
9.47,19.85,171899.21
2.84,18.78,130267.31
34.74,18.95,292178.14
5.47,16.59,141024.99
34.59,13.45,256353.49
34.2,18.94,284899.6
27.78,12.92,212470.01
23.08,15.63,204627.66
20.22,11.0,182048.74
30.31,19.22,261390.1
10.13,11.41,127018.4
16.37,12.25,165219.02
21.68,15.58,207979.58
14.39,17.64,168169.6
14.96,16.19,186747.54
11.56,12.32,139696.68
19.75,10.01,133088.27
29.77,17.57,255484.18
7.05,19.85,161501.7
32.71,18.1,276962.88
24.12,14.6,215022.94
28.81,19.04,260582.69
19.47,14.1,199711.64
27.28,15.25,234826.22
0.57,14.77,102321.4
28.64,14.48,220349.77
1.4,17.75,137621.02
31.15,15.27,245240.03
34.72,13.17,251180.27
10.29,12.58,119718.05
7.36,10.38,114291.76
26.79,15.83,229340.08
8.86,12.3,114322.04
30.29,11.48,226806.2
3.6,16.54,123559.39
4.41,16.81,155722.51
34.27,17.52,270769.81
23.58,15.04,206880.22
29.64,18.94,250823.58
11.35,19.36,185205.19
23.68,18.07,223576.16
20.8,16.36,199846.07
21.11,13.04,196106.21
23.89,19.83,224984.16
20.14,12.74,189588.65
15.02,12.03,169582.35
9.66,14.42,146244.51
26.9,10.57,206636.27
7.92,19.78,169883.45
24.23,15.88,232107.79
8.17,15.57,151806.0
21.89,16.56,215401.2
26.15,14.97,202473.34
7.65,10.32,104722.86
2.1,16.12,125044.25
4.58,17.16,126892.5
21.21,14.17,193280.34
29.73,17.57,225418.82
1.57,12.27,99208.71
25.7,12.21,199010.77
11.95,11.61,146213.86
16.75,13.72,175830.54
32.51,18.47,280877.85
11.62,18.28,160705.74
16.29,13.83,179440.06
0.48,15.89,126959.67
2.86,17.21,134278.42
9.05,12.41,135270.27
0.97,11.68,91137.78
22.1,19.72,224520.39
14.92,16.18,181988.3
19.19,19.81,203807.51
6.11,13.38,118570.39
10.36,17.03,142834.24
23.23,12.23,188593.78
33.79,12.61,253062.99
1.76,15.12,115859.7
31.16,13.2,237011.4
20.19,11.68,180425.94
19.74,12.63,165822.85
17.51,10.36,155868.16
2.43,17.04,119071.58
3.15,14.92,111666.85
21.03,10.94,183964.55
11.93,11.72,129930.44
32.1,11.03,225275.41
14.23,16.13,153855.85
5.01,10.94,102444.34
25.02,17.54,220121.29
10.27,10.21,122690.93
18.39,12.49,166564.7
24.42,18.91,234949.57
31.51,17.19,257977.34
27.73,10.73,220119.31
23.67,18.21,231669.3
23.79,14.93,195200.9
33.11,18.47,263753.92
10.35,16.01,153022.39
0.04,16.82,103746.22
9.52,19.94,144305.86
7.63,12.32,134027.57
23.16,16.24,221289.25
22.18,14.6,207129.85
20.77,10.39,169727.11
0.57,10.14,83270.19
25.51,11.19,192397.85
11.32,16.49,161022.04
23.28,15.67,204838.52
19.48,15.53,208646.95
12.0,10.32,116915.98
4.71,14.69,133622.29
3.3,19.25,140837.28
29.1,13.98,225477.25
32.14,16.25,259213.43
22.74,17.8,227821.99
3.62,17.84,146271.59
14.07,15.19,168571.5
25.51,18.58,229251.27
27.29,13.91,220892.93
4.14,18.89,157888.76
0.0,12.4,99952.4
24.92,12.8,243443.59
12.48,10.53,140437.91
8.91,17.96,162758.15
0.45,14.17,109822.07
18.91,12.29,172279.92
29.79,12.32,213091.85
33.52,19.01,280088.39
19.8,18.34,204893.29
18.01,15.54,179549.53
2.98,16.16,116794.14
19.21,14.74,211487.84
13.3,13.92,156474.0
21.25,19.15,225579.58
13.61,11.26,132646.38
8.41,14.18,119592.02
3.32,13.45,103470.84
11.02,14.98,162318.77
3.38,14.58,119428.19
6.19,15.19,136942.88
34.56,11.4,251485.05
15.54,15.13,168377.24
18.62,12.42,187201.16
30.58,11.84,220977.55
34.84,10.65,254676.04
20.4,17.63,214595.46
28.44,14.27,212601.57
11.44,16.27,152292.45
10.7,17.28,145456.4
14.09,16.79,184242.92
23.54,14.71,208463.86
23.88,13.88,186786.33
11.03,13.76,146983.42
4.66,16.4,127254.38
22.13,14.95,191694.01
4.49,18.49,156212.74
20.25,18.75,216912.01
24.27,11.71,193501.44
24.52,11.36,191827.05
26.37,16.3,215812.21
30.55,13.01,221202.58
17.5,10.19,169005.31
25.56,18.89,234582.61
21.67,12.27,188656.43
6.53,19.29,137169.5
0.9,17.17,106670.3
9.96,17.63,164510.72
15.51,12.01,160206.02
21.6,12.34,203450.25
29.75,15.21,250857.24
6.87,11.72,90147.99
4.39,13.05,117272.22
33.72,13.21,247718.3
3.78,11.6,120395.35
16.75,12.05,173599.37
20.49,17.89,214068.68
18.95,11.67,174827.97
3.01,10.28,104802.27
2.0,16.29,123752.06
3.69,19.76,158218.74
20.5,13.31,170202.49
19.05,11.19,175025.27
8.18,15.7,137894.55
22.32,19.06,241402.53
28.7,17.84,260831.72
1.46,16.23,116039.35
17.43,13.15,186220.17
24.13,15.42,229884.74
8.83,10.91,120521.6
10.77,16.79,179416.25
21.48,17.25,213298.69
31.43,19.65,269757.32
28.35,12.6,226038.25
20.41,10.18,169195.39
25.56,15.46,221494.18
12.77,17.07,181045.59
22.43,17.9,221059.68
16.32,11.94,146531.91
6.65,12.62,123410.54
24.56,15.13,209033.38
19.48,13.31,191507.41
12.55,18.61,181919.04
31.9,14.74,261097.94
0.73,18.0,129011.47
11.05,15.81,163781.17
1.99,17.73,120587.24
26.83,13.33,222065.34
24.57,18.31,248314.83
11.6,12.75,135190.16
23.65,15.46,228342.12
13.86,12.14,144260.58
26.47,14.76,213809.37
15.9,13.18,167676.81
14.43,12.67,160740.52
32.72,19.67,286416.19
8.78,11.6,115096.74
4.22,17.87,141215.62
20.46,19.84,216812.4
33.93,10.2,223126.14
13.22,16.99,163028.63
2.17,12.53,93736.66
11.88,10.4,134586.31
17.71,14.03,188945.5
5.67,19.35,138866.91
23.03,10.12,185804.97
34.92,15.88,260292.12
15.81,15.01,179574.65
12.42,18.73,170720.49
14.02,10.84,134098.1
4.03,16.82,137989.28
30.91,16.8,248980.82
14.52,16.69,173363.03
13.55,19.42,166376.59
23.09,18.23,233269.39
15.47,10.42,155492.0
22.69,14.71,205362.36
2.15,13.98,94574.92
28.48,13.1,232207.08
32.92,14.51,247270.21
22.71,13.84,197018.98
33.41,14.32,274201.32
5.3,19.79,146184.04
16.71,10.89,163880.95
21.06,19.22,226835.82
20.36,14.8,199313.85
14.05,16.24,173635.81
11.83,18.3,174218.0
4.44,13.6,118620.85
13.71,14.3,158986.12
5.69,14.1,137004.14
25.7,13.75,201337.47
7.31,19.26,166060.52
2.05,18.29,136460.8
19.33,11.09,177886.03
20.83,11.08,207237.73
30.52,14.28,237910.62
20.19,10.99,159520.99
12.09,16.19,160636.64
28.11,11.44,202992.24
18.91,15.22,185186.31
2.77,10.07,79725.9
19.8,13.17,180901.75
31.78,16.77,253465.39
13.87,14.84,142830.26
10.37,19.78,178210.59
5.02,18.74,164399.43
5.3,13.59,125069.96
15.15,10.45,145236.09
20.85,18.46,216683.19
2.82,19.11,133941.38
32.88,18.21,272727.24
26.43,11.28,202489.31
20.53,19.98,216528.76
29.0,12.59,236159.51
2.81,17.24,115081.39
16.69,19.08,206179.41
22.05,12.36,189643.03
29.0,19.08,271833.57
27.42,13.09,219656.05
9.7,19.76,166313.54
32.93,12.81,242054.15
4.35,19.53,147102.23
30.63,10.54,210128.74
33.98,17.09,265401.03
6.2,15.32,117406.13
25.27,14.78,208209.89
1.41,12.23,95580.67
14.19,17.06,178769.77
18.07,11.91,153156.16
20.32,15.53,198435.53
32.76,12.53,246567.34
23.53,19.56,232479.93
16.84,10.29,149782.64
28.34,12.0,211976.87
33.27,12.42,239329.06
0.77,14.14,96040.63
34.39,12.33,250669.87
3.01,14.91,136223.4
28.5,18.72,244962.67
9.81,17.12,153388.18
4.63,15.8,128100.31
15.39,10.89,144708.67
22.54,16.94,225640.21
13.33,11.66,123623.05
1.91,17.86,122047.49
20.98,12.5,193707.44
31.58,14.17,241438.49
13.41,13.5,146770.1
7.57,18.59,158669.31
15.49,11.27,160718.03
1.69,15.66,115788.52
28.72,11.42,207567.33
28.92,17.05,248559.66
20.58,19.05,215645.67
12.36,14.35,159258.59
27.99,14.88,241382.75
19.41,19.27,192745.85
28.91,15.21,235995.11
22.1,14.88,189044.4
27.45,15.78,251647.94
20.95,16.89,205474.03
14.49,11.07,153032.22
33.53,18.21,275084.04
18.94,14.36,180206.09
21.18,10.72,170518.38
7.72,17.86,165185.18
21.9,13.77,205335.72
20.01,11.0,191162.14
6.47,16.34,139403.01
2.09,18.8,134757.97
21.15,18.88,218376.66
26.73,19.58,244843.24
18.32,18.68,197582.83
7.94,10.02,112499.18
23.33,13.8,196439.06
2.8,18.19,136370.36
15.46,13.66,166784.45
5.72,16.02,136689.84
6.46,16.06,151689.82
7.08,13.65,127025.05
13.53,19.04,189608.68
1.79,15.03,128679.14
13.92,14.65,173412.74
17.91,19.98,220913.66
16.92,14.94,177110.1
13.4,11.78,146674.99
29.37,15.13,225821.89
5.09,18.14,146917.49
17.7,17.77,200888.62
2.17,17.89,128173.73
2.49,17.08,134082.34
20.09,12.54,172736.08
19.81,18.62,227248.05
30.73,18.93,271732.17
19.53,11.94,176689.27
33.59,11.3,238542.6
1.7,19.76,139459.56
3.43,18.68,151092.1
1.54,18.93,131140.35
6.48,18.86,153351.52
18.94,15.42,192734.39
22.6,16.46,229205.4
1.6,15.45,109319.49
33.11,10.51,232893.25
29.48,17.46,262105.27
10.38,15.05,148957.9
2.7,16.48,132903.93
5.95,15.03,122280.3
4.44,14.92,121412.93
4.31,11.72,135794.28
18.15,12.79,169207.43
8.6,11.59,121234.18
12.53,11.96,143529.68
34.63,19.73,280494.88
23.95,11.53,190297.05
33.21,12.69,245998.21
4.99,15.91,131045.42
13.37,16.1,177944.39
19.42,11.54,187783.73
2.69,17.94,123482.05
0.15,17.85,118513.67
23.47,12.37,201991.26
22.46,12.89,207815.49
14.38,19.38,195394.63
17.14,18.26,200635.84
14.54,16.98,183321.72
0.84,10.82,90270.3
11.74,14.18,141274.85
6.2,15.59,135620.92
3.44,11.87,115228.0
33.49,14.48,254007.68
20.98,16.01,206087.15
25.5,13.27,207129.36
11.04,17.81,145200.12
13.76,18.4,181176.6
8.29,13.24,132439.65
3.39,18.39,132096.29
6.27,11.04,100741.67
27.91,18.38,239085.79
23.71,11.53,199347.93
19.14,10.83,186449.69
16.63,16.42,197652.93
32.29,14.72,239177.44
2.55,19.08,143277.67
9.82,13.63,132352.13
12.25,12.87,139779.07
27.38,15.01,222605.74
34.74,14.56,268538.23
8.42,13.44,139619.05
30.6,16.94,252142.89
29.07,17.6,247609.56
7.86,18.53,159689.6
13.98,19.73,193833.48
14.34,12.67,164170.86
34.24,17.16,262652.55
6.33,13.94,126100.33
27.97,16.77,229417.97
11.7,14.76,151539.01
25.58,19.94,242246.35
14.7,17.29,179722.42
20.24,19.52,213226.39
29.14,18.35,239936.88
28.15,19.03,233291.4
30.32,18.14,256647.22
2.09,14.59,106761.83
24.22,12.52,194281.69
4.9,13.7,130054.06
14.55,10.2,135187.17
19.2,15.24,204940.75
14.1,15.05,179102.76
18.19,15.25,171379.64
34.88,19.74,290950.23
4.73,19.11,142838.94
23.64,11.62,168277.15
13.86,13.69,144715.65
4.66,14.24,127140.14
5.56,13.61,138211.84
33.22,17.98,280287.34
30.79,15.24,247906.67
31.75,15.72,252704.46
34.7,18.53,297317.6
7.29,18.06,169349.11
12.44,11.32,132604.14
23.42,17.14,203874.18
16.93,14.35,158957.17
14.64,12.95,168473.86
12.52,10.5,133318.6
20.78,14.87,199781.14
20.15,13.55,173319.46
5.65,12.52,109367.87
16.51,16.95,185516.13
19.37,17.69,208245.44
19.96,12.45,178552.07
7.35,10.49,121594.49
25.98,18.49,231655.96
0.88,10.1,91268.69
12.42,19.37,181425.61
27.31,16.28,237971.88
19.74,13.22,177274.16
9.14,12.46,104075.02
24.32,10.09,183363.27
19.86,12.35,173623.82
27.87,11.38,212922.63
25.73,16.12,252868.18
21.35,11.67,189908.8
17.09,15.29,205702.24
4.66,15.9,134054.13
9.15,12.98,126533.48
14.67,10.35,146828.42
20.98,10.37,190797.02
17.98,10.26,176520.37
10.09,17.39,153740.66
0.23,13.18,95829.59
17.37,17.96,185697.74
10.0,14.32,149285.69
25.71,14.53,229804.46
0.84,15.13,107264.84
20.47,17.13,202912.19
32.95,12.74,246928.21
6.1,11.22,114395.62
16.51,15.56,181492.62
3.2,13.27,110455.65
21.9,14.42,199145.46
19.27,16.47,208082.38
14.26,14.94,171835.64
18.25,16.2,184859.51
31.38,15.44,240847.81
6.87,17.4,143854.74
0.79,17.06,122982.03
30.16,15.34,243554.57
20.2,16.79,200134.68
31.17,18.74,267658.77
20.89,14.32,193034.36
28.36,14.13,234126.59
15.04,17.64,186588.18
26.25,15.83,222953.16
31.96,10.71,229939.88
20.02,18.92,227072.66
6.33,10.31,102172.72
9.41,17.48,159770.06
6.95,17.59,146726.33
8.64,19.53,167588.8
10.72,10.54,120145.97
19.43,15.97,198715.69
20.58,14.28,203661.87
14.93,13.31,152652.45
21.54,10.9,169518.43
2.86,15.63,108577.27
3.07,14.79,106292.49
6.01,11.05,114659.61
18.13,16.12,180276.94
7.49,17.38,145790.23
9.91,17.67,164642.21
14.01,19.05,189216.13
28.42,14.09,223490.72
0.49,19.53,129640.39
22.73,18.65,226893.59
23.41,12.97,197214.88
27.95,11.59,209693.24
32.65,14.35,269653.06
0.7,14.02,107355.16
5.38,15.76,152608.32
31.02,15.83,245267.48
16.05,17.5,187705.19
19.76,15.1,183483.12
23.21,11.05,181457.85
23.77,18.58,245918.49
32.61,13.1,239491.67
34.89,19.71,306408.96
25.21,11.18,186489.15
10.05,19.58,160931.35
30.79,10.91,219766.65
1.72,12.31,96207.24
8.09,10.47,122524.22
31.41,17.05,261791.65
8.97,18.5,156354.99
7.72,14.34,132285.98
4.83,19.29,144848.59
30.07,15.9,236961.0
17.5,16.3,182348.6
23.62,18.45,237238.9
8.37,12.97,113231.52
26.53,13.54,228770.32
26.6,19.06,241101.14
10.94,19.01,164118.06
14.37,19.76,197557.61
7.34,19.02,168886.82
34.18,11.27,252162.17
22.6,18.24,227548.99
32.71,14.1,258898.11
10.62,19.91,159370.48
27.37,14.72,220529.72
26.81,15.54,218881.19
24.21,15.3,224836.55
33.8,13.22,247554.7
13.77,10.75,148458.85
4.58,18.96,149288.35
23.51,18.03,218506.51
25.53,11.4,194529.35
20.13,17.77,221362.14
7.24,16.26,134930.44
17.66,14.09,180271.33
10.93,12.54,130329.34
14.96,18.6,185641.72
22.58,17.0,216412.91
26.08,15.48,216461.93
8.13,16.1,135944.26
14.19,10.91,146678.24
9.42,14.74,165700.76
6.95,11.94,111048.0
27.42,12.08,203506.12
31.82,16.61,257283.6
12.96,19.11,188652.17
26.29,14.04,229358.2
31.39,12.08,225852.37
29.61,16.49,263640.12
6.4,18.71,142456.82
33.47,17.48,280506.72
13.18,18.69,173410.24
11.87,15.37,148534.88
2.19,17.52,119803.21
17.02,11.4,161425.34
3.82,13.48,117823.12
8.7,13.9,140578.04
11.09,15.11,143065.84
28.31,19.29,244847.05
30.64,18.74,254797.42
10.59,11.35,128350.19
30.05,11.73,221161.38
30.0,13.58,224209.31
26.76,12.91,215046.27
5.13,16.15,151749.41
24.16,19.03,229346.45
33.08,19.62,276659.88
23.89,16.54,224349.62
11.61,18.38,165642.54
17.52,15.25,190227.48
22.6,12.08,185192.22
17.87,15.25,201893.84
4.2,15.55,128299.11
10.92,17.42,157090.22
28.08,12.2,210270.05
30.15,13.68,229256.77
4.81,13.64,129751.6
33.33,19.59,270773.52
11.51,14.44,143770.79
23.18,17.55,217279.73
26.31,17.51,234549.96
28.42,12.66,216993.32
33.1,15.72,247502.08
10.95,18.94,166988.76
30.05,14.75,237790.9
4.61,19.45,142114.27
24.68,12.14,205754.1
25.97,10.74,205816.7
23.72,18.91,230623.33
8.83,18.48,161183.82
30.56,19.93,249907.97
5.91,16.79,135492.75
1.88,19.37,142756.71
25.11,18.27,229942.34
16.64,18.44,190245.29
29.72,15.69,261132.48
13.42,13.82,170900.14
5.89,19.35,156233.08
29.28,14.32,242005.73
19.21,15.39,174802.07
6.62,14.46,123079.23
25.21,15.65,216337.7
17.89,14.71,181594.95
21.15,10.48,172807.47
16.13,18.82,174066.0
29.0,14.44,234846.81
29.03,15.89,243856.72
24.83,11.39,210236.74
3.69,10.03,87681.67
29.36,12.45,215652.9
23.49,17.05,197858.75
24.4,10.99,190295.28
12.7,19.09,186918.81
30.77,12.15,223825.83
25.39,12.05,220544.73
3.94,11.82,102607.52
14.27,10.14,141935.32
31.02,17.72,247742.91
1.65,18.75,132322.86
33.65,16.14,248431.17
23.77,11.88,200817.28
22.1,12.85,199423.27
9.47,14.76,153980.54
8.71,19.54,155618.32
32.97,12.47,243980.85
10.44,17.32,164514.76
27.14,14.39,225978.85
13.76,12.98,145426.66
4.87,14.56,102822.07
0.38,10.71,84548.9
19.05,17.99,205155.41
34.15,12.43,243735.13
12.92,17.25,177270.53
12.5,10.68,134185.27
12.04,19.55,167281.64
18.22,11.93,154433.63
15.42,18.83,182381.25
30.8,18.09,280398.53
17.69,19.68,214599.48
17.77,14.78,184984.55
4.84,17.27,135594.89
34.4,13.71,293235.92
8.75,11.84,95763.4
2.57,14.43,107779.92
23.21,11.66,196427.75
20.84,19.82,221232.96
14.53,10.96,162811.85
14.78,15.89,179570.52
27.48,16.26,244091.48
6.85,15.38,130480.76
28.71,16.62,250376.84
22.71,11.16,184276.31
14.66,15.55,171819.97
16.03,12.87,178169.06
8.98,19.4,155766.55
26.32,17.62,237040.83
17.95,19.73,213743.85
11.23,10.38,131482.47
20.86,12.85,184227.51
34.85,11.95,267275.23
15.23,10.11,134635.05
32.22,12.42,250734.72
12.08,16.79,174606.26
1.92,12.31,113873.75
7.15,15.09,121597.06
14.65,18.88,180754.26
7.69,16.94,159467.25
0.01,13.95,80605.4
32.03,13.72,230366.03
29.54,14.56,230762.16
25.98,11.77,205030.87
5.87,16.34,150097.97
4.21,13.64,113929.25
2.37,18.52,127079.54
25.34,17.57,233478.49
32.51,16.11,263006.94
15.07,13.64,166866.62
4.17,12.1,105781.35
17.93,17.76,183105.45
12.21,14.86,147106.13
13.12,12.25,157804.34
21.75,11.95,188722.96
25.16,11.65,196580.37
3.87,17.77,144952.49
1.25,12.29,84630.2
34.8,15.27,264609.42
8.15,14.52,137129.97
1.88,15.8,111930.19
6.65,18.77,153137.37
1.36,18.68,126453.27
13.71,14.51,148619.33
28.08,10.15,206182.6
11.94,14.26,139247.42
15.55,16.06,179665.14
23.65,15.58,225320.54
17.81,16.51,190216.47
30.15,11.54,212531.44
30.31,16.47,247879.92
0.35,11.83,80179.87
27.23,17.51,243860.23
16.13,13.39,166218.46
34.61,17.1,289640.22
16.91,10.48,166417.83
34.54,14.08,257762.41
26.41,17.05,238807.83
8.7,12.27,123091.26
18.84,17.95,205565.22
34.72,16.31,268490.54
30.01,15.88,250812.54
3.41,13.54,123472.64
24.72,14.82,220829.57
12.1,15.97,167973.19
0.24,14.72,109646.81
14.12,16.98,180170.36
8.22,14.34,125621.12
28.66,12.02,231680.75
11.81,12.14,154189.12
28.96,10.06,206558.23
0.02,13.01,88603.27
10.77,17.49,167256.17
8.44,17.94,159600.74
8.17,12.02,121403.9
2.39,19.59,127271.39
6.55,15.02,135013.86
19.44,19.17,219180.21
10.2,17.07,163580.62
14.61,17.22,182267.35
13.19,10.85,136520.48
30.66,12.2,237092.89
31.69,10.09,223822.28
17.25,17.16,189124.2
11.56,13.44,142950.4
3.74,17.87,120495.33
33.37,13.39,247929.59
2.11,18.19,135111.78
10.42,11.31,131269.01
10.43,11.73,143587.21
11.21,13.41,140529.18
5.75,14.08,128478.65
27.41,13.49,225485.87
4.29,17.64,156522.94
22.22,10.97,185207.15
4.33,13.51,106494.98
2.47,18.37,139172.0
31.83,10.67,242923.83
6.65,19.42,152963.83
28.74,19.86,265563.32
19.06,10.89,180032.86
2.72,12.91,113462.25
33.44,13.72,252661.49
8.64,17.76,148847.21
30.09,15.96,244437.16
5.91,16.44,141141.94
29.89,17.58,260186.05
0.46,11.18,87318.29
17.91,18.33,199351.76
26.93,17.06,239808.5
32.72,15.77,265727.9
31.82,18.9,273041.3
28.69,17.0,236146.15
31.09,12.02,228486.89
6.97,14.3,138349.5
9.95,14.94,133552.43
10.11,10.55,105389.8
13.2,19.55,196895.38
13.77,11.29,148362.51
19.06,16.97,206395.54
5.6,15.06,119636.21
24.19,10.26,194423.39
5.86,19.25,153987.38
10.86,18.52,154313.58
17.62,15.24,197101.02
27.88,12.29,216081.24
25.88,11.22,196726.82
22.59,13.63,196123.48
5.45,12.55,98026.48
19.15,15.07,196781.93
3.06,19.66,143755.38
13.21,15.75,162737.72
14.47,18.9,198158.36
1.39,16.51,105159.79
9.59,14.75,137802.4
33.45,18.55,269480.83
33.38,14.71,254037.56
12.33,18.69,175937.19
1.51,12.92,102475.15
6.27,11.29,108927.92
13.73,18.55,174149.78
33.17,15.87,275693.21
4.94,18.89,166468.01
26.72,19.38,247442.13
3.8,10.54,91086.41
34.34,15.01,275460.18
13.36,13.75,142440.28
27.13,16.26,229023.5
11.99,17.94,163933.28
21.97,12.81,182634.11
6.72,15.57,133535.8
5.11,17.09,129958.65
32.83,11.34,236105.95
32.12,18.14,267717.93
31.06,16.06,245639.16
21.89,19.5,223804.09
28.29,13.4,220543.81
2.42,11.08,100679.21
11.72,15.07,152393.29
10.98,10.86,135475.71
22.25,19.7,234435.13
12.46,10.39,137674.26
5.2,17.54,151794.49
20.88,15.25,191086.09
28.5,13.69,221061.63
13.37,10.66,153741.11
4.63,16.22,128560.71
6.88,15.85,114104.16
8.31,12.81,126003.25
10.5,19.1,170396.63
22.5,13.04,173621.96
21.03,14.5,208696.7
24.36,15.44,209708.78
12.69,11.0,139919.88
28.84,19.32,254165.69
7.14,13.75,117132.75
16.42,10.81,146501.48
28.03,13.87,215782.02
6.31,16.0,145765.57
3.85,15.14,120374.0
30.93,16.95,250362.36
12.0,10.55,123579.99
23.94,12.85,210753.97
0.89,18.19,135552.4
24.15,10.8,200878.34
11.06,18.55,173043.44
1.95,10.92,93117.46
21.34,18.34,208351.99
8.43,13.61,130244.79
13.54,16.12,162183.79
2.82,11.53,82563.04
5.15,10.66,113043.98
10.43,12.16,126947.21
3.14,11.28,108473.3
31.88,13.12,247597.77
0.21,15.14,108546.99
16.94,15.89,189984.78
4.31,17.9,132857.86
10.77,16.56,173001.96
32.41,16.09,258771.7
5.66,14.12,126704.25
33.8,14.74,253239.74
7.2,14.15,122479.49
25.95,18.42,241933.23
19.13,12.3,179137.52
30.96,10.06,212421.29
19.39,16.51,188194.19
18.71,12.02,162996.08
6.84,18.9,163886.46
5.82,18.59,142829.07
32.08,10.77,226044.48
11.47,11.06,144067.13
13.02,14.95,149777.34
26.59,16.09,222378.82
11.86,12.75,135729.82
33.32,17.17,282634.41
25.83,15.95,241418.19
20.91,13.25,196720.67
30.83,10.25,226129.73
1.74,17.5,118877.58
9.0,12.15,143517.8
16.28,18.34,196318.65
7.94,14.2,140808.1
26.04,15.77,223546.94
32.17,18.73,268566.87
14.83,18.64,201959.83
11.97,13.72,152415.16
33.65,12.09,256542.22
15.57,17.75,189338.87
17.12,14.33,170427.45
12.31,11.92,135109.61
31.83,19.04,271519.69
19.91,11.98,173973.38
26.68,10.26,189175.05
28.41,10.2,216731.74
11.96,16.22,156191.11
15.18,16.62,180350.09
29.7,13.11,230752.26
12.71,13.2,143685.08
27.79,13.39,232390.67
32.93,16.8,255427.61
21.81,10.58,182503.04
25.96,19.29,244498.83
28.18,12.23,215413.31
29.58,20.0,252387.14
13.83,11.72,153963.1
1.79,17.72,131533.53
14.07,12.23,144754.84
23.58,10.81,194599.54
15.76,18.75,196577.07
26.21,18.59,228973.19
12.49,14.04,144704.78
22.22,17.02,225112.02
6.52,15.57,137790.84
26.23,18.53,234822.46
19.1,13.15,174248.99
7.14,15.24,131454.81
10.22,14.85,142201.08
26.2,13.54,206361.71
16.89,18.91,185477.15
7.56,11.66,128539.63
33.85,11.5,250403.17
25.03,15.77,209380.17
33.5,16.57,267886.59
14.95,11.95,145988.15
16.63,13.91,170625.86
31.43,19.47,267693.71
18.38,12.47,170795.26
24.75,16.68,240862.27
8.83,17.4,149870.32
15.64,14.48,163645.43
4.32,19.38,139315.56
7.21,17.37,156042.73
0.03,14.58,85934.2
1.37,15.69,106103.33
34.2,16.93,284480.95
8.48,15.92,146651.74
23.22,18.79,230251.5
29.37,13.57,247020.52
19.27,13.0,183685.08
5.36,12.14,106592.59
25.48,10.38,191655.05
21.01,10.43,166453.55
25.59,18.7,248466.99
26.94,16.78,238604.23
34.14,16.61,279739.88
20.07,16.15,212006.46
11.96,18.49,169066.73
22.7,14.8,197795.61
2.4,18.7,132891.65
31.41,13.59,232569.1
4.18,19.27,146006.14
11.47,16.99,172160.76
28.55,12.57,218098.2
20.91,15.64,204031.19
13.78,15.33,164306.1
16.57,11.38,166215.32
29.91,15.91,238256.63
11.9,13.15,125860.19
30.44,10.52,222745.36
3.08,19.49,149117.13
27.19,16.41,236728.96
29.66,18.77,252048.05
6.36,16.76,131064.42
15.06,13.57,166908.57
5.79,15.13,131130.05
24.73,16.76,223056.15
18.74,19.6,228822.37
22.24,12.54,184137.52
6.88,18.75,168160.42
7.41,19.24,157967.09
1.45,16.7,102634.26
11.27,19.31,172201.54
19.59,13.98,196346.58
30.03,19.53,260273.85
23.34,17.03,207440.65
15.24,10.42,145872.97
33.36,19.07,271673.39
25.17,14.84,220170.11
32.56,14.6,258035.47
18.47,15.66,182530.16
9.06,11.49,117821.46
1.85,14.69,116194.85
25.41,18.31,227709.15
4.25,10.15,88320.66
10.6,12.73,126520.41
18.64,10.02,166021.44
19.75,14.16,192508.48
21.02,17.28,205976.0
5.82,17.99,144954.36
13.29,19.45,197038.15
21.6,16.09,199744.08
33.94,12.55,231487.08
25.47,19.24,243940.72
32.29,17.75,265473.76
26.68,15.74,221087.45
20.71,16.96,214286.9
6.72,19.24,162161.35
23.33,17.12,201672.03
21.82,13.68,190889.15
21.09,17.13,230977.85
17.14,10.4,162307.68
18.5,13.86,188079.19
11.71,14.06,158359.53
18.18,11.67,169416.99
6.91,10.23,115691.85
28.18,11.33,217355.99
6.5,16.55,144726.88
2.97,18.02,129845.65
15.27,19.88,198095.32
23.04,13.46,195240.0
15.32,15.99,176798.55
9.69,19.37,157353.81
19.54,11.67,169208.56
12.15,17.18,164227.38
32.65,17.55,259270.65
32.29,10.89,226437.67
17.58,18.61,200948.19
11.48,18.13,171914.98
25.8,10.33,203225.86
1.28,10.91,83322.24
16.62,10.49,166373.09
11.77,13.35,152949.09
32.22,15.09,256471.59
0.42,15.32,107114.48
19.35,12.68,182987.54
25.92,19.12,251441.06
16.98,13.68,183924.17
2.99,10.46,104652.17
34.04,13.0,251272.39
18.13,15.31,192700.3
21.5,14.08,208588.35
8.28,12.74,121942.37
16.92,11.31,158214.96
15.02,18.19,186651.43
2.62,19.96,148616.27
3.72,13.3,119242.86
29.31,13.82,227924.34
8.39,16.18,132754.38
6.82,17.18,146816.59
17.67,13.92,170596.79
26.91,19.05,232676.68
2.17,15.6,105329.6
20.19,14.5,196444.14
4.17,16.47,141584.45
1.28,19.53,132359.75
1.85,17.95,128465.75
29.2,10.4,221576.67
4.13,13.32,100347.79
1.58,14.71,112909.54
15.33,13.15,161812.63
29.54,17.0,252456.72
9.18,18.26,155395.08
14.76,17.31,173610.39
1.4,19.89,135736.2
15.72,12.73,175845.46
20.22,18.75,223194.04
19.98,17.67,204859.43
11.63,13.62,134372.75
11.04,17.34,148161.8
3.73,11.04,111000.61
12.84,17.89,165579.12
3.48,15.32,118167.91
26.83,12.92,224372.71
33.82,16.56,254580.88
33.95,16.42,280930.63
30.28,12.09,223895.32
21.03,10.3,165767.15
24.53,14.34,208619.79
9.98,15.7,143237.75
22.08,18.77,227674.95
15.95,19.28,191647.49
16.87,15.29,165067.12
26.52,17.54,233882.95
9.87,14.39,130605.14
11.13,17.46,165205.05
32.36,12.05,227040.66
1.97,13.71,101106.77
17.0,16.34,189019.93
31.95,10.18,223372.12
21.36,17.22,215073.89
19.12,18.36,214513.38
8.74,13.99,125705.33
12.01,14.48,151441.33
29.82,18.51,228689.45
19.57,17.76,209851.15
18.02,12.88,172210.58
3.49,13.24,101754.81
0.56,16.79,116829.34
33.73,15.63,272984.8
13.19,11.62,138813.42
21.11,13.1,182398.47
2.79,19.0,138186.06
23.91,16.88,249180.79
32.64,19.86,273634.08
20.15,17.67,220343.74
4.41,19.42,146967.74
20.36,12.16,166289.05
26.82,17.71,222746.73
14.22,10.2,142138.28
30.79,16.71,260160.55
22.7,14.69,191535.71
31.47,13.47,243503.88
21.82,18.62,233451.89
4.6,18.54,158715.15
10.84,10.22,127366.11
7.06,16.1,144298.62
31.81,13.68,224471.99
26.61,14.16,236430.98
23.67,18.32,223124.03
10.53,13.1,130254.48
6.44,19.43,152734.76
26.48,11.8,218544.49
16.6,16.63,205586.1
7.9,16.72,147556.47
21.58,12.52,197895.55
1.41,13.25,100423.57
11.42,18.35,160531.58
16.4,17.62,203475.98
5.18,13.29,112560.04
34.46,15.34,278281.71
7.32,10.62,123531.63
4.56,12.09,114178.4
7.12,14.86,149341.79
26.92,10.86,221780.36
14.89,18.43,185602.51
19.79,17.18,198887.35
0.74,19.44,112955.4
1.21,16.93,137263.21
15.6,19.4,192207.33
28.58,15.55,244796.54
30.98,16.0,243888.71
3.03,19.77,155031.17
18.84,16.42,191355.92
31.96,10.31,215786.73
13.58,17.24,172235.28
29.03,19.05,251175.43
4.68,17.96,145049.89
32.74,15.84,258430.27
26.3,16.71,235822.75
32.95,19.9,278635.16
23.68,10.91,183841.06
12.72,16.67,161805.7
32.84,12.83,261148.53
9.64,16.4,153584.47
11.63,16.08,141631.49
24.53,11.53,191723.79
26.79,12.07,209315.15
32.53,16.22,275391.63
7.17,11.28,124116.71
27.93,12.65,209045.84
25.85,18.35,257619.9
2.23,13.27,104015.25
13.55,14.88,172208.88
9.9,19.41,158535.38
10.66,12.27,114032.25
34.4,13.9,245453.93
22.5,16.06,183959.18
25.12,17.55,247801.02
34.18,19.02,284758.49
13.2,19.15,174206.6
28.06,17.77,247977.56
15.21,12.28,158407.52
30.43,10.25,222566.96
6.32,13.84,135633.39
33.17,11.42,235695.46
7.66,17.1,140055.33
11.42,16.61,167366.13
26.47,10.44,205420.57
13.78,18.37,181766.89
21.29,12.49,206502.33
15.56,14.32,165562.92
25.98,16.68,221288.23
7.99,14.29,137767.82
2.05,14.41,103557.89
10.5,10.66,129547.4
16.6,14.01,166178.75
5.88,17.65,139995.13
12.42,19.15,194270.59
14.0,14.13,156589.52
2.01,14.24,101398.88
20.42,17.03,217757.87
30.95,19.43,258897.83
5.31,12.67,109285.76
20.92,14.4,201287.17
23.27,17.96,232493.98
14.68,16.1,184169.5
24.54,11.11,187605.75
14.38,16.28,178209.73
17.66,11.87,163716.2
0.26,15.1,98682.02
24.21,15.29,224628.53
23.15,18.76,223544.96
1.34,14.62,109241.61
12.89,12.79,148755.82
34.27,12.31,239385.03
14.73,18.74,196024.47
17.57,11.71,171134.1
31.85,14.26,228948.79
25.1,11.87,202602.02
20.37,17.73,204718.79
27.92,14.74,237050.78
30.25,13.51,220999.01
15.99,13.61,164869.07
16.63,18.52,199925.72
13.51,15.54,165285.03
33.83,17.18,278090.78
24.4,18.97,221391.89
2.91,19.02,151504.49
30.2,13.29,236307.36
16.82,19.52,214632.79
2.41,10.25,96848.07
19.24,13.77,185336.03
14.6,18.96,177355.0
30.72,12.75,227045.1
7.14,12.73,136306.75
28.93,13.03,235567.28
19.52,16.12,193736.95
1.91,14.38,84515.94
34.01,17.27,271181.56
17.94,18.95,222337.09
10.18,16.74,153523.91
16.43,12.04,166593.6
30.03,19.33,269752.83
10.67,12.64,144838.11
6.74,11.5,118635.97
4.52,10.9,87280.72
10.43,15.63,148011.28
27.3,11.14,225605.88
16.51,11.39,162280.78
7.96,13.0,130497.56
5.82,12.82,121066.6
11.65,16.04,161937.38
32.9,18.17,251570.03
12.01,17.61,166209.13
34.58,12.62,251395.46
16.98,12.45,178062.24
6.27,19.66,155814.89
31.19,10.08,206535.54
16.11,18.8,199174.06
24.84,12.0,192976.48
34.43,19.47,276215.13
1.76,13.42,95612.26
3.38,14.4,120307.68
25.22,17.07,238442.06
9.86,15.88,153942.31
6.45,13.18,127805.99
1.38,15.54,115817.42
0.76,17.31,118740.2
27.11,10.42,207328.99
4.71,10.11,78745.35
16.37,14.58,175917.01
21.21,11.32,172687.79
14.99,16.64,188200.2
0.95,12.14,90699.93
27.42,14.33,223442.22
0.37,11.98,75346.79
26.67,15.48,234366.07
31.27,11.16,231882.52
15.15,10.23,150544.06
18.74,10.51,159180.0
16.69,19.54,195928.19
13.62,11.42,145890.4
31.06,17.08,250331.95
31.29,10.68,227864.21
11.75,11.08,114738.98
21.53,15.09,198387.78
32.44,14.65,266355.63
33.67,19.52,286653.35
17.81,19.45,209296.57
15.85,17.8,205772.79
9.75,16.02,130284.43
33.56,14.55,249583.32
5.0,13.56,115087.51
20.29,19.47,227270.53
9.89,16.03,158177.07
9.77,15.79,141626.26
14.17,12.32,159985.68
34.96,10.47,238901.72
1.92,19.45,145189.05
20.25,13.14,178060.12
2.89,14.43,112430.22
5.41,11.15,103487.14
15.38,18.37,198364.44
17.87,10.28,156010.44
9.06,18.34,159044.03
11.08,11.4,136030.07
3.04,18.87,141932.72
10.61,17.3,167901.47
33.83,11.65,244607.29
33.06,15.66,256114.17
11.72,13.13,140616.93
19.98,11.78,178788.26
31.84,18.59,270422.32
0.22,14.04,96823.46
28.37,13.99,226157.1
33.19,11.7,226863.17
3.2,13.83,117509.81
5.65,18.72,149553.37
33.63,13.63,260595.63
18.81,19.52,213259.9
0.5,19.46,112949.08
9.02,11.45,120364.87
15.75,11.77,155338.18
24.25,18.63,238228.22
25.66,13.93,195656.86
34.84,10.04,239903.94
10.06,12.74,138706.4
18.84,15.98,189345.77
18.67,17.99,205245.17
14.2,11.33,141174.41
5.92,11.11,103333.31
34.21,19.22,280674.89
29.87,17.51,245978.11
17.44,15.9,193300.73
21.11,17.69,208068.51
7.95,14.29,126365.41
19.03,17.58,219307.35
24.32,13.72,214843.8
18.03,12.44,156729.56
34.66,17.29,269850.97
21.4,14.2,199405.72
12.98,19.81,187157.57
27.03,13.49,204332.64
5.97,19.22,161747.69
13.46,19.33,191282.15
12.14,12.42,145974.8
15.11,17.98,197454.93
27.36,14.33,226752.81
16.95,19.18,205741.92
27.79,14.5,239065.26
20.18,17.44,218263.31
11.97,14.67,145627.65
28.35,12.28,222374.9
8.34,11.99,117951.85
7.85,14.25,137758.89
17.66,17.55,201279.93
9.13,16.05,136026.47
0.32,16.89,112380.2
22.69,12.82,197764.32
17.89,14.81,180457.13
15.59,10.44,151969.54
33.84,18.18,283685.61
19.99,19.9,220571.56
30.22,14.07,237916.6
4.88,10.11,111804.8
19.92,11.7,181888.95
30.38,16.53,251344.15
20.41,16.12,194923.51
25.13,17.88,237292.07
13.02,12.54,149568.21
3.24,17.64,142723.51
16.03,16.88,185485.65
13.81,13.23,138886.46
30.35,15.45,229446.8
8.54,11.47,127918.94
33.84,14.53,252968.28
33.53,18.81,282256.39
8.67,14.21,137376.39
12.18,18.4,171722.55
31.34,15.9,250819.1
33.83,11.92,236883.15
15.52,15.81,176679.0
11.23,15.06,146474.68
18.41,13.99,179356.05
24.07,11.2,189804.76
9.57,14.17,137831.47
25.78,10.73,204944.17
1.81,10.99,89195.0
1.73,14.16,115077.28
13.52,13.05,165020.69
12.37,19.26,185782.3
11.05,13.76,148379.99
17.19,17.58,197668.1
11.23,15.3,160019.08
6.73,17.04,144367.64
10.83,12.6,145252.14
34.12,19.42,289943.66
14.39,15.3,165077.81
15.56,18.31,197678.34
20.18,13.65,189967.98
34.42,11.0,241542.95
8.46,16.74,144666.96
23.84,10.08,187244.4
25.06,14.75,223512.27
21.26,11.93,192508.39
3.1,16.27,127091.34
23.69,19.79,240842.35
2.24,14.64,122281.47
20.86,18.17,214481.51
25.89,15.08,210709.6
7.38,14.96,146383.25
29.46,19.3,254679.23
1.06,18.9,121808.61
29.53,17.86,236796.23
16.11,12.96,170029.1
7.62,15.45,124992.11
4.68,12.24,103889.09
33.37,14.44,259920.04
2.54,14.84,120106.63
6.97,18.32,145634.87
12.17,18.96,174898.35
21.71,14.15,190967.78
19.07,10.18,161271.18
4.4,18.62,144459.13
10.14,11.74,125219.54
8.36,16.22,143556.65
7.47,10.25,98736.22
14.39,14.0,170982.0
24.64,19.86,244227.1
7.61,11.01,122391.55
12.83,14.24,165632.06
13.68,13.07,145854.78
34.18,19.05,280038.64
33.41,18.69,261185.61
28.0,12.38,242508.48
8.46,10.81,116639.77
2.38,16.27,129441.12
11.09,13.36,131463.19
9.34,16.72,160567.95
17.71,10.32,175660.12
27.22,11.33,206152.34
30.04,16.86,240991.36
29.57,12.12,221259.09
12.59,18.58,157100.73
24.05,10.59,188984.94
10.95,12.15,142053.71
2.13,19.99,138393.43
24.55,14.33,208377.48
0.34,17.03,118777.48
14.32,11.83,154849.4
11.53,16.1,144055.56
24.27,17.26,225632.72
26.82,13.14,234946.5
10.64,18.29,154300.44
28.41,16.03,236085.47
10.29,13.89,157773.1
15.62,15.58,185520.72
25.45,15.77,217554.9
24.25,11.66,197416.06
34.56,14.03,258861.2
7.88,13.43,122955.96
23.18,14.01,203005.34
21.34,17.61,212474.51
32.03,14.83,250721.34
5.47,19.4,144493.89
26.31,12.94,200056.9
19.89,14.16,190152.36
9.61,17.87,173758.36
16.61,15.46,181499.81
11.68,15.47,152781.04
20.28,10.53,179828.25
31.12,13.99,239076.15
19.93,12.71,199009.83
22.11,19.99,230412.9
18.16,13.08,182484.9
1.79,18.84,124655.8
8.15,16.76,151936.64
17.22,13.41,175727.9
10.86,15.44,151257.2
6.36,18.41,144992.54
17.64,18.83,198387.86
11.3,11.6,136155.52
9.03,13.4,138946.43
16.24,13.35,166804.37
4.66,10.42,103177.09
32.47,15.98,257854.31
30.37,18.55,260941.54
24.77,13.82,207269.14
3.72,17.4,132970.9
27.16,16.28,255002.01
28.28,13.76,226979.35
26.87,11.41,210948.78
3.99,17.09,136175.15
22.54,18.55,222414.2
29.2,16.86,256133.84
20.21,10.18,168790.63
22.62,12.16,200774.96
16.04,10.69,150171.17
18.5,15.7,183747.85
1.2,17.56,124556.17
22.36,11.11,175871.99
2.85,18.38,138421.72
15.23,15.56,163751.66
10.24,16.9,154015.55
19.09,19.71,203461.06
4.67,10.84,99796.11
24.21,19.01,219682.1
27.83,11.26,209227.08
5.72,13.93,133114.21
3.65,18.51,147115.56
5.09,19.06,154737.33
30.7,15.06,241071.08
18.49,15.94,204534.87
16.35,17.08,195654.73
3.73,18.33,139523.92
22.73,11.22,189368.91
30.38,18.1,255249.77
28.99,14.81,225657.51
21.91,14.51,211615.29
2.63,14.24,122431.59
3.93,15.09,114283.67
1.73,19.45,132586.15
9.01,15.48,143143.33
4.75,19.53,148195.28
9.1,11.8,126132.75
13.48,17.24,181553.51
33.0,18.12,265811.12
21.36,16.79,203499.93
29.22,16.07,251659.42
24.86,15.65,214957.92
3.94,18.61,129368.95
25.76,18.22,231841.86
9.63,11.22,121873.03
22.37,18.49,236875.83
11.93,14.14,157709.81
34.92,12.54,262657.02
9.22,18.7,168895.45
9.77,14.32,149401.34
32.57,18.08,263806.37
0.86,12.63,92390.01
24.38,10.04,179375.38
25.39,14.95,215654.72
29.27,11.0,220870.09
34.11,17.54,276033.48
34.15,12.76,261372.2
2.28,14.44,100894.2
28.76,10.87,216007.97
22.62,12.87,184844.88
22.66,17.81,222132.37
4.49,11.52,111974.24
22.76,16.47,212922.99
34.39,19.17,289474.33
31.91,16.8,251240.59
15.37,18.11,173818.79
1.4,11.09,93502.32
12.68,12.51,159741.58
28.92,18.95,246091.05
24.55,17.15,235837.5
16.08,16.4,183208.86
1.93,16.64,108926.38
14.94,14.14,155418.38
16.42,10.45,153848.44
32.5,17.84,264574.09
22.44,16.79,203945.52
10.91,14.73,133876.32
18.39,19.0,201245.31
2.31,13.36,106788.23
34.04,12.94,250578.71
12.6,18.73,172623.83
16.73,17.97,196206.61
12.43,15.15,166310.33
23.89,11.31,195749.42
23.18,12.15,192930.19
25.04,16.56,232244.36
9.39,13.85,129202.51
11.05,18.36,165890.52
4.38,19.5,145012.17
22.94,18.06,213218.38
1.39,13.78,99137.79
20.92,17.89,196854.41
30.44,13.51,250558.04
31.18,11.67,220765.07
15.72,10.33,162865.61
16.08,13.86,169956.45
2.69,19.04,141307.59
23.48,12.39,192238.15
28.74,12.07,219633.39
8.56,19.7,170057.15
14.75,10.25,149405.31
29.36,17.86,257737.8
30.7,13.21,231015.26
8.51,10.37,111762.72
19.27,19.18,200157.28
6.74,11.4,118736.61
3.57,15.52,131532.15
31.89,12.74,251900.52
28.72,10.65,212978.02
26.6,10.5,192992.57
1.71,11.16,76239.08
29.53,10.71,223752.09
15.33,17.61,169863.93
11.98,14.86,150905.76
19.13,13.43,181218.55
3.2,14.18,113087.22
26.48,19.29,244994.15
20.39,19.11,219667.66
6.53,17.16,122901.43
6.59,18.85,152571.03
6.45,13.2,103563.96
2.0,13.81,112136.46
20.57,16.14,199162.29
29.41,16.24,224660.91
0.61,14.82,97233.97
1.72,14.01,100685.85
20.05,19.86,231010.59
28.68,18.21,251184.82
11.44,14.35,151579.86
12.24,17.27,177602.21
20.87,12.7,186477.26
9.6,11.0,129813.36
0.93,13.52,104870.47
25.73,14.03,203156.66
21.9,10.17,190989.02
20.33,18.15,201168.05
25.96,13.59,220576.99
23.63,15.8,201873.7
7.21,10.74,117807.79
12.34,11.75,155146.9
4.41,18.9,141909.5
4.54,16.09,127501.5
23.67,19.5,239324.89
30.05,19.99,263079.44
33.7,13.72,268349.98
21.99,12.99,195168.34
6.44,18.58,147786.36
3.7,19.99,141581.4
28.45,16.3,230458.6
20.26,17.95,206568.57
21.64,17.82,214210.68
27.35,13.55,214669.2
24.61,15.74,212782.37
29.21,18.33,270653.8
1.97,16.88,112983.81
26.16,10.21,197330.54
29.78,13.37,235046.86
10.01,11.44,132768.15
22.42,12.33,191338.19
11.0,19.05,169113.5
33.53,10.37,238447.69
1.17,12.2,95639.2
20.29,13.1,184616.68
5.83,16.17,122212.23
24.93,15.34,213583.09
6.16,12.18,106336.28
8.24,11.64,115707.65
17.3,12.37,168692.67
32.02,15.03,253801.66
7.41,12.71,138875.72
5.05,19.48,144894.7
26.56,14.64,227451.98
17.52,10.59,162896.14
31.91,17.29,272978.26
5.13,13.29,122535.53
22.61,16.53,205904.73
8.15,12.8,112392.03
5.49,15.71,134340.61
23.92,17.72,221389.2
20.78,19.28,212795.74
26.42,12.61,198907.4
10.83,13.35,142137.06
15.68,14.64,184404.27
14.19,19.27,184275.62
34.44,19.01,289254.57
10.23,10.9,124593.64
10.32,11.32,117066.89
12.41,14.96,162579.79
19.76,11.07,164531.79
8.83,13.46,133299.93
32.04,11.48,229520.51
9.3,16.36,157660.52
31.35,19.49,261374.09
3.62,19.97,149049.27
22.98,13.75,194360.76
31.74,15.99,249930.09
5.91,18.56,117354.97
33.89,11.17,258459.21
15.85,16.9,188906.8
33.1,14.09,245171.29
23.69,12.06,185968.3
10.56,14.03,138900.1
6.59,10.76,116496.06
10.63,16.95,142569.91
3.26,12.53,104135.35
5.04,13.11,131375.84
3.66,11.21,90744.94
14.8,18.65,188407.32
27.85,14.93,247069.11
4.95,15.72,134888.63
4.56,15.69,128780.18
22.52,14.1,205795.23
6.9,11.93,114272.94
3.42,17.45,142741.06
5.84,11.27,106671.78
32.33,11.04,215057.69
28.75,17.1,240766.34
12.39,12.09,133128.46
22.95,13.07,195444.85
18.8,14.75,186239.39
23.7,14.49,218394.99
23.89,17.09,228379.47
22.01,16.23,212708.73
9.31,16.44,150536.91
1.37,17.14,111064.94
15.94,12.93,145549.67
31.18,13.22,237794.1
19.93,14.38,198614.63
29.13,13.07,224187.73
34.71,19.85,285344.56
5.73,18.14,149278.56
24.21,11.65,194749.63
23.6,10.06,199076.36
34.3,10.43,249342.06
34.5,12.44,258476.3
24.03,11.14,198566.5
8.53,15.33,130722.76
27.95,18.58,253436.85
3.75,17.37,135976.42
27.32,12.16,216578.05
31.86,13.99,248688.51
13.4,15.08,165714.03
22.07,18.1,243413.22
15.05,18.39,187090.85
15.32,19.1,200795.17
10.86,15.09,145971.69
26.67,16.94,240062.19
32.77,11.12,242452.3
32.93,15.65,262002.66
6.12,12.49,131697.35
30.62,14.32,231917.19
25.81,16.34,222294.03
8.85,12.57,130385.06
2.35,10.52,98072.14
9.38,10.1,119375.95
31.93,10.22,236202.24
22.16,10.08,173498.61
25.24,11.1,187102.47
9.0,12.39,130883.2
25.18,12.21,201665.24
0.98,19.87,136928.59
13.14,13.06,149811.26
21.94,11.27,181503.44
5.11,15.46,128193.64
28.81,18.58,252296.12
8.23,16.78,145457.1
22.83,12.96,195057.16
14.18,15.62,165259.51
20.86,17.15,217685.42
3.76,17.28,134044.56
0.59,16.67,132844.27
31.83,18.71,270265.54
9.44,18.7,158110.92
28.69,15.79,259652.48
34.98,14.3,265864.67
7.4,16.42,151380.06
9.28,18.18,164503.3
23.2,10.06,188454.56
33.79,19.92,290186.47
32.05,11.83,224949.86
17.6,14.7,185224.96
27.83,18.72,262214.31
4.75,12.25,109140.34
34.21,14.77,254819.99
33.75,11.33,243784.28
5.73,13.95,126399.71
10.48,11.77,135148.34
3.51,13.64,114711.29
9.51,13.73,132103.62
28.56,19.93,255617.48
13.24,19.95,194210.87
3.09,11.15,106479.59
11.98,17.26,156526.41
34.35,10.52,226568.41
22.04,10.3,173580.2
14.57,11.05,155865.07
5.83,19.65,163946.95
34.52,19.41,278794.49
28.73,11.94,219750.91
9.85,11.62,143228.37
2.45,12.41,104386.34
1.98,15.16,124920.58
4.21,15.7,134684.15
20.33,12.22,174659.58
32.51,17.57,264989.82
17.39,13.1,172923.28
29.5,19.22,259878.97
15.61,16.57,188993.6
24.8,14.36,215432.18
25.62,17.9,208758.12
6.09,18.18,135834.65
12.64,12.9,128207.99
22.31,13.4,198431.64
2.47,19.36,139169.42
12.65,11.65,142724.86
18.72,10.42,157344.76
34.87,14.54,268804.9
16.61,18.01,200177.35
28.56,17.72,235666.84
15.12,19.2,179818.17
27.87,15.33,230544.33
20.84,11.0,193569.16
31.03,15.89,264296.01
14.38,17.78,185805.9
21.15,10.93,173124.49
22.05,11.73,194753.16
14.61,10.12,138523.14
5.05,15.94,124544.1
3.27,18.87,120171.66
0.58,16.71,114703.57
30.57,19.82,262467.44
8.28,10.63,117083.27
7.4,19.03,137024.07
25.76,18.14,237032.02
11.2,13.14,120654.96
17.71,19.74,218092.73
5.69,12.88,122250.72
33.59,18.89,276890.05
29.81,18.81,263218.92
30.23,17.58,246001.62
14.24,15.63,169690.34
26.68,11.2,210271.5
5.04,15.32,101494.57
0.3,13.57,92275.91
0.7,17.92,120550.67
20.53,17.58,209536.87
15.94,19.11,208578.73
18.13,10.15,151584.27
0.26,18.09,114111.94
14.79,19.38,175229.13
25.13,17.89,244508.23
15.49,11.3,151132.29
25.63,10.81,193191.58
8.16,10.21,113155.78
28.46,16.29,243800.91
20.6,16.3,207761.11
7.38,19.87,183338.53
8.29,13.98,116105.09
21.98,13.32,191255.99
29.05,16.24,236376.97
14.55,18.26,180998.03
9.04,19.37,151915.92
30.35,18.03,257624.59
23.42,14.27,212603.89
15.68,16.35,175270.24
17.08,18.56,192571.47
7.15,14.91,147027.99
21.94,12.17,176917.42
12.56,11.7,122524.49
34.85,10.0,229573.28
16.81,17.18,177732.51
17.01,11.11,179475.63
19.8,12.44,178110.02
32.09,12.98,238608.33
28.03,15.6,242510.2
15.79,13.98,162857.74
25.15,16.75,232389.55
20.52,10.56,187465.34
17.23,11.24,158300.78
6.73,14.99,139227.24
16.24,13.37,165911.15
8.6,12.96,137493.07
32.02,10.67,214750.03
11.74,18.96,160006.91
33.33,16.92,264293.25
18.66,11.22,161770.9
22.1,10.65,177445.63
19.0,19.75,213524.06
4.53,16.81,139497.25
13.15,14.17,152461.98
3.47,17.02,122684.21
21.8,17.56,213560.55
15.64,17.8,181261.03
27.23,14.78,216680.27
7.72,14.3,119466.35
5.76,10.11,104298.93
14.22,19.27,183040.76
32.43,16.03,266434.45
24.86,12.03,187791.31
14.66,19.2,185226.82
18.1,19.15,223220.43
2.95,19.89,134188.96
34.46,18.74,280890.63
23.32,19.98,224909.27
9.99,12.45,121055.88
20.5,18.42,228608.76
3.83,18.23,139108.94
33.8,12.31,247264.81
6.12,10.98,95277.36
22.68,19.79,234770.29
8.59,12.96,139437.64
25.11,18.71,245611.02
27.19,10.04,205476.44
23.57,10.21,175827.7
21.51,14.66,202873.52
31.24,12.39,238443.72
2.75,16.9,110419.91
11.58,15.66,146574.58
8.69,10.77,126171.7
34.58,11.63,253952.3
13.63,13.88,143638.97
25.64,11.86,209158.75
23.97,17.92,227915.52
7.42,14.16,137964.44
8.36,10.93,112793.01
9.84,14.84,149871.0
14.39,10.91,152470.53
8.2,11.29,116413.08
0.69,12.4,92101.12
30.78,18.6,257049.25
33.8,19.25,296197.46
11.95,18.26,170359.66
11.85,13.34,137452.51
0.25,12.72,85335.15
23.81,15.49,214919.66
28.89,17.22,251811.15
5.13,19.93,140837.57
5.59,11.32,124981.3
27.65,10.49,206947.32
21.57,16.94,216320.61
1.57,18.32,126418.12
21.79,18.46,221334.04
10.81,16.78,157293.17
12.91,19.54,191244.57
26.94,15.11,224946.44
28.38,19.14,259351.66
14.01,19.68,185241.62
33.15,18.47,276415.62
14.23,13.1,148991.82
27.01,11.96,219321.67
16.94,15.48,175578.32
31.41,14.53,242116.64
31.77,18.78,266240.0
3.06,11.0,93464.44
32.78,12.58,248257.53
28.89,17.52,244290.39
27.7,10.95,218752.96
7.03,13.21,117899.14
28.18,13.87,225878.94
29.75,16.23,238149.0
10.12,11.58,132138.11
33.33,18.61,276259.59
1.75,14.48,106801.54
5.25,19.17,158808.12
18.82,14.68,182549.51
20.15,12.75,189376.31
22.58,11.42,181224.79
0.59,10.04,80164.49
33.61,15.32,250637.76
1.56,11.07,83861.22
5.01,13.92,119684.54
0.49,15.89,124551.58
19.84,12.76,183851.68
32.63,11.75,251096.61
23.31,17.75,225453.36
28.79,19.47,253318.49
0.46,11.0,96661.62
18.97,11.56,176344.83
16.08,19.6,194081.65
17.46,10.38,162901.88
2.53,19.78,137064.03
23.96,10.05,169204.16
17.61,18.74,211097.12
26.78,13.07,223002.37
16.99,19.39,218853.65
5.23,13.17,121013.14
