match_id,season,league,venue,team_elo,opp_elo,team_form_pts_l5,opp_form_pts_l5,team_avg_xg_l5,opp_avg_xga_l5,team_possession_pct_l5,days_rest_team,days_rest_opp,key_injuries_team,key_injuries_opp,is_derby,kickoff_hour,manager_tenure_months,win
1,2023,Bundesliga,Home,1517,1630,7,11,1.43,0.83,42.6,5,6.0,0,0,0,12,26,1
2,2024,La Liga,Home,1357,1806,6,9,1.4,1.32,37.6,5,6.0,2,2,0,12,67,0
3,2019,Bundesliga,Home,1773,1391,13,9,1.46,1.52,59.6,4,7.0,1,1,0,17,85,1
4,2019,Bundesliga,Away,1759,1554,8,8,1.7,0.85,54.8,5,4.0,3,2,0,17,83,0
5,2018,Premier League,Home,1210,1444,4,3,1.03,1.56,50.5,5,8.0,1,3,0,12,42,0
6,2021,Ligue 1,Home,1525,1616,10,8,1.62,1.28,50.4,4,6.0,1,2,0,18,28,0
7,2021,Bundesliga,Home,1599,1333,8,3,1.46,1.39,53.9,10,6.0,0,1,0,21,39,0
8,2018,Bundesliga,Away,1562,1482,7,7,0.7,1.27,50.8,8,6.0,2,3,1,21,77,1
9,2023,Premier League,Away,1712,1657,13,7,1.35,1.54,65.4,3,3.0,4,0,0,13,33,0
10,2018,La Liga,Away,1683,1493,13,5,1.18,1.44,,4,6.0,4,2,0,21,29,1
11,2024,La Liga,Away,1537,1272,12,6,1.87,1.9,47.2,4,3.0,1,1,0,21,64,1
12,2023,Ligue 1,Home,1819,1674,10,10,2.05,1.31,47.4,6,6.0,1,1,0,16,27,0
13,2024,Serie A,Away,1631,1319,8,8,0.96,1.57,59.3,6,7.0,0,1,0,12,82,1
14,2018,Bundesliga,Away,1451,1511,6,11,1.04,1.15,54.2,4,4.0,4,0,0,12,33,0
15,2024,La Liga,Away,1423,1582,8,9,0.92,1.32,45.4,6,5.0,0,0,0,15,33,0
16,2022,Premier League,Home,1674,1517,6,9,1.6,1.59,51.1,5,6.0,2,1,0,18,10,0
17,2024,Serie A,Away,1389,1855,3,8,0.99,1.05,34.7,5,6.0,1,2,0,15,72,0
18,2023,Premier League,Away,1443,1603,5,11,1.22,1.74,37.3,7,4.0,1,1,0,19,32,0
19,2023,Bundesliga,Away,1466,1472,5,8,0.97,1.63,57.8,3,5.0,1,3,0,18,23,0
20,2018,Serie A,Home,1550,1584,10,11,1.51,0.97,48.1,8,3.0,1,1,0,13,58,1
21,2023,Bundesliga,Away,1473,1529,9,7,0.9,1.2,49.7,3,7.0,1,1,0,18,11,1
22,2021,La Liga,Away,1316,1506,4,7,1.77,1.51,49.5,6,7.0,2,2,0,15,38,0
23,2024,Ligue 1,Home,1663,1534,9,7,1.91,0.94,60.2,8,6.0,4,2,1,21,50,1
24,2023,Ligue 1,Away,1443,1439,0,10,1.91,1.38,49.0,10,10.0,1,0,0,20,50,0
25,2018,Bundesliga,Away,1783,1530,10,9,1.81,1.09,51.8,7,3.0,1,0,0,18,3,1
26,2025,Premier League,Home,1543,1429,11,3,1.79,1.42,52.7,6,6.0,0,0,0,17,64,1
27,2018,La Liga,Away,1677,1235,8,6,1.77,1.36,60.4,6,4.0,2,0,0,12,41,1
28,2020,Premier League,Home,1588,1660,6,8,1.2,1.47,45.4,4,5.0,3,0,0,15,74,0
29,2019,Premier League,Home,1684,1421,13,9,1.46,1.29,50.3,5,3.0,1,3,0,21,12,1
30,2025,Bundesliga,Away,1580,1520,6,9,1.54,1.5,53.4,5,4.0,0,4,0,20,63,0
31,2019,Bundesliga,Away,1533,1394,12,9,1.67,1.07,60.1,8,5.0,1,2,0,19,47,1
32,2024,Ligue 1,Home,1653,1398,15,9,1.52,1.37,65.1,3,6.0,1,2,1,13,63,1
33,2019,La Liga,Away,1848,1355,11,8,1.87,1.16,58.5,6,5.0,0,0,0,20,33,0
34,2023,La Liga,Away,1462,1633,10,12,1.23,1.53,54.5,7,10.0,1,0,0,12,7,0
35,2018,La Liga,Home,1611,1667,4,12,1.37,1.01,43.1,3,7.0,1,0,0,17,30,0
36,2021,Premier League,Away,1499,1504,3,6,0.98,1.32,50.6,6,3.0,0,0,0,13,1,0
37,2022,Premier League,Away,1571,1425,6,4,1.54,1.51,58.9,6,3.0,1,1,0,20,1,0
38,2023,La Liga,Away,1506,1263,10,2,1.23,1.38,58.8,3,8.0,2,0,0,19,36,0
39,2024,Premier League,Home,1198,1611,4,11,0.7,0.95,46.7,7,6.0,3,3,0,17,71,0
40,2024,Serie A,Home,1472,1405,7,1,1.17,1.48,46.6,5,10.0,0,1,0,18,33,0
41,2022,La Liga,Home,1640,1344,6,6,1.58,1.01,56.5,5,3.0,3,0,0,16,16,0
42,2020,Bundesliga,Home,1393,1504,6,7,1.4,1.68,46.2,3,8.0,0,3,0,12,78,1
43,2020,Bundesliga,Home,1629,1453,7,10,1.45,1.36,60.1,5,6.0,1,3,0,16,20,1
44,2025,La Liga,Home,1526,1287,5,5,1.65,1.17,54.8,3,5.0,3,0,1,13,17,0
45,2022,Bundesliga,Away,1473,1307,5,4,1.69,1.46,55.3,7,4.0,3,2,0,21,24,0
46,2025,Bundesliga,Home,1627,1547,10,11,1.42,1.45,50.7,7,6.0,2,0,0,13,80,0
47,2021,La Liga,Home,1595,1408,7,6,1.7,1.23,56.5,4,,0,0,0,16,15,1
48,2021,La Liga,Away,1559,1571,8,8,1.25,0.8,45.9,3,4.0,0,0,0,15,20,0
49,2024,Bundesliga,Home,1642,1521,5,6,1.18,1.3,47.4,10,7.0,0,2,0,15,49,1
50,2023,Premier League,Away,1528,1647,9,10,1.14,1.41,44.5,5,8.0,1,0,0,13,42,0
51,2019,Premier League,Home,1270,1383,5,5,0.88,1.51,42.6,7,6.0,1,0,0,13,10,0
52,2022,Premier League,Away,1447,1533,6,7,1.18,1.42,,4,6.0,3,0,0,19,46,0
53,2019,Bundesliga,Home,1247,1589,5,12,1.57,1.51,45.4,4,8.0,0,0,0,21,83,0
54,2024,Serie A,Home,1592,1412,11,7,1.32,1.82,47.8,5,5.0,2,0,0,20,90,0
55,2018,Bundesliga,Home,1625,1658,5,8,1.39,0.53,47.1,7,6.0,1,4,0,16,36,1
56,2024,Bundesliga,Away,1632,1267,9,2,1.53,1.23,70.0,6,5.0,3,0,0,20,9,1
57,2025,La Liga,Away,1568,1383,5,7,1.09,1.5,45.7,7,5.0,0,2,0,12,61,1
58,2018,Serie A,Home,1636,1261,9,3,1.54,1.63,53.8,3,,1,2,0,17,83,1
59,2023,Premier League,Home,1279,1397,4,5,1.27,1.06,48.6,6,4.0,1,1,0,21,31,1
60,2018,Premier League,Home,1485,1478,7,5,1.7,1.17,42.2,5,6.0,2,3,0,13,34,0
61,2020,Serie A,Away,1302,1616,7,9,1.46,1.68,41.5,4,4.0,1,1,0,21,44,0
62,2020,La Liga,Home,1450,1478,9,4,1.39,1.28,57.7,5,6.0,3,3,0,12,18,0
63,2022,Serie A,Away,1726,1417,13,8,1.54,1.48,54.6,5,7.0,0,1,0,18,45,1
64,2025,Bundesliga,Away,1653,1283,8,3,1.48,1.99,54.8,5,5.0,4,0,0,16,90,1
65,2021,Serie A,Away,1593,1330,10,7,1.55,1.53,48.4,8,5.0,0,0,0,21,26,0
66,2021,Serie A,Away,1475,1543,9,9,1.31,1.51,43.9,5,5.0,1,1,0,17,53,0
67,2018,Serie A,Home,1361,1623,5,9,1.17,1.38,42.2,8,6.0,0,3,0,18,6,0
68,2025,La Liga,Home,1526,1441,8,9,1.14,1.32,62.8,6,6.0,1,3,0,13,71,1
69,2020,Premier League,Away,1655,1670,9,14,1.69,1.1,48.7,7,,2,1,1,12,6,0
70,2021,La Liga,Home,1557,1367,12,9,1.49,1.77,54.1,6,6.0,1,0,0,12,70,1
71,2018,Premier League,Away,1278,1445,7,3,0.92,1.4,45.6,7,7.0,3,0,0,13,71,0
72,2020,La Liga,Away,1515,1457,7,5,1.74,1.14,47.1,4,7.0,2,1,0,12,7,1
73,2022,Bundesliga,Away,1232,1714,3,9,1.11,1.43,30.0,3,6.0,1,0,0,19,1,0
74,2025,Premier League,Home,1613,1519,11,9,1.12,0.62,59.6,6,5.0,3,0,0,19,73,0
75,2020,Premier League,Away,1403,1248,10,3,1.48,1.97,56.9,4,6.0,2,3,0,19,19,0
76,2022,La Liga,Home,1329,1633,6,8,0.99,1.18,48.0,5,7.0,4,2,1,13,49,0
77,2025,La Liga,Away,1615,1758,11,9,1.37,1.12,47.6,4,4.0,1,2,0,13,19,1
78,2020,Serie A,Away,1578,1465,12,8,1.39,1.4,58.6,6,5.0,3,0,0,20,87,0
79,2020,Serie A,Home,1533,1374,7,8,1.6,1.8,46.3,7,5.0,0,1,0,13,87,1
80,2018,Bundesliga,Home,1807,1621,11,6,1.67,1.28,54.9,6,6.0,3,1,0,21,6,0
81,2025,Serie A,Away,1589,1775,10,9,1.6,1.1,47.9,5,7.0,1,2,0,15,7,0
82,2018,La Liga,Away,1410,1619,5,4,0.86,1.0,51.4,6,4.0,0,3,0,15,8,0
83,2019,Bundesliga,Home,1573,1273,13,0,1.15,1.38,59.6,7,4.0,2,0,0,19,59,1
84,2019,Premier League,Home,1460,1606,6,10,1.31,1.42,48.4,5,4.0,3,1,0,18,13,1
85,2023,Premier League,Away,1677,1557,10,9,1.36,1.35,54.1,4,6.0,1,1,1,18,74,1
86,2020,Premier League,Away,1539,1366,13,6,1.34,1.89,46.9,6,6.0,1,1,0,15,48,0
87,2023,Bundesliga,Away,1553,1680,3,14,1.59,0.98,43.9,5,4.0,3,1,0,17,52,0
88,2022,La Liga,Away,1298,1561,6,4,0.93,1.01,40.9,6,6.0,0,0,0,19,20,0
89,2018,Premier League,Home,1509,1684,6,4,1.18,1.26,49.8,5,7.0,2,0,0,17,68,0
90,2020,Serie A,Away,1492,1351,7,3,1.37,1.46,56.1,6,4.0,2,3,0,13,36,1
91,2018,Premier League,Home,1357,1556,3,3,0.66,1.0,52.6,10,4.0,1,2,0,13,21,0
92,2018,Bundesliga,Home,1469,1375,6,4,1.57,1.33,54.8,4,4.0,1,2,0,16,68,0
93,2021,La Liga,Away,1561,1535,8,9,1.45,1.49,49.6,4,6.0,0,1,0,15,41,0
94,2020,La Liga,Home,1499,1707,8,11,1.37,0.83,51.2,10,8.0,0,3,0,20,9,0
95,2018,La Liga,Home,1302,1300,7,8,1.0,1.25,43.8,10,3.0,1,2,0,13,81,1
96,2021,Serie A,Away,1462,1308,1,6,1.48,1.34,52.4,5,8.0,1,3,0,18,11,1
97,2021,La Liga,Away,1434,1634,6,8,1.24,1.05,40.3,5,5.0,0,1,0,15,8,0
98,2025,Premier League,Away,1527,1498,7,6,1.69,1.55,45.1,6,7.0,1,2,0,12,9,1
99,2023,Premier League,Away,1512,1664,7,11,0.94,1.06,40.8,6,7.0,1,0,0,16,58,0
100,2021,Ligue 1,Away,1442,1387,7,2,1.3,1.86,48.1,7,6.0,0,1,0,12,46,0
101,2021,Ligue 1,Home,1437,1507,5,0,1.29,1.08,49.2,6,4.0,1,0,0,17,22,1
102,2018,Bundesliga,Away,1509,1596,4,10,1.44,1.35,46.1,7,3.0,0,0,0,21,24,0
103,2021,La Liga,Away,1635,1529,10,8,1.85,1.31,53.9,7,4.0,3,1,0,19,21,1
104,2022,Ligue 1,Home,1539,1250,5,9,1.05,1.58,58.3,5,5.0,0,1,0,16,72,1
105,2018,Bundesliga,Away,1699,1895,11,14,1.22,0.4,33.4,6,7.0,3,3,0,20,39,1
106,2025,Bundesliga,Away,1659,1530,7,9,1.44,1.05,54.0,6,7.0,1,1,0,13,12,0
107,2022,La Liga,Away,1710,1312,12,4,1.11,1.48,56.2,10,6.0,2,0,0,20,50,1
108,2024,La Liga,Home,1692,1544,10,6,2.14,0.82,45.5,6,3.0,1,4,0,17,61,1
109,2020,Premier League,Home,1719,1560,10,7,1.82,0.57,55.1,7,3.0,1,0,1,15,92,0
110,2024,Ligue 1,Home,1339,1639,5,12,1.3,0.92,42.8,3,8.0,3,0,0,16,77,0
111,2020,La Liga,Home,1591,1630,8,10,1.65,1.32,49.8,6,7.0,0,4,0,17,37,1
112,2025,Premier League,Away,1671,1470,9,10,1.86,1.5,58.5,3,8.0,4,1,0,18,82,0
113,2022,La Liga,Away,1696,1259,13,5,1.41,1.26,57.5,6,6.0,2,0,0,21,75,1
114,2023,Serie A,Home,1392,1565,2,6,1.14,1.24,40.7,5,3.0,3,1,0,17,9,0
115,2019,Premier League,Away,1592,1270,7,8,1.54,1.66,57.8,6,7.0,4,0,0,13,80,0
116,2025,Bundesliga,Home,1511,1670,10,12,1.24,1.53,43.7,5,10.0,0,1,0,18,30,0
117,2019,Bundesliga,Home,1759,1397,13,7,1.4,1.76,72.0,7,6.0,4,1,0,21,24,0
118,2018,Bundesliga,Home,1306,1589,9,10,1.0,1.5,42.1,4,3.0,1,1,0,20,63,0
119,2021,La Liga,Away,1392,1408,6,8,1.33,1.3,49.4,4,6.0,1,0,0,15,27,1
120,2024,Serie A,Home,1247,1431,1,5,1.3,1.4,40.8,5,7.0,0,0,1,17,13,1
121,2025,Serie A,Away,1520,1388,5,5,1.05,1.47,47.9,5,7.0,0,1,0,12,73,0
122,2024,Serie A,Away,1817,1600,11,6,1.65,1.21,46.8,3,7.0,0,1,0,19,88,1
123,2022,Premier League,Home,1494,1413,9,6,1.33,1.08,50.1,5,10.0,0,0,0,21,69,0
124,2025,La Liga,Away,1514,1608,7,11,1.02,1.61,46.3,6,5.0,1,1,0,17,76,0
125,2021,Premier League,Away,1577,1417,8,9,1.55,1.53,59.1,7,7.0,2,4,0,16,55,0
126,2021,Serie A,Home,1484,1468,8,9,1.31,1.6,48.8,4,7.0,2,0,0,20,69,0
127,2019,La Liga,Away,1551,1505,8,10,1.17,1.51,48.7,4,5.0,0,0,0,17,59,0
128,2024,Premier League,Away,1555,1522,7,7,1.29,1.22,51.6,5,8.0,2,1,0,16,18,0
129,2020,Premier League,Away,1382,1371,3,3,1.35,1.09,49.3,7,4.0,1,1,0,15,19,1
130,2019,Serie A,Home,1487,1599,10,8,1.58,1.45,51.5,5,6.0,0,1,0,15,72,0
131,2020,Premier League,Home,1604,1462,11,7,1.55,1.56,60.3,7,5.0,1,0,0,16,64,0
132,2022,Ligue 1,Home,1630,1576,6,10,1.97,1.35,,8,4.0,0,2,0,21,76,0
133,2020,Serie A,Away,1682,1498,9,9,1.83,1.89,49.2,4,3.0,1,0,0,17,61,0
134,2020,La Liga,Away,1547,1582,10,11,1.54,1.13,47.9,6,3.0,0,2,0,17,89,0
135,2020,Serie A,Away,1550,1442,5,2,1.23,1.32,53.3,4,4.0,1,0,0,16,10,0
136,2022,Premier League,Away,1605,1389,10,4,1.75,1.5,48.1,7,7.0,2,4,0,19,7,1
137,2023,Ligue 1,Away,1417,1560,6,8,1.07,1.17,44.5,5,5.0,1,0,0,20,81,1
138,2023,Serie A,Away,1411,1431,3,8,1.44,1.35,41.5,6,7.0,1,3,0,19,88,0
139,2019,Bundesliga,Home,1483,1704,12,15,0.72,1.42,46.1,8,10.0,4,1,0,19,83,0
140,2020,Premier League,Home,1321,1509,4,5,1.03,1.18,39.3,4,4.0,2,1,0,19,61,0
141,2023,Serie A,Away,1557,1308,10,3,1.06,1.38,54.1,6,5.0,0,3,0,19,65,1
142,2019,Serie A,Away,1647,1418,6,5,1.44,1.57,54.4,6,4.0,4,0,1,12,63,0
143,2018,Ligue 1,Away,1401,1360,10,4,0.86,1.15,44.1,6,6.0,0,0,0,20,75,1
144,2020,Serie A,Away,1561,1650,13,7,1.42,1.19,47.5,3,7.0,1,0,0,16,4,1
145,2023,La Liga,Away,1412,1608,3,9,1.37,1.22,39.2,3,4.0,2,4,0,17,10,1
146,2023,La Liga,Home,1358,1491,5,10,1.03,1.51,53.6,7,7.0,1,1,0,21,83,0
147,2019,La Liga,Away,1788,1541,14,8,1.59,1.51,62.4,4,3.0,2,1,0,20,26,1
148,2023,Serie A,Home,1360,1488,5,5,1.25,1.32,52.2,6,6.0,1,1,0,17,25,1
149,2019,La Liga,Away,1321,1620,6,8,1.14,1.22,,6,7.0,2,3,0,18,29,0
150,2023,Premier League,Home,1530,1573,3,6,1.72,1.28,50.2,4,,1,0,0,13,42,1
151,2022,Bundesliga,Home,1538,1598,6,11,1.22,1.18,47.2,5,5.0,4,1,0,15,23,0
152,2019,Ligue 1,Home,1593,1473,9,11,1.59,1.7,55.2,3,3.0,1,1,0,15,28,0
153,2020,Premier League,Home,1780,1412,9,2,1.72,1.55,66.9,3,6.0,1,0,0,15,79,1
154,2024,Serie A,Away,1391,1593,5,9,0.83,1.58,39.6,8,5.0,1,1,0,12,17,1
155,2021,Premier League,Away,1419,1717,3,8,1.28,0.94,44.3,6,6.0,0,2,0,20,35,1
156,2023,Serie A,Home,1725,1655,12,10,1.58,1.52,42.7,5,6.0,0,2,1,16,7,1
157,2023,La Liga,Home,1631,1721,6,10,1.37,1.18,45.2,6,4.0,0,2,0,12,10,1
158,2018,Serie A,Home,1612,1523,13,4,1.92,1.5,51.5,6,3.0,2,0,0,13,84,0
159,2025,Bundesliga,Away,1417,1364,5,9,1.58,1.0,52.5,3,10.0,0,3,0,17,80,1
160,2020,Bundesliga,Away,1658,1377,11,6,1.33,1.87,60.0,5,5.0,2,4,0,20,53,1
161,2024,Premier League,Away,1612,1693,11,9,1.63,1.29,54.1,6,6.0,3,0,1,12,56,0
162,2021,Ligue 1,Away,1527,1239,5,5,1.57,2.05,49.7,5,3.0,0,3,0,16,11,1
163,2022,Premier League,Away,1418,1711,5,8,1.3,1.44,46.6,4,4.0,0,1,0,13,70,0
164,2020,Premier League,Away,1515,1390,6,6,1.09,0.94,61.7,5,5.0,3,1,0,20,90,1
165,2024,Serie A,Home,1731,1769,9,6,1.37,1.49,46.7,7,5.0,4,4,0,13,92,1
166,2018,La Liga,Home,1347,1490,2,1,1.31,1.41,43.5,7,4.0,2,0,1,18,84,0
167,2025,Bundesliga,Away,1388,1601,8,6,1.35,1.42,45.3,6,7.0,0,3,0,16,46,0
168,2019,Bundesliga,Home,1412,1834,5,10,1.18,1.18,38.7,7,8.0,1,1,0,17,84,0
169,2025,La Liga,Home,1442,1454,7,2,1.62,1.37,48.6,4,4.0,0,2,0,19,67,1
170,2018,Ligue 1,Home,1498,1451,10,6,1.72,1.29,58.3,4,6.0,1,3,0,12,59,0
171,2018,La Liga,Home,1634,1403,11,5,1.87,1.61,67.7,7,4.0,1,0,0,20,54,1
172,2018,Serie A,Home,1565,1360,7,6,1.79,1.27,53.5,4,3.0,2,1,0,13,41,0
173,2022,Premier League,Away,1509,1454,10,9,1.36,1.4,62.9,4,,3,1,0,16,69,0
174,2020,Ligue 1,Away,1539,1422,10,11,1.06,1.77,51.1,3,,0,0,0,17,19,1
175,2022,Premier League,Away,1587,1325,7,7,1.37,1.2,60.3,5,5.0,4,0,0,20,51,0
176,2024,Premier League,Home,1265,1471,3,5,1.06,1.33,39.6,6,4.0,3,1,0,16,91,0
177,2018,La Liga,Home,1650,1563,12,10,1.36,1.59,47.8,4,4.0,2,1,0,13,94,1
178,2022,Ligue 1,Home,1384,1375,8,10,1.13,1.26,48.6,5,4.0,4,2,0,20,14,1
179,2023,Ligue 1,Away,1438,1477,3,4,0.99,0.89,53.2,10,6.0,0,2,0,12,33,0
180,2021,Bundesliga,Home,1548,1697,5,7,1.58,0.68,47.3,4,8.0,1,3,0,18,32,1
181,2025,Ligue 1,Home,1489,1301,9,1,1.74,1.41,46.5,5,4.0,4,2,0,21,68,1
182,2023,Ligue 1,Away,1568,1770,5,9,2.02,1.53,38.3,5,4.0,1,0,0,16,51,0
183,2018,Serie A,Home,1520,1406,10,7,1.43,1.24,44.2,6,4.0,0,0,0,17,8,0
184,2022,La Liga,Home,1459,1528,12,12,1.26,1.25,49.9,7,10.0,2,1,0,17,61,0
185,2021,Bundesliga,Home,1714,1679,11,12,1.58,1.2,51.6,8,7.0,3,0,0,20,78,1
186,2019,Serie A,Home,1599,1722,6,11,1.8,1.43,,5,5.0,1,3,0,16,58,1
187,2025,La Liga,Home,1542,1566,8,8,1.73,1.5,50.0,5,3.0,2,2,1,18,54,1
188,2019,Premier League,Away,1597,1403,11,7,1.4,1.4,51.1,6,6.0,1,3,0,17,23,0
189,2018,Bundesliga,Home,1401,1390,7,7,1.54,1.6,51.1,8,4.0,3,0,0,15,86,0
190,2019,La Liga,Home,1804,1420,12,10,1.72,1.69,66.8,3,3.0,0,0,0,12,90,1
191,2024,Ligue 1,Home,1348,1764,4,11,1.0,0.7,42.4,10,5.0,1,1,0,15,94,0
192,2022,Premier League,Away,1516,1446,6,8,1.33,1.3,45.9,7,6.0,1,2,0,17,9,1
193,2024,Premier League,Home,1460,1545,9,7,1.73,1.01,46.2,5,7.0,2,1,0,13,54,0
194,2021,Bundesliga,Away,1455,1354,5,6,1.48,1.3,49.4,6,4.0,0,0,1,15,30,0
195,2018,Premier League,Away,1436,1338,0,5,1.15,1.66,56.9,10,5.0,0,1,0,21,21,0
196,2021,Premier League,Home,1392,1504,5,4,1.47,1.05,41.9,4,7.0,3,1,0,20,40,0
197,2019,Serie A,Away,1666,1455,10,9,1.71,1.97,56.2,8,10.0,0,2,0,19,86,0
198,2022,Ligue 1,Away,1331,1465,8,11,1.09,1.55,44.9,4,8.0,2,1,0,16,47,0
199,2020,Premier League,Home,1638,1293,13,5,1.32,1.39,,10,5.0,2,1,0,12,41,1
200,2025,La Liga,Home,1591,1490,9,8,1.17,1.33,53.6,3,5.0,4,2,0,19,82,1
201,2021,Bundesliga,Home,1447,1717,9,12,0.88,0.83,42.1,7,8.0,4,1,0,16,77,0
202,2020,Ligue 1,Home,1575,1381,9,6,1.27,1.09,58.6,3,6.0,0,1,0,12,94,0
203,2025,Serie A,Away,1478,1626,8,10,1.28,1.14,43.9,5,3.0,0,4,0,17,47,0
204,2022,Premier League,Away,1346,1150,5,3,1.5,1.99,49.0,3,7.0,0,0,0,21,54,1
205,2019,Premier League,Home,1347,1388,7,5,1.39,1.1,47.9,3,5.0,2,3,0,13,39,1
206,2021,Premier League,Away,1592,1233,7,6,1.5,1.9,60.2,7,7.0,2,1,0,17,53,1
207,2020,Premier League,Away,1584,1673,14,11,0.97,1.15,50.8,8,8.0,0,1,0,21,40,0
208,2023,Serie A,Away,1534,1623,2,11,1.46,1.3,46.8,7,,1,2,0,16,1,0
209,2022,Premier League,Away,1445,1355,8,6,0.88,1.5,56.5,7,5.0,2,1,0,18,78,0
210,2023,Serie A,Away,1473,1540,8,5,1.54,1.51,41.6,4,5.0,0,1,0,18,28,1
211,2025,Bundesliga,Home,1454,1668,8,12,1.52,1.47,49.5,6,5.0,1,2,0,15,64,0
212,2023,Serie A,Home,1255,1690,1,8,1.09,1.13,42.0,5,5.0,0,1,0,16,62,0
213,2020,Premier League,Home,1509,1443,3,5,1.56,1.53,49.4,8,6.0,1,4,0,18,74,1
214,2019,Bundesliga,Away,1573,1191,10,2,1.68,1.95,64.8,6,3.0,2,3,0,15,19,1
215,2022,Bundesliga,Home,1509,1374,11,1,1.39,1.67,54.9,8,8.0,2,1,0,16,25,1
216,2021,Bundesliga,Home,1748,1607,11,8,1.59,1.15,59.9,8,8.0,0,2,0,12,61,1
217,2020,Premier League,Home,1359,1794,8,13,0.86,1.04,35.2,5,4.0,0,1,0,16,63,0
218,2024,Premier League,Away,1407,1492,5,6,1.16,1.11,44.5,7,3.0,4,1,0,16,52,0
219,2025,Ligue 1,Home,1519,1415,9,10,1.12,1.88,55.3,8,7.0,0,0,0,18,55,0
220,2021,La Liga,Away,1534,1836,11,15,1.14,1.12,42.8,5,10.0,0,3,0,15,49,0
221,2023,La Liga,Home,1234,1557,3,10,0.87,0.95,34.7,7,4.0,0,1,0,18,17,0
222,2025,Serie A,Home,1584,1328,12,0,0.95,1.29,65.8,3,7.0,2,1,0,19,51,1
223,2018,Serie A,Away,1535,1483,4,11,1.63,1.33,60.1,5,10.0,4,0,0,12,70,0
224,2020,Ligue 1,Away,1203,1640,2,9,1.08,1.56,40.0,6,7.0,2,0,0,12,22,0
225,2023,La Liga,Away,1484,1490,9,12,1.62,1.31,46.4,5,6.0,1,0,0,16,87,0
226,2021,Ligue 1,Home,1387,1611,11,7,1.43,1.4,41.1,8,,1,0,0,12,44,0
227,2024,Premier League,Away,1437,1275,7,4,1.41,1.37,56.0,6,3.0,0,1,0,17,95,0
228,2021,Serie A,Home,1313,1299,3,5,1.34,1.69,57.5,6,8.0,1,2,0,17,67,0
229,2018,Serie A,Home,1558,1397,13,4,1.45,1.77,67.3,8,6.0,0,0,0,12,26,0
230,2021,Premier League,Home,1747,1460,10,3,1.95,1.58,55.7,7,5.0,0,2,0,18,37,1
231,2021,Premier League,Away,1537,1547,10,2,1.26,0.69,48.0,4,8.0,1,1,0,17,95,1
232,2024,La Liga,Away,1198,1589,3,15,1.01,1.23,39.4,7,7.0,3,0,0,16,18,0
233,2019,Ligue 1,Home,1540,1845,8,7,1.32,0.78,44.4,6,7.0,1,2,0,17,25,0
234,2019,Serie A,Away,1473,1397,6,2,1.82,1.61,47.6,4,4.0,0,3,0,21,53,0
235,2019,Ligue 1,Away,1346,1456,12,8,1.02,1.41,40.4,10,6.0,1,1,0,20,58,1
236,2022,Bundesliga,Home,1550,1401,11,3,1.73,1.87,52.6,5,5.0,2,2,0,16,56,0
237,2025,La Liga,Away,1623,1651,14,5,1.14,1.13,50.8,3,6.0,0,4,0,13,75,1
238,2022,Bundesliga,Away,1406,1659,4,2,1.27,1.23,52.2,8,7.0,1,4,0,16,84,0
239,2024,Premier League,Home,1270,1437,0,8,1.05,1.38,40.4,4,6.0,2,1,0,13,53,0
240,2024,Premier League,Home,1218,1789,3,8,0.78,1.27,41.4,5,8.0,0,0,0,16,83,0
241,2022,Bundesliga,Away,1407,1401,13,8,1.08,1.2,49.6,6,4.0,1,1,0,17,50,1
242,2022,Bundesliga,Home,1478,1644,6,9,1.45,0.97,44.6,7,6.0,0,1,0,15,89,1
243,2019,Premier League,Home,1428,1704,9,10,1.19,1.03,35.3,3,6.0,0,3,0,13,70,1
244,2025,Serie A,Home,1404,1309,4,4,1.0,1.67,54.3,7,7.0,1,2,0,19,89,0
245,2024,Serie A,Home,1580,1581,6,8,1.66,1.54,51.3,7,5.0,1,2,0,18,78,0
246,2024,Ligue 1,Home,1565,1150,8,1,1.42,1.64,71.7,5,4.0,2,0,0,21,53,1
247,2025,Serie A,Away,1528,1615,13,7,1.46,1.39,46.5,7,4.0,2,2,0,21,6,0
248,2020,La Liga,Home,1614,1346,12,3,1.75,1.62,64.5,4,5.0,2,2,0,20,90,1
249,2019,La Liga,Home,1408,1579,1,12,1.64,1.26,44.2,10,5.0,0,2,0,18,1,0
250,2024,La Liga,Away,1347,1606,7,8,0.61,1.23,41.8,8,6.0,0,0,0,16,3,0
251,2021,Serie A,Away,1427,1657,4,3,1.24,1.4,35.8,6,5.0,3,2,0,15,5,1
252,2025,Ligue 1,Home,1417,1625,5,10,0.84,1.72,50.5,5,4.0,2,0,0,15,89,1
253,2023,La Liga,Home,1213,1508,5,6,1.72,1.59,43.3,5,4.0,3,0,0,15,14,1
254,2020,Premier League,Home,1424,1447,10,7,1.3,1.7,,7,7.0,1,4,0,20,50,1
255,2020,Premier League,Home,1655,1490,13,7,1.76,1.87,52.7,4,3.0,2,2,0,17,6,1
256,2022,Bundesliga,Away,1612,1344,10,10,1.32,1.32,57.9,5,4.0,1,1,0,19,23,1
257,2021,Bundesliga,Away,1574,1470,9,6,1.34,1.55,,5,4.0,1,1,0,13,78,0
258,2020,Premier League,Home,1518,1459,11,9,1.64,1.75,53.7,7,,4,0,0,18,72,0
259,2019,Premier League,Home,1703,1390,6,8,1.7,1.68,53.1,4,8.0,1,3,0,16,39,1
260,2023,Serie A,Away,1352,1256,10,1,1.61,1.42,51.7,3,3.0,1,1,0,21,9,1
261,2018,Premier League,Home,1365,1321,4,6,0.99,1.31,53.6,8,4.0,2,1,0,20,25,0
262,2018,Bundesliga,Away,1657,1150,10,1,1.47,2.07,69.7,10,4.0,2,1,0,13,58,1
263,2018,La Liga,Away,1504,1457,6,4,1.48,1.49,52.2,6,8.0,0,0,1,18,62,1
264,2023,Premier League,Home,1406,1550,3,5,1.41,1.38,52.9,7,8.0,0,1,0,18,24,1
265,2018,Ligue 1,Away,1577,1150,10,5,1.54,1.67,,4,6.0,0,0,1,18,58,1
266,2021,Premier League,Home,1439,1533,7,15,0.95,1.7,43.0,8,7.0,1,3,0,18,57,0
267,2018,La Liga,Home,1383,1483,6,5,0.99,1.61,57.9,8,7.0,1,0,0,13,91,0
268,2022,Premier League,Away,1379,1335,6,6,1.3,1.45,50.5,4,5.0,1,1,0,21,22,0
269,2018,Premier League,Away,1545,1440,12,8,1.01,1.63,57.4,7,,1,1,0,17,53,1
270,2018,Premier League,Home,1529,1647,14,8,1.16,1.26,43.9,4,3.0,0,0,0,13,14,0
271,2021,Premier League,Away,1712,1364,13,10,1.59,1.69,61.3,5,4.0,1,4,0,19,90,1
272,2023,Premier League,Away,1459,1511,8,13,1.11,1.68,50.4,5,6.0,1,2,0,17,7,0
273,2018,Premier League,Away,1457,1549,3,7,1.36,1.61,47.7,8,5.0,2,1,1,18,77,0
274,2021,Serie A,Away,1702,1385,12,11,1.55,1.02,68.1,5,4.0,1,2,0,12,42,0
275,2024,Bundesliga,Away,1638,1641,11,8,1.3,1.35,52.1,7,3.0,1,2,0,16,40,1
276,2023,La Liga,Away,1520,1557,10,6,1.18,1.67,47.2,6,8.0,3,0,0,12,41,0
277,2024,La Liga,Away,1281,1465,2,7,1.43,1.2,,5,7.0,2,1,1,15,38,0
278,2020,Serie A,Home,1386,1831,8,14,1.32,1.55,30.0,6,7.0,4,2,1,13,24,0
279,2025,Ligue 1,Home,1352,1642,10,9,1.25,1.38,35.5,3,6.0,0,0,0,20,13,0
280,2019,Bundesliga,Away,1505,1264,5,7,1.37,1.8,60.4,6,4.0,0,1,0,21,55,0
281,2022,Premier League,Away,1429,1446,8,7,1.05,1.64,50.7,4,7.0,2,2,0,20,14,1
282,2021,Premier League,Away,1724,1845,8,15,1.46,0.7,44.2,7,6.0,1,2,0,16,2,0
283,2018,Premier League,Away,1280,1362,5,7,0.51,1.72,49.9,8,3.0,0,1,1,13,57,1
284,2025,Premier League,Home,1337,1509,3,12,1.01,1.47,51.0,7,3.0,0,0,0,15,46,0
285,2023,Serie A,Away,1534,1672,7,7,1.23,1.08,41.3,8,4.0,0,0,0,16,89,0
286,2019,La Liga,Away,1573,1591,7,8,1.57,1.67,49.1,4,7.0,2,2,0,17,16,0
287,2018,Premier League,Away,1150,1612,4,9,0.81,0.78,38.6,4,6.0,1,4,0,18,12,0
288,2023,La Liga,Away,1257,1603,7,7,1.28,1.1,42.9,7,6.0,1,1,0,20,35,1
289,2022,Serie A,Away,1463,1504,10,5,1.24,1.71,52.2,4,10.0,0,3,1,18,84,0
290,2018,Premier League,Away,1690,1389,8,7,1.6,1.7,47.7,6,5.0,0,1,1,13,19,1
291,2025,Bundesliga,Away,1764,1561,12,10,1.63,1.16,57.8,6,5.0,2,0,1,19,37,1
292,2023,Premier League,Home,1442,1444,4,7,1.46,1.22,40.4,4,5.0,0,0,0,18,64,1
293,2021,Ligue 1,Home,1476,1433,7,9,1.63,1.37,50.9,5,5.0,4,2,0,17,57,1
294,2019,Premier League,Home,1383,1708,6,7,0.97,1.26,36.6,7,4.0,0,1,0,17,86,0
295,2020,Bundesliga,Home,1589,1447,6,6,1.89,1.31,54.5,5,3.0,3,3,1,13,65,1
296,2021,Ligue 1,Home,1714,1739,12,7,1.37,1.14,52.7,6,5.0,1,0,0,19,29,1
297,2018,Ligue 1,Home,1676,1536,9,8,1.5,1.37,53.8,10,3.0,2,3,0,12,13,1
298,2020,Bundesliga,Away,1496,1478,8,9,1.21,1.31,,7,4.0,2,2,0,16,44,1
299,2019,Bundesliga,Home,1383,1246,9,8,1.6,1.5,46.8,7,6.0,2,3,0,15,70,0
300,2018,Serie A,Away,1501,1797,6,8,1.09,0.82,42.4,5,4.0,0,2,0,15,3,1
301,2019,Bundesliga,Home,1693,1499,12,8,1.74,1.38,52.8,4,4.0,0,1,0,19,95,1
302,2020,Premier League,Home,1444,1182,11,7,0.74,1.66,58.2,7,6.0,2,2,0,19,34,1
303,2021,Serie A,Away,1246,1638,8,7,1.27,1.02,38.0,5,3.0,0,1,0,17,7,1
304,2020,Serie A,Away,1450,1493,6,4,1.25,1.46,55.9,6,6.0,0,3,1,21,75,0
305,2023,Bundesliga,Away,1461,1370,5,2,1.21,1.79,52.5,5,5.0,0,2,0,15,81,1
306,2022,La Liga,Away,1245,1630,3,11,0.9,1.28,45.0,4,4.0,2,1,0,16,55,0
307,2019,La Liga,Away,1532,1150,4,1,1.37,1.8,57.1,6,3.0,2,3,1,17,77,1
308,2025,Serie A,Away,1571,1400,10,8,1.34,1.72,58.0,3,4.0,0,1,0,19,32,1
309,2023,La Liga,Home,1760,1458,13,6,1.26,1.41,60.7,6,7.0,3,0,0,17,82,1
310,2021,Premier League,Away,1313,1619,6,14,0.95,1.5,38.9,4,5.0,2,0,0,19,11,0
311,2018,La Liga,Home,1602,1814,5,13,1.66,0.52,37.2,4,6.0,0,1,0,12,81,0
312,2025,La Liga,Away,1635,1466,8,5,1.4,1.24,60.6,5,7.0,2,3,0,13,32,1
313,2023,Premier League,Home,1573,1564,12,7,1.23,1.05,48.1,6,,1,2,0,17,45,1
314,2021,La Liga,Home,1359,1885,7,14,1.21,1.39,33.6,7,7.0,3,1,0,21,2,0
315,2019,La Liga,Away,1351,1501,8,5,1.31,1.54,44.7,4,4.0,2,0,0,20,13,0
316,2018,La Liga,Away,1514,1566,15,11,1.53,1.02,44.0,6,6.0,1,1,1,15,76,1
317,2020,La Liga,Home,1513,1327,9,5,1.45,1.29,57.8,6,4.0,0,3,1,13,59,1
318,2019,Bundesliga,Home,1422,1774,1,13,1.57,0.79,,4,6.0,2,0,0,13,87,0
319,2019,La Liga,Away,1681,1400,7,6,1.56,1.55,57.3,3,5.0,4,1,0,12,7,1
320,2021,Ligue 1,Away,1444,1538,8,7,1.23,1.4,53.3,6,8.0,2,4,0,21,77,0
321,2018,Ligue 1,Home,1235,1534,4,6,1.28,1.24,43.0,6,5.0,2,1,0,17,85,0
322,2020,Serie A,Home,1469,1512,7,12,1.14,1.15,56.8,8,7.0,3,2,0,18,56,1
323,2024,La Liga,Away,1567,1439,8,6,1.32,1.43,53.1,6,4.0,2,0,0,20,18,1
324,2024,Serie A,Home,1548,1534,6,15,1.0,1.99,42.8,4,3.0,4,1,0,19,40,0
325,2018,Bundesliga,Home,1547,1746,9,11,1.86,1.06,40.6,7,7.0,1,0,0,13,33,0
326,2023,Serie A,Home,1709,1819,14,9,2.1,1.38,43.6,3,7.0,2,0,0,18,79,1
327,2025,Bundesliga,Away,1344,1475,10,3,1.13,1.33,47.3,7,4.0,1,2,0,16,95,0
328,2022,Serie A,Away,1441,1437,11,10,1.48,1.68,57.7,7,4.0,0,4,0,21,7,1
329,2021,Serie A,Home,1716,1387,8,6,1.76,1.63,59.2,4,8.0,0,1,0,15,25,1
330,2021,La Liga,Home,1225,1876,4,14,1.09,1.03,32.6,4,5.0,1,1,0,19,66,0
331,2019,Bundesliga,Home,1492,1518,7,14,1.65,1.52,47.8,3,6.0,0,2,1,21,84,0
332,2021,Premier League,Away,1672,1656,11,11,1.22,1.54,53.1,4,3.0,0,1,0,19,63,0
333,2025,Bundesliga,Home,1670,1598,9,10,1.49,1.31,53.9,4,3.0,0,1,0,12,73,0
334,2022,Ligue 1,Home,1592,1809,8,14,0.93,1.06,48.6,4,7.0,1,0,0,17,26,0
335,2021,Premier League,Home,1596,1465,12,9,1.2,1.58,49.8,5,5.0,0,1,0,12,40,0
336,2018,Serie A,Home,1354,1345,6,2,0.78,1.93,61.5,8,7.0,4,2,0,12,1,0
337,2025,Premier League,Away,1692,1760,10,14,1.1,0.8,46.6,3,3.0,1,1,0,13,38,1
338,2019,Bundesliga,Home,1332,1626,7,9,1.04,0.95,39.5,5,3.0,2,0,0,12,56,0
339,2023,Premier League,Away,1340,1564,7,12,1.27,1.68,50.4,4,5.0,1,0,0,12,78,0
340,2020,Ligue 1,Home,1554,1715,10,11,1.24,1.05,50.5,7,5.0,1,2,0,20,54,0
341,2020,Premier League,Home,1431,1572,11,11,1.14,1.63,43.3,8,10.0,2,1,1,21,46,0
342,2019,Ligue 1,Home,1529,1720,5,10,1.2,1.01,48.6,5,3.0,3,0,0,15,16,0
343,2021,Bundesliga,Away,1560,1535,9,4,1.45,1.23,48.5,8,6.0,0,1,0,18,21,0
344,2023,Serie A,Home,1749,1626,10,10,1.47,1.53,55.2,8,7.0,0,0,0,13,12,1
345,2021,Bundesliga,Home,1561,1574,7,11,1.17,1.5,50.8,5,5.0,2,0,0,15,7,0
346,2018,Bundesliga,Away,1413,1454,8,5,1.49,1.14,61.7,3,6.0,0,0,0,13,19,0
347,2020,Ligue 1,Away,1595,1471,12,7,1.24,1.56,60.1,10,7.0,4,1,0,20,49,0
348,2019,Premier League,Away,1384,1445,5,1,0.9,1.26,53.8,7,4.0,2,3,0,16,34,0
349,2021,Serie A,Away,1628,1537,13,8,1.68,1.46,56.1,7,7.0,1,4,0,12,35,1
350,2025,Premier League,Home,1509,1436,4,3,0.94,1.45,45.6,5,10.0,0,0,0,21,45,0
351,2025,Serie A,Home,1556,1561,10,10,1.72,1.28,50.8,4,5.0,2,0,0,13,40,0
352,2025,Premier League,Home,1251,1556,2,9,0.82,1.18,40.2,5,4.0,1,1,0,13,45,0
353,2018,Serie A,Home,1185,1529,2,8,1.02,0.94,41.1,5,8.0,1,0,0,15,40,1
354,2021,Serie A,Away,1290,1531,5,11,0.87,1.2,44.4,6,3.0,0,1,0,18,79,0
355,2018,La Liga,Home,1744,1421,9,7,1.62,1.63,49.5,3,4.0,0,2,0,21,46,1
356,2021,Serie A,Away,1339,1461,0,8,1.04,1.53,45.5,7,5.0,0,2,0,13,50,0
357,2022,Bundesliga,Away,1603,1266,10,6,1.22,1.38,59.1,7,6.0,1,3,0,15,28,1
358,2024,Bundesliga,Home,1410,1483,8,6,0.85,1.67,52.8,10,8.0,0,0,0,13,18,0
359,2020,Serie A,Home,1466,1362,7,8,1.18,1.6,48.7,7,6.0,0,2,0,19,9,1
360,2018,Serie A,Away,1494,1514,7,5,1.46,1.52,45.5,10,7.0,2,1,0,18,70,0
361,2021,Ligue 1,Away,1730,1400,9,7,1.77,1.21,54.0,3,4.0,0,2,0,21,31,1
362,2021,Premier League,Away,1582,1213,4,7,1.26,2.09,57.6,8,6.0,1,0,0,21,37,1
363,2022,Premier League,Away,1554,1815,3,9,1.23,1.22,,7,4.0,1,0,1,19,52,0
364,2018,Premier League,Away,1682,1468,12,4,1.51,1.8,62.0,6,8.0,0,1,0,18,71,1
365,2022,Serie A,Away,1411,1703,9,7,1.25,1.05,46.6,5,5.0,1,0,0,21,40,0
366,2021,La Liga,Away,1650,1426,11,11,1.51,1.0,69.2,4,7.0,3,3,0,21,47,1
367,2023,Bundesliga,Away,1626,1738,10,9,1.38,0.94,44.5,3,,2,4,0,18,29,1
368,2025,Serie A,Home,1625,1339,11,2,1.4,1.79,61.5,5,6.0,1,2,0,21,92,1
369,2019,La Liga,Away,1478,1525,9,9,1.25,1.08,42.8,5,6.0,4,2,0,19,39,1
370,2024,Ligue 1,Away,1439,1347,5,0,0.68,1.9,59.6,7,4.0,1,3,0,21,16,0
371,2019,Bundesliga,Home,1378,1864,7,9,1.11,0.88,36.8,4,4.0,2,3,1,21,39,1
372,2025,La Liga,Away,1387,1465,5,11,1.42,1.52,47.6,4,4.0,0,2,0,15,28,0
373,2021,La Liga,Home,1372,1616,5,6,1.56,1.34,50.3,4,5.0,0,1,0,21,64,1
374,2023,La Liga,Home,1551,1563,11,8,1.7,1.25,55.8,10,3.0,1,3,0,12,59,1
375,2024,Premier League,Home,1468,1496,11,8,1.34,1.31,44.4,4,10.0,2,0,0,13,49,0
376,2022,Premier League,Away,1560,1572,2,9,1.12,1.08,49.2,6,4.0,2,1,0,19,61,1
377,2021,Ligue 1,Away,1568,1690,8,8,1.29,1.71,54.1,5,5.0,1,0,0,21,77,0
378,2024,La Liga,Away,1352,1594,5,10,1.0,1.43,42.1,6,4.0,3,1,0,18,49,0
379,2021,La Liga,Away,1347,1523,9,12,0.83,0.96,47.1,3,5.0,1,2,0,13,85,0
380,2023,Bundesliga,Away,1468,1573,3,6,1.08,0.98,50.1,8,8.0,1,1,0,12,39,0
381,2022,Serie A,Home,1391,1768,0,9,1.05,1.28,47.6,5,6.0,0,0,0,18,95,0
382,2021,Ligue 1,Away,1377,1442,8,7,0.87,1.44,51.7,4,5.0,3,0,0,18,84,1
383,2018,Bundesliga,Home,1737,1240,13,6,1.84,1.17,61.2,5,6.0,0,0,0,16,3,1
384,2020,La Liga,Home,1285,1346,0,6,1.27,2.16,38.7,10,5.0,2,0,0,13,86,1
385,2025,La Liga,Away,1783,1357,11,5,1.65,0.82,64.2,5,4.0,0,0,0,19,32,1
386,2022,Ligue 1,Away,1540,1377,12,2,1.49,1.38,54.9,5,4.0,1,1,0,18,90,1
387,2023,Bundesliga,Home,1638,1381,6,3,1.58,1.5,65.3,8,5.0,0,0,0,20,67,1
388,2020,Ligue 1,Away,1622,1497,9,8,1.3,1.22,56.0,10,7.0,1,1,0,15,61,1
389,2023,Premier League,Home,1586,1535,10,7,1.89,1.57,48.4,10,3.0,1,1,0,20,69,0
390,2021,Bundesliga,Away,1733,1533,7,7,1.41,1.48,48.8,4,5.0,2,3,0,21,87,0
391,2019,Serie A,Away,1348,1398,4,6,0.77,1.51,47.9,6,4.0,4,1,0,20,39,0
392,2019,Premier League,Away,1478,1639,3,15,1.37,1.24,47.8,6,6.0,0,1,0,13,15,0
393,2021,Serie A,Away,1381,1575,6,7,1.36,1.45,45.7,7,4.0,0,1,0,18,1,1
394,2022,Bundesliga,Away,1263,1721,3,14,1.01,1.13,32.2,5,5.0,2,2,0,16,67,1
395,2020,Premier League,Home,1407,1619,7,12,1.56,0.9,30.8,5,5.0,2,0,0,20,40,0
396,2019,La Liga,Away,1762,1451,12,9,1.68,1.67,53.0,5,5.0,1,3,0,12,91,1
397,2020,Bundesliga,Home,1476,1683,11,7,1.12,1.66,32.6,7,6.0,0,0,0,17,84,1
398,2020,La Liga,Away,1778,1538,15,8,1.51,1.37,51.1,6,3.0,0,1,0,19,29,0
399,2023,La Liga,Away,1792,1612,12,8,1.71,1.31,55.7,10,7.0,3,2,0,19,91,1
400,2021,La Liga,Away,1900,1601,11,14,1.81,1.29,64.7,6,6.0,0,1,0,21,44,0
401,2021,La Liga,Away,1767,1483,10,8,1.95,1.07,44.9,8,6.0,0,0,0,16,22,0
402,2019,Ligue 1,Home,1830,1514,9,7,1.92,1.24,52.8,10,4.0,0,1,1,21,68,1
403,2022,Bundesliga,Away,1546,1482,9,12,1.01,1.6,53.6,3,3.0,2,1,0,17,66,1
404,2025,Premier League,Away,1532,1381,7,5,1.34,1.56,51.5,3,6.0,1,1,0,13,43,0
405,2023,Ligue 1,Home,1541,1200,9,5,1.08,2.09,59.3,10,5.0,2,0,0,17,34,1
406,2021,Ligue 1,Away,1500,1403,5,8,1.71,1.66,54.3,6,,1,1,0,18,24,1
407,2020,La Liga,Home,1521,1528,7,9,1.13,1.26,47.8,4,6.0,2,0,0,15,93,0
408,2020,Bundesliga,Home,1605,1652,10,9,1.52,1.42,54.8,5,7.0,3,0,0,19,27,0
409,2018,Premier League,Home,1435,1611,6,11,1.1,1.24,57.7,5,6.0,1,1,0,15,33,1
410,2018,Ligue 1,Away,1307,1461,0,5,0.64,1.01,40.8,3,5.0,0,0,0,16,90,1
411,2024,Serie A,Away,1551,1405,8,9,1.09,1.73,58.3,8,10.0,1,0,0,18,43,0
412,2024,Serie A,Home,1403,1475,4,6,1.18,1.54,58.7,5,6.0,0,1,0,16,75,1
413,2025,Premier League,Away,1418,1363,10,9,1.4,2.25,58.6,6,4.0,3,0,0,13,38,0
414,2023,Ligue 1,Away,1480,1204,10,7,1.46,1.52,53.5,8,4.0,1,0,0,15,62,1
415,2025,Premier League,Home,1448,1284,1,6,0.96,1.77,52.5,8,5.0,2,0,0,16,69,0
416,2021,Premier League,Away,1655,1692,11,10,1.6,1.03,40.4,4,4.0,3,1,0,18,93,0
417,2020,Premier League,Home,1477,1760,8,13,1.56,0.94,40.1,4,3.0,1,2,0,12,49,1
418,2019,Bundesliga,Home,1662,1606,6,10,1.66,1.88,48.7,4,,0,0,0,12,23,1
419,2019,Premier League,Home,1529,1492,10,0,1.29,0.88,53.2,4,5.0,2,1,0,16,20,0
420,2023,Ligue 1,Away,1488,1305,4,3,1.35,1.55,48.9,5,7.0,1,0,0,20,75,1
421,2018,Serie A,Home,1522,1477,11,8,1.41,1.84,51.5,7,3.0,2,1,0,12,67,0
422,2025,Premier League,Away,1319,1586,4,9,1.5,0.92,44.4,4,7.0,1,0,0,21,35,0
423,2024,Premier League,Home,1547,1616,4,11,1.83,1.15,,4,7.0,0,2,1,18,1,0
424,2021,Premier League,Home,1619,1596,14,13,1.64,1.53,54.8,5,7.0,2,0,0,20,74,1
425,2023,Serie A,Away,1639,1669,5,11,1.52,0.93,47.0,3,7.0,3,1,0,16,56,0
426,2019,Bundesliga,Home,1311,1772,3,5,1.13,1.22,40.1,4,10.0,3,0,0,20,18,0
427,2021,Premier League,Home,1287,1443,3,7,1.13,1.24,39.6,5,4.0,2,0,0,19,89,0
428,2018,Bundesliga,Away,1425,1893,5,15,1.32,1.37,34.4,6,5.0,0,3,0,21,68,0
429,2018,Premier League,Away,1694,1217,12,4,1.43,1.97,66.7,6,,0,2,0,12,35,1
430,2018,Bundesliga,Home,1531,1391,8,7,1.88,1.36,45.1,5,7.0,0,0,0,15,56,1
431,2024,Ligue 1,Away,1392,1528,9,7,1.03,0.64,50.4,6,7.0,1,0,0,16,41,0
432,2023,Bundesliga,Away,1297,1577,6,11,1.45,1.45,41.4,8,6.0,2,4,1,17,34,0
433,2025,Bundesliga,Away,1404,1475,2,6,0.69,1.66,38.1,7,8.0,1,2,0,21,1,0
434,2025,Bundesliga,Home,1395,1431,8,8,1.17,1.58,46.9,6,5.0,1,0,0,16,76,0
435,2025,Premier League,Home,1631,1808,10,12,1.41,1.21,49.2,7,5.0,1,0,0,17,20,0
436,2025,Premier League,Away,1642,1424,8,7,1.56,1.52,67.0,4,10.0,0,1,0,17,77,1
437,2018,Premier League,Away,1353,1357,11,7,1.1,1.43,59.2,10,5.0,4,1,0,21,40,0
438,2024,Serie A,Home,1605,1737,10,11,1.81,0.98,42.0,6,8.0,0,3,0,20,77,1
439,2023,Bundesliga,Away,1591,1619,11,12,1.39,1.29,53.3,6,5.0,4,2,0,18,86,0
440,2019,Serie A,Away,1335,1653,8,11,0.91,1.19,39.8,7,7.0,0,4,0,17,87,1
441,2019,Bundesliga,Home,1488,1527,6,11,1.1,1.53,46.0,3,5.0,1,0,0,20,80,0
442,2025,Premier League,Home,1548,1307,10,3,1.28,1.34,61.1,4,6.0,3,0,0,17,87,0
443,2025,Bundesliga,Away,1523,1512,9,5,1.56,1.26,51.4,6,8.0,0,2,0,12,94,0
444,2020,Premier League,Away,1261,1288,3,5,1.31,1.59,50.5,6,7.0,1,3,0,21,60,0
445,2018,La Liga,Away,1518,1534,5,10,1.07,1.16,41.2,8,7.0,0,3,0,15,5,1
446,2020,Bundesliga,Home,1589,1591,9,10,1.25,0.95,45.1,6,5.0,0,1,0,17,49,1
447,2018,Ligue 1,Home,1721,1651,12,7,1.33,1.4,47.2,4,3.0,0,1,0,16,20,0
448,2023,Serie A,Home,1406,1487,6,9,1.18,1.06,50.5,5,8.0,1,0,0,12,6,1
449,2021,Premier League,Away,1424,1605,6,7,1.51,1.33,49.1,5,10.0,0,2,0,12,64,1
450,2018,Serie A,Home,1471,1373,7,8,1.36,1.62,61.1,6,4.0,3,2,0,20,88,1
451,2025,Premier League,Away,1541,1635,7,10,1.53,1.61,42.9,6,8.0,4,2,0,12,4,1
452,2024,Ligue 1,Home,1514,1594,12,8,1.55,1.87,56.8,4,6.0,0,0,0,16,92,1
453,2025,Bundesliga,Home,1585,1388,9,5,1.3,1.81,53.6,5,5.0,2,1,0,13,22,1
454,2025,Premier League,Away,1342,1574,4,9,0.86,1.13,44.6,6,3.0,2,2,0,19,13,0
455,2018,Premier League,Home,1556,1653,3,10,1.26,1.16,47.0,8,7.0,0,2,0,13,67,1
456,2024,Premier League,Home,1396,1511,6,5,1.44,1.44,48.4,5,10.0,0,1,0,19,26,0
457,2024,Ligue 1,Home,1480,1385,6,8,1.48,1.46,55.9,7,4.0,2,2,0,18,57,1
458,2024,La Liga,Away,1739,1525,9,11,1.63,1.39,60.5,5,3.0,0,1,0,15,51,0
459,2020,Bundesliga,Away,1304,1577,8,11,1.37,1.62,,5,5.0,0,1,0,18,3,0
460,2021,Serie A,Home,1461,1384,7,7,1.34,1.51,52.4,6,8.0,0,2,0,21,73,1
461,2025,Serie A,Home,1322,1359,1,5,1.07,1.73,44.5,10,8.0,2,3,0,13,65,1
462,2018,Premier League,Home,1521,1573,9,9,0.98,1.03,52.1,5,5.0,0,0,0,19,5,1
463,2023,Ligue 1,Away,1647,1615,5,9,1.83,1.39,52.1,5,7.0,0,2,1,20,3,1
464,2024,La Liga,Away,1524,1801,10,11,1.35,0.68,39.2,3,4.0,0,0,1,13,19,0
465,2024,Serie A,Away,1484,1593,6,11,1.22,1.57,41.1,6,6.0,0,1,0,16,87,0
466,2022,Bundesliga,Away,1686,1331,10,5,1.53,1.48,59.7,5,6.0,2,1,0,12,67,0
467,2024,Serie A,Home,1546,1786,8,6,1.78,0.77,50.5,3,3.0,2,4,0,12,80,1
468,2025,Ligue 1,Home,1615,1648,8,11,1.72,1.17,57.1,6,4.0,3,0,0,13,28,0
469,2024,Premier League,Away,1600,1219,9,5,1.37,1.74,53.1,6,3.0,1,0,1,21,74,1
470,2018,Serie A,Home,1150,1356,4,6,1.08,1.19,49.5,4,10.0,1,1,0,18,79,0
471,2019,La Liga,Away,1489,1431,12,4,1.64,1.21,55.4,6,5.0,1,0,0,17,52,1
472,2020,La Liga,Home,1349,1617,6,7,1.27,1.17,50.2,7,5.0,0,0,0,13,64,0
473,2020,Premier League,Home,1384,1167,7,2,1.25,1.88,57.8,6,,4,4,0,19,10,1
474,2020,Premier League,Home,1706,1483,8,6,1.05,0.88,53.9,7,10.0,0,0,0,16,21,1
475,2019,La Liga,Away,1448,1609,8,8,1.6,1.39,49.9,5,3.0,2,1,0,15,11,0
476,2023,La Liga,Away,1765,1150,8,0,1.38,1.62,52.5,4,8.0,1,1,0,13,87,1
477,2018,La Liga,Away,1303,1605,8,14,0.67,1.55,37.5,4,6.0,3,1,1,18,94,0
478,2024,Serie A,Home,1348,1621,2,13,0.73,1.36,38.8,4,6.0,0,1,0,12,71,0
479,2023,Serie A,Away,1607,1381,7,7,1.25,1.82,52.3,6,5.0,2,2,0,19,2,0
480,2025,La Liga,Home,1452,1339,3,5,1.42,1.62,45.2,4,3.0,1,0,0,16,20,1
481,2018,La Liga,Home,1543,1379,9,11,1.69,1.18,51.3,6,7.0,0,2,0,13,89,1
482,2020,Premier League,Home,1484,1150,6,8,1.42,1.79,55.6,7,6.0,1,0,0,15,58,1
483,2025,Serie A,Home,1480,1454,9,5,1.76,1.54,49.3,3,3.0,1,1,0,12,30,1
484,2021,La Liga,Home,1457,1531,4,9,1.2,1.17,49.6,3,7.0,2,0,0,16,55,0
485,2022,Premier League,Home,1525,1329,9,5,1.32,1.39,48.6,7,5.0,2,0,0,17,6,1
486,2018,La Liga,Home,1590,1636,10,8,0.98,0.65,46.6,3,5.0,2,1,0,17,79,1
487,2024,La Liga,Home,1726,1514,11,7,1.45,1.54,54.8,4,3.0,2,0,1,21,57,1
488,2020,Premier League,Home,1472,1536,7,8,0.81,1.3,39.1,5,6.0,1,0,0,16,47,0
489,2025,Serie A,Home,1445,1444,7,7,0.95,1.28,49.7,10,6.0,2,0,0,21,73,1
490,2020,Serie A,Home,1427,1604,4,9,1.43,1.02,46.8,6,10.0,1,2,0,16,7,1
491,2019,Bundesliga,Home,1706,1681,7,13,1.15,1.08,54.4,4,3.0,1,2,0,12,64,0
492,2022,Serie A,Home,1597,1443,10,5,1.06,1.53,47.3,6,8.0,3,0,0,16,47,0
493,2021,Serie A,Away,1234,1607,3,11,0.62,1.32,39.9,5,5.0,0,2,0,13,16,0
494,2021,La Liga,Home,1228,1608,5,6,1.24,1.19,46.7,3,3.0,3,1,0,13,9,0
495,2025,Bundesliga,Home,1384,1559,10,9,1.63,1.01,36.9,6,7.0,3,0,0,18,70,0
496,2020,Serie A,Away,1532,1735,7,13,1.37,1.07,44.9,6,5.0,2,3,0,18,19,0
497,2021,La Liga,Home,1495,1398,6,8,1.58,1.25,44.8,10,3.0,2,1,0,18,88,1
498,2022,Serie A,Away,1572,1441,8,6,1.14,1.36,51.1,7,4.0,0,0,0,13,4,0
499,2019,La Liga,Home,1475,1391,7,7,1.63,1.62,48.1,7,10.0,1,1,0,12,38,1
500,2024,Serie A,Home,1696,1602,11,13,1.39,1.14,54.2,8,6.0,1,2,0,16,64,1
501,2019,Bundesliga,Home,1608,1462,9,6,1.64,1.81,52.2,5,10.0,1,0,0,16,82,0
502,2019,Ligue 1,Home,1511,1403,13,8,1.36,1.31,46.3,6,,0,0,0,19,50,1
503,2018,Ligue 1,Home,1660,1733,11,13,1.05,0.72,55.8,10,6.0,2,0,0,17,61,1
504,2020,Serie A,Home,1269,1753,7,10,0.87,1.08,38.8,6,3.0,1,0,1,18,50,0
505,2022,Serie A,Home,1488,1454,7,11,1.38,1.25,55.8,4,5.0,0,4,0,17,80,1
506,2023,Bundesliga,Home,1519,1309,10,11,0.91,2.39,49.8,10,4.0,2,2,0,21,58,0
507,2025,La Liga,Home,1584,1761,8,13,1.52,1.01,43.6,5,4.0,0,2,0,15,33,1
508,2024,Bundesliga,Away,1260,1566,3,11,0.73,0.92,47.3,4,,2,1,0,19,84,0
509,2020,Serie A,Home,1464,1559,9,4,1.45,1.31,43.9,6,5.0,2,1,1,17,64,1
510,2024,Premier League,Away,1556,1515,8,4,1.07,1.3,51.0,5,10.0,3,0,0,13,32,0
511,2019,Premier League,Away,1567,1388,9,6,1.53,1.16,54.1,5,3.0,2,0,0,13,7,0
512,2019,Bundesliga,Home,1666,1442,12,5,1.74,1.49,43.8,4,3.0,0,1,0,12,4,1
513,2020,Premier League,Home,1607,1595,9,10,1.43,1.41,50.0,3,6.0,0,0,0,21,7,0
514,2022,La Liga,Home,1491,1437,7,0,1.32,1.43,49.3,3,3.0,3,2,0,12,59,1
515,2019,La Liga,Away,1594,1561,7,10,1.82,1.23,50.0,4,6.0,0,2,0,12,52,0
516,2025,Premier League,Away,1472,1502,10,7,1.12,1.26,45.7,5,7.0,1,4,0,12,3,0
517,2020,La Liga,Home,1521,1352,7,4,1.24,1.33,47.8,7,4.0,2,0,0,21,94,1
518,2021,Bundesliga,Away,1611,1727,9,15,1.63,0.83,43.0,4,3.0,0,4,0,19,19,0
519,2022,Premier League,Away,1494,1583,8,8,1.45,1.65,45.1,6,10.0,0,1,0,20,5,1
520,2021,Bundesliga,Away,1551,1546,9,4,1.35,1.92,53.2,8,8.0,1,2,0,17,40,0
521,2021,Bundesliga,Home,1635,1578,12,10,1.19,1.02,48.6,5,4.0,1,0,0,13,18,0
522,2025,La Liga,Away,1600,1249,9,5,1.7,1.43,,10,5.0,0,2,0,17,88,0
523,2021,Premier League,Away,1673,1431,13,6,1.23,1.14,57.1,6,4.0,2,0,0,15,22,0
524,2018,Serie A,Home,1826,1286,11,11,2.28,1.77,60.8,10,7.0,0,0,0,18,31,1
525,2023,Premier League,Home,1598,1517,10,8,1.16,1.08,56.9,4,4.0,2,1,0,20,65,0
526,2023,La Liga,Away,1435,1546,6,11,1.0,1.48,45.3,6,7.0,0,1,0,13,69,0
527,2019,Ligue 1,Away,1572,1520,14,9,1.51,1.44,48.5,4,4.0,1,2,0,18,41,0
528,2024,Ligue 1,Away,1566,1665,7,13,1.56,1.16,53.0,8,3.0,1,0,0,15,24,0
529,2021,Bundesliga,Away,1586,1290,8,4,1.2,1.88,58.1,5,4.0,0,1,0,19,48,0
530,2019,La Liga,Home,1709,1388,10,3,2.0,1.36,46.1,4,6.0,1,1,0,21,84,1
531,2019,Bundesliga,Away,1264,1558,4,10,1.17,1.3,30.0,6,8.0,1,1,0,19,53,0
532,2023,Bundesliga,Home,1712,1537,11,9,1.52,1.01,62.3,4,3.0,2,1,0,13,26,1
533,2019,La Liga,Away,1759,1316,14,7,1.73,0.91,61.5,4,,1,2,1,17,40,1
534,2021,Serie A,Home,1580,1668,9,8,1.74,1.46,46.9,5,6.0,0,2,0,12,9,1
535,2023,Premier League,Away,1583,1716,9,11,1.84,1.0,35.6,4,3.0,1,0,0,19,6,0
536,2024,Premier League,Away,1466,1560,6,4,1.36,1.59,46.9,3,5.0,1,0,0,20,91,1
537,2021,Serie A,Home,1501,1289,6,4,1.03,1.45,50.0,5,5.0,1,1,0,16,58,1
538,2025,Premier League,Away,1598,1522,9,6,1.14,1.3,50.3,4,5.0,4,1,0,21,46,0
539,2020,Premier League,Home,1589,1548,9,9,1.09,1.36,47.4,6,7.0,1,1,0,16,86,0
540,2024,Bundesliga,Away,1601,1462,12,6,1.3,1.25,,3,4.0,0,0,0,12,84,1
541,2020,Ligue 1,Home,1588,1689,6,6,1.46,0.78,48.4,6,,4,0,0,19,5,1
542,2018,Serie A,Home,1626,1484,13,6,1.54,1.15,55.4,6,5.0,4,0,0,19,22,1
543,2023,Bundesliga,Home,1610,1795,8,13,1.75,0.85,45.0,6,5.0,0,1,0,12,12,1
544,2024,Ligue 1,Away,1357,1610,6,9,0.67,1.24,44.2,6,7.0,2,4,0,16,44,0
545,2025,Premier League,Away,1617,1539,6,6,1.48,1.59,43.0,6,3.0,0,0,0,17,13,0
546,2025,La Liga,Home,1760,1629,12,11,1.75,1.05,52.9,6,4.0,4,1,0,13,11,1
547,2018,La Liga,Home,1496,1714,5,14,0.64,1.13,45.6,5,4.0,3,2,0,12,31,0
548,2022,Premier League,Home,1710,1626,11,11,1.69,1.3,51.7,5,6.0,0,3,0,12,5,0
549,2023,Bundesliga,Home,1372,1489,7,1,1.89,1.16,54.5,5,3.0,0,0,0,20,24,1
550,2022,La Liga,Home,1496,1408,7,7,1.54,1.53,50.9,3,3.0,0,0,0,15,58,0
551,2018,La Liga,Home,1410,1343,1,5,1.33,1.77,45.1,5,7.0,3,0,0,12,37,0
552,2018,Premier League,Away,1693,1158,15,0,1.49,1.76,63.4,5,,1,2,0,19,88,1
553,2023,Premier League,Away,1730,1524,8,4,1.66,1.32,52.3,7,3.0,1,4,0,18,32,1
554,2024,Ligue 1,Away,1486,1446,8,9,1.72,1.19,42.4,5,4.0,2,0,0,20,89,0
555,2019,Premier League,Home,1664,1453,8,7,1.44,1.36,53.8,7,6.0,1,2,0,21,55,1
556,2018,Premier League,Home,1731,1644,13,9,1.9,1.03,59.6,7,8.0,2,0,0,19,90,1
557,2021,La Liga,Away,1495,1484,6,6,1.46,1.22,48.4,5,6.0,2,3,0,21,95,1
558,2020,Serie A,Away,1518,1765,6,13,1.78,1.08,49.2,5,5.0,0,1,0,13,16,0
559,2025,Serie A,Away,1603,1420,10,3,1.74,1.37,58.2,5,7.0,1,2,0,16,78,0
560,2025,Serie A,Home,1382,1364,3,4,1.27,1.73,62.3,3,7.0,1,2,0,16,85,1
561,2022,Premier League,Away,1515,1324,7,5,1.4,1.36,57.0,8,7.0,2,0,0,17,35,0
562,2025,Premier League,Away,1800,1601,13,5,1.6,1.36,55.4,7,,1,1,0,13,48,1
563,2019,Bundesliga,Away,1430,1661,11,7,1.52,1.09,44.7,3,6.0,1,1,0,19,84,0
564,2025,Serie A,Home,1620,1417,6,9,1.33,1.2,56.5,6,4.0,3,1,0,12,29,0
565,2021,Serie A,Home,1573,1351,7,4,1.46,1.64,,7,5.0,2,0,0,13,54,0
566,2021,Serie A,Home,1477,1714,8,12,1.28,1.26,41.5,3,7.0,4,1,0,13,21,0
567,2018,Bundesliga,Home,1531,1297,3,7,1.05,1.38,58.2,5,7.0,0,1,0,15,28,1
568,2019,Premier League,Away,1745,1641,14,9,1.67,0.44,49.4,4,6.0,1,0,0,17,11,1
569,2019,La Liga,Away,1578,1420,6,3,1.05,1.7,44.6,5,7.0,2,0,0,20,82,0
570,2021,Serie A,Home,1599,1556,8,8,1.35,1.49,44.5,4,3.0,2,0,0,16,25,1
571,2019,La Liga,Home,1724,1651,11,4,1.76,1.5,60.1,3,7.0,1,0,0,19,94,0
572,2018,Bundesliga,Home,1459,1567,7,7,1.35,1.59,45.7,3,7.0,1,0,0,15,5,0
573,2022,Serie A,Home,1353,1459,3,8,1.23,1.39,51.2,8,7.0,2,0,0,15,2,0
574,2024,Bundesliga,Home,1748,1695,15,12,1.41,1.07,47.8,3,4.0,2,0,0,16,38,1
575,2018,Bundesliga,Home,1519,1540,1,8,1.63,0.87,53.9,4,4.0,2,0,0,16,33,1
576,2022,Serie A,Away,1625,1900,6,11,1.27,1.02,45.1,6,,0,0,0,16,25,1
577,2025,Ligue 1,Away,1393,1261,5,3,1.41,1.45,63.3,6,6.0,1,0,0,18,29,0
578,2021,Serie A,Away,1554,1259,6,3,1.73,1.37,64.0,3,4.0,1,0,0,21,89,1
579,2019,Bundesliga,Away,1346,1639,9,11,0.8,0.89,46.4,6,4.0,2,2,1,20,55,0
580,2018,La Liga,Home,1509,1496,3,8,1.26,1.1,47.4,5,6.0,0,0,0,17,38,1
581,2025,Serie A,Home,1409,1611,10,9,1.13,0.91,39.1,4,5.0,2,1,0,18,85,0
582,2021,Serie A,Away,1377,1346,5,7,1.28,1.74,50.1,7,5.0,0,0,0,16,78,0
583,2018,Premier League,Home,1458,1508,3,8,1.07,1.62,48.8,10,7.0,1,2,0,18,2,1
584,2024,La Liga,Home,1179,1564,0,5,0.71,1.11,38.3,4,4.0,0,0,0,12,42,0
585,2024,Ligue 1,Home,1338,1424,5,4,1.16,1.72,51.4,4,8.0,0,1,0,12,48,1
586,2023,Serie A,Away,1610,1532,7,9,1.33,1.35,52.3,5,7.0,0,4,0,21,54,0
587,2018,Premier League,Away,1549,1309,9,2,1.37,1.89,56.0,8,7.0,1,2,0,18,83,1
588,2018,La Liga,Home,1350,1555,5,7,1.41,1.45,52.5,7,5.0,1,0,0,13,77,0
589,2019,Premier League,Away,1577,1702,11,10,1.03,1.33,47.4,7,6.0,3,1,0,16,60,1
590,2019,Premier League,Away,1377,1327,6,3,1.19,1.57,44.5,8,7.0,0,1,1,13,47,0
591,2022,Ligue 1,Home,1601,1318,8,1,1.31,1.33,62.2,4,3.0,0,2,0,15,41,1
592,2021,La Liga,Home,1484,1667,10,6,1.34,0.87,46.5,8,5.0,1,0,0,20,46,1
593,2024,La Liga,Away,1454,1316,8,1,1.15,1.57,52.1,8,3.0,2,3,0,16,12,0
594,2018,Serie A,Away,1487,1618,9,11,1.04,1.22,41.9,6,7.0,0,0,0,16,13,0
595,2023,Premier League,Home,1858,1508,15,9,1.84,1.99,65.1,5,10.0,0,0,0,17,48,1
596,2025,La Liga,Away,1394,1442,5,5,1.93,1.59,57.3,8,8.0,2,1,0,15,60,0
597,2019,Bundesliga,Home,1532,1705,8,6,1.36,0.95,42.3,3,8.0,0,4,0,18,49,1
598,2023,Serie A,Away,1609,1630,11,12,1.29,1.21,51.0,4,5.0,1,3,0,15,78,0
599,2022,Ligue 1,Away,1365,1539,0,9,1.02,1.22,47.8,3,6.0,0,2,0,18,6,0
600,2018,Serie A,Home,1277,1199,5,2,1.34,1.61,43.2,5,5.0,0,0,0,15,79,0
601,2020,La Liga,Away,1416,1600,6,12,1.04,0.93,45.2,7,5.0,4,2,0,19,82,0
602,2024,Bundesliga,Away,1606,1350,10,6,1.79,1.71,47.7,5,3.0,1,0,0,15,9,0
603,2024,Ligue 1,Home,1452,1469,5,8,0.89,1.28,49.5,6,6.0,0,2,0,21,11,1
604,2020,Bundesliga,Home,1468,1501,10,5,1.36,1.51,,5,7.0,1,2,0,15,42,1
605,2018,Ligue 1,Away,1628,1766,7,7,1.66,0.96,39.3,3,5.0,2,1,0,15,89,0
606,2019,Bundesliga,Away,1387,1465,5,3,1.42,1.28,57.4,3,8.0,2,0,0,17,30,0
607,2024,Ligue 1,Away,1488,1301,6,11,1.51,1.68,63.6,3,5.0,1,1,0,19,59,1
608,2022,Premier League,Home,1288,1706,8,8,1.18,0.65,39.5,7,6.0,1,2,0,15,89,0
609,2021,Bundesliga,Home,1545,1602,3,9,1.69,1.51,51.2,3,3.0,0,4,0,15,54,1
610,2018,La Liga,Home,1532,1607,13,10,1.14,1.62,46.7,5,6.0,0,2,0,15,87,1
611,2024,Serie A,Away,1611,1708,13,10,1.31,1.53,45.3,6,4.0,0,1,0,21,86,0
612,2021,Serie A,Away,1340,1741,4,10,1.07,0.96,41.0,6,7.0,1,1,0,15,18,1
613,2022,Ligue 1,Away,1473,1375,10,6,1.69,1.54,48.6,6,3.0,0,2,0,15,58,1
614,2024,Ligue 1,Away,1321,1305,6,6,1.27,1.41,52.8,6,3.0,0,0,0,16,80,1
615,2022,La Liga,Away,1466,1618,11,6,1.48,0.87,46.4,5,7.0,3,2,0,19,65,0
616,2025,Bundesliga,Away,1707,1463,12,6,1.53,1.41,50.8,6,5.0,2,0,0,19,41,0
617,2022,Bundesliga,Away,1455,1476,13,1,1.5,1.01,53.0,4,4.0,3,1,0,15,25,1
618,2020,La Liga,Home,1309,1343,1,1,0.75,1.64,52.8,5,3.0,1,2,0,21,85,0
619,2025,Premier League,Away,1405,1582,7,5,1.14,1.48,51.2,5,5.0,2,0,0,12,46,0
620,2023,Premier League,Home,1274,1556,0,10,1.05,1.62,40.6,5,7.0,1,3,0,21,8,1
621,2024,Bundesliga,Away,1319,1478,4,7,1.03,1.5,51.2,10,6.0,0,0,0,21,49,1
622,2019,Serie A,Away,1594,1306,14,7,1.37,1.42,68.0,8,3.0,0,1,0,17,47,1
623,2023,Ligue 1,Home,1298,1669,6,11,1.26,1.15,40.9,6,5.0,1,0,0,20,85,0
624,2022,La Liga,Home,1544,1536,11,9,1.46,1.35,50.8,7,5.0,0,1,0,15,9,1
625,2018,Ligue 1,Home,1504,1656,9,7,1.65,1.58,49.6,8,3.0,0,1,0,21,14,0
626,2020,La Liga,Home,1426,1206,8,4,0.75,1.98,44.7,5,5.0,2,3,0,17,11,1
627,2025,Bundesliga,Away,1532,1508,7,8,1.76,1.32,43.8,6,4.0,2,0,0,20,21,0
628,2022,Premier League,Home,1369,1400,4,12,1.04,1.69,46.5,5,7.0,0,0,0,17,49,0
629,2024,Serie A,Home,1618,1505,7,7,1.81,1.22,51.1,8,4.0,1,1,0,18,62,0
630,2019,Bundesliga,Home,1402,1632,0,11,1.14,1.34,,6,4.0,2,2,0,19,86,0
631,2019,Ligue 1,Home,1446,1552,7,8,1.38,1.22,48.7,6,4.0,1,0,0,17,9,1
632,2025,Bundesliga,Home,1429,1503,7,6,1.0,1.41,41.3,5,7.0,0,0,0,16,10,1
633,2021,Premier League,Home,1597,1502,7,10,1.15,1.14,58.1,6,8.0,1,3,0,18,79,1
634,2025,La Liga,Home,1576,1282,8,10,1.58,1.19,59.0,4,4.0,3,0,0,18,93,1
635,2024,Premier League,Away,1150,1373,5,7,0.4,1.15,44.7,6,6.0,3,4,0,19,18,0
636,2020,Premier League,Home,1536,1657,10,8,1.09,1.35,49.4,4,8.0,3,1,0,19,35,0
637,2025,Serie A,Home,1256,1429,1,8,1.27,1.14,42.6,4,8.0,4,2,0,18,38,0
638,2024,Bundesliga,Away,1452,1660,5,10,1.19,1.12,43.6,4,4.0,2,3,0,20,38,0
639,2019,Bundesliga,Away,1485,1616,9,15,1.11,1.47,41.3,4,,0,3,0,15,3,0
640,2018,Ligue 1,Home,1451,1623,8,11,1.68,1.52,34.7,5,6.0,2,0,0,18,9,0
641,2019,Bundesliga,Away,1570,1547,12,6,1.9,1.06,49.4,3,5.0,2,0,0,12,94,1
642,2023,Bundesliga,Home,1601,1439,12,10,1.46,0.8,62.7,5,7.0,2,2,0,20,68,1
643,2019,Premier League,Away,1392,1479,12,9,1.55,1.17,45.0,5,3.0,3,1,0,13,89,0
644,2020,Premier League,Home,1387,1590,5,11,1.6,1.32,,4,7.0,0,1,0,19,59,1
645,2021,Serie A,Home,1495,1202,12,5,1.34,1.79,60.1,5,4.0,1,2,0,13,82,1
646,2019,Bundesliga,Away,1284,1674,3,12,0.98,0.9,37.9,6,4.0,2,2,0,20,55,0
647,2020,Premier League,Away,1433,1430,13,8,1.3,0.97,52.3,8,,0,4,0,20,92,0
648,2023,Serie A,Home,1689,1488,11,7,1.19,1.13,58.3,5,8.0,0,2,0,16,31,1
649,2025,Serie A,Away,1289,1489,6,8,1.26,1.23,42.5,3,6.0,0,4,0,12,65,1
650,2021,Premier League,Away,1452,1494,9,7,1.21,1.88,51.0,6,10.0,1,0,0,20,42,0
651,2023,La Liga,Home,1417,1316,3,6,1.27,1.54,52.3,10,6.0,1,1,0,15,85,1
652,2022,Ligue 1,Home,1781,1521,8,8,1.67,1.49,46.7,10,6.0,1,0,0,21,68,1
653,2021,Serie A,Away,1425,1583,7,8,1.06,1.55,43.4,5,4.0,3,4,0,21,87,0
654,2022,Premier League,Away,1433,1214,8,4,1.27,1.5,51.3,4,4.0,2,1,0,12,43,0
655,2025,Bundesliga,Home,1356,1318,11,5,0.85,1.54,43.4,6,6.0,1,1,0,19,34,1
656,2018,La Liga,Home,1501,1625,5,4,1.23,1.3,42.7,7,3.0,2,2,0,18,39,1
657,2022,Bundesliga,Away,1538,1599,12,11,1.11,1.41,51.8,6,10.0,1,2,0,12,34,0
658,2018,La Liga,Away,1376,1542,5,9,0.99,1.28,45.9,5,4.0,1,0,0,12,21,0
659,2025,Serie A,Away,1638,1404,8,5,0.94,1.7,46.6,5,5.0,3,1,1,19,82,0
660,2022,La Liga,Away,1538,1600,8,10,1.28,1.54,42.9,5,4.0,2,3,0,17,79,0
661,2018,La Liga,Home,1619,1332,8,4,1.6,1.43,57.3,4,5.0,2,2,0,21,85,0
662,2022,Ligue 1,Away,1454,1481,8,6,1.34,1.56,49.3,5,4.0,1,0,0,12,62,0
663,2021,Premier League,Home,1534,1317,7,6,1.66,1.61,53.8,7,7.0,2,0,0,16,68,0
664,2018,Premier League,Away,1470,1477,3,11,1.08,2.04,53.6,6,3.0,2,0,0,18,38,0
665,2025,La Liga,Home,1704,1356,9,6,1.45,1.7,60.5,4,5.0,1,0,0,17,51,1
666,2021,Bundesliga,Away,1516,1606,9,7,1.6,1.35,44.9,6,7.0,0,1,0,16,7,0
667,2018,Bundesliga,Home,1501,1561,4,7,1.33,1.15,45.1,5,8.0,2,1,0,15,45,1
668,2022,Ligue 1,Home,1436,1420,8,9,1.33,1.16,49.4,4,10.0,2,1,0,13,90,1
669,2021,La Liga,Away,1428,1653,10,10,1.8,1.34,34.0,3,3.0,0,3,0,21,5,1
670,2023,La Liga,Home,1533,1366,12,8,1.32,1.04,55.6,8,4.0,2,0,0,19,79,1
671,2019,Premier League,Away,1615,1495,10,8,1.36,1.76,46.7,6,4.0,1,1,0,15,95,1
672,2024,Serie A,Home,1404,1414,2,8,1.0,0.91,55.8,3,10.0,1,0,0,16,62,0
673,2021,Ligue 1,Home,1518,1604,9,14,1.3,1.0,39.3,5,10.0,0,0,0,18,9,1
674,2021,Bundesliga,Home,1526,1590,10,5,1.63,1.52,50.2,4,6.0,1,1,0,16,41,1
675,2024,Serie A,Home,1550,1682,6,15,1.55,1.18,36.7,4,7.0,2,0,0,20,32,0
676,2022,La Liga,Away,1261,1512,4,10,1.45,1.38,40.5,8,5.0,1,0,0,16,36,1
677,2018,Ligue 1,Away,1371,1150,7,10,1.3,1.49,57.5,10,8.0,1,3,0,15,2,0
678,2022,Serie A,Home,1309,1440,10,4,0.58,1.37,51.3,7,3.0,2,2,0,16,57,0
679,2023,Premier League,Away,1505,1719,7,11,1.51,1.32,49.0,4,7.0,1,3,0,13,37,1
680,2020,La Liga,Home,1374,1455,8,7,1.24,1.18,51.4,3,5.0,1,0,0,16,78,1
681,2019,Premier League,Home,1431,1232,7,7,1.27,1.53,59.0,3,5.0,3,3,0,19,63,1
682,2018,Premier League,Away,1333,1563,6,9,1.47,1.29,48.7,3,6.0,1,2,0,21,5,0
683,2024,Premier League,Home,1444,1573,10,9,1.22,1.22,43.9,10,5.0,2,0,0,15,1,1
684,2018,La Liga,Home,1343,1398,3,8,1.32,1.63,46.7,4,8.0,1,1,1,18,57,0
685,2022,Serie A,Away,1606,1465,9,7,1.2,1.5,56.9,7,4.0,2,0,0,21,20,1
686,2024,La Liga,Home,1567,1381,8,5,1.04,1.43,60.1,5,4.0,1,1,0,15,40,0
687,2020,La Liga,Away,1521,1573,4,10,1.22,0.86,47.9,7,6.0,0,0,0,13,18,0
688,2019,Ligue 1,Home,1458,1508,10,6,1.23,1.64,46.0,7,7.0,3,0,0,20,85,0
689,2023,Bundesliga,Home,1215,1337,6,5,1.17,1.27,44.0,4,5.0,0,3,0,21,59,1
690,2023,Serie A,Home,1436,1499,7,4,1.01,1.79,,5,6.0,2,2,0,12,14,1
691,2018,La Liga,Away,1393,1397,6,6,1.61,1.23,52.1,5,5.0,1,0,0,12,13,0
692,2022,Ligue 1,Away,1535,1705,8,8,1.15,1.23,51.3,3,7.0,1,2,0,16,65,0
693,2018,Premier League,Away,1587,1625,10,9,1.42,1.4,51.3,3,7.0,0,0,0,15,42,0
694,2021,La Liga,Home,1545,1483,8,4,1.4,1.32,51.3,7,10.0,2,4,0,16,53,0
695,2020,Ligue 1,Home,1677,1511,8,8,1.62,1.42,63.6,5,6.0,0,1,0,18,1,0
696,2024,Serie A,Away,1420,1642,5,12,1.37,1.15,44.4,5,6.0,3,2,0,16,5,0
697,2025,Bundesliga,Away,1415,1476,6,6,1.82,1.84,55.3,6,6.0,2,1,1,17,28,1
698,2023,Serie A,Home,1645,1606,7,6,1.36,1.31,45.5,5,6.0,2,1,0,17,77,1
699,2023,Serie A,Away,1523,1707,9,12,1.45,1.13,46.4,7,3.0,0,0,0,17,21,0
700,2018,La Liga,Away,1465,1431,5,9,1.29,1.47,45.9,3,5.0,4,3,0,13,81,0
701,2018,Premier League,Home,1759,1730,8,11,1.88,1.43,46.1,4,4.0,0,2,0,21,91,1
702,2024,La Liga,Away,1581,1690,15,9,1.55,1.28,43.2,8,10.0,1,0,0,20,32,1
703,2021,Premier League,Home,1473,1535,12,6,1.38,1.36,48.8,8,8.0,1,0,0,13,77,0
704,2022,Ligue 1,Away,1404,1438,7,6,0.87,1.05,46.8,3,5.0,3,0,0,18,62,1
705,2023,La Liga,Home,1686,1533,12,8,1.44,1.61,43.5,6,3.0,2,0,0,20,94,1
706,2020,Serie A,Away,1529,1466,11,3,1.14,1.47,49.4,7,5.0,0,0,0,21,70,0
707,2023,Bundesliga,Home,1503,1389,7,4,1.24,1.34,,4,10.0,2,4,0,20,5,1
708,2023,Bundesliga,Away,1595,1575,9,12,1.25,1.36,41.8,3,3.0,0,2,0,18,90,1
709,2019,La Liga,Home,1623,1357,8,6,1.36,1.83,58.9,6,8.0,1,1,0,21,80,0
710,2023,La Liga,Away,1577,1453,12,10,1.33,1.57,56.4,7,3.0,0,2,0,15,2,1
711,2019,Ligue 1,Away,1624,1454,12,10,1.39,1.88,57.3,7,6.0,0,2,0,20,62,0
712,2020,Serie A,Home,1563,1309,12,4,1.35,1.74,64.9,4,8.0,3,1,0,13,77,1
713,2024,Bundesliga,Away,1578,1592,9,8,1.2,0.78,,6,6.0,2,2,0,20,49,0
714,2025,Ligue 1,Home,1398,1468,12,10,1.25,1.69,42.8,4,4.0,0,1,0,16,68,1
715,2018,Bundesliga,Home,1753,1682,10,12,1.4,0.75,51.6,6,10.0,1,0,0,19,51,1
716,2023,Premier League,Away,1327,1466,11,10,1.01,1.72,45.9,5,8.0,3,0,0,13,38,1
717,2022,Serie A,Away,1543,1443,7,7,1.38,1.62,53.2,6,4.0,0,0,0,15,71,0
718,2022,Premier League,Home,1313,1373,2,6,0.5,1.88,52.7,5,6.0,2,0,0,21,81,0
719,2024,Serie A,Away,1486,1505,13,7,1.96,1.46,48.2,6,6.0,0,0,0,15,58,1
720,2018,Ligue 1,Home,1420,1506,8,7,1.39,1.42,53.0,6,6.0,0,1,0,21,19,0
721,2023,Serie A,Away,1519,1604,9,7,1.45,1.57,44.0,4,5.0,1,0,0,19,27,0
722,2020,La Liga,Away,1548,1509,7,7,1.27,1.05,48.4,3,7.0,1,1,0,13,58,0
723,2019,Premier League,Away,1366,1793,4,11,1.23,1.1,33.8,6,4.0,2,4,0,21,58,1
724,2021,Ligue 1,Home,1496,1564,6,7,1.04,1.23,31.2,4,5.0,2,0,0,21,32,0
725,2018,Premier League,Away,1695,1362,10,8,1.69,1.37,49.6,6,6.0,0,0,0,19,87,0
726,2023,Premier League,Away,1316,1350,5,2,0.73,1.34,53.6,3,3.0,0,1,0,18,15,0
727,2022,Premier League,Home,1380,1575,1,9,0.9,1.32,50.6,4,3.0,3,0,0,18,61,1
728,2022,Premier League,Away,1621,1357,13,3,1.31,1.66,50.2,3,10.0,1,1,0,13,30,1
729,2018,La Liga,Away,1511,1583,7,6,1.74,1.65,52.9,4,5.0,0,4,0,20,23,0
730,2024,Serie A,Away,1521,1625,11,7,1.1,1.17,35.3,7,6.0,1,1,0,18,27,1
731,2018,La Liga,Home,1643,1629,7,10,1.59,1.14,45.2,6,10.0,0,0,0,16,8,0
732,2020,Premier League,Away,1389,1378,7,0,0.71,0.75,47.9,4,10.0,4,0,0,15,61,0
733,2021,Premier League,Away,1427,1629,9,9,1.28,1.6,50.2,4,7.0,2,2,0,16,4,0
734,2023,La Liga,Home,1410,1545,9,8,1.68,0.97,55.7,3,6.0,0,1,0,12,1,0
735,2021,Premier League,Away,1451,1415,6,4,1.42,1.55,48.6,7,4.0,1,0,0,17,16,1
736,2024,Bundesliga,Home,1688,1478,11,8,1.04,1.44,54.9,4,4.0,2,2,0,15,1,1
737,2025,Premier League,Home,1262,1566,6,5,1.1,1.54,47.6,10,3.0,1,2,0,12,43,0
738,2024,La Liga,Away,1333,1406,5,6,1.05,1.21,59.4,6,5.0,1,1,0,16,63,0
739,2018,La Liga,Home,1309,1542,2,5,1.45,1.46,50.1,10,4.0,0,0,0,20,78,1
740,2024,La Liga,Home,1696,1702,8,15,1.54,1.58,43.8,4,7.0,1,2,0,20,64,0
741,2019,Premier League,Away,1414,1635,5,11,0.9,1.29,48.9,8,,3,2,0,16,64,0
742,2025,Premier League,Away,1454,1511,7,8,1.27,1.12,45.3,8,6.0,1,3,0,13,48,0
743,2025,Ligue 1,Away,1274,1533,9,5,0.93,0.95,50.5,4,6.0,2,1,0,15,47,0
744,2018,Premier League,Away,1463,1425,9,6,0.77,1.79,54.1,10,6.0,0,1,0,21,90,1
745,2018,Serie A,Away,1621,1429,7,6,1.44,1.3,49.7,5,3.0,2,1,0,20,11,0
746,2023,Serie A,Home,1535,1285,13,6,1.39,1.48,61.8,4,8.0,2,1,0,12,91,1
747,2019,La Liga,Home,1485,1535,7,9,1.43,1.95,51.4,5,3.0,0,1,0,15,70,1
748,2025,La Liga,Home,1281,1596,7,9,1.36,1.49,44.1,3,6.0,3,2,0,15,13,0
749,2022,Bundesliga,Away,1454,1490,5,8,1.23,1.65,49.2,6,4.0,4,1,0,20,30,0
750,2022,Bundesliga,Home,1521,1377,7,6,1.0,1.87,51.0,6,7.0,2,3,0,21,10,0
751,2024,La Liga,Away,1361,1509,9,8,0.99,0.95,49.4,5,6.0,2,0,0,13,1,0
752,2019,La Liga,Away,1592,1688,6,8,1.45,1.56,58.6,5,4.0,1,1,0,19,68,0
753,2022,Premier League,Home,1624,1626,9,6,1.79,1.65,59.5,3,7.0,0,0,0,21,35,1
754,2025,La Liga,Away,1426,1496,8,12,1.27,1.24,,6,7.0,1,2,0,20,73,1
755,2018,Bundesliga,Home,1602,1787,6,12,1.43,1.28,34.9,4,5.0,3,2,0,21,3,0
756,2019,Premier League,Away,1485,1878,3,15,1.27,1.25,37.4,5,6.0,1,3,0,20,15,1
757,2019,La Liga,Away,1661,1433,12,6,1.53,1.23,56.4,6,3.0,4,2,0,20,38,0
758,2020,Ligue 1,Home,1785,1466,15,13,2.14,1.61,59.4,7,5.0,3,1,0,13,31,1
759,2019,Premier League,Away,1347,1597,7,9,1.16,1.1,48.2,6,6.0,0,2,0,20,62,0
760,2019,La Liga,Away,1608,1372,10,9,1.4,2.11,59.5,10,3.0,2,1,0,21,89,0
761,2024,Bundesliga,Away,1683,1619,7,9,1.56,1.28,55.3,6,5.0,2,0,0,13,51,0
762,2021,Premier League,Home,1364,1514,10,8,1.03,1.48,43.1,5,5.0,4,3,0,20,87,0
763,2020,Premier League,Home,1419,1552,6,8,0.87,0.9,44.1,8,7.0,0,0,0,13,84,0
764,2021,Premier League,Away,1418,1419,10,5,0.82,1.52,44.6,6,5.0,0,0,0,19,83,0
765,2025,Ligue 1,Away,1481,1390,9,9,1.15,1.75,53.6,4,8.0,0,1,0,19,19,0
766,2021,Premier League,Away,1450,1222,9,4,1.59,1.38,60.0,6,7.0,1,0,0,21,39,0
767,2021,Premier League,Home,1472,1708,9,12,1.61,1.03,49.4,4,6.0,2,1,0,12,8,1
768,2025,Premier League,Away,1617,1632,10,11,1.2,1.05,37.1,5,7.0,1,2,0,21,38,1
769,2018,Premier League,Home,1235,1594,5,12,1.02,0.98,43.4,3,5.0,4,0,0,21,3,0
770,2021,Serie A,Home,1364,1549,8,9,1.23,0.98,40.2,3,5.0,2,0,0,16,54,1
771,2023,Premier League,Away,1594,1177,7,0,1.27,1.9,63.4,4,6.0,4,1,0,21,41,1
772,2022,Serie A,Home,1577,1395,8,5,1.76,1.13,49.3,6,4.0,0,1,0,20,24,0
773,2024,Serie A,Home,1352,1464,10,7,1.38,0.94,50.9,5,7.0,0,4,0,13,93,1
774,2025,Bundesliga,Home,1578,1349,9,6,1.53,1.35,52.5,5,6.0,3,0,0,13,1,0
775,2020,Premier League,Home,1686,1263,9,8,1.57,1.58,57.4,6,5.0,1,1,0,19,88,1
776,2024,Bundesliga,Home,1493,1363,10,9,0.95,1.62,57.3,4,5.0,0,1,0,16,76,1
777,2019,Serie A,Away,1359,1507,8,7,1.53,1.12,43.5,6,8.0,0,1,0,16,23,0
778,2019,Premier League,Home,1622,1507,6,14,1.63,1.2,57.7,6,5.0,0,2,0,19,48,1
779,2025,Bundesliga,Home,1741,1627,12,8,1.72,1.37,56.6,4,4.0,2,0,0,13,58,0
780,2018,Bundesliga,Away,1376,1789,6,10,1.03,1.32,39.1,6,3.0,3,0,0,18,76,0
781,2020,Premier League,Home,1505,1596,9,6,1.19,1.57,45.5,3,8.0,2,1,0,15,2,0
782,2023,Ligue 1,Home,1653,1475,9,3,1.64,1.49,60.8,6,5.0,0,3,0,17,10,0
783,2021,La Liga,Home,1516,1752,9,7,1.64,0.71,48.2,4,,2,1,0,21,16,1
784,2024,Serie A,Home,1255,1279,0,7,1.51,1.33,57.6,3,10.0,0,1,1,13,8,0
785,2020,Ligue 1,Away,1562,1209,6,6,1.23,1.93,50.1,4,4.0,0,0,0,19,79,1
786,2022,La Liga,Home,1363,1376,8,4,1.16,1.9,48.2,5,6.0,0,4,0,16,77,0
787,2019,Bundesliga,Home,1322,1614,12,9,0.63,1.23,40.4,7,6.0,3,1,0,17,20,0
788,2019,La Liga,Away,1258,1524,6,10,0.47,1.28,45.9,5,3.0,0,4,0,12,52,0
789,2019,Bundesliga,Away,1667,1342,8,0,1.66,1.24,53.4,5,5.0,3,1,0,16,64,1
790,2023,Serie A,Away,1383,1398,6,11,1.01,1.8,45.6,5,4.0,0,4,0,16,93,1
791,2019,Premier League,Away,1547,1326,6,8,0.91,1.24,55.7,8,4.0,1,1,1,19,42,1
792,2023,La Liga,Home,1581,1326,12,8,1.15,2.0,47.0,7,8.0,3,0,0,15,68,0
793,2020,La Liga,Away,1523,1717,8,13,1.46,1.13,35.1,8,5.0,0,1,0,20,13,0
794,2022,Premier League,Away,1542,1480,11,2,1.49,1.15,51.0,7,3.0,1,1,0,19,33,1
795,2024,Premier League,Away,1553,1748,8,10,1.0,0.68,58.4,5,8.0,0,2,0,15,12,0
796,2024,La Liga,Away,1519,1375,11,9,1.68,1.39,54.2,6,8.0,0,2,0,21,78,0
797,2018,Premier League,Home,1394,1569,2,8,1.06,1.26,43.7,6,6.0,3,3,0,20,7,1
798,2024,Premier League,Away,1381,1532,6,10,1.29,1.24,48.4,10,5.0,0,0,0,21,5,0
799,2025,Bundesliga,Away,1485,1623,9,13,1.34,1.24,49.4,7,7.0,1,2,1,16,6,1
800,2023,Bundesliga,Home,1482,1536,7,10,1.33,1.66,48.0,6,3.0,1,1,0,17,12,0
801,2019,Bundesliga,Home,1560,1638,9,8,1.18,1.38,44.7,6,6.0,0,0,0,21,5,0
802,2023,La Liga,Away,1654,1578,10,10,1.51,1.33,44.1,10,4.0,3,1,0,19,8,0
803,2023,Ligue 1,Away,1548,1347,11,1,1.47,1.77,59.5,4,8.0,0,0,0,15,22,1
804,2023,Serie A,Home,1386,1603,8,10,1.17,1.03,,8,7.0,1,2,0,15,49,1
805,2021,Premier League,Home,1195,1486,5,9,1.04,1.54,45.1,5,8.0,0,2,0,18,51,0
806,2022,Premier League,Home,1392,1391,8,7,1.51,1.62,55.3,5,10.0,0,2,0,17,87,1
807,2023,Bundesliga,Home,1312,1597,2,12,1.03,1.64,41.3,4,7.0,1,1,0,17,47,0
808,2021,Premier League,Home,1398,1629,4,10,1.4,0.89,36.9,5,4.0,2,1,0,18,89,0
809,2024,Serie A,Home,1534,1432,4,7,1.33,1.19,51.4,6,6.0,3,2,0,17,77,0
810,2023,Ligue 1,Away,1512,1451,9,12,1.72,1.19,50.7,4,8.0,0,0,0,12,89,0
811,2020,Premier League,Away,1760,1306,12,3,1.28,1.64,63.8,4,4.0,4,0,0,12,71,0
812,2022,Premier League,Home,1568,1247,12,8,1.75,1.63,55.2,4,4.0,2,2,0,13,70,0
813,2024,Ligue 1,Home,1767,1466,12,11,1.51,1.52,54.4,3,7.0,1,0,0,20,94,1
814,2021,Serie A,Away,1600,1611,7,11,1.99,0.72,47.8,6,6.0,1,1,0,16,84,0
815,2023,Premier League,Home,1652,1420,10,5,1.63,1.79,57.7,4,5.0,1,0,0,16,91,1
816,2019,Ligue 1,Away,1450,1700,2,11,1.51,1.23,48.2,8,3.0,0,1,0,17,12,1
817,2021,Ligue 1,Home,1350,1471,5,5,1.14,1.51,58.6,5,7.0,3,1,0,18,79,1
818,2023,Serie A,Away,1437,1472,1,6,1.45,1.47,58.8,5,5.0,0,3,0,13,80,0
819,2025,Serie A,Home,1498,1460,8,7,1.52,1.23,50.3,8,8.0,1,1,0,13,50,1
820,2023,La Liga,Away,1412,1637,6,7,1.22,1.36,40.8,3,6.0,3,1,0,15,26,0
821,2023,Premier League,Away,1360,1366,5,5,1.39,1.49,46.7,7,7.0,1,0,0,16,43,1
822,2020,Serie A,Home,1558,1482,6,4,0.57,1.38,45.3,6,4.0,0,1,0,18,5,1
823,2023,La Liga,Away,1359,1423,4,8,1.03,1.54,49.0,6,6.0,1,1,1,17,66,0
824,2020,Serie A,Away,1285,1421,7,11,1.12,1.4,41.6,10,10.0,3,1,0,16,41,0
825,2018,Bundesliga,Away,1343,1505,2,13,1.3,1.01,40.4,4,4.0,1,3,0,20,37,0
826,2019,Premier League,Home,1467,1484,8,5,1.56,1.32,44.4,6,7.0,0,2,0,21,1,1
827,2022,Serie A,Away,1361,1647,4,7,1.13,1.62,47.3,7,5.0,2,2,0,13,26,0
828,2025,Premier League,Away,1468,1498,3,7,1.22,1.21,48.8,5,3.0,0,4,1,13,14,1
829,2021,Ligue 1,Home,1584,1578,12,11,1.66,1.3,43.3,4,8.0,0,2,0,12,81,1
830,2024,Premier League,Home,1580,1524,12,8,1.73,1.54,55.8,4,5.0,1,4,0,16,52,1
831,2024,Serie A,Away,1407,1697,5,13,1.43,1.7,48.7,5,5.0,0,2,0,20,90,0
832,2022,Serie A,Home,1317,1458,4,9,1.11,1.32,44.2,6,,0,3,1,16,38,1
833,2024,La Liga,Home,1419,1458,6,3,1.9,1.08,45.1,6,3.0,1,0,0,20,73,1
834,2021,Serie A,Away,1592,1604,6,9,1.47,1.42,45.3,3,6.0,4,0,0,15,86,1
835,2021,Bundesliga,Away,1624,1456,7,4,1.54,1.19,55.5,3,3.0,0,2,0,17,65,1
836,2023,Serie A,Home,1549,1570,9,7,1.81,1.36,54.0,5,8.0,4,1,1,20,27,1
837,2023,Bundesliga,Home,1668,1827,15,11,1.92,1.21,46.9,3,8.0,1,0,0,13,15,0
838,2022,Ligue 1,Away,1742,1363,9,8,1.79,1.35,52.7,4,6.0,2,1,0,13,84,1
839,2021,La Liga,Away,1432,1714,9,10,1.05,1.09,48.3,6,6.0,1,0,0,15,44,0
840,2025,Serie A,Home,1708,1431,11,6,1.61,1.62,56.7,5,7.0,1,2,0,17,26,1
841,2018,Premier League,Home,1464,1687,3,15,1.44,1.45,43.4,6,7.0,0,0,0,21,11,0
842,2018,Bundesliga,Home,1643,1596,9,7,2.0,1.27,53.3,5,5.0,1,0,0,15,38,0
843,2021,Serie A,Away,1599,1584,8,10,2.2,1.32,55.6,3,4.0,4,0,0,12,91,0
844,2018,La Liga,Home,1223,1479,8,9,0.9,1.09,37.9,3,7.0,0,4,0,13,21,0
845,2020,Premier League,Away,1365,1465,10,8,1.41,1.41,40.8,3,6.0,1,0,0,18,36,0
846,2022,Ligue 1,Away,1329,1399,6,4,0.96,1.34,48.0,8,5.0,1,0,0,12,25,0
847,2021,La Liga,Home,1251,1501,8,5,1.04,1.37,43.6,10,5.0,0,0,0,13,18,0
848,2019,Bundesliga,Home,1623,1474,9,9,1.27,1.73,58.2,4,7.0,0,3,0,17,50,1
849,2020,Premier League,Home,1790,1527,14,11,2.09,1.04,62.9,8,6.0,3,1,0,18,48,1
850,2022,Ligue 1,Home,1464,1303,7,5,1.37,1.82,51.5,4,8.0,2,3,0,19,47,0
851,2025,Premier League,Away,1620,1503,12,4,1.56,1.4,54.6,6,3.0,4,0,0,19,30,0
852,2024,Premier League,Home,1708,1677,13,10,1.59,1.18,53.1,5,6.0,3,0,0,12,28,1
853,2022,Bundesliga,Home,1529,1632,10,13,1.48,1.01,50.2,6,5.0,3,0,0,19,48,0
854,2019,Ligue 1,Away,1496,1503,6,5,1.45,1.42,41.7,7,4.0,0,0,0,12,37,1
855,2019,Premier League,Home,1466,1859,6,11,1.14,1.57,42.8,8,8.0,1,3,0,12,64,1
856,2021,La Liga,Away,1575,1419,10,7,1.01,0.79,49.7,8,5.0,1,1,0,18,19,1
857,2019,Bundesliga,Away,1622,1488,11,10,1.15,0.87,56.2,4,5.0,1,1,1,19,16,0
858,2023,Ligue 1,Home,1565,1297,9,4,1.02,1.49,50.9,7,4.0,2,0,0,12,76,1
859,2020,La Liga,Away,1560,1443,7,8,1.46,1.48,53.2,5,7.0,4,0,0,18,24,0
860,2024,Serie A,Home,1493,1750,8,14,1.14,1.36,42.0,4,,0,1,0,15,92,0
861,2020,Bundesliga,Home,1277,1449,4,3,1.35,1.51,56.3,5,5.0,2,0,0,17,35,0
862,2021,Bundesliga,Home,1626,1286,8,2,1.55,1.13,54.0,5,6.0,2,3,0,12,39,1
863,2023,Bundesliga,Home,1320,1622,10,9,0.69,1.39,37.6,6,6.0,2,1,0,12,9,0
864,2019,Serie A,Home,1587,1554,7,11,1.34,1.26,58.1,6,10.0,0,0,0,20,53,1
865,2024,Premier League,Away,1606,1616,10,10,0.94,1.47,54.0,5,5.0,0,0,1,21,46,0
866,2022,Ligue 1,Home,1340,1458,6,10,0.89,1.21,48.2,7,8.0,1,0,0,13,24,0
867,2023,Ligue 1,Home,1415,1359,3,2,1.13,1.09,48.8,3,6.0,1,0,0,17,15,0
868,2021,Bundesliga,Away,1797,1474,8,8,1.44,1.26,52.1,8,3.0,2,0,0,16,6,1
869,2025,Premier League,Home,1489,1578,7,1,1.81,1.4,45.4,7,7.0,4,1,0,15,59,0
870,2024,Premier League,Home,1329,1490,0,11,1.35,1.45,43.1,5,5.0,3,1,0,17,93,0
871,2019,Bundesliga,Away,1612,1554,14,12,1.39,1.31,47.7,6,8.0,0,0,0,15,77,0
872,2022,Premier League,Away,1392,1425,5,6,1.59,1.26,46.4,5,5.0,1,1,0,20,36,1
873,2025,Ligue 1,Away,1231,1560,3,3,0.81,1.26,38.8,3,3.0,2,3,0,16,94,1
874,2020,La Liga,Home,1573,1500,12,7,1.35,1.72,56.4,10,6.0,1,1,0,12,57,1
875,2022,Bundesliga,Away,1372,1401,6,10,1.42,2.08,42.1,5,5.0,0,1,0,21,88,0
876,2024,Ligue 1,Away,1545,1520,10,9,1.12,1.44,52.4,7,6.0,1,0,0,19,64,0
877,2020,La Liga,Home,1386,1446,5,12,1.4,1.65,49.6,7,4.0,2,1,0,16,5,0
878,2022,La Liga,Home,1599,1586,9,8,1.53,1.09,49.8,7,5.0,2,3,0,19,33,1
879,2022,Serie A,Home,1526,1622,10,15,1.53,1.58,50.7,3,6.0,2,2,0,19,78,0
880,2019,Serie A,Home,1150,1570,1,3,1.41,1.2,41.4,7,6.0,0,1,0,21,17,0
881,2019,La Liga,Home,1553,1271,10,3,1.52,1.24,57.4,5,10.0,1,1,0,17,61,1
882,2022,Serie A,Home,1459,1365,1,3,1.34,1.76,57.7,8,,0,3,0,13,93,1
883,2019,Ligue 1,Away,1698,1411,13,9,1.19,1.45,44.7,5,6.0,0,0,0,15,17,1
884,2025,La Liga,Away,1555,1389,7,3,1.46,1.8,64.9,6,8.0,3,0,1,19,37,0
885,2022,Premier League,Home,1606,1424,9,9,1.35,1.62,60.2,5,3.0,0,0,0,21,62,1
886,2023,La Liga,Home,1401,1630,6,11,1.21,0.91,52.7,7,8.0,2,2,0,21,2,1
887,2021,La Liga,Home,1389,1598,4,9,1.11,1.31,40.2,10,5.0,2,2,0,16,11,1
888,2020,Premier League,Away,1496,1441,5,7,1.47,1.18,51.6,5,7.0,0,2,0,19,89,1
889,2021,Premier League,Away,1450,1583,8,6,1.05,1.59,48.1,5,6.0,0,1,0,20,56,0
890,2023,Bundesliga,Away,1687,1546,11,10,1.61,1.33,51.5,7,8.0,0,2,0,12,46,0
891,2021,La Liga,Away,1479,1495,5,6,1.07,1.19,50.4,5,5.0,1,2,0,12,26,0
892,2020,Ligue 1,Home,1329,1661,7,12,0.71,0.7,42.9,4,8.0,1,3,0,15,72,1
893,2019,Premier League,Home,1384,1407,8,11,1.14,1.73,43.3,10,8.0,0,0,0,16,14,1
894,2022,Premier League,Home,1635,1507,8,7,1.61,1.26,56.8,3,4.0,0,0,0,17,31,1
895,2023,Bundesliga,Home,1477,1353,4,9,1.13,1.42,56.3,8,6.0,1,1,0,13,90,1
896,2022,Ligue 1,Away,1469,1360,7,7,1.35,1.6,49.2,3,4.0,1,0,0,13,14,1
897,2020,La Liga,Home,1648,1309,10,7,1.42,1.3,51.9,6,6.0,3,0,0,19,31,1
898,2019,Premier League,Home,1372,1362,6,3,0.95,1.09,50.8,5,8.0,0,1,0,19,47,0
899,2021,Premier League,Home,1187,1512,2,6,1.15,1.39,37.7,6,6.0,1,3,0,15,73,0
900,2020,Serie A,Away,1381,1458,7,5,1.06,1.16,49.4,6,7.0,1,0,0,16,43,0
901,2019,La Liga,Away,1534,1462,11,11,1.48,1.36,47.8,4,8.0,1,4,0,17,19,0
902,2025,Premier League,Home,1465,1458,5,6,0.95,1.17,57.7,5,6.0,0,3,0,21,71,1
903,2020,Premier League,Away,1282,1748,4,12,1.14,0.79,34.9,7,,0,1,0,21,87,0
904,2020,Serie A,Home,1642,1341,15,6,1.66,1.08,53.1,3,6.0,0,1,0,18,24,1
905,2022,Ligue 1,Home,1523,1326,9,5,1.46,1.53,55.0,5,8.0,0,2,1,19,23,1
906,2024,Serie A,Home,1554,1382,5,3,1.63,1.73,46.3,4,7.0,1,0,0,18,59,1
907,2021,Serie A,Home,1559,1490,7,3,1.58,1.6,47.4,5,4.0,2,0,0,21,77,0
908,2023,Premier League,Home,1318,1572,3,8,1.22,1.29,35.4,4,8.0,1,0,0,20,78,0
909,2018,Premier League,Home,1542,1587,9,8,1.61,1.63,49.9,6,8.0,0,0,0,20,82,1
910,2022,La Liga,Home,1627,1632,10,7,1.4,1.1,54.5,7,4.0,1,0,0,17,17,1
911,2018,Bundesliga,Away,1660,1485,8,8,1.66,1.57,52.2,4,5.0,1,2,0,12,87,1
912,2019,Ligue 1,Home,1601,1445,14,12,1.47,1.28,60.2,6,3.0,2,0,0,17,90,0
913,2022,Ligue 1,Home,1572,1729,9,14,1.89,0.96,41.8,5,8.0,1,1,0,18,20,0
914,2019,Ligue 1,Away,1257,1150,3,4,1.15,1.87,50.3,4,6.0,0,1,0,17,5,1
915,2018,Ligue 1,Away,1498,1509,4,8,1.03,1.45,54.2,7,5.0,1,1,0,19,42,1
916,2019,Ligue 1,Away,1366,1560,4,10,1.27,1.45,48.7,4,4.0,1,2,0,20,14,0
917,2024,Premier League,Away,1680,1762,6,11,1.31,0.74,50.2,6,6.0,0,0,0,17,69,1
918,2022,Premier League,Home,1658,1268,9,7,1.71,1.82,65.3,8,10.0,0,4,0,15,63,1
919,2021,La Liga,Home,1367,1441,4,8,1.39,1.57,47.9,6,5.0,2,0,0,20,62,0
920,2025,Serie A,Away,1494,1310,9,6,1.19,1.42,56.1,5,10.0,3,3,0,21,19,0
921,2021,Premier League,Away,1535,1248,6,3,1.13,1.72,53.8,6,7.0,2,1,0,13,40,0
922,2025,Bundesliga,Home,1626,1471,11,8,1.52,1.65,63.5,8,7.0,2,0,0,15,56,1
923,2020,Serie A,Home,1265,1617,6,3,0.87,1.06,38.9,6,4.0,4,2,0,20,15,0
924,2018,Serie A,Away,1191,1669,5,10,0.8,1.02,37.0,6,4.0,0,1,0,18,24,0
925,2018,Premier League,Home,1505,1426,10,1,1.23,1.34,53.0,5,,0,0,0,21,56,0
926,2020,Premier League,Home,1150,1593,8,9,1.12,0.71,42.3,7,4.0,1,3,0,16,42,0
927,2019,Premier League,Away,1522,1472,6,5,1.0,1.46,54.5,4,6.0,4,0,0,12,74,0
928,2019,Bundesliga,Away,1583,1578,11,12,1.25,1.51,36.6,7,6.0,1,4,0,20,57,1
929,2021,Serie A,Home,1673,1662,11,10,2.14,1.35,59.1,6,7.0,3,3,0,12,93,0
930,2025,Bundesliga,Home,1413,1473,9,7,1.74,1.49,56.5,3,6.0,4,0,0,21,22,1
931,2019,La Liga,Home,1523,1651,8,10,1.68,1.47,53.1,7,4.0,2,1,0,21,68,0
932,2019,La Liga,Home,1591,1330,12,3,1.46,1.48,57.3,6,7.0,1,2,0,17,46,1
933,2025,La Liga,Home,1335,1592,2,12,1.36,0.87,49.8,6,7.0,2,2,0,19,24,0
934,2019,Bundesliga,Away,1628,1645,6,11,1.39,1.25,50.9,6,3.0,2,2,0,17,87,0
935,2024,Bundesliga,Away,1538,1630,6,8,0.72,1.56,48.9,8,6.0,1,0,0,13,88,0
936,2022,Premier League,Home,1415,1334,6,3,1.11,1.59,55.5,6,3.0,0,2,0,17,18,1
937,2025,Ligue 1,Away,1520,1471,8,6,1.25,1.28,53.9,7,3.0,0,0,0,12,10,0
938,2022,Premier League,Away,1480,1542,5,8,1.34,1.51,53.6,6,3.0,0,3,0,16,90,1
939,2022,Ligue 1,Away,1609,1562,6,5,1.59,1.39,40.4,7,7.0,1,2,0,15,38,0
940,2019,Premier League,Home,1450,1516,5,7,1.71,1.28,47.9,7,6.0,1,1,0,19,34,1
941,2022,La Liga,Home,1532,1700,3,8,1.39,1.2,39.7,10,6.0,0,3,0,13,35,1
942,2023,Bundesliga,Home,1413,1319,6,5,1.0,1.43,57.0,6,4.0,2,1,0,19,1,0
943,2025,Premier League,Away,1369,1466,6,7,1.16,1.53,43.0,5,3.0,1,3,0,13,40,0
944,2018,La Liga,Away,1524,1264,9,6,1.54,1.34,55.1,8,4.0,1,1,0,18,42,1
945,2019,La Liga,Away,1374,1587,6,9,1.18,1.35,49.4,6,5.0,3,0,0,17,72,1
946,2018,Premier League,Away,1612,1578,14,9,1.27,1.5,57.4,6,8.0,1,1,0,12,94,0
947,2024,Bundesliga,Away,1583,1900,11,13,1.57,1.05,46.5,7,4.0,1,0,0,15,58,0
948,2018,Bundesliga,Away,1393,1644,8,9,0.95,1.28,47.5,6,4.0,3,0,0,15,23,0
949,2025,Ligue 1,Home,1530,1546,9,10,1.16,1.33,43.7,7,4.0,3,4,0,17,4,0
950,2020,La Liga,Away,1392,1536,8,1,1.34,1.45,41.3,10,7.0,1,4,1,18,1,0
951,2020,Serie A,Home,1275,1456,4,6,0.91,1.3,38.8,7,4.0,1,1,1,12,16,1
952,2025,Premier League,Home,1416,1518,7,6,1.17,1.3,,7,3.0,0,0,0,12,34,1
953,2023,Premier League,Away,1493,1539,12,8,1.35,1.09,49.6,7,6.0,0,3,0,21,48,0
954,2022,Premier League,Away,1573,1225,8,3,1.42,1.53,63.7,6,6.0,2,0,0,18,34,1
955,2025,Ligue 1,Away,1521,1528,4,9,1.13,0.82,54.8,6,5.0,0,4,0,21,15,1
956,2024,Ligue 1,Home,1627,1514,11,10,1.57,1.34,43.6,10,8.0,3,1,0,13,41,1
957,2023,Bundesliga,Home,1363,1746,8,7,0.97,1.28,40.2,6,6.0,1,1,0,19,32,0
958,2020,Serie A,Home,1447,1482,7,8,1.7,1.35,,3,3.0,0,2,0,21,72,1
959,2025,Serie A,Away,1730,1393,5,3,1.5,1.68,46.8,4,5.0,0,3,0,19,69,1
960,2023,Serie A,Home,1230,1538,8,9,1.2,1.65,46.4,4,7.0,1,2,1,21,59,0
961,2025,Serie A,Home,1437,1510,7,6,1.46,1.34,52.2,6,4.0,4,2,0,21,90,1
962,2025,La Liga,Home,1350,1482,5,5,1.1,1.12,43.7,4,7.0,2,0,0,15,9,1
963,2022,Premier League,Away,1473,1321,10,1,1.08,1.78,52.3,8,6.0,1,0,0,15,25,1
964,2020,Premier League,Away,1439,1478,2,7,1.47,1.59,49.8,4,5.0,0,3,0,18,57,1
965,2025,Ligue 1,Away,1584,1419,9,4,1.09,1.54,56.2,7,4.0,1,1,0,15,32,1
966,2025,Serie A,Home,1536,1470,7,3,1.07,1.25,48.4,8,,0,2,0,19,95,1
967,2018,Ligue 1,Away,1317,1603,9,9,1.3,1.35,38.6,10,3.0,1,2,0,17,95,0
968,2023,Premier League,Home,1418,1406,7,9,1.21,1.36,44.9,3,6.0,0,0,0,16,53,0
969,2022,Serie A,Away,1500,1469,5,8,1.17,1.19,58.2,5,4.0,0,0,0,18,40,0
970,2023,Premier League,Home,1604,1576,12,5,1.34,1.37,56.8,7,8.0,3,2,0,16,51,1
971,2025,Premier League,Home,1841,1462,5,7,1.53,1.14,54.0,8,4.0,2,4,0,19,14,0
972,2020,Premier League,Away,1598,1865,10,14,2.0,1.21,38.8,6,5.0,3,4,0,20,75,0
973,2025,Premier League,Away,1358,1535,3,8,1.45,1.39,40.3,4,7.0,0,0,0,15,51,0
974,2023,Ligue 1,Away,1487,1326,6,6,1.13,1.48,46.6,5,7.0,1,1,0,18,31,1
975,2018,La Liga,Away,1525,1382,7,5,1.3,1.45,63.3,5,4.0,1,0,0,19,51,0
976,2022,Serie A,Home,1427,1368,9,5,1.42,1.2,47.8,7,10.0,0,1,0,13,81,1
977,2019,La Liga,Home,1566,1384,14,4,1.18,1.2,58.3,8,8.0,1,1,0,12,81,0
978,2025,La Liga,Home,1182,1575,0,10,0.86,1.72,38.5,5,5.0,4,0,0,21,31,0
979,2024,Serie A,Home,1577,1345,10,7,1.36,1.45,54.7,10,5.0,1,4,0,18,82,1
980,2025,Premier League,Away,1433,1454,12,6,1.06,1.04,48.0,6,5.0,0,0,0,19,57,0
981,2022,Ligue 1,Away,1485,1660,6,11,1.61,1.44,47.5,5,5.0,0,3,0,16,77,1
982,2021,Bundesliga,Home,1705,1427,8,3,1.4,1.16,56.0,3,7.0,0,4,0,21,6,1
983,2021,Bundesliga,Away,1323,1594,6,8,1.13,1.41,47.0,6,6.0,1,4,0,20,1,0
984,2025,La Liga,Away,1538,1264,10,1,1.42,1.93,62.6,5,8.0,1,2,0,15,51,1
985,2019,Premier League,Away,1611,1448,11,4,1.87,1.34,51.0,4,5.0,2,2,0,21,5,1
986,2025,Ligue 1,Home,1524,1376,7,2,1.35,1.75,54.7,8,6.0,0,0,0,16,42,0
987,2021,La Liga,Home,1274,1542,3,6,1.64,1.5,35.1,3,7.0,2,1,1,19,15,0
988,2022,Premier League,Away,1689,1355,13,7,1.47,1.87,55.7,8,5.0,0,4,0,16,90,1
989,2023,La Liga,Home,1470,1790,5,11,1.26,1.23,42.1,3,8.0,0,0,0,16,35,1
990,2018,Bundesliga,Away,1426,1270,2,3,1.5,1.42,52.9,4,,2,1,0,12,42,1
991,2019,Serie A,Home,1457,1659,3,9,1.78,0.69,44.4,7,6.0,0,0,0,17,26,0
992,2019,Bundesliga,Away,1446,1623,5,4,1.22,1.04,48.2,10,,2,0,0,13,36,0
993,2024,Bundesliga,Home,1333,1543,9,10,1.48,1.19,48.4,3,7.0,2,0,0,19,46,0
994,2018,Premier League,Away,1523,1508,5,2,1.59,1.59,39.7,4,6.0,4,2,1,20,30,0
995,2022,Ligue 1,Home,1416,1760,10,9,1.07,1.42,42.3,6,4.0,0,2,0,16,51,1
996,2018,La Liga,Away,1594,1846,12,11,1.45,0.76,42.1,8,5.0,2,1,0,13,91,1
997,2024,Serie A,Away,1572,1471,9,8,1.42,1.68,50.1,5,5.0,0,1,0,21,94,1
998,2025,Premier League,Away,1728,1522,4,8,1.34,1.14,62.1,6,7.0,0,0,0,12,63,1
999,2021,Ligue 1,Away,1470,1423,4,6,1.36,1.21,42.4,5,7.0,1,2,0,20,27,0
1000,2019,La Liga,Away,1388,1336,5,9,1.25,1.15,51.0,4,6.0,0,0,0,20,60,1
1001,2021,Premier League,Away,1294,1565,10,14,1.22,1.38,50.4,3,7.0,2,0,0,21,77,0
1002,2023,La Liga,Home,1807,1535,10,8,1.71,1.17,57.2,6,6.0,2,1,1,21,13,0
1003,2023,Premier League,Home,1593,1275,7,5,1.29,1.88,53.2,8,4.0,3,0,0,18,15,1
1004,2023,Premier League,Home,1403,1564,7,8,1.85,1.07,44.9,4,4.0,0,1,0,20,94,0
1005,2022,Serie A,Away,1737,1540,7,6,1.66,1.5,63.8,6,5.0,0,0,0,16,77,1
1006,2023,La Liga,Home,1690,1416,10,7,1.88,1.12,62.7,7,4.0,1,2,1,18,15,1
1007,2019,Ligue 1,Home,1311,1407,3,10,1.25,1.69,45.0,4,8.0,2,0,0,17,53,1
1008,2019,La Liga,Away,1395,1559,13,2,1.61,1.33,53.6,5,4.0,2,1,0,17,76,0
1009,2025,Bundesliga,Away,1481,1725,5,10,1.14,1.22,47.1,8,3.0,0,4,0,13,38,0
1010,2022,La Liga,Away,1350,1556,11,12,1.16,1.21,32.1,5,7.0,2,2,0,15,91,0
1011,2024,Serie A,Home,1486,1609,4,10,1.22,1.15,46.4,4,4.0,1,0,0,15,87,0
1012,2023,Serie A,Home,1600,1383,9,7,1.32,1.58,64.6,3,3.0,0,0,0,16,16,1
1013,2021,La Liga,Away,1308,1442,6,3,1.21,1.85,45.9,6,6.0,0,3,0,20,61,1
1014,2022,Ligue 1,Home,1541,1585,8,10,1.33,1.01,56.5,5,4.0,4,0,1,13,80,1
1015,2023,La Liga,Home,1664,1310,10,8,1.17,1.44,51.7,10,5.0,2,2,0,20,37,1
1016,2019,Premier League,Home,1556,1529,10,8,1.34,1.17,44.1,6,5.0,0,0,1,21,38,1
1017,2021,Serie A,Home,1489,1569,8,7,1.24,0.91,53.7,4,10.0,0,0,0,18,47,0
1018,2023,Bundesliga,Home,1406,1495,6,9,1.47,0.97,52.0,3,3.0,2,4,0,19,33,1
1019,2018,Premier League,Away,1616,1545,7,5,1.12,1.13,51.6,8,3.0,0,3,0,17,10,0
1020,2018,La Liga,Home,1335,1508,5,5,1.04,1.24,50.0,7,7.0,0,1,0,17,21,0
1021,2019,Ligue 1,Away,1534,1413,7,9,1.2,1.78,50.1,6,5.0,1,2,0,15,89,0
1022,2022,Bundesliga,Home,1504,1335,7,8,1.54,1.75,,5,6.0,1,1,0,13,56,0
1023,2019,Ligue 1,Away,1658,1487,10,5,1.39,1.16,56.2,3,3.0,0,0,0,12,91,0
1024,2021,Serie A,Away,1418,1683,3,7,1.52,1.38,41.9,6,10.0,3,2,0,13,6,0
1025,2019,Serie A,Home,1430,1643,4,7,1.26,1.02,46.8,4,6.0,2,2,0,19,16,1
1026,2020,La Liga,Home,1326,1452,8,7,1.28,1.37,47.9,7,6.0,0,4,0,17,48,1
1027,2018,Ligue 1,Home,1561,1449,2,4,1.69,1.48,51.1,8,7.0,4,0,0,18,42,0
1028,2024,La Liga,Home,1441,1438,10,10,0.98,1.93,59.5,8,5.0,0,0,1,17,93,0
1029,2021,Bundesliga,Home,1379,1438,5,6,1.16,1.47,43.3,3,5.0,0,0,0,21,35,1
1030,2019,La Liga,Home,1393,1540,11,9,1.34,0.94,47.1,5,5.0,0,1,0,20,61,0
1031,2022,Serie A,Home,1575,1648,12,7,1.48,1.4,47.7,6,7.0,2,4,0,18,44,1
1032,2025,Bundesliga,Away,1346,1817,5,13,0.86,1.35,39.8,5,3.0,1,2,0,21,39,0
1033,2024,Serie A,Home,1358,1384,5,8,1.37,1.68,,6,4.0,1,3,0,15,44,1
1034,2025,Ligue 1,Away,1625,1591,13,4,1.5,1.02,56.2,6,7.0,1,4,0,18,20,1
1035,2021,La Liga,Home,1477,1576,11,7,1.36,1.31,49.1,3,3.0,1,2,0,17,17,0
1036,2020,Serie A,Away,1634,1454,12,7,1.44,1.39,51.2,4,8.0,0,1,0,20,64,1
1037,2020,La Liga,Away,1450,1356,10,4,0.5,1.92,47.2,6,6.0,1,0,0,12,9,0
1038,2020,La Liga,Away,1500,1539,5,10,1.49,1.47,45.2,7,4.0,3,0,0,18,58,0
1039,2025,La Liga,Away,1522,1797,8,10,1.52,1.51,39.1,3,4.0,2,1,0,15,29,1
1040,2019,Premier League,Home,1694,1538,8,10,1.46,1.14,57.3,5,4.0,1,3,0,15,1,0
1041,2024,Premier League,Home,1683,1390,7,7,1.18,1.39,56.9,4,4.0,3,1,0,18,32,1
1042,2025,Serie A,Home,1661,1478,10,7,1.39,1.24,56.6,8,6.0,4,1,0,15,61,0
1043,2024,Serie A,Away,1412,1340,5,8,1.5,1.74,44.9,5,7.0,2,1,0,18,59,0
1044,2023,Serie A,Away,1362,1503,5,4,1.1,1.63,44.9,5,4.0,0,2,0,19,66,0
1045,2024,Premier League,Away,1607,1596,7,8,1.47,1.36,52.7,7,3.0,0,2,0,20,20,0
1046,2018,La Liga,Home,1693,1403,7,4,1.48,1.46,62.5,3,3.0,2,1,1,12,81,1
1047,2024,Premier League,Home,1663,1150,14,3,1.61,1.77,55.4,4,4.0,1,1,1,19,77,1
1048,2022,Bundesliga,Away,1502,1539,8,7,1.02,0.97,56.9,8,4.0,1,0,0,19,44,1
1049,2025,Ligue 1,Away,1602,1430,5,7,1.41,1.31,61.5,6,5.0,1,0,0,21,3,1
1050,2018,Premier League,Home,1604,1395,9,6,1.74,1.36,60.3,5,7.0,0,0,0,19,52,0
1051,2025,Serie A,Home,1521,1394,12,7,1.14,1.44,59.5,6,3.0,0,4,0,12,35,0
1052,2022,Premier League,Away,1527,1556,10,9,1.31,1.14,47.4,6,4.0,0,2,1,13,38,0
1053,2018,La Liga,Away,1514,1443,6,8,1.63,1.19,47.8,4,3.0,1,0,0,19,63,1
1054,2022,Premier League,Home,1390,1630,5,6,1.42,0.83,44.4,8,10.0,1,1,0,20,35,1
1055,2018,La Liga,Home,1404,1633,4,10,1.36,1.34,45.8,5,6.0,0,0,0,16,21,1
1056,2018,Serie A,Home,1402,1462,4,3,1.34,1.04,45.4,5,4.0,1,2,0,12,34,1
1057,2022,Ligue 1,Home,1276,1427,3,0,1.2,1.67,49.2,3,3.0,0,1,0,19,82,1
1058,2024,Premier League,Home,1520,1518,4,13,1.31,1.41,57.1,6,4.0,1,2,0,13,59,1
1059,2018,Serie A,Away,1494,1480,6,5,1.62,1.59,54.8,6,7.0,1,2,0,18,31,1
1060,2020,Bundesliga,Home,1607,1255,10,3,1.35,1.35,59.0,6,10.0,1,1,0,13,20,1
1061,2021,Ligue 1,Away,1677,1768,9,6,1.3,1.57,35.5,7,4.0,2,0,0,15,80,1
1062,2022,Serie A,Away,1685,1600,10,8,1.21,1.81,44.4,5,7.0,0,0,0,13,56,0
1063,2018,Premier League,Away,1699,1435,14,7,1.41,1.42,56.1,6,7.0,0,3,0,17,14,1
1064,2023,Serie A,Home,1394,1232,11,5,1.08,1.69,57.3,4,6.0,1,0,0,18,86,1
1065,2021,La Liga,Away,1300,1475,5,4,0.95,1.37,38.5,8,6.0,2,2,0,15,54,0
1066,2025,Ligue 1,Away,1630,1418,11,5,1.2,1.68,55.8,7,8.0,3,3,0,20,77,0
1067,2020,La Liga,Home,1693,1492,9,8,1.66,1.56,58.6,4,6.0,1,1,0,16,61,1
1068,2021,Bundesliga,Away,1718,1197,9,4,1.35,1.18,62.7,3,6.0,3,0,0,17,47,1
1069,2018,Premier League,Home,1568,1434,5,7,1.56,1.2,50.2,4,6.0,1,2,0,19,90,0
1070,2025,La Liga,Home,1220,1442,4,9,1.22,1.5,37.0,4,7.0,2,0,0,16,66,0
1071,2024,Ligue 1,Home,1551,1473,11,7,2.05,1.57,55.8,7,4.0,1,0,0,19,4,1
1072,2020,Serie A,Home,1578,1467,5,11,1.32,1.42,,3,7.0,0,1,0,21,95,1
1073,2021,La Liga,Home,1675,1507,9,7,1.5,0.92,,4,7.0,2,0,0,18,1,0
1074,2024,Ligue 1,Home,1700,1713,9,12,1.38,1.3,50.6,5,5.0,1,0,0,16,81,0
1075,2020,Bundesliga,Home,1627,1428,10,9,1.2,1.87,56.8,3,3.0,1,2,0,15,90,1
1076,2019,La Liga,Away,1418,1372,7,2,1.15,0.89,55.3,4,7.0,2,2,0,18,7,1
1077,2019,Serie A,Away,1356,1258,7,6,1.0,1.8,50.6,7,8.0,2,3,1,17,19,1
1078,2023,Serie A,Home,1575,1428,13,5,1.14,1.87,56.0,8,6.0,0,2,0,21,89,1
1079,2019,Serie A,Away,1389,1304,4,3,1.29,1.76,48.9,5,7.0,0,0,0,19,8,0
1080,2018,La Liga,Away,1707,1634,8,8,1.31,1.21,47.8,7,7.0,0,0,0,20,52,0
1081,2019,Premier League,Away,1261,1487,5,8,1.23,1.59,39.8,7,4.0,2,2,0,13,22,0
1082,2025,Ligue 1,Home,1579,1632,12,5,1.65,1.21,46.2,3,3.0,1,1,0,15,35,1
1083,2024,Ligue 1,Home,1545,1705,4,10,1.18,1.3,56.3,7,8.0,1,0,0,12,32,1
1084,2025,Bundesliga,Home,1471,1379,8,5,1.67,1.48,47.8,7,4.0,0,1,0,17,68,1
1085,2020,Ligue 1,Home,1370,1451,5,10,1.31,1.42,51.0,7,5.0,0,0,0,18,15,0
1086,2021,Bundesliga,Home,1211,1686,6,8,1.01,0.99,37.0,5,8.0,1,0,0,17,85,0
1087,2021,Bundesliga,Home,1426,1526,8,11,0.82,1.21,41.8,6,5.0,0,0,0,21,73,1
1088,2022,Bundesliga,Home,1428,1573,7,9,0.84,1.69,50.3,4,5.0,1,0,0,19,28,1
1089,2018,Serie A,Home,1656,1645,11,9,1.91,1.06,47.8,7,3.0,1,1,0,18,51,1
1090,2022,La Liga,Home,1390,1626,4,12,1.56,0.75,41.9,7,3.0,2,4,1,12,13,0
1091,2018,Premier League,Away,1563,1557,10,13,1.82,2.18,55.6,6,6.0,2,1,0,17,91,0
1092,2020,Serie A,Away,1319,1695,9,9,1.62,1.07,39.3,7,8.0,3,4,0,20,15,0
1093,2020,La Liga,Away,1567,1490,9,5,1.77,1.29,53.0,3,4.0,3,1,0,21,23,0
1094,2023,Premier League,Home,1187,1573,3,9,1.07,1.18,40.2,6,8.0,1,1,0,18,59,0
1095,2025,Serie A,Home,1793,1475,11,4,1.81,1.38,57.5,5,3.0,2,2,1,17,43,1
1096,2023,La Liga,Home,1480,1643,9,6,1.16,1.03,39.3,6,8.0,1,0,0,18,91,1
1097,2021,Premier League,Home,1150,1402,3,10,1.02,1.81,48.0,3,8.0,1,3,0,21,33,0
1098,2022,Bundesliga,Away,1400,1264,3,6,1.43,1.51,54.5,4,3.0,1,0,0,12,72,1
1099,2022,Ligue 1,Away,1377,1592,8,6,1.41,1.01,48.7,3,5.0,2,2,0,18,16,0
1100,2019,Premier League,Away,1408,1357,4,14,1.22,0.76,51.9,5,4.0,3,1,0,13,39,1
1101,2025,Premier League,Home,1449,1343,8,2,0.79,1.77,57.9,8,10.0,0,2,0,13,65,0
1102,2025,La Liga,Away,1407,1677,2,11,0.87,1.08,44.0,3,4.0,0,4,0,16,44,0
1103,2019,Bundesliga,Away,1386,1635,6,7,1.34,1.32,50.6,8,6.0,0,2,0,20,13,1
1104,2018,Bundesliga,Home,1338,1452,5,12,1.05,1.16,42.6,6,5.0,2,0,1,12,2,0
1105,2019,Premier League,Away,1615,1150,4,2,1.64,1.69,57.7,8,6.0,1,3,0,13,47,1
1106,2023,Bundesliga,Home,1668,1575,10,8,1.23,1.28,61.3,7,6.0,1,0,1,19,32,0
1107,2018,Premier League,Home,1464,1593,4,4,1.65,1.5,50.9,5,5.0,2,1,0,13,51,1
1108,2018,La Liga,Home,1498,1572,8,14,1.11,1.33,57.5,5,8.0,0,0,0,16,34,1
1109,2023,Ligue 1,Away,1342,1566,5,7,1.55,1.01,47.5,3,4.0,2,1,0,15,6,0
1110,2019,Premier League,Away,1510,1475,4,8,0.97,1.97,49.5,6,8.0,0,1,0,19,28,0
1111,2018,Premier League,Away,1532,1443,5,7,1.54,1.51,61.6,6,6.0,1,2,0,16,50,0
1112,2018,La Liga,Away,1469,1345,5,4,1.08,1.25,44.0,7,8.0,0,0,0,15,42,0
1113,2023,Serie A,Home,1555,1402,11,1,1.41,1.49,57.8,6,7.0,0,4,0,12,62,1
1114,2020,Ligue 1,Home,1543,1545,10,7,1.67,1.41,37.3,4,7.0,1,0,0,21,77,1
1115,2020,Ligue 1,Away,1352,1547,11,7,1.41,1.43,52.7,4,5.0,4,1,0,21,92,0
1116,2023,Premier League,Away,1667,1611,8,10,1.33,1.34,46.3,7,4.0,1,3,0,17,41,1
1117,2019,Premier League,Away,1471,1303,6,11,1.16,1.59,52.7,6,8.0,1,1,0,20,34,0
1118,2022,Bundesliga,Away,1735,1268,11,6,1.22,1.79,56.8,3,4.0,3,0,0,12,49,1
1119,2021,La Liga,Home,1559,1447,7,9,0.97,1.58,55.8,7,3.0,0,1,0,17,58,0
1120,2023,Ligue 1,Away,1776,1357,9,5,1.45,1.67,59.6,5,7.0,3,0,0,17,3,1
1121,2022,Serie A,Away,1665,1526,10,4,1.32,0.88,60.4,4,7.0,2,0,0,18,22,0
1122,2023,Premier League,Away,1532,1317,10,5,1.01,1.08,52.1,3,8.0,0,0,0,18,40,1
1123,2019,Bundesliga,Home,1399,1665,1,8,1.19,1.0,37.4,4,7.0,1,2,0,21,85,0
1124,2019,Premier League,Away,1402,1385,5,6,1.23,1.39,48.1,3,7.0,2,0,0,13,73,0
1125,2022,La Liga,Away,1575,1723,5,9,1.43,0.96,54.5,7,4.0,1,2,0,18,27,1
1126,2018,Serie A,Home,1520,1573,7,4,1.17,1.03,53.9,6,6.0,2,2,0,12,57,0
1127,2021,Serie A,Home,1418,1352,8,9,1.12,1.54,57.4,10,8.0,0,2,0,21,15,1
1128,2023,Bundesliga,Away,1617,1793,12,11,1.4,0.87,42.8,4,8.0,0,1,0,17,31,1
1129,2024,Serie A,Home,1505,1537,6,7,1.56,0.72,42.6,5,8.0,2,1,0,20,35,1
1130,2023,Ligue 1,Away,1617,1523,9,5,1.31,0.99,59.5,6,7.0,1,3,0,17,57,1
1131,2025,Ligue 1,Away,1363,1491,1,6,0.78,1.21,39.9,6,5.0,2,1,0,21,79,0
1132,2022,Serie A,Home,1640,1565,7,6,1.42,1.23,51.9,6,4.0,4,2,0,16,41,1
1133,2021,Premier League,Away,1570,1574,9,5,1.32,1.51,46.6,3,3.0,4,2,0,19,88,0
1134,2019,Bundesliga,Home,1668,1379,6,6,1.13,1.57,57.6,3,3.0,1,2,0,17,66,1
1135,2023,Ligue 1,Away,1637,1470,12,6,1.4,0.88,45.6,7,4.0,1,1,0,16,71,1
1136,2024,La Liga,Home,1488,1516,9,10,1.12,1.7,53.6,7,6.0,0,0,0,21,86,1
1137,2020,La Liga,Away,1477,1582,5,8,1.31,1.23,54.2,3,3.0,1,2,0,15,94,0
1138,2018,La Liga,Home,1750,1584,7,9,1.73,1.29,59.4,7,4.0,2,1,0,13,56,1
1139,2018,Premier League,Home,1459,1523,5,8,1.17,1.36,42.8,7,5.0,0,0,0,21,14,0
1140,2023,Serie A,Home,1605,1423,6,8,1.59,1.21,56.7,4,6.0,0,1,0,21,81,0
1141,2023,La Liga,Away,1447,1416,4,4,1.22,1.57,49.9,6,8.0,1,1,0,15,94,0
1142,2018,Bundesliga,Home,1239,1333,1,8,1.0,1.01,47.6,4,5.0,1,1,0,13,47,0
1143,2018,Bundesliga,Away,1328,1583,5,5,1.08,1.61,51.9,7,5.0,0,0,0,21,3,0
1144,2023,Bundesliga,Home,1557,1414,10,7,1.36,1.47,51.4,4,6.0,1,3,0,18,94,1
1145,2021,La Liga,Home,1598,1473,7,4,1.11,1.47,56.5,7,6.0,0,0,0,18,56,1
1146,2021,La Liga,Away,1557,1533,9,8,0.96,1.45,41.9,6,5.0,4,2,0,17,45,0
1147,2020,Bundesliga,Away,1660,1501,9,10,1.81,1.24,54.3,4,6.0,1,1,0,12,73,1
1148,2023,Bundesliga,Home,1555,1499,10,9,1.46,1.67,56.1,8,5.0,1,0,0,19,18,1
1149,2023,Serie A,Home,1391,1373,4,9,1.09,1.28,49.7,7,4.0,0,4,0,13,34,1
1150,2018,Ligue 1,Away,1583,1538,9,7,1.71,1.07,54.2,6,7.0,0,1,0,16,63,0
1151,2018,Premier League,Away,1524,1456,8,9,2.09,1.43,47.6,5,4.0,0,1,0,15,27,1
1152,2022,Ligue 1,Away,1419,1488,10,6,0.89,1.02,45.9,6,7.0,0,0,0,21,92,1
1153,2022,Premier League,Home,1566,1662,10,8,1.41,1.06,46.9,6,6.0,0,1,0,13,79,1
1154,2019,Premier League,Away,1511,1571,8,9,1.53,1.35,45.8,3,,0,2,0,13,30,0
1155,2019,Serie A,Home,1415,1420,3,9,0.85,1.61,54.4,5,3.0,3,3,0,15,93,0
1156,2023,Premier League,Away,1475,1479,6,6,0.94,1.36,55.4,8,4.0,3,1,0,18,32,0
1157,2021,Premier League,Home,1698,1724,8,12,1.81,0.92,,7,5.0,1,2,0,19,26,1
1158,2018,Premier League,Away,1693,1457,8,8,1.55,1.3,43.2,3,8.0,1,1,1,17,73,0
1159,2022,La Liga,Away,1526,1506,8,8,1.21,1.18,48.9,8,3.0,1,1,0,18,74,0
1160,2018,Bundesliga,Home,1508,1593,8,6,0.95,1.24,52.1,3,6.0,4,0,0,12,92,0
1161,2019,Premier League,Home,1299,1530,6,7,1.21,1.17,43.4,6,7.0,0,1,0,12,58,0
1162,2023,Serie A,Away,1741,1448,14,7,1.26,1.15,56.2,5,3.0,0,3,0,13,40,1
1163,2019,Bundesliga,Away,1645,1396,10,7,1.25,1.17,,4,3.0,1,0,0,17,41,0
1164,2018,Premier League,Away,1605,1499,6,5,1.23,0.89,57.6,5,,2,0,1,21,58,0
1165,2025,Premier League,Home,1182,1592,4,5,0.92,1.54,42.7,3,3.0,0,0,0,13,58,0
1166,2019,Ligue 1,Away,1506,1685,9,4,1.08,1.36,38.1,10,3.0,0,4,0,17,11,1
1167,2022,Bundesliga,Home,1482,1295,11,7,1.09,1.23,49.1,10,4.0,0,0,0,20,15,1
1168,2024,Serie A,Away,1596,1747,8,13,1.69,1.29,48.2,4,5.0,0,4,0,15,42,1
1169,2025,Bundesliga,Home,1437,1460,6,2,1.32,1.4,39.0,10,5.0,2,4,0,21,47,0
1170,2024,Premier League,Home,1468,1629,10,9,1.32,0.91,54.2,10,10.0,1,3,0,16,53,0
1171,2020,La Liga,Away,1587,1397,9,5,1.55,1.18,55.4,4,5.0,2,1,0,16,84,1
1172,2024,Bundesliga,Away,1392,1274,2,8,0.97,1.52,49.4,3,6.0,0,1,0,12,3,0
1173,2018,Premier League,Home,1420,1316,2,5,1.35,1.7,49.9,5,5.0,4,0,0,21,10,0
1174,2020,Bundesliga,Away,1527,1454,13,8,1.49,1.54,57.9,5,3.0,3,1,0,21,76,1
1175,2019,Serie A,Away,1687,1573,5,7,1.3,1.15,46.6,5,5.0,1,1,0,13,26,0
1176,2022,Bundesliga,Away,1613,1504,8,6,1.62,1.46,43.1,6,5.0,0,0,0,16,61,0
1177,2025,La Liga,Away,1651,1465,12,9,1.58,1.34,49.7,7,10.0,0,1,0,19,17,0
1178,2024,La Liga,Away,1509,1657,3,12,1.43,1.02,47.8,6,,1,1,1,19,36,0
1179,2025,Premier League,Away,1709,1500,7,4,2.0,1.59,63.2,6,3.0,2,2,0,21,55,1
1180,2019,Premier League,Away,1256,1539,1,11,1.11,1.35,49.0,6,4.0,0,4,1,12,93,1
1181,2024,Bundesliga,Away,1783,1900,15,10,1.43,1.12,44.9,8,6.0,3,1,0,12,33,0
1182,2023,Premier League,Away,1801,1499,15,1,1.71,1.08,59.0,4,7.0,0,0,0,20,20,0
1183,2021,Premier League,Away,1564,1403,6,6,1.42,1.31,55.8,4,5.0,3,0,0,19,11,1
1184,2018,Premier League,Home,1617,1567,10,10,1.2,1.49,52.4,5,7.0,1,2,0,16,39,1
1185,2018,Premier League,Away,1495,1603,8,5,0.84,1.19,37.5,7,7.0,1,0,0,12,56,0
1186,2025,Bundesliga,Home,1471,1542,6,3,1.3,1.26,46.7,4,7.0,0,0,1,17,36,0
1187,2020,La Liga,Home,1414,1522,2,6,1.49,1.06,51.3,6,4.0,1,1,0,15,2,1
1188,2023,Ligue 1,Home,1493,1708,13,8,1.58,1.21,54.0,5,3.0,1,2,1,20,38,0
1189,2025,Premier League,Home,1578,1690,4,13,1.51,0.91,49.2,5,4.0,1,2,0,18,36,0
1190,2021,Serie A,Away,1559,1484,9,7,1.81,1.46,57.3,7,5.0,3,0,0,17,35,0
1191,2019,La Liga,Home,1778,1410,9,8,1.7,1.18,63.6,4,5.0,0,3,0,20,71,1
1192,2021,La Liga,Away,1514,1560,10,9,1.32,1.24,47.0,6,3.0,2,1,1,19,82,0
1193,2019,Ligue 1,Away,1292,1409,7,10,1.17,1.83,,6,6.0,1,1,1,12,38,0
1194,2019,Ligue 1,Home,1730,1624,8,7,1.42,1.33,58.3,7,4.0,4,2,0,12,56,1
1195,2024,Ligue 1,Away,1329,1559,3,8,0.85,1.21,53.5,8,4.0,0,1,0,20,52,1
1196,2020,Premier League,Away,1422,1874,3,8,1.02,1.23,36.6,4,5.0,3,2,0,17,19,0
1197,2023,Premier League,Home,1538,1706,8,12,1.27,0.98,51.8,4,6.0,0,0,1,19,9,0
1198,2023,Serie A,Home,1558,1349,10,9,1.63,1.24,56.0,4,7.0,2,0,0,17,52,0
1199,2022,La Liga,Home,1298,1427,4,9,0.77,1.32,,10,5.0,2,0,0,18,14,0
1200,2022,Bundesliga,Home,1395,1232,6,4,0.99,1.87,54.3,6,7.0,1,1,0,16,91,1
1201,2019,Serie A,Home,1293,1201,10,0,1.32,1.88,49.5,8,5.0,1,2,0,19,45,1
1202,2022,Serie A,Away,1587,1516,11,7,1.36,1.21,54.0,10,7.0,4,4,0,13,28,0
1203,2024,Bundesliga,Away,1666,1333,13,4,1.48,1.43,60.3,8,4.0,2,0,0,12,48,0
1204,2019,Bundesliga,Away,1329,1730,0,13,1.07,1.25,36.7,4,5.0,2,1,1,12,19,0
1205,2019,Premier League,Away,1639,1662,11,8,1.99,1.81,42.9,6,,2,3,0,16,68,1
1206,2023,Premier League,Home,1630,1462,10,6,1.63,1.32,51.9,4,6.0,0,2,0,17,8,1
1207,2025,Serie A,Home,1408,1454,3,13,1.31,1.74,56.6,5,5.0,0,2,0,17,38,0
1208,2021,Serie A,Home,1222,1708,1,12,1.09,1.23,32.0,5,4.0,0,0,1,16,35,0
1209,2024,La Liga,Home,1350,1740,5,13,1.29,1.35,43.9,8,6.0,1,1,1,13,53,1
1210,2019,La Liga,Home,1417,1369,3,5,1.72,1.72,54.2,6,3.0,1,0,1,12,78,1
1211,2022,Bundesliga,Away,1716,1351,8,3,1.49,1.53,56.4,7,5.0,0,1,0,13,40,1
1212,2025,Bundesliga,Away,1483,1458,6,10,1.37,1.38,46.4,7,3.0,0,0,0,20,83,1
1213,2021,Serie A,Away,1359,1560,7,12,1.2,1.24,47.9,6,5.0,0,1,0,12,50,0
1214,2022,La Liga,Home,1521,1428,6,3,1.6,1.5,52.2,5,10.0,0,1,0,21,28,1
1215,2019,La Liga,Home,1319,1563,4,7,1.58,1.59,41.4,7,5.0,1,0,1,17,92,1
1216,2022,Serie A,Away,1572,1773,11,8,1.28,1.43,47.3,5,6.0,1,0,0,12,16,0
1217,2022,La Liga,Away,1363,1303,1,6,1.31,1.83,59.6,6,6.0,2,1,0,20,51,0
1218,2025,Serie A,Away,1383,1438,7,10,1.27,1.29,54.8,4,,2,0,0,20,82,0
1219,2019,Serie A,Away,1553,1306,9,4,1.06,1.38,56.8,6,,2,0,0,21,50,1
1220,2020,Premier League,Home,1745,1383,12,5,1.86,1.25,42.1,5,5.0,0,2,0,13,59,1
1221,2023,Premier League,Home,1808,1459,10,2,2.08,1.43,57.5,8,6.0,1,0,0,15,2,1
1222,2025,Premier League,Home,1354,1398,3,4,1.39,1.68,43.9,5,6.0,3,0,0,15,22,0
1223,2019,Ligue 1,Away,1416,1573,10,12,1.1,1.14,45.1,5,6.0,4,1,0,16,23,0
1224,2023,Serie A,Away,1572,1521,6,9,1.09,1.29,49.5,4,6.0,0,2,0,12,23,1
1225,2025,Premier League,Home,1664,1542,7,10,1.69,1.47,51.5,5,5.0,1,1,0,16,67,1
1226,2023,Ligue 1,Away,1197,1457,4,6,0.75,1.31,48.9,7,4.0,0,3,0,18,41,0
1227,2021,La Liga,Away,1512,1470,6,6,1.12,1.33,49.9,6,7.0,0,2,0,16,95,1
1228,2019,La Liga,Away,1432,1451,9,7,1.33,1.67,48.2,3,8.0,2,1,0,16,56,0
1229,2020,Ligue 1,Away,1231,1465,4,8,1.24,1.39,46.5,5,6.0,1,1,0,21,8,0
1230,2018,Premier League,Away,1313,1559,8,12,1.06,1.12,38.6,5,3.0,2,3,0,20,44,0
1231,2019,Premier League,Away,1421,1231,8,3,1.21,1.62,53.1,6,7.0,2,4,0,19,58,1
1232,2021,Serie A,Away,1508,1540,7,8,1.33,1.42,42.3,7,6.0,0,1,0,18,38,0
1233,2019,Premier League,Home,1641,1378,12,4,1.28,2.09,59.7,10,6.0,0,2,0,20,49,0
1234,2018,Serie A,Home,1550,1453,6,2,1.31,1.77,53.6,4,6.0,0,1,0,13,16,1
1235,2023,Premier League,Home,1633,1281,8,7,1.09,2.35,69.1,4,5.0,0,1,0,17,33,1
1236,2018,Premier League,Away,1504,1450,9,11,1.54,1.13,43.2,5,6.0,1,2,0,19,9,1
1237,2019,Premier League,Home,1401,1539,7,10,1.94,1.66,51.4,6,5.0,0,4,0,17,61,0
1238,2022,La Liga,Home,1474,1564,5,9,1.34,1.68,39.0,7,6.0,1,1,0,20,38,0
1239,2025,Premier League,Away,1597,1334,5,10,1.75,1.51,51.6,7,5.0,2,1,0,12,57,1
1240,2023,Premier League,Away,1645,1557,9,9,1.44,1.2,41.5,5,5.0,0,0,0,15,50,0
1241,2018,Ligue 1,Home,1479,1660,5,12,0.99,1.39,45.8,7,4.0,0,3,0,13,32,1
1242,2019,La Liga,Away,1370,1431,6,7,1.77,1.33,49.8,6,6.0,3,4,0,16,84,1
1243,2023,La Liga,Away,1547,1500,7,8,1.19,1.06,,3,5.0,0,1,0,16,79,1
1244,2023,Premier League,Away,1567,1210,6,4,1.66,1.26,48.0,10,4.0,0,1,0,19,53,0
1245,2021,La Liga,Away,1673,1374,9,8,1.59,1.09,54.8,4,7.0,0,2,0,13,91,1
1246,2025,La Liga,Away,1405,1538,6,5,1.54,1.37,47.3,3,6.0,1,0,0,19,34,0
1247,2025,Serie A,Away,1407,1634,8,10,1.23,1.4,39.8,5,6.0,2,1,0,20,31,0
1248,2023,Premier League,Home,1606,1416,10,4,1.18,1.18,54.6,6,6.0,0,1,0,20,23,1
1249,2023,Ligue 1,Away,1443,1874,12,13,1.12,1.13,44.6,5,6.0,1,0,0,13,16,0
1250,2024,Ligue 1,Home,1437,1544,7,14,1.87,1.43,44.5,7,3.0,4,0,0,18,9,0
1251,2019,Premier League,Away,1676,1322,8,7,1.62,1.6,53.4,3,4.0,1,2,0,19,71,1
1252,2023,Premier League,Home,1308,1680,5,13,1.68,1.36,40.3,7,7.0,2,1,0,15,89,0
1253,2025,Premier League,Home,1788,1325,12,8,1.57,1.56,70.7,5,7.0,1,3,0,16,60,1
1254,2019,Serie A,Away,1414,1546,9,2,1.43,1.64,49.2,3,3.0,0,1,0,16,19,0
1255,2018,Premier League,Away,1621,1370,12,6,1.16,1.62,48.7,10,7.0,0,0,0,20,63,1
1256,2020,Bundesliga,Home,1485,1310,5,6,1.34,1.21,61.2,8,4.0,0,1,0,16,72,1
1257,2020,Bundesliga,Away,1538,1635,11,4,1.95,1.69,45.5,5,7.0,1,0,0,21,89,0
1258,2025,Bundesliga,Home,1463,1464,7,6,1.11,1.14,48.8,6,5.0,0,1,0,16,17,0
1259,2021,Serie A,Away,1620,1742,7,10,1.31,1.13,40.5,4,4.0,0,1,0,18,63,1
1260,2023,Ligue 1,Away,1451,1357,6,3,1.5,2.12,53.1,6,4.0,1,0,0,15,6,0
1261,2025,Premier League,Away,1420,1282,10,2,1.29,1.67,43.7,4,6.0,2,1,0,21,53,0
1262,2024,La Liga,Home,1754,1433,12,10,2.1,1.2,52.4,5,6.0,4,2,0,17,44,1
1263,2023,La Liga,Away,1504,1900,4,3,1.29,1.07,43.1,4,6.0,0,0,0,20,24,0
1264,2025,Ligue 1,Home,1405,1617,3,10,1.26,1.38,45.3,5,10.0,1,0,0,17,80,0
1265,2023,Serie A,Away,1291,1578,2,11,1.2,1.33,39.1,3,,1,1,0,18,82,0
1266,2019,Bundesliga,Home,1761,1582,9,8,1.37,1.15,53.5,6,6.0,0,1,0,18,35,1
1267,2023,Premier League,Home,1423,1432,7,10,0.94,1.09,53.3,4,5.0,0,2,0,20,74,1
1268,2020,Ligue 1,Home,1789,1882,8,11,1.32,0.72,49.6,4,6.0,0,2,0,21,60,1
1269,2020,Serie A,Away,1556,1564,7,6,0.58,1.1,53.1,5,4.0,0,2,0,12,12,1
1270,2023,Serie A,Home,1520,1551,11,8,1.35,1.63,,7,8.0,1,1,0,12,47,0
1271,2020,Ligue 1,Home,1524,1638,12,8,1.05,0.92,43.6,5,8.0,0,2,0,13,38,1
1272,2018,La Liga,Away,1810,1322,15,4,1.56,1.55,71.9,7,10.0,1,0,0,20,69,0
1273,2025,La Liga,Away,1193,1377,0,6,1.27,1.81,43.4,10,7.0,3,0,0,15,29,0
1274,2022,Serie A,Home,1530,1466,12,5,1.15,1.54,49.3,8,7.0,2,0,0,16,41,1
1275,2023,Premier League,Away,1463,1639,7,7,1.48,1.58,46.2,4,3.0,1,2,0,17,72,0
1276,2024,La Liga,Home,1470,1318,7,2,0.92,1.37,54.9,8,5.0,1,3,0,12,11,0
1277,2023,Premier League,Away,1521,1491,10,8,1.2,1.52,45.8,8,3.0,1,0,0,21,56,0
1278,2022,Premier League,Away,1463,1471,9,5,1.74,1.66,37.4,3,8.0,0,1,0,20,13,1
1279,2024,Ligue 1,Home,1526,1280,3,2,1.27,1.78,54.5,10,6.0,1,1,0,20,4,1
1280,2020,Serie A,Home,1497,1429,6,4,1.67,1.64,51.6,10,3.0,1,3,0,17,9,1
1281,2024,La Liga,Away,1316,1576,4,9,1.74,0.98,34.7,7,6.0,2,0,0,18,10,0
1282,2023,La Liga,Home,1553,1292,5,7,1.3,1.7,57.9,6,6.0,0,2,0,15,29,1
1283,2019,La Liga,Away,1600,1698,11,12,1.29,1.29,49.2,10,10.0,0,2,0,15,65,0
1284,2019,Serie A,Away,1424,1566,10,9,0.73,1.25,51.3,4,6.0,2,0,0,15,72,0
1285,2025,Ligue 1,Home,1762,1548,11,9,1.71,1.16,49.9,7,7.0,1,0,0,17,29,1
1286,2025,Ligue 1,Home,1687,1501,11,7,1.65,1.46,56.5,8,7.0,2,0,0,15,86,0
1287,2025,La Liga,Away,1618,1347,9,7,1.67,1.24,59.5,5,7.0,2,2,0,20,59,1
1288,2018,La Liga,Home,1616,1409,9,8,1.83,1.32,62.6,4,3.0,1,0,0,21,22,1
1289,2025,La Liga,Away,1504,1551,10,6,1.1,1.54,,5,5.0,1,0,1,19,92,0
1290,2024,Serie A,Home,1660,1409,5,4,1.99,1.69,61.6,10,7.0,4,0,0,13,65,1
1291,2024,La Liga,Home,1720,1526,11,11,1.52,1.45,55.6,7,8.0,2,2,0,18,9,1
1292,2021,Serie A,Home,1613,1374,9,6,1.57,1.35,53.7,6,4.0,2,1,0,12,69,1
1293,2022,Serie A,Away,1420,1563,5,11,1.25,1.02,52.8,3,3.0,1,0,0,13,4,0
1294,2021,La Liga,Away,1494,1574,6,6,1.15,1.09,41.7,6,8.0,0,3,1,21,20,1
1295,2018,La Liga,Away,1580,1272,13,4,1.14,1.88,65.3,4,4.0,0,0,0,20,79,1
1296,2022,La Liga,Home,1617,1509,5,4,1.53,1.39,56.7,10,6.0,2,0,0,21,43,0
1297,2019,Premier League,Home,1489,1287,7,7,1.1,1.52,53.4,6,10.0,0,1,0,19,54,1
1298,2019,Premier League,Home,1421,1239,11,3,1.21,1.63,46.6,6,7.0,1,3,0,18,62,1
1299,2018,Bundesliga,Away,1722,1417,7,5,1.49,1.6,57.3,10,4.0,1,3,0,20,27,1
1300,2021,La Liga,Home,1350,1892,5,15,1.09,0.74,33.3,7,8.0,2,2,0,19,87,0
1301,2018,Premier League,Home,1368,1609,6,11,0.75,1.13,36.1,5,4.0,1,1,0,12,1,0
1302,2024,Serie A,Away,1314,1695,6,12,0.4,1.34,37.6,6,7.0,2,1,0,16,88,0
1303,2025,Bundesliga,Away,1368,1585,6,5,1.41,1.33,49.1,8,3.0,1,2,0,19,22,0
1304,2024,Premier League,Away,1675,1529,7,3,1.82,1.6,,8,4.0,0,2,0,12,75,1
1305,2020,Bundesliga,Away,1679,1625,11,12,0.91,1.43,50.1,5,3.0,3,1,0,16,84,1
1306,2019,Ligue 1,Home,1490,1410,7,1,1.44,1.24,44.2,5,6.0,0,3,0,15,18,1
1307,2022,Serie A,Home,1569,1566,10,7,1.48,0.46,49.2,7,6.0,1,2,0,13,22,0
1308,2023,Serie A,Away,1499,1665,10,7,1.02,1.25,53.7,4,7.0,0,4,0,20,51,0
1309,2018,Premier League,Home,1333,1598,2,6,1.39,1.0,43.6,5,4.0,1,1,0,13,52,1
1310,2024,Ligue 1,Away,1811,1674,14,8,1.98,1.32,51.6,3,8.0,0,0,0,18,61,0
1311,2021,La Liga,Home,1692,1526,9,5,1.83,1.72,57.9,7,3.0,1,0,0,17,82,1
1312,2024,Ligue 1,Home,1550,1737,10,7,1.84,0.88,51.7,3,5.0,1,1,1,17,85,0
1313,2018,Serie A,Home,1380,1471,7,8,1.47,1.54,54.6,6,3.0,3,0,0,18,28,0
1314,2021,Premier League,Home,1469,1796,12,14,1.11,1.3,43.5,10,5.0,0,2,0,21,88,0
1315,2021,Premier League,Home,1403,1580,6,4,1.25,1.36,37.4,5,8.0,0,3,0,13,46,0
1316,2018,Bundesliga,Home,1514,1446,7,7,1.46,1.48,56.7,7,5.0,1,0,0,17,67,0
1317,2023,Serie A,Away,1543,1335,7,7,1.78,0.98,53.2,4,5.0,0,3,0,17,71,0
1318,2025,Premier League,Home,1452,1387,4,7,1.23,1.47,49.0,4,4.0,3,0,0,15,2,0
1319,2022,Bundesliga,Home,1296,1366,7,5,0.97,1.47,43.4,4,7.0,0,1,0,13,41,1
1320,2021,Bundesliga,Home,1798,1488,8,6,1.26,1.62,60.5,7,6.0,0,0,0,13,46,1
1321,2023,Serie A,Away,1533,1322,10,7,1.6,1.75,60.1,6,5.0,0,0,0,21,2,1
1322,2020,La Liga,Away,1564,1681,8,11,1.47,1.06,43.7,7,5.0,0,2,0,15,90,0
1323,2020,Premier League,Home,1441,1516,2,3,1.07,0.86,51.3,4,6.0,1,0,0,19,61,1
1324,2024,Bundesliga,Home,1281,1510,9,7,1.3,0.94,49.8,4,10.0,0,2,0,18,80,1
1325,2022,La Liga,Home,1488,1337,0,6,1.25,1.85,55.6,6,5.0,3,0,0,16,44,0
1326,2020,Ligue 1,Home,1455,1392,7,3,0.97,1.43,51.6,3,4.0,3,0,0,20,17,0
1327,2021,La Liga,Home,1599,1189,9,3,1.79,1.27,59.5,5,5.0,0,2,0,19,88,1
1328,2024,Serie A,Home,1627,1726,3,11,0.97,0.82,44.2,10,4.0,0,0,0,21,55,0
1329,2022,La Liga,Home,1607,1302,10,3,1.5,1.59,61.4,6,6.0,0,0,0,18,78,1
1330,2018,Premier League,Away,1638,1312,7,6,1.47,1.55,63.8,6,3.0,1,0,0,17,62,1
1331,2024,Bundesliga,Home,1753,1698,10,7,1.22,1.59,52.0,4,5.0,1,2,0,18,69,1
1332,2023,Serie A,Away,1555,1554,12,5,1.49,1.28,47.8,5,3.0,1,1,0,15,39,0
1333,2020,Serie A,Home,1654,1517,10,9,1.35,1.43,,6,3.0,0,1,0,13,14,1
1334,2025,Ligue 1,Home,1569,1548,7,11,1.85,1.3,46.0,6,5.0,3,1,0,20,12,0
1335,2025,Ligue 1,Home,1234,1634,4,6,1.31,1.43,46.3,6,7.0,1,0,0,20,73,0
1336,2025,Bundesliga,Home,1478,1514,12,10,1.38,1.78,54.8,10,6.0,0,0,0,20,7,0
1337,2021,Premier League,Away,1379,1284,7,5,0.59,1.78,54.9,4,8.0,2,0,0,19,51,0
1338,2025,Serie A,Home,1532,1603,6,3,1.25,1.75,46.1,5,5.0,0,0,1,19,79,1
1339,2024,Ligue 1,Home,1389,1559,5,4,1.07,1.43,44.8,4,4.0,2,0,0,17,83,1
1340,2024,La Liga,Home,1585,1664,5,11,1.75,0.81,39.3,5,3.0,2,1,0,21,57,0
1341,2022,Premier League,Away,1637,1325,8,1,1.55,1.3,54.0,3,4.0,0,1,0,12,72,1
1342,2020,Bundesliga,Home,1668,1398,14,5,1.61,1.65,60.4,5,6.0,0,1,1,16,68,1
1343,2019,Serie A,Away,1727,1555,10,8,1.85,1.24,50.4,5,4.0,1,2,0,17,10,0
1344,2025,Serie A,Away,1265,1368,1,7,1.5,1.47,59.4,7,7.0,2,0,0,18,77,0
1345,2022,Ligue 1,Home,1332,1171,7,4,1.53,1.44,51.5,8,6.0,1,0,0,18,67,1
1346,2025,Serie A,Home,1900,1528,11,12,1.93,1.69,54.7,6,5.0,1,2,0,16,39,1
1347,2022,La Liga,Home,1641,1625,11,7,1.44,1.62,,7,7.0,0,0,0,17,19,1
1348,2022,La Liga,Home,1531,1482,7,8,1.49,1.31,53.1,5,5.0,0,0,0,19,66,0
1349,2018,La Liga,Home,1504,1577,11,10,1.35,1.23,55.0,4,3.0,0,2,0,21,70,1
1350,2021,Premier League,Away,1492,1556,5,10,1.54,1.62,47.1,4,7.0,1,2,1,13,77,1
1351,2022,Bundesliga,Away,1229,1501,1,10,0.91,1.61,38.8,5,6.0,1,0,0,19,43,0
1352,2018,Bundesliga,Away,1392,1519,9,7,1.46,0.93,43.9,7,6.0,0,0,0,20,88,1
1353,2019,La Liga,Home,1484,1689,2,11,1.34,1.35,50.9,6,4.0,3,1,0,19,24,0
1354,2022,La Liga,Home,1400,1365,6,3,1.34,1.6,59.1,4,6.0,0,1,0,20,93,1
1355,2019,Ligue 1,Home,1418,1608,9,9,0.96,1.3,42.3,7,4.0,3,3,0,18,58,1
1356,2023,Premier League,Home,1858,1335,6,7,1.68,1.28,62.3,3,10.0,3,0,0,18,54,1
1357,2021,Serie A,Home,1465,1389,7,9,1.42,1.24,58.8,4,5.0,1,4,0,18,85,0
1358,2021,La Liga,Away,1539,1667,4,11,1.35,0.43,50.5,4,7.0,2,0,0,13,71,0
1359,2018,Bundesliga,Away,1534,1331,3,6,0.8,1.34,52.1,6,6.0,1,0,0,13,38,1
1360,2021,Premier League,Away,1583,1466,6,7,1.13,0.89,47.0,4,7.0,0,0,0,19,81,0
1361,2022,Serie A,Away,1433,1831,6,13,1.36,0.92,36.7,8,5.0,0,1,0,19,36,1
1362,2022,La Liga,Away,1675,1644,8,15,1.92,1.32,54.9,3,6.0,1,1,0,18,15,1
1363,2020,Serie A,Home,1562,1397,11,8,1.36,1.15,46.5,8,5.0,0,1,0,21,55,0
1364,2018,Premier League,Home,1320,1421,6,8,1.03,1.75,48.4,3,8.0,2,0,0,12,31,0
1365,2025,La Liga,Away,1485,1476,6,4,1.6,1.86,48.3,8,4.0,0,4,0,17,75,1
1366,2025,Serie A,Home,1476,1684,4,8,1.33,1.24,41.0,4,5.0,0,0,0,15,29,0
1367,2025,Premier League,Home,1469,1360,8,5,1.5,1.63,,3,6.0,2,1,0,17,42,0
1368,2020,Premier League,Away,1571,1351,14,8,1.35,1.08,59.7,4,3.0,1,1,0,12,71,1
1369,2022,Premier League,Away,1589,1600,7,6,1.35,1.31,52.3,5,7.0,1,0,0,19,32,0
1370,2019,La Liga,Home,1572,1265,7,6,1.63,1.21,62.7,7,8.0,1,2,0,17,25,1
1371,2025,Premier League,Home,1547,1372,5,6,1.57,1.03,50.2,8,4.0,1,0,0,13,10,1
1372,2018,Ligue 1,Away,1512,1488,11,8,1.28,1.04,42.1,5,8.0,0,0,0,13,48,0
1373,2021,La Liga,Away,1199,1495,6,7,0.74,1.32,43.4,4,6.0,2,2,0,13,70,0
1374,2024,Bundesliga,Away,1609,1309,8,4,1.05,1.51,57.3,4,6.0,0,1,0,15,14,1
1375,2023,Ligue 1,Away,1568,1550,7,6,1.04,1.29,47.9,8,5.0,2,2,0,13,31,0
1376,2024,Premier League,Away,1362,1578,3,10,1.04,0.99,34.6,3,6.0,1,1,0,13,68,0
1377,2021,Serie A,Home,1539,1407,7,6,1.47,1.46,57.5,5,4.0,0,0,0,12,76,1
1378,2018,Ligue 1,Home,1591,1733,11,7,1.03,0.97,31.6,4,3.0,3,1,0,21,54,1
1379,2018,Serie A,Home,1664,1548,10,9,1.13,1.34,56.3,5,7.0,3,1,0,13,36,0
1380,2019,La Liga,Home,1571,1359,12,15,1.52,1.42,58.5,4,10.0,0,3,0,13,87,0
1381,2018,La Liga,Away,1545,1727,6,10,1.79,0.7,48.3,7,3.0,0,1,0,13,67,0
1382,2021,Premier League,Away,1633,1427,3,11,1.77,1.25,54.7,4,6.0,0,0,0,16,34,0
1383,2018,Serie A,Away,1457,1525,14,1,0.84,1.46,36.8,8,4.0,1,3,0,21,13,0
1384,2019,Ligue 1,Home,1558,1432,9,6,1.51,1.62,45.0,7,5.0,1,3,0,12,86,1
1385,2021,Ligue 1,Away,1413,1587,8,11,1.49,0.96,41.3,4,4.0,2,1,0,21,56,0
1386,2023,Premier League,Home,1655,1433,7,7,1.4,1.22,64.6,3,3.0,4,1,0,21,79,0
1387,2023,Bundesliga,Away,1275,1441,1,5,1.04,1.29,50.5,4,10.0,1,4,0,13,46,0
1388,2018,La Liga,Home,1614,1478,9,7,1.56,1.66,52.3,6,6.0,1,0,0,17,63,1
1389,2025,Ligue 1,Home,1502,1430,2,9,1.47,1.53,48.6,7,6.0,4,2,0,17,1,0
1390,2022,Premier League,Home,1635,1650,8,15,1.59,0.9,50.1,5,6.0,1,0,0,15,66,1
1391,2020,Ligue 1,Away,1391,1324,9,8,1.41,1.63,55.8,5,,3,0,0,16,82,0
1392,2021,Bundesliga,Home,1513,1495,9,6,1.42,1.67,51.8,8,5.0,1,0,0,19,31,1
1393,2024,Premier League,Home,1508,1513,8,7,1.2,1.39,42.8,5,8.0,2,0,0,20,22,0
1394,2021,Premier League,Away,1561,1483,13,7,1.31,1.17,59.0,4,6.0,2,0,0,12,88,0
1395,2019,Bundesliga,Away,1353,1636,7,7,0.99,1.44,45.2,4,5.0,2,1,0,21,51,0
1396,2021,Premier League,Away,1589,1289,4,5,1.33,1.59,54.8,8,4.0,0,2,0,18,64,1
1397,2018,Serie A,Away,1242,1580,4,8,1.21,1.22,43.2,5,4.0,1,2,1,13,78,0
1398,2019,Ligue 1,Home,1407,1326,11,2,1.05,1.73,57.9,7,7.0,0,0,0,16,52,1
1399,2020,Serie A,Away,1281,1429,4,9,1.38,1.41,48.1,6,6.0,3,1,0,19,50,0
1400,2019,La Liga,Home,1616,1311,14,6,1.23,1.54,59.7,4,5.0,0,0,0,12,58,1
1401,2020,La Liga,Home,1556,1454,11,5,1.46,1.61,60.1,4,8.0,3,1,0,16,65,0
1402,2018,Premier League,Home,1564,1419,7,7,1.63,1.3,50.4,4,3.0,1,4,0,16,12,1
1403,2022,Ligue 1,Home,1706,1729,7,8,1.69,0.85,44.5,3,7.0,2,1,0,19,26,0
1404,2018,La Liga,Home,1456,1534,8,6,0.84,1.4,45.7,6,6.0,0,1,1,12,62,1
1405,2019,Premier League,Home,1585,1562,12,10,1.48,1.68,54.8,7,8.0,1,3,0,12,61,0
1406,2025,La Liga,Home,1509,1345,4,7,1.18,0.92,58.9,6,8.0,2,1,0,21,47,0
1407,2018,Ligue 1,Away,1488,1604,8,7,1.01,1.44,,8,5.0,2,1,0,18,31,1
1408,2020,Premier League,Home,1683,1729,4,11,1.61,1.15,44.6,8,3.0,2,0,0,19,47,0
1409,2022,Ligue 1,Away,1791,1622,10,9,1.36,1.11,63.1,8,8.0,2,2,0,13,88,0
1410,2020,Bundesliga,Home,1440,1316,2,3,1.35,1.35,47.3,7,7.0,0,2,0,17,36,1
1411,2020,Bundesliga,Away,1617,1435,10,6,1.84,1.63,52.3,5,4.0,0,3,0,21,63,1
1412,2019,Ligue 1,Away,1545,1515,6,9,1.48,1.51,47.2,5,6.0,3,1,0,16,56,0
1413,2021,Bundesliga,Home,1546,1419,11,7,1.34,1.16,58.5,3,5.0,1,0,0,18,40,1
1414,2024,Ligue 1,Home,1535,1855,7,7,1.35,1.11,41.1,8,7.0,2,2,0,15,84,1
1415,2022,Premier League,Away,1453,1432,5,7,1.53,1.75,58.8,4,8.0,2,0,0,12,60,0
1416,2025,Bundesliga,Home,1150,1494,0,7,0.89,1.53,45.4,4,6.0,3,0,0,17,37,0
1417,2023,Serie A,Away,1715,1416,11,2,1.47,1.01,52.8,3,8.0,2,1,0,18,62,0
1418,2024,Serie A,Away,1403,1532,8,6,1.01,1.48,45.2,4,3.0,0,1,0,21,48,0
1419,2021,Ligue 1,Home,1466,1694,10,11,1.09,0.86,41.6,8,5.0,1,2,0,20,80,1
1420,2022,Ligue 1,Away,1469,1516,9,11,1.54,1.39,55.7,8,5.0,1,1,0,17,55,0
1421,2022,Bundesliga,Away,1390,1469,7,3,1.11,1.19,52.3,4,4.0,2,1,0,20,84,1
1422,2024,Serie A,Home,1534,1350,9,8,1.53,1.59,46.7,7,5.0,3,1,0,20,42,1
1423,2022,La Liga,Home,1494,1669,9,5,1.5,1.03,48.3,6,4.0,3,0,0,20,17,0
1424,2021,La Liga,Home,1400,1480,9,11,1.0,1.11,47.7,4,6.0,0,3,1,12,87,0
1425,2018,La Liga,Home,1521,1474,4,7,1.17,1.45,44.8,4,5.0,2,0,0,18,73,0
1426,2024,La Liga,Away,1495,1173,6,2,1.49,1.67,53.9,5,6.0,0,1,0,16,14,1
1427,2021,Premier League,Home,1630,1482,5,8,1.53,1.57,52.6,4,5.0,1,3,0,15,36,1
1428,2024,Premier League,Away,1312,1444,6,4,1.1,1.27,35.6,6,3.0,0,0,1,15,52,0
1429,2023,Bundesliga,Home,1387,1244,10,6,1.34,1.2,54.7,3,6.0,0,1,0,21,19,1
1430,2018,La Liga,Away,1602,1639,11,9,1.72,1.39,49.5,8,6.0,0,0,0,12,29,0
1431,2023,Ligue 1,Away,1410,1425,5,0,1.24,1.78,48.4,7,7.0,1,2,0,21,25,0
1432,2021,Serie A,Away,1374,1765,7,9,1.07,0.97,40.4,5,4.0,0,1,0,15,74,0
1433,2019,Premier League,Home,1417,1698,7,10,1.29,1.29,41.8,5,7.0,3,3,0,13,77,0
1434,2020,Premier League,Home,1486,1399,8,9,1.13,1.36,46.6,5,,0,1,0,15,15,1
1435,2023,Premier League,Away,1486,1692,4,11,1.37,1.66,41.6,10,6.0,3,3,0,16,11,0
1436,2018,Ligue 1,Home,1471,1725,11,13,1.32,1.02,39.8,5,3.0,1,1,0,15,4,1
1437,2022,Premier League,Home,1356,1422,3,4,0.99,1.41,51.5,8,5.0,1,4,0,18,37,1
1438,2024,Serie A,Home,1608,1355,8,8,1.37,0.97,51.0,7,5.0,0,0,0,12,15,1
1439,2018,Ligue 1,Home,1686,1198,12,6,1.47,2.02,59.4,7,4.0,0,1,0,12,58,1
1440,2018,Ligue 1,Away,1233,1553,3,4,1.24,1.17,42.1,7,5.0,1,1,0,13,82,0
1441,2018,Premier League,Away,1283,1364,5,9,0.89,1.8,40.4,6,7.0,1,2,0,16,27,1
1442,2023,Premier League,Away,1640,1557,9,9,1.3,1.13,49.8,5,5.0,0,0,0,13,85,0
1443,2024,Premier League,Home,1720,1421,10,6,1.5,1.4,57.6,3,4.0,2,2,0,12,52,1
1444,2025,Premier League,Away,1202,1391,4,5,1.16,1.25,46.0,6,7.0,1,1,0,18,33,0
1445,2018,Premier League,Away,1614,1421,9,4,1.66,1.19,56.5,7,5.0,0,1,0,12,42,1
1446,2021,Serie A,Home,1729,1318,10,7,1.67,1.44,56.4,4,5.0,3,0,0,16,86,0
1447,2018,Ligue 1,Away,1379,1421,4,7,1.4,1.39,43.4,5,3.0,2,0,0,15,63,0
1448,2020,Serie A,Home,1721,1397,6,8,1.88,1.35,55.7,4,7.0,1,1,1,17,8,1
1449,2020,Serie A,Away,1475,1498,10,8,1.36,0.97,50.3,5,3.0,2,0,0,19,59,0
1450,2022,Premier League,Away,1544,1515,11,8,1.2,1.41,49.2,4,6.0,2,0,1,16,72,0
1451,2025,Bundesliga,Home,1399,1350,7,5,1.22,1.0,45.6,6,7.0,1,3,0,21,49,1
1452,2024,Serie A,Home,1640,1654,10,12,1.16,1.13,60.7,6,4.0,4,0,0,18,11,0
1453,2018,Ligue 1,Home,1617,1478,7,9,1.58,0.97,49.5,5,5.0,2,0,0,13,68,1
1454,2019,Ligue 1,Away,1741,1710,4,10,1.49,1.39,44.1,4,10.0,0,1,0,18,8,1
1455,2020,La Liga,Home,1702,1534,9,8,1.6,1.63,50.7,4,5.0,1,0,0,12,39,1
1456,2020,Premier League,Away,1499,1510,3,3,1.33,1.49,54.0,4,6.0,2,1,0,20,88,0
1457,2020,Premier League,Home,1900,1431,13,2,1.69,1.29,64.6,10,8.0,1,1,1,20,59,1
1458,2022,La Liga,Home,1689,1586,13,8,1.61,1.09,61.5,4,8.0,3,0,1,20,60,1
1459,2023,Ligue 1,Away,1576,1505,7,11,1.4,1.28,46.7,5,5.0,2,0,0,18,21,0
1460,2025,La Liga,Away,1360,1620,4,7,1.04,1.23,42.0,6,7.0,1,0,0,16,73,0
1461,2023,Bundesliga,Home,1286,1725,2,8,0.84,1.27,44.1,6,5.0,1,0,0,13,89,0
1462,2020,Serie A,Home,1298,1398,5,4,1.22,1.54,,7,7.0,0,1,0,20,34,1
1463,2019,Premier League,Home,1369,1586,6,5,0.9,0.76,50.4,5,7.0,4,0,0,19,19,0
1464,2021,La Liga,Away,1693,1582,7,6,2.01,1.44,52.9,6,6.0,0,1,0,13,78,1
1465,2024,Serie A,Away,1568,1564,11,9,1.75,1.39,46.1,8,6.0,0,0,0,18,40,0
1466,2025,Serie A,Home,1414,1439,13,5,0.86,1.21,40.8,3,6.0,1,4,0,17,66,1
1467,2021,La Liga,Home,1481,1442,10,5,1.49,1.16,53.6,5,3.0,1,3,0,19,47,1
1468,2019,Premier League,Away,1464,1418,7,5,1.59,1.44,58.5,4,5.0,4,2,0,15,5,0
1469,2018,Bundesliga,Away,1612,1415,9,7,1.33,1.47,56.6,3,4.0,0,2,0,19,91,1
1470,2018,Premier League,Away,1377,1382,5,7,1.3,1.18,51.9,4,3.0,3,3,0,21,89,0
1471,2023,Ligue 1,Away,1549,1485,7,2,1.37,1.38,52.9,4,5.0,0,0,0,13,29,1
1472,2022,Premier League,Away,1542,1394,10,4,1.57,1.49,58.3,6,4.0,1,3,0,16,4,1
1473,2023,Premier League,Home,1381,1561,9,8,1.11,1.51,51.6,7,5.0,3,1,0,18,55,0
1474,2018,Serie A,Home,1722,1508,7,9,1.85,1.32,40.9,8,6.0,2,0,0,18,77,1
1475,2021,Serie A,Home,1459,1524,8,8,1.27,0.82,,10,5.0,4,1,0,21,27,0
1476,2019,Serie A,Home,1361,1462,9,9,1.12,1.45,44.4,8,6.0,1,2,0,20,86,0
1477,2020,La Liga,Away,1619,1510,8,4,1.64,0.92,53.7,6,6.0,2,2,0,15,10,1
1478,2022,Ligue 1,Home,1508,1465,7,8,1.58,1.17,49.1,5,6.0,4,1,0,16,70,1
1479,2020,Serie A,Home,1557,1609,10,14,0.83,0.91,50.9,5,6.0,1,1,0,18,59,1
1480,2023,La Liga,Away,1334,1438,7,7,0.44,1.53,,10,5.0,1,2,0,16,33,1
1481,2020,La Liga,Away,1614,1553,10,8,1.56,1.03,41.9,6,7.0,1,1,0,17,65,1
1482,2022,Premier League,Away,1804,1317,12,7,1.52,1.76,51.3,7,4.0,2,2,0,17,58,1
1483,2021,Serie A,Away,1323,1600,6,7,0.83,0.97,46.9,3,7.0,0,1,0,19,68,0
1484,2021,Premier League,Away,1550,1422,7,4,1.31,0.92,49.0,10,7.0,2,0,0,21,13,0
1485,2019,Serie A,Home,1390,1372,3,6,1.96,1.38,59.0,6,8.0,2,0,0,20,5,1
1486,2022,Premier League,Home,1877,1341,8,1,1.43,1.16,67.7,6,8.0,1,0,0,16,42,1
1487,2025,Ligue 1,Home,1674,1329,11,6,1.76,1.83,49.7,7,6.0,0,1,0,21,46,1
1488,2023,La Liga,Away,1539,1433,8,8,1.2,1.24,48.7,3,6.0,2,0,0,13,29,1
1489,2023,Ligue 1,Home,1328,1710,7,6,0.8,1.45,41.6,3,5.0,3,1,0,15,16,0
1490,2024,La Liga,Away,1362,1410,4,7,1.05,1.35,46.6,10,7.0,0,1,0,13,25,0
1491,2018,Premier League,Away,1604,1191,9,3,1.11,1.72,59.5,4,4.0,0,0,0,19,80,0
1492,2024,Bundesliga,Home,1309,1551,5,12,0.75,1.17,38.4,3,6.0,3,1,0,17,74,0
1493,2019,Serie A,Home,1314,1344,9,9,0.96,2.08,51.0,8,6.0,0,2,0,16,85,0
1494,2023,Bundesliga,Home,1501,1614,10,11,1.08,0.96,47.3,5,4.0,3,2,0,19,48,1
1495,2025,La Liga,Away,1519,1441,6,10,1.33,0.64,55.7,8,4.0,1,0,0,18,72,0
1496,2025,Serie A,Away,1553,1462,9,6,1.45,1.45,52.0,8,4.0,2,1,0,16,82,1
1497,2021,Bundesliga,Away,1438,1668,5,10,1.08,0.94,41.1,4,7.0,1,0,0,16,70,0
1498,2024,Serie A,Away,1629,1586,2,8,1.65,1.32,51.8,3,7.0,0,0,1,17,82,0
1499,2022,La Liga,Away,1379,1326,11,3,1.05,1.49,53.1,3,4.0,0,2,0,16,38,0
1500,2019,Serie A,Away,1588,1346,8,6,1.41,1.36,56.1,4,8.0,1,2,0,17,35,0
1501,2019,Serie A,Away,1530,1250,11,4,0.84,1.47,63.1,4,4.0,2,0,0,19,47,0
1502,2025,Ligue 1,Home,1584,1864,7,11,1.46,1.12,37.6,8,3.0,0,0,0,20,15,1
1503,2025,La Liga,Away,1665,1379,7,6,2.09,1.37,61.7,8,8.0,2,0,0,17,74,1
1504,2025,La Liga,Away,1436,1664,5,10,1.48,1.16,38.2,5,8.0,0,2,0,13,37,1
1505,2021,Bundesliga,Home,1407,1425,7,9,1.2,1.29,52.8,5,4.0,1,4,0,19,24,1
1506,2020,Serie A,Home,1264,1349,5,4,0.8,1.89,37.6,5,4.0,0,1,0,20,19,0
1507,2024,Bundesliga,Home,1217,1503,5,4,1.45,1.67,41.4,7,4.0,2,4,0,15,7,0
1508,2018,La Liga,Away,1475,1454,6,9,1.28,1.02,55.3,4,3.0,0,1,0,12,86,0
1509,2025,Premier League,Away,1485,1612,7,11,1.17,1.25,44.8,4,5.0,0,0,0,20,60,0
1510,2022,Bundesliga,Home,1348,1614,3,10,1.02,1.04,42.8,4,7.0,0,1,0,16,27,1
1511,2023,Premier League,Home,1378,1417,10,4,1.73,1.11,50.3,6,3.0,3,0,0,19,89,0
1512,2021,Premier League,Home,1713,1298,7,5,1.55,0.73,48.7,7,5.0,2,2,0,19,90,1
1513,2025,Serie A,Home,1623,1332,7,6,1.6,1.42,58.7,10,5.0,2,0,0,21,59,1
1514,2023,Bundesliga,Away,1323,1180,4,1,1.1,1.58,48.7,3,8.0,4,1,0,17,11,0
1515,2018,Ligue 1,Home,1438,1462,13,5,1.27,1.72,54.0,5,7.0,1,1,0,18,39,1
1516,2022,La Liga,Away,1557,1498,10,7,1.31,1.61,50.9,5,5.0,1,2,0,12,26,1
1517,2024,Premier League,Home,1412,1340,4,9,1.61,1.62,53.0,3,4.0,0,3,0,15,53,1
1518,2018,Ligue 1,Away,1387,1323,8,6,1.24,1.69,,7,8.0,1,0,0,12,32,1
1519,2023,Premier League,Home,1453,1498,8,6,0.95,1.56,52.7,5,4.0,2,4,0,21,48,1
1520,2019,Premier League,Home,1653,1412,10,6,1.62,1.55,55.7,6,6.0,0,1,1,21,13,1
1521,2022,La Liga,Home,1665,1470,11,5,1.5,1.72,47.1,5,6.0,0,2,0,21,44,1
1522,2025,Serie A,Home,1397,1449,6,6,1.33,1.08,45.9,5,7.0,0,0,0,16,75,0
1523,2021,Ligue 1,Away,1564,1535,9,10,1.34,1.2,53.8,4,6.0,0,0,0,21,77,1
1524,2018,Bundesliga,Home,1499,1421,3,2,1.21,1.26,52.4,8,5.0,2,4,0,19,6,1
1525,2018,Bundesliga,Away,1359,1432,10,10,1.42,1.27,51.5,3,4.0,3,1,0,15,57,0
1526,2023,Premier League,Away,1458,1237,6,10,1.77,1.55,53.4,6,4.0,0,0,0,12,91,0
1527,2025,La Liga,Home,1323,1493,2,8,0.69,1.76,51.5,10,6.0,0,0,0,13,3,0
1528,2020,La Liga,Away,1663,1512,8,5,1.55,1.56,60.6,4,5.0,2,4,0,21,16,0
1529,2025,Premier League,Away,1717,1475,9,10,1.45,1.68,47.0,5,5.0,2,0,0,12,39,0
1530,2021,La Liga,Home,1443,1768,5,11,1.06,1.09,44.5,7,6.0,2,1,0,19,13,0
1531,2018,La Liga,Home,1409,1523,8,6,0.71,1.3,54.4,4,8.0,1,1,1,20,52,1
1532,2022,Premier League,Home,1648,1478,12,5,1.6,1.51,56.4,4,3.0,0,1,0,18,68,0
1533,2025,Serie A,Home,1670,1570,4,7,1.42,1.4,52.0,3,4.0,2,1,0,21,36,0
1534,2020,Bundesliga,Home,1344,1796,4,12,1.04,1.19,31.8,3,3.0,2,1,0,18,11,0
1535,2025,Premier League,Away,1479,1535,6,10,1.63,1.9,46.8,4,5.0,0,4,0,19,63,0
1536,2023,Serie A,Home,1492,1189,7,5,1.23,1.78,54.8,6,4.0,0,2,0,13,62,1
1537,2021,Bundesliga,Away,1392,1560,11,9,1.11,1.1,49.9,3,4.0,2,2,0,17,61,1
1538,2023,Bundesliga,Home,1554,1377,6,5,1.08,1.28,59.1,7,3.0,0,0,0,21,51,1
1539,2021,Bundesliga,Away,1402,1231,10,6,1.02,1.8,53.2,5,5.0,0,1,0,21,85,1
1540,2018,La Liga,Home,1424,1738,6,10,1.63,1.33,37.1,6,5.0,0,1,0,21,28,1
1541,2024,Bundesliga,Home,1486,1707,11,15,1.49,1.41,33.6,5,8.0,0,1,0,18,32,1
1542,2020,Premier League,Home,1292,1373,4,4,1.44,1.59,50.6,6,6.0,0,1,0,13,73,1
1543,2022,La Liga,Home,1212,1374,3,7,0.82,1.2,48.2,7,7.0,2,3,0,20,4,0
1544,2023,Premier League,Home,1629,1522,9,13,1.58,1.71,42.0,3,6.0,3,2,0,18,75,1
1545,2018,La Liga,Home,1396,1376,10,9,1.5,1.8,52.8,8,5.0,0,2,0,18,35,1
1546,2023,La Liga,Home,1799,1481,11,9,1.82,1.27,62.0,6,8.0,2,1,0,19,1,1
1547,2020,Premier League,Away,1776,1400,11,7,2.05,1.53,45.4,6,7.0,1,1,0,12,30,1
1548,2022,Bundesliga,Home,1429,1444,8,7,1.37,1.45,44.3,6,3.0,2,3,0,16,44,1
1549,2021,La Liga,Away,1827,1303,9,5,1.71,1.43,72.0,3,4.0,0,3,0,19,37,0
1550,2024,La Liga,Away,1631,1616,10,7,0.91,0.96,50.5,5,10.0,0,0,0,21,87,0
1551,2019,Premier League,Home,1410,1669,5,6,1.36,1.34,54.8,4,7.0,2,1,0,20,64,0
1552,2018,La Liga,Home,1150,1486,7,9,1.11,0.99,42.6,6,5.0,2,2,0,13,42,0
1553,2021,La Liga,Home,1596,1495,10,3,1.74,1.21,57.9,8,6.0,3,0,0,16,94,1
1554,2018,La Liga,Home,1504,1588,9,10,1.16,1.7,46.2,5,7.0,0,1,0,15,67,0
1555,2019,Premier League,Home,1560,1500,3,7,1.41,1.45,48.0,4,5.0,1,2,0,21,53,0
1556,2023,Bundesliga,Away,1468,1742,9,8,0.92,1.23,,6,3.0,1,0,0,18,47,0
1557,2024,Ligue 1,Home,1340,1316,5,9,0.77,1.44,53.2,5,6.0,3,0,0,15,85,0
1558,2023,Serie A,Home,1440,1621,3,5,1.41,0.85,41.1,8,3.0,1,3,0,13,17,1
1559,2020,Serie A,Home,1599,1484,9,6,1.78,1.47,48.0,5,4.0,0,1,0,13,83,1
1560,2024,Ligue 1,Away,1450,1343,3,4,1.62,1.62,44.8,7,6.0,0,4,0,13,60,1
1561,2021,Ligue 1,Home,1450,1815,8,12,1.4,1.27,41.0,5,7.0,1,3,0,20,31,1
1562,2019,Serie A,Away,1287,1834,9,10,1.63,0.95,40.1,4,4.0,1,0,0,18,9,0
1563,2024,Ligue 1,Away,1513,1471,3,11,1.27,1.27,49.8,6,4.0,2,0,0,12,42,1
1564,2022,Ligue 1,Away,1344,1562,6,5,1.4,1.44,42.9,3,5.0,4,0,0,17,94,0
1565,2020,Bundesliga,Home,1629,1434,9,15,1.16,1.09,62.5,7,4.0,1,0,0,15,56,1
1566,2023,La Liga,Home,1397,1457,1,4,0.45,1.59,40.4,8,4.0,1,2,0,17,36,1
1567,2023,Premier League,Away,1459,1341,9,13,1.18,1.45,62.0,6,5.0,1,1,0,15,52,0
1568,2019,Premier League,Home,1803,1321,13,8,1.65,1.58,55.3,4,7.0,2,2,0,21,15,1
1569,2018,La Liga,Home,1457,1758,12,10,1.36,1.69,41.9,4,6.0,0,2,1,13,10,0
1570,2022,Serie A,Home,1438,1495,8,8,1.24,1.29,50.4,7,5.0,1,0,0,19,60,1
1571,2018,La Liga,Home,1582,1507,6,7,1.53,1.38,56.8,4,8.0,0,0,0,15,7,1
1572,2023,Serie A,Away,1250,1387,6,7,1.51,1.46,38.6,6,4.0,1,1,0,21,65,0
1573,2021,Serie A,Away,1675,1527,13,6,1.73,0.83,54.5,8,6.0,1,0,0,16,9,1
1574,2019,Bundesliga,Home,1639,1289,8,7,1.31,1.69,55.7,7,6.0,1,2,0,12,90,1
1575,2022,Premier League,Away,1573,1392,11,7,0.8,0.86,59.5,3,10.0,1,2,0,13,59,1
1576,2021,Premier League,Away,1150,1332,0,3,0.7,1.69,42.3,7,8.0,0,2,0,16,47,0
1577,2021,Bundesliga,Away,1464,1681,11,11,1.65,1.01,34.9,3,5.0,4,0,0,15,12,0
1578,2019,Bundesliga,Away,1322,1269,7,6,1.03,1.37,53.1,5,6.0,1,0,0,12,8,1
1579,2023,Ligue 1,Away,1657,1335,3,4,1.69,1.49,57.9,5,5.0,0,0,1,19,1,1
1580,2025,Ligue 1,Away,1647,1213,10,3,1.67,1.28,69.7,5,5.0,2,3,0,19,17,1
1581,2022,Ligue 1,Away,1554,1375,3,7,1.4,1.43,59.3,6,5.0,1,1,0,17,24,1
1582,2019,La Liga,Home,1332,1436,4,10,1.14,1.13,43.0,10,3.0,0,0,1,21,24,1
1583,2024,La Liga,Away,1709,1637,12,9,1.41,0.9,56.7,4,3.0,2,0,0,19,19,1
1584,2018,La Liga,Away,1463,1469,7,10,1.87,1.32,50.3,6,3.0,1,0,0,18,25,1
1585,2020,Serie A,Away,1753,1443,14,10,1.39,1.71,61.3,4,4.0,0,2,0,20,95,0
1586,2018,Ligue 1,Home,1537,1542,8,11,1.67,1.49,46.1,5,4.0,1,1,0,15,10,0
1587,2024,La Liga,Away,1571,1438,8,8,1.64,1.27,51.4,7,6.0,0,2,0,20,60,0
1588,2018,Serie A,Home,1436,1837,10,9,1.43,1.01,43.2,3,7.0,2,1,0,15,11,0
1589,2022,La Liga,Away,1697,1417,9,9,1.54,1.29,60.6,3,7.0,1,1,0,15,79,0
1590,2019,Premier League,Away,1585,1558,8,8,1.07,1.0,40.1,5,5.0,0,1,0,12,17,0
1591,2019,Premier League,Away,1702,1616,10,10,1.29,0.98,55.0,5,3.0,3,2,0,12,85,0
1592,2022,Premier League,Home,1525,1413,8,5,1.18,1.49,48.6,5,3.0,0,2,0,19,10,0
1593,2024,Ligue 1,Away,1493,1523,10,6,1.43,1.15,50.4,6,7.0,0,1,0,13,68,0
1594,2018,La Liga,Away,1583,1430,7,5,1.66,1.4,45.6,7,8.0,0,2,1,17,83,1
1595,2019,Bundesliga,Away,1702,1538,8,5,1.65,1.06,58.5,6,8.0,1,0,0,18,67,1
1596,2020,Bundesliga,Away,1642,1514,6,6,1.57,1.54,56.6,7,10.0,1,0,0,15,67,0
1597,2025,Premier League,Home,1519,1480,2,5,1.63,1.53,46.8,6,7.0,0,2,0,17,1,1
1598,2018,Premier League,Away,1240,1338,8,7,0.54,1.88,49.6,5,5.0,2,3,0,19,61,0
1599,2019,Bundesliga,Away,1613,1761,7,8,0.92,1.46,46.1,4,5.0,4,0,0,19,27,0
1600,2021,La Liga,Home,1299,1582,4,7,0.74,1.05,45.9,10,7.0,1,0,0,21,58,0
1601,2020,Ligue 1,Away,1505,1278,12,5,1.59,1.33,48.8,6,8.0,1,3,0,19,93,1
1602,2018,Premier League,Home,1484,1441,7,12,0.83,1.49,45.0,4,5.0,2,1,0,16,30,0
1603,2022,Serie A,Home,1302,1280,6,3,1.13,1.33,46.9,6,6.0,2,2,0,16,10,1
1604,2022,Bundesliga,Home,1552,1607,4,5,1.18,1.31,48.4,6,4.0,2,1,0,13,23,1
1605,2019,Premier League,Away,1802,1497,15,4,1.72,1.27,65.8,5,,2,4,0,19,94,1
1606,2023,La Liga,Home,1456,1501,7,5,1.27,1.58,49.7,6,5.0,4,1,0,18,34,1
1607,2018,Ligue 1,Home,1607,1382,6,4,1.53,1.69,60.4,4,8.0,3,0,0,15,31,0
1608,2023,La Liga,Away,1830,1456,9,13,1.61,1.31,55.0,10,6.0,1,0,0,18,28,1
1609,2020,La Liga,Away,1621,1610,13,11,1.66,0.79,47.4,5,,1,1,0,13,33,0
1610,2019,La Liga,Home,1410,1648,5,8,1.62,1.47,40.7,6,5.0,4,1,0,18,9,0
1611,2019,Premier League,Home,1533,1618,5,14,1.7,1.09,46.9,3,3.0,1,0,0,20,83,0
1612,2024,Bundesliga,Away,1567,1283,7,3,1.33,1.54,60.4,8,5.0,0,0,0,16,67,1
1613,2022,Bundesliga,Home,1701,1474,10,6,1.35,1.34,54.0,6,5.0,0,4,0,18,38,1
1614,2023,La Liga,Away,1670,1535,10,7,1.59,1.41,51.9,3,6.0,4,0,1,19,20,0
1615,2019,Bundesliga,Away,1150,1397,4,9,1.46,1.29,46.7,5,10.0,3,2,0,15,81,0
1616,2018,Premier League,Home,1380,1268,7,5,1.2,1.28,,4,5.0,0,0,0,15,39,0
1617,2018,Premier League,Home,1490,1320,9,9,1.55,1.55,50.4,5,7.0,1,0,0,16,15,0
1618,2021,Serie A,Away,1358,1710,5,11,1.39,1.37,39.5,5,8.0,0,0,1,16,41,0
1619,2020,Ligue 1,Home,1150,1333,9,8,1.16,1.47,54.5,7,4.0,4,0,0,21,72,0
1620,2024,Premier League,Away,1398,1507,5,3,1.56,1.31,51.7,6,7.0,0,3,0,21,85,0
1621,2024,Premier League,Home,1499,1478,11,3,1.02,1.07,60.0,5,10.0,0,0,0,13,3,1
1622,2020,Serie A,Away,1426,1478,5,3,1.03,1.5,42.2,4,7.0,2,0,0,19,51,0
1623,2021,Bundesliga,Home,1360,1455,2,6,1.21,1.54,49.6,8,5.0,0,1,0,13,74,1
1624,2021,Premier League,Away,1506,1610,3,5,1.66,1.22,45.5,5,6.0,0,0,1,12,85,1
1625,2023,La Liga,Away,1548,1505,9,11,1.71,1.1,49.5,3,7.0,1,1,0,13,20,0
1626,2023,Bundesliga,Home,1434,1412,10,6,1.27,1.45,42.8,4,7.0,1,0,0,16,43,0
1627,2023,La Liga,Away,1692,1507,7,9,1.81,1.39,61.1,4,7.0,1,1,0,18,51,1
1628,2018,Premier League,Away,1508,1321,5,4,1.25,1.5,46.6,5,10.0,0,0,0,20,71,0
1629,2020,Premier League,Home,1378,1567,7,10,1.01,1.02,49.7,7,8.0,0,1,0,13,76,0
1630,2025,La Liga,Home,1343,1405,6,1,0.85,1.5,46.5,5,4.0,2,0,0,21,39,1
1631,2020,La Liga,Away,1470,1413,6,6,1.28,1.47,46.9,5,10.0,3,2,0,16,60,0
1632,2019,Ligue 1,Away,1656,1572,6,10,1.43,1.39,47.3,7,7.0,0,1,1,13,42,0
1633,2019,Serie A,Away,1385,1443,7,8,1.47,1.37,48.8,6,8.0,2,0,0,17,63,0
1634,2018,Bundesliga,Home,1583,1451,10,6,1.58,1.71,51.5,7,5.0,3,1,0,20,70,1
1635,2024,Ligue 1,Away,1513,1663,9,5,1.38,1.2,46.3,5,8.0,2,3,0,20,27,0
1636,2018,La Liga,Home,1779,1364,11,8,1.67,1.82,50.4,5,10.0,3,1,0,15,18,1
1637,2022,La Liga,Home,1555,1570,5,7,1.31,1.34,39.3,6,7.0,4,2,0,19,26,0
1638,2021,Ligue 1,Home,1402,1633,7,8,0.8,0.94,35.1,10,7.0,0,0,0,17,17,1
1639,2018,Premier League,Home,1603,1663,9,15,1.17,1.41,52.5,3,4.0,0,0,0,13,28,0
1640,2025,Bundesliga,Home,1608,1805,5,11,1.67,0.98,52.3,8,4.0,1,2,0,16,17,1
1641,2023,Bundesliga,Away,1444,1410,6,5,1.25,1.32,49.5,6,7.0,2,0,0,21,63,0
1642,2024,Premier League,Home,1337,1378,6,5,0.84,1.72,52.7,10,7.0,0,3,0,17,28,1
1643,2025,La Liga,Home,1575,1614,8,11,1.77,0.94,50.8,4,6.0,1,3,0,13,18,1
1644,2025,Premier League,Home,1509,1632,3,7,1.78,0.79,52.8,5,5.0,0,2,1,13,6,0
1645,2023,Premier League,Home,1288,1389,3,7,1.42,1.4,53.5,3,3.0,1,0,0,15,85,0
1646,2022,La Liga,Home,1536,1568,6,11,1.5,1.36,43.0,3,6.0,1,2,0,12,6,0
1647,2023,La Liga,Away,1411,1881,8,12,1.32,1.22,39.2,5,6.0,3,3,0,17,62,0
1648,2021,Bundesliga,Away,1288,1515,12,10,1.11,1.37,48.6,3,7.0,2,0,0,13,87,0
1649,2019,Ligue 1,Home,1451,1629,7,9,1.34,0.67,49.9,6,3.0,4,3,0,13,59,1
1650,2021,Bundesliga,Away,1680,1721,7,8,1.71,0.91,52.8,6,5.0,0,3,0,19,65,1
1651,2021,La Liga,Home,1669,1851,9,7,1.71,0.72,45.3,8,5.0,1,0,0,15,70,1
1652,2018,La Liga,Home,1633,1534,9,9,1.61,0.85,55.9,8,5.0,2,1,0,16,62,1
1653,2024,Premier League,Away,1538,1675,10,10,0.57,1.15,39.5,4,3.0,1,2,0,15,73,0
1654,2025,Premier League,Away,1583,1390,12,9,1.73,1.58,48.0,8,6.0,1,0,1,13,89,0
1655,2021,Ligue 1,Away,1514,1503,11,10,1.42,1.59,57.8,3,4.0,0,0,0,17,61,0
1656,2021,La Liga,Away,1345,1437,7,12,0.84,1.53,53.1,7,8.0,1,4,0,20,72,0
1657,2024,Premier League,Home,1373,1236,6,3,1.26,1.45,61.3,6,6.0,3,0,0,17,81,0
1658,2021,Bundesliga,Home,1415,1276,10,6,1.33,1.82,52.7,5,7.0,2,0,0,15,37,1
1659,2023,La Liga,Home,1696,1560,9,6,1.17,1.24,48.5,7,5.0,1,4,1,13,9,1
1660,2022,Premier League,Away,1651,1563,9,11,1.36,1.31,51.3,5,5.0,1,0,0,17,18,0
1661,2020,Premier League,Away,1349,1354,5,3,0.91,1.32,59.6,6,4.0,0,2,1,15,74,0
1662,2024,Serie A,Away,1507,1718,2,12,1.11,1.09,40.5,6,5.0,2,2,0,13,60,0
1663,2019,Bundesliga,Away,1444,1345,10,4,1.43,1.38,51.6,4,8.0,1,0,0,18,34,0
1664,2019,Premier League,Home,1478,1536,9,10,1.17,0.97,54.6,3,8.0,0,1,0,15,49,0
1665,2023,Ligue 1,Home,1425,1442,0,10,1.29,1.56,50.0,6,8.0,4,0,0,20,9,0
1666,2023,Bundesliga,Away,1697,1515,12,4,1.75,1.38,52.6,4,7.0,0,3,1,15,66,0
1667,2025,Bundesliga,Home,1497,1626,7,6,1.24,1.44,50.6,4,4.0,1,0,0,17,43,1
1668,2023,Premier League,Away,1530,1606,10,9,1.58,1.08,45.7,4,7.0,1,2,0,18,3,0
1669,2018,Premier League,Home,1531,1599,8,9,1.72,1.44,50.7,7,5.0,3,0,0,13,29,0
1670,2024,Ligue 1,Away,1356,1581,2,8,1.4,0.88,32.3,5,5.0,1,1,1,15,85,0
1671,2021,La Liga,Away,1515,1322,8,4,1.52,1.65,46.1,7,5.0,1,3,0,13,37,1
1672,2018,Serie A,Away,1649,1659,7,7,1.73,1.38,48.6,6,4.0,0,3,0,17,29,1
1673,2022,Bundesliga,Away,1706,1352,7,7,1.68,1.22,65.5,6,4.0,0,2,0,17,74,1
1674,2019,Premier League,Away,1339,1485,8,5,1.39,1.64,45.5,8,3.0,1,3,0,16,12,0
1675,2021,Bundesliga,Home,1287,1451,6,8,0.82,1.78,45.6,6,5.0,2,1,1,15,40,0
1676,2021,Ligue 1,Home,1509,1549,12,7,1.34,1.16,,4,6.0,1,2,0,20,38,0
1677,2018,Bundesliga,Home,1655,1432,8,6,1.62,1.77,53.5,10,8.0,1,0,0,19,94,0
1678,2024,La Liga,Away,1550,1478,6,10,1.39,0.94,43.8,5,,2,3,1,21,14,1
1679,2022,Ligue 1,Home,1595,1727,10,13,2.08,1.11,50.1,5,3.0,1,0,0,17,76,0
1680,2025,Serie A,Away,1310,1319,3,3,1.09,0.86,51.1,5,7.0,0,1,0,21,19,0
1681,2021,Bundesliga,Away,1420,1500,6,5,0.82,1.58,49.7,7,7.0,4,0,0,15,66,0
1682,2022,Bundesliga,Home,1193,1344,5,8,1.03,1.11,40.7,5,3.0,0,0,1,18,36,1
1683,2024,Bundesliga,Home,1480,1594,7,5,1.54,0.78,54.8,5,7.0,0,2,0,17,59,1
1684,2019,La Liga,Away,1197,1398,3,10,0.8,1.51,42.8,6,6.0,2,0,0,18,88,0
1685,2025,Premier League,Home,1687,1505,6,8,1.55,1.6,61.7,5,5.0,0,1,0,13,92,0
1686,2019,Premier League,Away,1718,1315,13,4,1.57,1.42,49.5,3,6.0,1,0,0,12,30,1
1687,2025,Serie A,Away,1520,1681,7,10,1.36,1.22,43.8,6,5.0,1,4,0,21,91,0
1688,2023,Serie A,Away,1288,1510,7,11,0.97,1.78,52.1,4,5.0,0,1,0,12,5,0
1689,2022,Serie A,Away,1553,1519,9,2,1.68,1.1,50.1,10,5.0,1,0,0,16,49,1
1690,2019,La Liga,Away,1760,1616,13,12,2.18,1.0,41.3,7,4.0,1,3,0,17,13,1
1691,2022,Bundesliga,Home,1567,1325,8,9,1.21,1.78,51.3,5,5.0,1,1,0,16,81,1
1692,2022,Ligue 1,Away,1666,1414,9,6,1.21,1.48,57.7,3,8.0,3,2,0,21,11,1
1693,2025,Premier League,Home,1432,1524,4,8,1.17,1.68,54.9,5,5.0,4,0,0,18,70,0
1694,2024,Bundesliga,Away,1378,1253,5,5,1.57,1.25,51.7,6,4.0,0,1,0,13,88,0
1695,2021,Serie A,Away,1490,1268,8,7,1.27,1.11,61.0,8,6.0,3,3,0,19,20,1
1696,2021,Serie A,Home,1230,1385,2,4,1.14,1.09,48.1,7,4.0,1,0,1,16,88,0
1697,2021,Premier League,Home,1817,1340,12,6,1.47,1.67,59.9,7,,1,0,0,13,10,1
1698,2021,Bundesliga,Home,1520,1452,12,7,1.82,1.69,55.6,4,7.0,2,2,0,18,86,0
1699,2018,Ligue 1,Away,1621,1573,8,10,1.41,1.55,56.0,4,5.0,2,1,0,16,68,0
1700,2018,Bundesliga,Home,1435,1605,3,15,1.34,1.39,44.3,7,3.0,2,2,1,19,83,0
1701,2024,Ligue 1,Away,1284,1753,4,9,0.91,1.44,34.7,5,8.0,0,1,0,17,83,0
1702,2020,Ligue 1,Away,1700,1497,6,8,1.35,1.2,47.0,8,7.0,0,1,0,16,70,0
1703,2021,La Liga,Away,1343,1522,9,6,1.18,0.83,47.6,3,10.0,2,2,1,19,72,0
1704,2023,Serie A,Home,1549,1497,8,6,1.43,0.95,48.4,6,7.0,2,1,0,15,81,1
1705,2022,La Liga,Home,1562,1545,6,5,1.63,0.95,53.0,6,8.0,2,1,0,15,62,0
1706,2020,Ligue 1,Home,1510,1556,6,4,0.94,0.82,50.3,7,8.0,2,0,0,12,27,1
1707,2024,Premier League,Home,1390,1629,3,12,0.99,0.89,45.8,4,4.0,1,2,0,13,6,0
1708,2019,La Liga,Away,1479,1629,10,10,1.16,1.0,45.4,4,10.0,1,1,0,12,65,0
1709,2021,Ligue 1,Away,1367,1573,11,9,1.23,1.44,38.5,5,4.0,1,2,1,18,79,0
1710,2018,La Liga,Home,1613,1711,5,8,1.19,1.23,49.9,6,10.0,0,0,1,16,47,0
1711,2022,Bundesliga,Home,1580,1504,11,7,1.41,1.72,56.1,4,7.0,0,0,0,18,74,1
1712,2018,La Liga,Home,1497,1414,7,3,1.19,1.12,,8,7.0,2,2,1,15,16,0
1713,2025,Ligue 1,Home,1420,1437,10,7,1.23,1.5,46.6,7,4.0,0,0,0,12,9,1
1714,2023,Ligue 1,Away,1795,1485,6,8,1.48,1.69,52.5,4,5.0,0,0,0,18,69,0
1715,2019,La Liga,Home,1318,1348,6,4,0.9,1.36,43.4,7,4.0,0,3,0,19,67,0
1716,2022,Bundesliga,Home,1284,1414,4,5,1.18,1.32,46.5,8,4.0,0,2,0,13,62,1
1717,2020,La Liga,Away,1489,1340,9,4,1.62,1.84,57.7,4,8.0,0,1,0,12,95,0
1718,2022,Serie A,Away,1464,1548,7,10,1.51,1.22,52.4,8,5.0,0,1,0,15,19,0
1719,2019,Serie A,Away,1654,1550,9,9,1.8,1.66,,6,10.0,1,3,0,13,8,1
1720,2022,Bundesliga,Away,1590,1252,8,0,1.76,1.2,60.4,7,6.0,3,0,0,17,88,0
1721,2018,Premier League,Home,1504,1408,12,8,1.31,1.84,,6,3.0,4,0,0,21,23,1
1722,2019,Premier League,Away,1570,1756,8,12,1.89,1.43,46.5,4,5.0,0,1,0,20,8,0
1723,2022,Bundesliga,Home,1568,1588,11,9,1.61,1.03,39.0,6,5.0,1,0,1,17,35,1
1724,2022,Serie A,Away,1794,1564,13,13,1.44,1.22,54.0,6,5.0,0,0,0,21,73,0
1725,2020,Serie A,Away,1535,1407,10,6,1.22,1.12,51.1,7,6.0,1,3,0,16,54,0
1726,2018,Premier League,Home,1405,1540,4,9,1.28,1.19,48.9,7,4.0,1,0,0,21,56,0
1727,2021,La Liga,Away,1528,1498,10,9,1.6,0.96,52.9,6,5.0,2,1,0,16,87,1
1728,2025,Ligue 1,Home,1150,1388,4,8,0.91,1.01,40.4,5,10.0,0,1,0,12,34,1
1729,2023,Premier League,Away,1495,1431,4,6,1.1,1.1,48.1,5,5.0,3,1,0,13,6,0
1730,2018,La Liga,Away,1653,1434,9,5,1.72,1.67,55.8,8,6.0,1,0,0,16,20,1
1731,2025,Ligue 1,Home,1584,1292,14,8,1.16,1.07,,7,6.0,3,1,1,19,44,1
1732,2021,Premier League,Home,1542,1315,7,8,1.47,1.86,59.4,7,4.0,0,2,1,15,76,1
1733,2022,Bundesliga,Away,1591,1472,8,10,1.46,1.6,50.5,3,5.0,0,1,0,16,24,1
1734,2018,Premier League,Home,1654,1381,11,7,1.18,1.79,56.6,5,4.0,0,0,0,12,90,1
1735,2020,Ligue 1,Away,1700,1458,8,3,2.01,1.47,50.8,5,3.0,1,1,0,13,63,1
1736,2024,Bundesliga,Home,1563,1275,9,5,1.42,1.96,52.1,8,7.0,1,4,0,16,18,1
1737,2020,Ligue 1,Home,1456,1612,6,9,1.01,0.89,36.4,5,7.0,3,4,0,18,43,1
1738,2019,Premier League,Home,1176,1791,5,14,1.01,1.43,31.5,8,4.0,2,0,0,16,41,0
1739,2018,Serie A,Home,1637,1644,9,12,1.07,1.98,56.2,7,4.0,3,0,0,19,6,1
1740,2025,Bundesliga,Home,1572,1658,13,11,1.52,1.14,54.9,8,10.0,2,1,0,15,77,0
1741,2024,Premier League,Home,1521,1588,8,3,1.59,1.26,,3,8.0,0,0,0,12,46,1
1742,2018,Premier League,Home,1404,1537,6,6,1.92,1.09,51.7,10,5.0,1,2,1,19,45,1
1743,2025,Premier League,Home,1635,1512,12,7,1.52,1.36,57.1,5,6.0,2,2,0,20,57,0
1744,2024,Ligue 1,Away,1464,1372,3,5,1.15,1.51,53.2,3,4.0,2,0,0,16,9,1
1745,2020,Bundesliga,Home,1495,1597,12,9,1.4,0.67,35.3,6,5.0,2,4,0,13,11,1
1746,2023,Serie A,Home,1492,1588,5,12,1.7,1.42,58.9,8,6.0,0,0,0,20,85,0
1747,2020,Bundesliga,Home,1563,1435,11,9,1.54,1.69,52.2,7,4.0,1,0,0,16,85,1
1748,2019,Serie A,Away,1339,1574,9,6,1.38,1.06,43.1,7,3.0,0,1,0,12,14,0
1749,2023,La Liga,Away,1579,1403,7,4,1.63,1.33,61.7,8,7.0,0,2,1,17,57,0
1750,2019,La Liga,Away,1399,1412,5,4,1.37,1.64,,10,4.0,2,3,0,18,80,0
1751,2020,Serie A,Home,1404,1609,6,9,0.89,1.02,57.5,7,5.0,1,2,0,15,35,0
1752,2020,Premier League,Away,1624,1560,11,10,1.12,1.48,47.4,7,10.0,0,3,1,18,24,0
1753,2019,Ligue 1,Home,1361,1468,3,10,0.8,1.45,52.5,5,6.0,4,0,0,18,40,0
1754,2024,Bundesliga,Away,1624,1451,9,6,1.19,1.98,,5,4.0,0,3,0,21,14,0
1755,2023,La Liga,Away,1514,1524,7,8,1.09,1.3,50.3,6,4.0,0,2,0,19,79,1
1756,2024,Serie A,Home,1269,1243,2,9,1.56,1.45,46.2,5,4.0,0,2,1,20,39,0
1757,2022,Premier League,Away,1691,1394,7,2,1.38,1.51,54.3,7,8.0,3,3,0,20,87,1
1758,2019,Ligue 1,Home,1543,1323,8,7,1.42,1.54,62.0,10,7.0,0,0,0,21,77,0
1759,2020,Ligue 1,Away,1555,1502,8,9,1.35,1.76,53.9,4,6.0,0,1,0,18,63,1
1760,2020,Ligue 1,Away,1641,1652,7,9,1.55,1.61,51.8,7,4.0,2,0,0,19,86,0
1761,2025,La Liga,Home,1710,1567,10,8,1.6,1.11,45.4,6,7.0,1,1,0,12,62,1
1762,2019,Premier League,Home,1528,1428,6,8,1.07,1.37,44.5,7,7.0,3,0,0,21,12,0
1763,2023,Premier League,Home,1586,1401,12,6,1.59,1.27,,6,6.0,2,0,0,17,2,1
1764,2018,Premier League,Away,1552,1394,8,5,1.24,1.23,52.0,6,4.0,0,0,0,20,8,0
1765,2025,Premier League,Home,1452,1780,10,9,1.12,0.4,41.3,6,6.0,0,0,0,13,6,0
1766,2023,Premier League,Home,1278,1510,0,12,1.03,1.76,45.8,6,5.0,1,0,0,12,23,0
1767,2021,Ligue 1,Home,1530,1528,9,7,1.59,1.16,55.2,10,8.0,1,3,0,15,94,0
1768,2020,Premier League,Away,1693,1204,11,4,1.41,1.5,69.6,3,7.0,1,3,0,12,65,1
1769,2020,Premier League,Home,1582,1335,8,8,1.46,2.19,57.1,4,5.0,1,1,0,12,68,1
1770,2019,Bundesliga,Away,1351,1494,4,7,1.29,1.2,42.2,6,3.0,4,0,0,18,39,0
1771,2022,Serie A,Away,1654,1430,9,7,1.58,1.37,59.2,5,8.0,1,0,0,17,40,0
1772,2024,Bundesliga,Home,1457,1519,9,9,1.35,1.4,49.4,5,10.0,1,1,0,21,82,0
1773,2019,Serie A,Home,1207,1517,1,5,0.68,1.42,44.6,5,5.0,2,3,1,21,18,0
1774,2023,Ligue 1,Home,1643,1584,11,5,1.54,1.12,57.5,7,3.0,3,2,0,12,51,1
1775,2022,Serie A,Away,1368,1238,7,2,0.98,1.87,51.3,3,7.0,0,3,0,19,30,1
1776,2024,Serie A,Away,1749,1345,10,10,1.18,1.53,67.4,5,4.0,3,1,0,19,11,0
1777,2024,Bundesliga,Home,1661,1486,9,6,1.41,1.39,47.3,6,7.0,2,0,0,15,66,1
1778,2018,La Liga,Away,1468,1409,7,7,1.19,1.26,55.1,5,3.0,0,0,0,17,15,1
1779,2018,La Liga,Home,1564,1457,13,4,2.16,1.36,49.4,3,6.0,0,2,0,20,64,0
1780,2025,La Liga,Away,1839,1515,12,11,1.97,1.58,59.2,8,8.0,2,1,0,17,75,1
1781,2019,Premier League,Home,1640,1396,7,5,1.7,1.69,57.7,5,6.0,2,0,0,19,90,0
1782,2022,Bundesliga,Home,1533,1527,7,7,1.28,1.22,48.4,8,8.0,2,0,0,21,71,1
1783,2024,La Liga,Home,1900,1576,9,8,1.74,1.09,54.9,8,7.0,0,3,0,16,63,1
1784,2022,Premier League,Away,1516,1509,3,14,2.01,1.56,45.9,4,6.0,2,1,0,13,13,0
1785,2018,Premier League,Home,1581,1601,5,10,1.28,1.33,50.9,6,7.0,3,4,0,16,67,0
1786,2018,Bundesliga,Away,1369,1196,6,3,1.27,1.84,57.5,4,8.0,1,1,0,20,24,0
1787,2023,La Liga,Home,1266,1418,8,0,1.55,1.18,55.3,4,8.0,0,1,0,12,93,1
1788,2025,Bundesliga,Home,1460,1625,10,13,1.13,1.23,44.6,6,8.0,1,2,0,15,90,1
1789,2020,Bundesliga,Home,1505,1379,5,4,1.39,1.68,45.5,6,3.0,0,2,0,18,58,1
1790,2022,Premier League,Home,1546,1360,6,4,1.4,1.3,57.0,8,4.0,0,3,0,13,12,0
1791,2025,Bundesliga,Home,1301,1482,3,5,0.91,1.84,36.8,6,4.0,0,0,0,13,74,0
1792,2024,La Liga,Away,1592,1498,2,11,1.64,1.76,60.4,7,10.0,0,0,0,17,73,0
1793,2022,Premier League,Home,1384,1425,6,6,0.94,1.37,52.8,7,8.0,1,1,0,13,58,1
1794,2023,Bundesliga,Home,1585,1758,11,7,1.64,1.07,40.6,3,7.0,0,1,0,16,28,1
1795,2025,Ligue 1,Home,1631,1540,8,7,1.6,1.39,44.3,5,7.0,1,0,0,12,5,1
1796,2024,La Liga,Away,1445,1374,4,4,1.51,1.51,47.5,6,5.0,2,3,0,15,33,0
1797,2021,Serie A,Home,1365,1298,4,6,1.15,1.84,54.3,7,3.0,1,2,0,13,59,0
1798,2023,La Liga,Away,1716,1557,9,7,1.68,1.08,50.1,7,6.0,3,2,0,21,13,1
1799,2020,Serie A,Away,1622,1370,11,2,1.74,1.25,60.0,8,6.0,0,2,0,19,12,0
1800,2025,Serie A,Home,1521,1801,7,11,1.02,1.15,47.7,6,5.0,4,0,1,13,17,0
1801,2018,Serie A,Away,1706,1560,12,8,1.27,1.42,50.8,4,5.0,0,2,0,16,77,1
1802,2019,Serie A,Away,1512,1578,7,5,1.51,1.27,52.8,4,4.0,2,0,0,13,84,1
1803,2020,Premier League,Home,1413,1535,7,3,1.46,1.54,53.0,6,5.0,1,0,0,15,4,1
1804,2019,Bundesliga,Away,1360,1657,3,10,1.23,1.55,45.4,6,8.0,0,3,0,20,15,0
1805,2022,Serie A,Home,1485,1165,6,3,1.56,1.84,60.7,3,4.0,0,0,0,21,7,1
1806,2023,Bundesliga,Home,1608,1332,6,5,1.38,1.59,54.1,5,6.0,0,3,0,13,75,1
1807,2025,Premier League,Away,1695,1645,11,11,1.88,1.17,61.4,10,6.0,2,1,0,15,17,1
1808,2022,La Liga,Home,1503,1710,7,5,1.34,1.18,39.9,3,5.0,0,0,0,17,2,0
1809,2022,La Liga,Away,1670,1327,0,6,1.34,1.16,56.4,5,4.0,1,0,0,17,39,1
1810,2022,Premier League,Home,1470,1245,8,6,1.67,1.28,60.3,6,4.0,0,0,0,17,20,1
1811,2018,Premier League,Away,1391,1523,9,7,1.44,1.64,44.8,8,5.0,1,1,0,17,89,1
1812,2023,La Liga,Home,1317,1568,3,5,1.04,1.73,42.2,3,6.0,0,1,0,13,81,1
1813,2018,Bundesliga,Home,1429,1521,8,6,1.16,0.99,40.9,7,3.0,1,4,0,19,2,1
1814,2022,Premier League,Away,1322,1492,5,6,1.3,1.49,43.4,5,8.0,2,4,0,19,75,0
1815,2025,Bundesliga,Home,1781,1241,5,0,1.41,1.2,72.0,4,3.0,2,0,0,18,77,1
1816,2024,Serie A,Home,1562,1447,13,8,1.5,1.81,51.1,4,3.0,3,1,0,21,93,1
1817,2022,Bundesliga,Home,1487,1468,7,7,1.29,1.37,56.9,8,6.0,3,0,0,19,19,1
1818,2020,La Liga,Away,1741,1423,11,5,1.67,2.05,55.5,4,7.0,0,1,0,16,17,1
1819,2024,Serie A,Away,1318,1231,4,7,0.64,1.43,46.8,3,5.0,0,0,0,18,24,0
1820,2024,Serie A,Home,1481,1582,7,7,1.1,1.15,43.6,7,5.0,0,1,0,18,63,0
1821,2020,Ligue 1,Away,1780,1621,11,13,1.72,1.34,57.6,8,7.0,4,0,0,16,50,0
1822,2018,Serie A,Away,1480,1389,5,5,1.59,1.68,41.4,4,8.0,4,1,0,20,46,1
1823,2022,Serie A,Away,1843,1474,15,5,1.69,1.58,67.7,10,5.0,4,0,0,15,76,0
1824,2023,Serie A,Away,1610,1430,11,4,1.65,1.66,56.9,8,,2,1,0,13,48,1
1825,2025,Bundesliga,Away,1683,1432,11,7,1.18,1.35,54.4,4,8.0,1,1,0,17,1,0
1826,2025,Premier League,Away,1687,1569,9,6,1.44,1.53,49.0,4,6.0,2,1,0,16,66,0
1827,2019,Serie A,Home,1500,1572,6,9,1.42,1.84,45.6,5,3.0,3,1,0,17,45,0
1828,2020,Serie A,Home,1432,1650,9,8,1.26,1.42,50.3,6,4.0,0,1,0,16,71,1
1829,2025,Ligue 1,Home,1484,1648,9,8,1.52,1.01,38.0,3,7.0,0,0,0,20,8,0
1830,2020,Serie A,Away,1362,1476,5,7,1.13,1.48,46.9,6,5.0,4,0,0,13,46,0
1831,2021,La Liga,Home,1491,1898,5,15,1.28,0.5,45.5,8,4.0,1,1,1,16,57,0
1832,2020,Ligue 1,Home,1499,1717,3,9,1.51,1.33,34.4,5,3.0,4,1,0,18,49,0
1833,2021,La Liga,Home,1736,1408,10,7,1.48,1.02,55.1,3,3.0,1,1,0,13,38,0
1834,2022,Premier League,Home,1583,1518,8,9,1.21,1.51,44.1,4,6.0,4,2,0,19,76,1
1835,2020,Premier League,Away,1831,1222,15,1,1.83,1.59,58.8,6,7.0,1,1,0,13,79,1
1836,2021,Premier League,Home,1198,1504,6,9,0.78,1.6,43.4,6,5.0,2,0,0,17,51,0
1837,2020,Premier League,Home,1330,1734,6,12,1.52,1.15,43.1,4,5.0,1,2,0,17,1,0
1838,2018,La Liga,Away,1450,1889,7,15,0.83,1.35,37.0,6,3.0,3,1,0,17,47,0
1839,2024,Bundesliga,Away,1709,1483,7,4,1.51,1.51,48.2,5,5.0,0,1,0,15,71,0
1840,2025,Bundesliga,Away,1485,1547,10,5,1.74,1.58,44.1,3,4.0,1,0,0,15,76,0
1841,2021,Premier League,Away,1295,1585,5,8,1.62,1.18,44.7,6,5.0,0,0,0,20,15,0
1842,2019,Serie A,Home,1466,1777,9,11,1.29,0.99,42.0,6,,2,0,0,16,29,0
1843,2023,Premier League,Home,1332,1362,9,6,1.44,1.13,43.3,4,6.0,0,0,0,15,53,0
1844,2022,Ligue 1,Home,1305,1872,4,11,1.33,0.73,33.4,7,6.0,0,2,1,18,75,0
1845,2022,Premier League,Home,1780,1456,9,7,1.54,1.41,62.0,3,7.0,0,0,0,20,27,1
1846,2022,Serie A,Away,1451,1336,13,0,1.41,1.51,53.9,4,4.0,3,1,0,18,83,1
1847,2023,La Liga,Away,1524,1456,9,9,1.16,1.49,46.5,5,,1,1,0,20,15,1
1848,2018,Serie A,Home,1487,1387,7,10,0.95,1.28,53.8,5,7.0,0,3,0,19,40,1
1849,2018,La Liga,Home,1465,1559,10,7,1.44,1.34,44.8,6,8.0,1,1,0,21,61,1
1850,2018,Bundesliga,Away,1382,1269,5,5,1.36,1.89,49.6,5,4.0,3,0,0,18,16,0
1851,2019,Premier League,Home,1457,1520,8,12,1.01,1.44,49.1,4,6.0,2,4,0,20,91,0
1852,2025,Ligue 1,Away,1547,1593,7,9,1.37,1.28,43.4,10,4.0,1,2,0,18,51,1
1853,2023,Serie A,Home,1699,1708,10,11,1.27,1.23,47.6,3,4.0,1,1,0,16,49,0
1854,2023,Bundesliga,Away,1633,1595,8,13,1.38,1.58,56.2,3,7.0,1,1,0,21,19,1
1855,2023,Bundesliga,Away,1329,1699,3,15,1.05,1.21,53.1,6,7.0,1,2,0,20,1,0
1856,2018,Ligue 1,Away,1638,1415,10,4,1.69,1.3,47.0,4,5.0,0,0,0,16,41,1
1857,2019,Premier League,Home,1567,1555,7,7,1.3,1.17,45.9,6,7.0,1,0,0,17,24,0
1858,2024,La Liga,Away,1413,1188,8,6,0.94,1.49,61.3,6,6.0,0,0,0,15,56,1
1859,2021,Premier League,Away,1525,1484,7,9,1.81,1.22,44.7,6,5.0,0,0,0,15,16,1
1860,2022,La Liga,Home,1580,1554,4,10,1.56,1.5,50.0,5,4.0,1,2,0,13,86,0
1861,2024,Serie A,Home,1507,1567,9,1,1.58,1.71,57.5,6,7.0,0,3,0,15,65,1
1862,2018,Ligue 1,Away,1567,1280,10,0,1.58,1.45,53.5,6,7.0,2,0,0,16,30,0
1863,2024,Ligue 1,Home,1379,1445,12,11,1.45,1.17,47.1,4,3.0,2,4,0,19,12,0
1864,2023,Serie A,Home,1779,1465,11,9,1.77,1.06,51.4,3,5.0,3,4,0,16,78,1
1865,2021,Serie A,Away,1230,1440,5,8,1.17,1.84,48.2,4,4.0,1,0,0,13,31,0
1866,2021,Bundesliga,Home,1581,1602,10,5,1.47,1.5,40.5,6,3.0,3,0,0,13,88,0
1867,2018,Ligue 1,Away,1551,1470,11,6,1.3,1.21,48.6,5,4.0,2,2,0,19,38,0
1868,2019,Premier League,Home,1590,1514,11,9,1.67,1.37,45.4,6,7.0,3,0,0,19,78,0
1869,2019,Serie A,Away,1401,1431,7,3,1.17,1.76,47.6,3,6.0,1,0,0,21,69,1
1870,2025,Bundesliga,Away,1664,1649,9,7,1.56,1.2,59.7,10,10.0,2,1,0,13,11,0
1871,2018,La Liga,Home,1485,1659,10,10,1.43,1.42,47.6,6,5.0,0,3,0,21,16,0
1872,2020,La Liga,Home,1334,1457,5,9,1.28,1.35,48.1,4,8.0,2,0,0,12,54,1
1873,2019,Ligue 1,Home,1347,1899,2,11,0.93,0.92,37.7,4,3.0,2,2,0,20,66,0
1874,2020,Ligue 1,Away,1517,1393,4,9,1.42,0.78,53.0,8,8.0,1,2,0,16,25,0
1875,2018,Ligue 1,Home,1276,1641,4,12,0.85,1.12,47.3,3,3.0,0,0,0,16,91,0
1876,2020,Bundesliga,Home,1752,1367,11,1,1.67,1.34,63.5,3,4.0,1,0,0,19,15,1
1877,2023,La Liga,Home,1647,1608,15,13,1.71,1.38,44.5,7,7.0,4,4,0,17,45,0
1878,2024,La Liga,Away,1756,1597,10,12,2.08,1.33,58.8,8,8.0,4,0,1,13,92,0
1879,2021,Serie A,Home,1741,1358,11,6,1.76,1.53,60.8,5,6.0,4,0,0,20,44,1
1880,2023,Serie A,Home,1451,1482,6,7,1.51,1.6,51.5,3,8.0,4,0,0,15,44,1
1881,2022,Serie A,Away,1378,1761,8,13,0.94,0.53,30.4,6,4.0,2,0,0,18,39,0
1882,2025,Serie A,Away,1150,1386,4,8,1.1,1.44,44.1,4,8.0,1,1,0,19,22,0
1883,2024,La Liga,Home,1443,1556,5,7,1.01,1.01,46.5,8,4.0,3,0,0,20,73,0
1884,2019,Bundesliga,Home,1747,1547,8,12,1.92,0.99,51.5,8,8.0,1,0,0,16,23,0
1885,2022,La Liga,Away,1384,1494,5,2,0.96,1.28,52.6,8,5.0,0,3,0,16,21,1
1886,2024,La Liga,Away,1471,1258,5,3,1.07,1.57,47.1,3,,3,1,0,21,71,0
1887,2020,Premier League,Home,1422,1616,6,10,1.45,1.37,60.3,8,6.0,0,1,0,20,20,1
1888,2022,Premier League,Away,1552,1502,8,7,1.83,1.46,45.7,6,3.0,1,0,0,21,81,1
1889,2021,Bundesliga,Away,1680,1655,8,11,1.81,1.0,53.0,3,4.0,3,0,0,12,94,1
1890,2020,La Liga,Home,1285,1532,9,4,1.03,1.27,44.9,7,6.0,2,1,0,12,25,1
1891,2019,Premier League,Home,1311,1509,8,7,0.89,1.7,50.9,8,4.0,1,1,0,13,66,1
1892,2018,Bundesliga,Away,1708,1552,9,11,1.47,1.71,62.3,5,7.0,1,0,0,13,3,1
1893,2023,Serie A,Home,1603,1362,6,2,1.49,1.4,53.8,6,7.0,1,4,0,13,3,1
1894,2024,Premier League,Home,1464,1718,7,9,1.29,1.18,44.5,5,3.0,2,4,1,15,71,0
1895,2023,La Liga,Home,1739,1447,10,5,1.36,1.17,55.2,6,,0,2,0,16,24,1
1896,2019,Premier League,Home,1309,1449,5,8,1.46,1.65,41.7,6,10.0,1,1,0,17,12,0
1897,2018,Serie A,Away,1630,1681,8,11,1.82,1.77,48.9,4,6.0,0,0,0,12,61,0
1898,2023,La Liga,Home,1490,1535,5,8,1.81,1.18,48.7,3,7.0,2,1,0,15,53,1
1899,2019,Premier League,Away,1585,1467,9,6,1.03,1.67,53.0,7,3.0,4,1,0,12,26,0
1900,2022,Premier League,Home,1166,1558,3,8,0.78,1.48,38.3,4,7.0,0,0,0,15,61,0
1901,2025,Serie A,Home,1464,1588,6,8,1.37,1.23,48.6,5,4.0,1,2,0,21,42,1
1902,2018,Premier League,Home,1603,1483,9,7,1.46,1.19,56.9,8,4.0,1,0,0,19,18,0
1903,2022,Bundesliga,Away,1491,1629,7,13,1.23,1.85,40.5,7,5.0,0,0,0,20,1,0
1904,2025,Premier League,Home,1676,1322,10,2,1.33,1.7,61.9,6,8.0,0,3,0,15,49,1
1905,2020,Serie A,Away,1671,1537,9,9,1.29,1.56,61.2,4,6.0,0,3,0,16,45,1
1906,2024,La Liga,Away,1366,1612,7,6,1.71,1.2,37.5,4,8.0,1,2,0,18,18,0
1907,2024,La Liga,Home,1615,1587,7,14,1.12,1.29,51.5,4,7.0,0,0,0,15,74,0
1908,2021,Premier League,Home,1361,1186,3,4,0.81,1.33,56.6,8,7.0,0,0,0,20,90,1
1909,2020,Bundesliga,Away,1508,1482,5,4,1.06,1.56,54.6,6,8.0,1,0,0,20,31,1
1910,2023,Ligue 1,Home,1592,1330,7,5,1.5,1.41,61.0,5,5.0,1,2,0,12,78,1
1911,2022,Premier League,Home,1383,1680,3,6,1.15,0.93,48.6,8,7.0,4,0,0,13,55,0
1912,2021,Premier League,Away,1610,1445,4,5,1.57,1.19,54.8,6,7.0,1,1,0,20,71,0
1913,2019,Ligue 1,Home,1429,1664,8,11,1.1,1.81,39.1,5,7.0,1,0,0,16,14,1
1914,2023,Serie A,Away,1419,1330,10,9,1.28,1.43,50.4,4,6.0,0,0,0,13,84,1
1915,2019,Premier League,Away,1599,1555,10,11,1.48,1.39,58.3,3,4.0,2,2,0,20,46,1
1916,2019,Premier League,Away,1383,1501,5,7,1.61,1.05,42.7,6,10.0,0,3,0,20,59,1
1917,2018,Serie A,Home,1376,1887,2,14,1.66,0.95,39.8,3,,3,1,0,18,28,0
1918,2021,Bundesliga,Home,1646,1665,10,12,1.47,0.86,53.8,3,5.0,0,1,0,17,70,1
1919,2018,Serie A,Away,1515,1656,4,15,1.58,1.3,49.5,10,3.0,0,0,0,15,64,0
1920,2020,Ligue 1,Away,1296,1784,5,9,1.17,0.87,42.4,6,3.0,1,0,1,20,48,0
1921,2019,Serie A,Home,1620,1540,7,12,1.67,1.51,51.8,8,4.0,1,0,0,19,90,0
1922,2021,La Liga,Home,1443,1486,1,4,1.38,0.92,48.4,4,6.0,1,3,0,15,17,0
1923,2024,La Liga,Home,1304,1470,9,10,1.32,1.22,54.9,10,4.0,0,0,0,12,37,1
1924,2021,La Liga,Home,1150,1546,0,6,1.18,1.6,50.0,7,8.0,2,2,0,17,94,0
1925,2022,Premier League,Home,1626,1150,8,2,1.59,2.05,69.1,5,3.0,0,0,0,18,86,1
1926,2019,Premier League,Home,1380,1500,6,7,1.25,1.35,49.7,8,4.0,4,2,0,19,86,0
1927,2018,La Liga,Away,1326,1532,4,6,1.42,1.22,42.0,3,3.0,1,4,0,19,86,1
1928,2025,Bundesliga,Away,1590,1478,10,8,1.42,1.4,53.5,8,3.0,0,2,0,16,35,0
1929,2022,Premier League,Away,1613,1286,7,8,1.33,2.06,57.5,6,4.0,1,0,0,12,75,1
1930,2018,La Liga,Home,1390,1479,7,2,0.84,1.3,53.3,6,8.0,1,1,0,15,27,1
1931,2022,Serie A,Home,1628,1285,10,4,1.6,1.54,60.5,8,8.0,0,0,0,17,43,1
1932,2018,Serie A,Home,1788,1748,7,8,1.84,0.86,53.9,3,5.0,0,1,0,13,93,1
1933,2018,Bundesliga,Away,1689,1464,10,9,1.13,1.21,55.5,6,3.0,2,0,0,21,15,0
1934,2020,Bundesliga,Away,1667,1211,7,8,1.38,1.72,48.9,6,6.0,2,3,0,15,37,1
1935,2023,Bundesliga,Home,1544,1471,5,7,1.59,1.6,58.4,4,6.0,1,0,0,15,77,1
1936,2022,Premier League,Away,1438,1625,8,7,1.25,1.31,45.0,4,8.0,1,2,0,20,59,1
1937,2024,La Liga,Home,1492,1525,6,4,1.36,1.54,54.0,4,8.0,1,1,0,19,16,1
1938,2019,Serie A,Away,1562,1372,9,11,1.65,1.22,53.1,4,4.0,0,3,0,21,41,0
1939,2019,Premier League,Home,1324,1405,6,10,1.13,1.16,56.1,7,8.0,1,2,0,20,21,0
1940,2022,Premier League,Home,1392,1460,2,2,1.33,1.58,45.6,10,6.0,1,4,0,12,30,1
1941,2024,Premier League,Away,1300,1438,7,8,0.86,1.29,46.2,6,8.0,2,2,0,19,23,1
1942,2023,La Liga,Away,1533,1324,9,2,1.47,1.21,55.3,6,6.0,0,0,0,13,36,1
1943,2023,La Liga,Home,1512,1491,6,6,1.03,1.41,43.0,5,5.0,0,0,0,16,47,0
1944,2018,Premier League,Away,1409,1313,6,2,0.93,1.54,54.5,4,6.0,1,1,0,18,59,0
1945,2025,Bundesliga,Home,1615,1633,11,4,1.35,1.18,53.7,7,4.0,0,0,1,12,2,1
1946,2025,Ligue 1,Away,1354,1650,5,9,1.33,1.61,44.7,8,6.0,1,0,0,17,39,0
1947,2022,Premier League,Away,1403,1360,12,11,1.26,1.94,62.7,5,4.0,1,1,1,13,51,0
1948,2020,Ligue 1,Away,1609,1400,13,4,1.27,1.68,50.8,3,5.0,0,4,0,21,74,1
1949,2023,Premier League,Away,1630,1441,9,9,1.71,1.51,,6,4.0,0,1,0,16,59,1
1950,2023,Ligue 1,Away,1389,1496,6,10,1.31,1.7,41.4,7,5.0,1,0,0,15,79,0
1951,2025,Ligue 1,Away,1532,1536,7,10,1.65,1.36,50.3,4,8.0,2,1,0,21,83,1
1952,2018,Premier League,Home,1391,1565,5,13,1.01,1.24,51.6,4,,1,1,0,12,52,0
1953,2022,Bundesliga,Home,1472,1562,7,11,1.68,1.15,48.6,5,3.0,0,3,0,18,60,1
1954,2023,Ligue 1,Away,1520,1718,10,15,1.77,0.96,42.6,5,6.0,2,0,0,12,2,0
1955,2020,Ligue 1,Away,1578,1508,5,5,1.66,1.57,59.2,4,6.0,1,0,0,19,68,0
1956,2024,Ligue 1,Home,1544,1318,10,7,1.52,1.14,55.1,6,3.0,1,2,0,16,86,1
1957,2018,Serie A,Home,1538,1275,10,9,1.52,1.4,49.7,8,5.0,3,3,0,17,4,1
1958,2018,Premier League,Away,1349,1729,7,8,1.27,1.06,45.5,6,4.0,1,2,0,15,34,0
1959,2024,Bundesliga,Home,1554,1571,8,0,1.07,0.93,52.8,4,5.0,3,2,0,15,72,0
1960,2019,Serie A,Away,1577,1529,10,5,1.29,1.23,52.4,4,5.0,0,0,0,15,59,0
1961,2021,Serie A,Home,1596,1563,12,6,1.43,1.32,58.9,10,7.0,2,3,0,17,32,1
1962,2020,La Liga,Home,1399,1522,6,9,0.98,1.59,46.4,3,5.0,1,2,0,18,67,0
1963,2023,Serie A,Home,1628,1561,9,7,1.85,1.17,53.1,8,3.0,3,3,0,13,31,1
1964,2018,Premier League,Home,1316,1448,11,7,1.27,1.42,41.8,5,4.0,2,1,0,18,95,0
1965,2020,Bundesliga,Away,1440,1648,8,8,1.73,0.84,41.3,3,4.0,0,2,0,15,28,1
1966,2025,Premier League,Home,1461,1427,4,6,1.5,1.11,48.5,4,5.0,1,3,0,16,49,0
1967,2020,Bundesliga,Home,1323,1374,8,6,0.81,0.99,52.2,6,8.0,3,0,0,16,1,1
1968,2022,Bundesliga,Away,1459,1263,8,3,1.63,1.81,51.5,4,6.0,2,0,0,16,21,1
1969,2025,La Liga,Away,1531,1467,6,9,1.27,1.3,51.1,8,5.0,3,0,0,19,19,0
1970,2022,Serie A,Home,1244,1677,2,13,1.41,1.25,38.1,3,8.0,0,0,0,15,87,0
1971,2024,La Liga,Away,1445,1436,7,4,1.67,1.54,,5,5.0,2,0,0,20,69,0
1972,2025,Ligue 1,Home,1255,1307,4,6,1.42,1.73,44.9,5,7.0,0,4,0,17,13,1
1973,2022,Bundesliga,Away,1786,1540,8,4,1.93,1.82,55.1,7,4.0,3,2,0,17,60,0
1974,2024,La Liga,Away,1530,1409,8,2,1.49,1.42,47.3,10,5.0,1,0,0,12,87,1
1975,2022,Premier League,Away,1518,1717,7,13,1.37,0.98,44.8,8,6.0,0,4,0,15,46,0
1976,2024,Premier League,Home,1532,1650,8,15,1.86,1.39,46.9,5,6.0,0,0,0,17,32,0
1977,2023,La Liga,Home,1585,1322,10,5,1.51,2.1,56.9,6,7.0,1,2,0,21,43,0
1978,2020,Ligue 1,Away,1637,1476,5,12,1.4,1.24,56.8,8,6.0,1,0,0,13,65,1
1979,2022,Bundesliga,Home,1281,1394,2,5,1.22,1.25,56.2,7,8.0,2,1,0,17,86,0
1980,2020,Premier League,Away,1683,1338,8,5,1.84,0.86,,4,8.0,1,1,0,16,46,1
1981,2021,Bundesliga,Home,1674,1492,13,12,1.82,0.84,52.7,8,5.0,2,1,0,20,5,0
1982,2020,La Liga,Home,1491,1615,14,7,1.07,1.6,42.3,5,6.0,2,1,0,19,65,1
1983,2021,Bundesliga,Away,1483,1489,7,10,1.6,1.32,51.4,5,7.0,1,0,0,15,43,1
1984,2020,Premier League,Home,1150,1428,3,6,1.14,1.13,46.6,3,5.0,0,4,0,18,30,1
1985,2023,Serie A,Away,1326,1191,0,2,1.07,1.63,47.3,8,4.0,2,1,0,19,86,0
1986,2020,Ligue 1,Home,1573,1407,11,5,1.22,2.08,55.7,8,8.0,1,1,0,19,89,1
1987,2021,Premier League,Away,1668,1577,11,3,1.89,1.28,,8,6.0,0,0,0,18,89,1
1988,2019,Bundesliga,Home,1602,1312,9,9,1.84,2.0,59.4,4,4.0,1,0,0,21,17,1
1989,2021,Ligue 1,Home,1489,1680,4,10,1.73,0.95,43.5,3,6.0,2,4,0,21,94,1
1990,2020,Premier League,Away,1770,1418,15,6,1.32,1.79,62.2,4,4.0,1,0,0,21,32,1
1991,2025,Premier League,Away,1641,1527,13,6,1.45,1.19,51.6,4,5.0,1,2,0,21,37,0
1992,2021,Serie A,Home,1445,1444,8,8,1.3,1.21,54.6,5,,0,4,0,16,58,1
1993,2018,La Liga,Away,1805,1335,14,8,2.06,1.26,63.5,6,7.0,1,1,0,17,65,1
1994,2020,Premier League,Home,1347,1562,6,8,1.38,1.21,,10,5.0,0,1,0,21,59,0
1995,2023,La Liga,Away,1294,1416,7,9,1.07,1.67,40.7,5,3.0,1,1,0,12,68,0
1996,2019,Bundesliga,Away,1441,1383,3,7,1.33,1.33,,4,7.0,0,1,0,19,79,0
1997,2019,La Liga,Home,1394,1167,0,3,1.41,1.92,50.3,4,6.0,1,1,0,21,19,1
1998,2020,La Liga,Away,1449,1682,4,12,1.48,1.01,38.7,6,6.0,2,0,0,17,3,0
1999,2020,Bundesliga,Away,1612,1501,7,6,1.89,1.33,51.0,6,5.0,0,0,0,20,23,0
2000,2021,Serie A,Home,1495,1655,6,6,1.71,1.08,45.6,5,3.0,0,0,0,15,41,1
2001,2018,Bundesliga,Away,1499,1587,9,8,1.66,1.72,41.8,7,6.0,4,2,1,21,9,0
2002,2023,La Liga,Away,1508,1655,7,9,1.17,1.34,45.5,3,7.0,0,2,1,12,46,0
2003,2019,Ligue 1,Home,1176,1421,4,6,0.82,1.49,42.7,6,5.0,2,0,0,16,40,0
2004,2023,Serie A,Home,1288,1308,2,8,0.87,1.45,46.5,6,6.0,1,2,0,18,24,0
2005,2022,Premier League,Away,1446,1607,4,10,1.4,1.11,44.7,8,4.0,0,2,1,15,37,0
2006,2019,Ligue 1,Away,1382,1518,6,7,1.1,1.08,49.8,4,7.0,2,0,1,20,60,1
2007,2021,Serie A,Home,1468,1435,6,7,1.46,1.74,48.9,5,8.0,2,2,1,20,18,1
2008,2018,Premier League,Home,1697,1604,10,9,1.75,0.85,55.2,5,5.0,1,0,0,17,86,0
2009,2023,Premier League,Away,1490,1543,9,9,1.4,1.22,48.3,6,4.0,0,1,0,20,18,0
2010,2020,Bundesliga,Home,1315,1589,10,9,1.37,1.49,48.2,4,5.0,3,0,0,20,40,0
2011,2021,Premier League,Home,1389,1357,6,5,1.07,1.06,54.9,6,6.0,3,0,0,12,28,0
2012,2019,La Liga,Home,1739,1637,15,6,1.25,1.27,51.5,4,3.0,1,0,0,17,25,1
2013,2020,Premier League,Home,1715,1499,11,6,1.42,1.13,52.0,5,4.0,0,0,0,19,56,1
2014,2021,La Liga,Home,1583,1652,10,10,1.66,1.22,50.7,8,3.0,4,1,0,21,55,0
2015,2019,La Liga,Away,1281,1636,8,10,1.58,1.19,38.5,4,7.0,1,2,0,16,65,0
2016,2025,Serie A,Away,1543,1596,10,5,1.77,0.7,40.8,4,5.0,3,0,0,12,40,0
2017,2020,La Liga,Home,1554,1484,6,6,1.37,1.52,55.4,3,6.0,0,2,0,16,66,1
2018,2019,Premier League,Home,1504,1599,10,6,1.6,1.01,44.6,7,6.0,3,0,0,19,63,0
2019,2022,Serie A,Home,1420,1656,6,13,0.92,1.07,33.7,6,4.0,2,0,0,12,31,0
2020,2020,La Liga,Home,1449,1585,8,9,1.69,1.29,46.2,4,7.0,1,1,0,15,92,1
2021,2021,Serie A,Away,1410,1528,7,9,1.39,1.42,51.7,5,4.0,0,0,0,19,31,1
2022,2023,Premier League,Home,1340,1600,9,9,1.38,1.37,40.6,4,10.0,1,1,1,20,51,0
2023,2018,Premier League,Away,1691,1426,11,5,1.09,1.61,54.9,6,5.0,3,3,0,16,46,1
2024,2022,Premier League,Home,1624,1712,5,9,1.61,0.54,50.3,4,5.0,2,1,0,15,82,0
2025,2018,La Liga,Away,1460,1265,12,6,1.78,1.68,52.6,7,6.0,0,1,0,18,9,1
2026,2018,La Liga,Home,1549,1505,10,7,1.49,1.35,50.6,5,4.0,1,2,0,15,35,0
2027,2018,Bundesliga,Home,1555,1443,7,8,1.4,1.26,57.3,5,5.0,3,0,0,18,1,0
2028,2019,La Liga,Home,1828,1410,8,7,1.66,1.5,,7,3.0,1,4,0,16,73,1
2029,2020,Serie A,Home,1622,1543,11,9,1.32,1.54,53.1,6,7.0,0,0,0,20,88,1
2030,2025,Serie A,Home,1617,1342,6,7,1.51,1.27,48.5,5,8.0,2,0,0,16,25,0
2031,2025,Premier League,Away,1505,1801,10,10,1.06,1.43,45.5,5,5.0,1,0,0,16,1,0
2032,2018,Serie A,Home,1439,1311,10,4,1.41,1.81,51.2,6,7.0,1,2,0,13,91,1
2033,2025,La Liga,Away,1694,1367,8,8,1.85,1.56,,4,6.0,3,2,0,16,68,1
2034,2023,La Liga,Home,1591,1354,7,10,1.36,1.18,48.3,4,5.0,1,0,0,20,31,1
2035,2022,Premier League,Away,1384,1528,5,10,1.33,1.86,51.1,6,4.0,2,1,0,12,20,0
2036,2024,Bundesliga,Away,1564,1642,6,2,1.42,1.29,43.8,4,6.0,3,0,0,12,66,0
2037,2021,Ligue 1,Home,1617,1574,10,6,1.59,1.32,53.2,6,4.0,1,1,0,16,32,1
2038,2020,Premier League,Away,1207,1706,5,10,1.27,1.19,42.2,4,6.0,1,1,0,12,42,0
2039,2022,Serie A,Away,1371,1384,8,3,1.32,1.59,51.6,6,4.0,1,2,0,21,74,1
2040,2023,Bundesliga,Home,1551,1592,6,6,1.63,1.5,50.9,4,8.0,0,1,0,13,75,0
2041,2023,La Liga,Home,1231,1458,6,6,1.2,1.38,44.8,6,8.0,0,2,0,19,69,0
2042,2019,Bundesliga,Away,1253,1532,2,9,1.31,1.01,36.9,7,5.0,1,0,0,19,57,0
2043,2025,Serie A,Away,1462,1655,9,11,1.4,1.47,51.8,5,6.0,0,2,0,15,4,0
2044,2020,Ligue 1,Away,1569,1263,4,4,1.52,1.36,63.1,7,,0,1,0,15,74,1
2045,2024,Ligue 1,Home,1575,1779,12,10,1.62,0.85,43.0,5,8.0,3,2,0,13,74,0
2046,2020,Premier League,Away,1722,1480,9,5,1.59,1.35,38.9,7,8.0,1,3,1,13,7,1
2047,2018,La Liga,Home,1512,1275,9,6,1.49,1.44,61.0,8,6.0,3,1,1,18,37,0
2048,2025,Serie A,Home,1448,1403,9,7,1.08,1.53,42.0,3,4.0,1,0,0,12,10,0
2049,2022,Premier League,Away,1317,1514,2,10,0.71,1.48,47.7,4,6.0,1,0,0,16,41,0
2050,2019,La Liga,Home,1446,1403,9,7,1.33,1.32,47.4,10,6.0,1,0,0,12,4,0
2051,2018,Ligue 1,Home,1599,1213,7,1,1.27,1.64,62.1,3,8.0,3,0,0,18,31,1
2052,2019,Premier League,Home,1605,1514,8,7,1.96,1.22,47.2,4,8.0,0,2,0,17,80,1
2053,2019,La Liga,Home,1537,1399,6,9,1.2,1.63,53.5,3,7.0,0,0,0,19,60,1
2054,2025,Bundesliga,Home,1577,1591,13,4,1.64,1.39,41.1,4,3.0,2,0,0,17,75,0
2055,2019,La Liga,Home,1679,1350,7,5,1.38,1.66,58.3,6,5.0,2,0,0,20,43,1
2056,2019,La Liga,Home,1511,1817,9,12,1.37,0.99,,4,8.0,0,1,0,13,68,0
2057,2024,Ligue 1,Away,1691,1572,8,14,1.29,1.35,56.6,10,5.0,1,3,1,20,76,1
2058,2025,La Liga,Away,1398,1528,9,6,0.95,1.45,,5,6.0,0,0,0,13,12,0
2059,2019,Premier League,Home,1490,1587,13,8,1.42,1.46,49.0,6,7.0,2,4,0,13,4,0
2060,2023,Premier League,Away,1433,1245,5,9,1.19,1.75,52.7,4,4.0,2,3,0,20,89,0
2061,2022,Ligue 1,Away,1611,1430,9,5,1.67,1.38,56.8,6,4.0,1,1,1,15,44,1
2062,2022,La Liga,Away,1358,1750,5,13,1.52,0.84,42.2,4,8.0,1,2,0,12,75,0
2063,2020,Serie A,Away,1455,1455,10,8,0.91,1.52,54.4,8,7.0,3,0,0,18,66,0
2064,2024,Premier League,Away,1240,1491,4,7,1.34,1.47,37.9,7,5.0,0,2,0,13,73,1
2065,2025,La Liga,Home,1583,1435,11,8,1.2,1.13,53.2,3,8.0,1,2,0,13,20,0
2066,2023,Ligue 1,Home,1675,1705,9,10,1.46,1.38,50.7,5,6.0,0,0,0,13,59,0
2067,2025,Serie A,Away,1627,1466,15,13,1.14,1.42,63.1,5,4.0,4,1,0,21,48,0
2068,2018,Ligue 1,Away,1614,1325,3,0,1.13,1.48,67.1,6,5.0,1,0,0,13,72,1
2069,2023,Premier League,Home,1618,1861,10,11,0.99,1.08,37.1,7,7.0,0,0,0,12,50,1
2070,2025,Serie A,Home,1598,1307,9,5,1.36,1.76,54.2,8,6.0,0,0,0,18,5,1
2071,2022,Bundesliga,Away,1586,1486,8,7,1.46,1.75,40.0,6,3.0,0,0,0,18,81,0
2072,2025,La Liga,Home,1595,1382,9,9,1.36,1.44,66.3,6,6.0,4,2,0,18,63,1
2073,2020,La Liga,Away,1408,1402,7,5,0.8,1.38,51.7,4,3.0,2,0,0,17,26,1
2074,2025,Bundesliga,Away,1472,1352,8,7,0.83,1.64,55.9,3,4.0,3,0,0,16,41,0
2075,2025,La Liga,Home,1510,1424,9,7,1.36,1.08,50.6,3,6.0,1,2,0,15,14,0
2076,2022,Serie A,Home,1453,1638,11,11,1.5,1.44,45.4,3,6.0,0,0,0,21,15,1
2077,2023,Ligue 1,Home,1281,1234,0,4,1.17,1.25,56.8,7,6.0,2,3,0,20,81,1
2078,2022,Premier League,Home,1327,1677,10,10,1.63,0.85,36.0,4,6.0,2,0,0,21,91,0
2079,2020,La Liga,Home,1532,1652,15,9,1.38,1.6,41.4,7,5.0,4,3,0,20,27,0
2080,2022,Premier League,Home,1627,1571,4,6,1.57,0.77,50.2,3,3.0,0,1,0,19,91,0
2081,2025,La Liga,Home,1501,1518,8,12,1.35,1.66,49.6,7,6.0,1,0,0,13,81,1
2082,2018,Premier League,Home,1887,1539,15,6,1.58,1.7,61.5,6,7.0,1,4,0,12,79,1
2083,2019,Bundesliga,Away,1371,1699,8,9,1.17,1.26,41.9,5,,2,3,0,16,84,0
2084,2021,Premier League,Home,1562,1256,13,2,1.63,1.72,53.4,7,6.0,4,1,1,16,68,1
2085,2020,Serie A,Home,1681,1602,11,10,1.77,0.86,50.1,6,4.0,3,0,0,17,8,1
2086,2022,La Liga,Home,1649,1396,4,5,1.6,1.32,57.2,7,4.0,2,1,0,13,20,1
2087,2020,La Liga,Home,1592,1616,12,13,1.85,1.34,52.7,7,,1,2,0,20,6,0
2088,2023,La Liga,Home,1650,1414,11,8,1.63,1.51,60.9,3,4.0,1,0,0,17,80,0
2089,2018,Bundesliga,Away,1508,1599,11,8,1.44,1.37,46.4,6,4.0,2,1,0,19,6,0
2090,2020,La Liga,Away,1733,1283,6,3,1.98,1.63,57.7,6,7.0,1,1,1,15,32,1
2091,2023,La Liga,Home,1680,1263,6,4,1.37,1.57,55.9,7,6.0,2,1,0,15,19,1
2092,2021,Bundesliga,Home,1381,1484,6,9,1.58,1.06,53.3,4,3.0,3,3,0,15,23,0
2093,2023,Serie A,Home,1545,1701,12,10,1.16,1.26,43.9,4,7.0,1,0,0,13,31,1
2094,2023,Premier League,Home,1283,1575,9,8,1.04,1.0,38.9,3,6.0,2,0,0,15,91,0
2095,2020,Ligue 1,Home,1713,1574,8,6,1.13,1.19,54.3,5,7.0,2,2,0,16,72,1
2096,2021,La Liga,Away,1531,1620,7,15,1.45,1.59,55.8,3,6.0,1,2,0,17,23,0
2097,2025,Premier League,Away,1689,1444,15,6,1.89,1.01,51.5,6,5.0,1,0,0,19,61,1
2098,2025,Serie A,Away,1485,1586,6,5,1.1,1.24,50.4,4,7.0,2,1,0,17,84,0
2099,2018,Premier League,Away,1240,1419,6,4,0.99,1.64,43.3,4,5.0,0,0,0,12,79,0
2100,2023,Premier League,Away,1869,1456,11,6,1.7,1.55,60.9,3,6.0,2,0,0,18,56,1
2101,2021,Bundesliga,Home,1518,1473,9,12,1.32,1.45,55.2,5,6.0,0,3,0,12,33,1
2102,2018,Premier League,Away,1360,1424,4,6,0.93,1.25,54.5,4,7.0,2,0,0,13,18,0
2103,2023,Bundesliga,Home,1660,1491,7,6,1.54,1.69,51.6,3,7.0,1,1,0,16,92,1
2104,2018,Ligue 1,Away,1785,1464,10,9,2.06,1.08,61.8,4,7.0,1,0,0,21,71,0
2105,2020,Serie A,Away,1472,1401,6,9,1.19,1.61,53.0,7,8.0,1,0,0,16,95,0
2106,2023,Bundesliga,Away,1486,1480,7,9,1.39,1.41,52.2,3,8.0,0,2,0,20,61,0
2107,2024,Bundesliga,Home,1533,1522,9,8,1.44,1.13,,4,3.0,0,0,0,19,16,0
2108,2021,Ligue 1,Home,1344,1346,11,3,1.08,1.39,46.4,4,6.0,0,3,0,15,42,0
2109,2024,La Liga,Home,1403,1558,5,6,1.31,1.75,50.0,4,6.0,0,0,0,19,40,1
2110,2024,Premier League,Home,1749,1431,8,3,1.53,1.12,58.7,4,3.0,1,0,0,19,56,1
2111,2021,Serie A,Home,1481,1528,7,7,1.43,0.88,54.7,5,5.0,0,3,0,21,91,0
2112,2019,Serie A,Home,1383,1407,4,5,1.2,1.27,51.5,7,4.0,0,1,0,21,45,0
2113,2023,Premier League,Home,1437,1647,2,8,0.93,1.32,44.0,6,5.0,2,1,0,20,38,0
2114,2018,Serie A,Away,1650,1634,12,10,1.07,1.59,54.8,5,7.0,2,2,0,16,79,0
2115,2025,Premier League,Away,1223,1353,4,4,0.51,1.49,43.9,7,4.0,3,1,0,15,26,0
2116,2021,Ligue 1,Home,1536,1573,8,7,1.29,0.88,47.1,5,8.0,0,0,0,17,65,0
2117,2024,La Liga,Away,1845,1702,7,9,1.94,1.19,49.8,5,8.0,0,2,0,13,69,1
2118,2023,Premier League,Away,1784,1367,9,6,1.48,1.68,57.3,6,6.0,0,1,0,12,46,1
2119,2021,Premier League,Home,1580,1378,5,7,1.38,1.54,41.4,6,10.0,0,2,0,20,41,0
2120,2025,Premier League,Away,1684,1603,10,5,1.39,1.38,49.5,5,3.0,1,0,0,20,77,0
2121,2024,La Liga,Home,1683,1317,10,6,1.34,1.05,58.8,4,5.0,2,3,0,21,67,0
2122,2025,Premier League,Home,1482,1391,8,7,1.88,1.11,56.1,6,4.0,0,1,0,18,26,1
2123,2018,La Liga,Home,1629,1358,7,7,1.29,1.44,52.2,5,4.0,2,2,0,19,51,1
2124,2021,Premier League,Home,1750,1605,8,9,1.29,1.54,51.1,6,7.0,0,1,0,20,17,1
2125,2025,La Liga,Home,1323,1403,5,7,0.93,1.24,47.1,5,6.0,2,0,0,17,15,1
2126,2024,La Liga,Home,1581,1460,9,6,1.46,1.44,56.9,7,8.0,0,1,0,15,38,0
2127,2021,La Liga,Away,1551,1395,7,7,1.26,1.49,54.8,8,5.0,1,2,0,12,37,0
2128,2018,La Liga,Home,1514,1661,5,12,1.44,0.94,48.2,8,10.0,3,3,0,12,82,0
2129,2020,Premier League,Away,1502,1380,5,5,1.17,1.27,57.5,3,6.0,2,3,0,13,91,0
2130,2022,Premier League,Home,1532,1303,6,4,1.24,1.52,58.2,5,5.0,0,1,0,20,79,0
2131,2023,Premier League,Away,1544,1297,7,7,1.22,1.44,53.2,5,6.0,1,0,0,16,57,0
2132,2025,Bundesliga,Home,1657,1597,7,7,1.5,1.47,60.1,3,8.0,0,0,0,13,56,1
2133,2018,Ligue 1,Away,1567,1607,7,7,1.6,1.15,39.5,7,3.0,1,4,0,16,91,0
2134,2021,Ligue 1,Home,1475,1675,10,11,1.53,1.41,49.5,6,5.0,0,1,0,21,20,1
2135,2020,Serie A,Away,1382,1323,5,4,1.57,1.42,53.7,6,3.0,0,1,0,21,26,1
2136,2025,Serie A,Away,1434,1468,3,10,0.95,1.38,55.4,8,6.0,3,2,0,17,77,1
2137,2019,La Liga,Away,1537,1840,2,10,1.13,1.24,41.3,6,3.0,3,0,0,18,72,1
2138,2019,Bundesliga,Away,1401,1458,11,5,1.01,1.36,,8,6.0,0,1,0,13,25,0
2139,2020,Bundesliga,Home,1632,1421,12,7,1.49,1.31,49.8,6,4.0,1,2,0,18,64,1
2140,2018,Bundesliga,Home,1560,1497,9,9,1.15,1.34,46.3,3,4.0,1,0,0,21,80,1
2141,2023,Ligue 1,Away,1660,1574,12,9,1.35,1.51,51.3,3,7.0,0,0,0,12,34,0
2142,2022,La Liga,Home,1411,1572,8,10,1.42,1.37,41.8,8,4.0,2,0,0,12,3,1
2143,2022,Bundesliga,Home,1384,1414,6,5,1.49,0.89,45.7,6,3.0,0,3,0,18,14,0
2144,2025,Bundesliga,Away,1659,1418,6,9,1.7,1.24,50.7,5,5.0,0,1,0,15,17,0
2145,2021,La Liga,Home,1518,1458,13,3,1.45,1.21,56.7,6,5.0,0,1,0,16,9,0
2146,2020,Ligue 1,Away,1472,1398,6,4,1.15,1.59,48.2,5,5.0,0,1,0,21,13,0
2147,2021,Premier League,Away,1598,1327,8,6,1.46,1.03,58.8,4,6.0,1,4,0,12,41,1
2148,2024,Ligue 1,Away,1593,1753,9,9,1.74,1.19,45.4,5,5.0,4,1,0,17,86,0
2149,2022,Bundesliga,Away,1324,1443,6,6,1.32,1.56,48.8,6,4.0,0,1,0,17,9,0
2150,2019,Premier League,Away,1694,1451,11,4,1.78,1.55,54.8,6,6.0,0,1,0,21,69,0
2151,2023,Serie A,Away,1443,1455,8,6,1.52,1.37,53.6,8,3.0,1,0,0,12,23,0
2152,2023,Premier League,Away,1738,1489,9,9,1.53,0.96,59.3,7,3.0,1,1,0,20,82,1
2153,2019,Bundesliga,Away,1313,1561,5,7,1.3,1.23,49.8,7,8.0,0,0,0,21,53,0
2154,2022,Bundesliga,Home,1544,1435,9,4,1.3,1.78,49.4,7,,0,1,0,21,11,1
2155,2022,Serie A,Home,1474,1660,5,8,1.47,1.06,41.1,3,5.0,3,2,0,15,45,0
2156,2019,Bundesliga,Away,1223,1584,8,11,1.35,1.82,39.0,10,5.0,1,2,0,17,45,0
2157,2018,Premier League,Home,1592,1473,9,10,1.84,1.58,53.5,10,5.0,3,0,0,19,6,1
2158,2023,La Liga,Away,1231,1407,8,5,1.2,1.4,48.2,4,8.0,1,0,0,16,82,0
2159,2022,La Liga,Home,1459,1652,3,11,1.4,1.27,42.0,7,10.0,1,1,0,17,52,0
2160,2023,Premier League,Away,1655,1477,11,7,1.87,1.46,55.4,5,5.0,1,0,1,15,53,0
2161,2021,La Liga,Home,1426,1326,4,9,1.05,1.36,51.6,7,6.0,1,0,0,21,51,0
2162,2022,La Liga,Home,1373,1643,4,10,1.57,1.12,41.9,4,4.0,0,3,0,12,45,1
2163,2025,La Liga,Away,1612,1398,11,6,1.51,1.94,55.3,8,7.0,0,2,0,12,89,1
2164,2019,La Liga,Away,1465,1622,6,13,1.35,1.61,53.6,8,10.0,3,0,0,20,93,0
2165,2023,Ligue 1,Away,1443,1150,14,1,1.17,1.57,61.3,7,3.0,4,1,0,12,68,1
2166,2019,La Liga,Away,1678,1448,11,8,1.25,1.2,61.0,3,3.0,1,0,0,21,49,1
2167,2018,Ligue 1,Away,1337,1662,4,13,1.54,0.81,43.7,3,7.0,1,2,0,20,76,0
2168,2025,La Liga,Home,1436,1501,8,9,1.38,1.89,57.2,6,5.0,2,3,0,17,30,1
2169,2019,La Liga,Away,1621,1584,8,7,1.39,1.53,55.4,8,6.0,3,4,0,16,10,0
2170,2023,Serie A,Home,1328,1374,8,4,1.25,1.78,41.7,4,5.0,0,0,0,18,12,0
2171,2022,La Liga,Away,1749,1549,10,4,1.54,1.17,58.6,4,3.0,2,2,0,20,19,1
2172,2024,Premier League,Away,1470,1501,8,11,0.89,1.2,50.9,5,5.0,1,0,0,17,19,0
2173,2022,Serie A,Away,1622,1534,9,5,1.44,1.09,55.3,8,4.0,0,3,0,20,63,1
2174,2023,Premier League,Home,1622,1785,9,13,1.13,0.4,38.4,8,5.0,3,0,0,18,84,1
2175,2025,La Liga,Away,1479,1683,10,6,1.39,0.97,37.6,8,4.0,2,0,0,21,48,0
2176,2024,Serie A,Away,1433,1611,2,15,1.67,1.33,45.1,6,8.0,1,0,0,12,14,0
2177,2023,La Liga,Away,1494,1613,8,5,1.18,1.31,38.2,8,4.0,0,0,0,21,7,0
2178,2019,Bundesliga,Home,1600,1373,7,6,1.66,1.31,59.2,10,6.0,1,0,0,12,82,0
2179,2019,Premier League,Away,1362,1434,2,10,1.04,1.57,48.9,8,10.0,2,2,0,16,64,0
2180,2021,Ligue 1,Away,1332,1285,3,3,1.16,1.37,60.9,5,10.0,3,1,0,12,47,0
2181,2023,Bundesliga,Home,1708,1322,8,7,1.36,1.7,61.5,4,6.0,4,0,0,21,93,1
2182,2023,Ligue 1,Home,1397,1376,6,5,1.39,1.65,54.0,7,5.0,0,1,0,12,2,1
2183,2024,Bundesliga,Away,1550,1496,9,8,1.74,1.56,,4,6.0,2,1,0,20,80,1
2184,2018,Premier League,Home,1472,1328,9,8,1.37,1.52,54.0,5,6.0,2,1,0,13,54,1
2185,2019,Serie A,Home,1478,1495,6,6,1.46,1.15,50.2,6,8.0,2,0,0,13,86,0
2186,2019,Premier League,Home,1700,1478,14,11,1.7,1.07,55.3,8,7.0,1,2,0,19,23,1
2187,2022,Bundesliga,Away,1488,1341,6,7,1.27,0.95,41.7,5,8.0,1,1,0,17,79,1
2188,2023,Serie A,Home,1450,1714,2,15,1.62,1.35,49.0,3,3.0,2,0,0,20,44,0
2189,2018,La Liga,Away,1462,1315,6,3,1.18,1.1,59.3,6,10.0,0,3,0,13,4,1
2190,2024,Ligue 1,Away,1430,1656,7,8,0.88,1.18,48.7,3,6.0,1,1,1,13,89,0
2191,2020,Premier League,Away,1406,1184,0,3,1.02,1.69,56.0,4,8.0,2,1,0,20,61,0
2192,2023,Serie A,Home,1430,1480,10,4,1.43,1.1,48.1,3,7.0,1,1,0,12,69,0
2193,2024,Bundesliga,Home,1733,1332,10,8,1.51,1.47,54.4,6,7.0,3,0,0,20,60,0
2194,2018,Premier League,Away,1600,1408,6,6,1.48,1.51,48.5,4,3.0,2,1,0,21,86,0
2195,2024,Serie A,Home,1452,1753,4,8,1.24,1.05,39.5,6,4.0,3,1,0,19,66,0
2196,2025,Bundesliga,Away,1637,1451,11,5,1.55,1.51,55.7,6,4.0,2,0,0,13,48,0
2197,2025,Premier League,Home,1278,1345,7,3,1.38,1.38,50.2,5,5.0,2,2,0,15,7,0
2198,2019,Serie A,Home,1693,1568,8,11,1.94,1.22,50.5,3,7.0,4,0,0,20,61,0
2199,2021,Premier League,Home,1681,1450,6,8,1.31,1.17,49.3,3,4.0,0,1,0,19,77,0
2200,2019,Serie A,Home,1813,1521,12,7,1.93,1.3,54.0,5,10.0,4,1,1,21,30,1
2201,2021,Premier League,Home,1642,1372,10,5,1.56,1.47,56.2,4,6.0,0,4,0,15,82,1
2202,2025,Ligue 1,Home,1561,1379,10,5,1.11,1.23,46.7,5,7.0,0,2,0,19,29,1
2203,2024,Ligue 1,Home,1681,1390,8,11,1.67,1.56,58.2,6,8.0,3,3,0,12,2,0
2204,2024,Premier League,Home,1412,1612,6,8,1.72,0.63,53.1,5,6.0,3,1,0,12,2,1
2205,2021,La Liga,Away,1445,1468,7,9,1.1,1.65,45.4,6,4.0,0,0,0,17,89,0
2206,2025,Serie A,Home,1491,1353,10,5,1.28,1.13,64.0,10,5.0,1,2,0,20,87,1
2207,2025,Bundesliga,Away,1692,1523,13,12,1.16,1.59,50.7,6,6.0,0,1,0,16,16,0
2208,2024,La Liga,Home,1380,1511,10,4,1.19,1.5,45.6,4,10.0,0,1,0,18,68,0
2209,2024,Premier League,Home,1365,1580,9,11,1.24,1.53,47.0,4,3.0,1,4,0,18,68,1
2210,2023,Premier League,Home,1533,1433,13,5,1.88,1.13,52.3,10,5.0,0,0,0,16,56,1
2211,2018,Ligue 1,Home,1600,1489,11,13,1.23,1.31,44.3,10,7.0,0,2,1,20,73,1
2212,2020,La Liga,Home,1402,1559,5,10,1.48,1.37,47.3,5,7.0,0,0,0,18,7,0
2213,2024,Ligue 1,Home,1594,1359,13,1,1.53,1.58,56.3,8,7.0,2,0,0,21,94,0
2214,2020,Serie A,Away,1692,1624,6,7,2.12,1.45,50.4,6,10.0,3,3,0,20,18,0
2215,2019,Ligue 1,Away,1668,1502,15,9,1.58,1.51,54.5,3,6.0,0,1,1,15,28,0
2216,2025,Premier League,Home,1549,1346,6,7,1.39,1.61,57.3,7,8.0,3,1,0,19,50,0
2217,2021,Premier League,Away,1487,1345,10,7,1.55,1.61,49.1,5,10.0,0,2,0,15,95,1
2218,2024,Ligue 1,Home,1743,1486,14,8,1.74,1.53,59.1,6,4.0,0,4,0,19,93,1
2219,2020,Ligue 1,Home,1502,1423,9,6,1.59,1.42,48.9,8,6.0,1,1,0,15,8,1
2220,2020,La Liga,Home,1632,1606,4,12,1.64,1.54,58.3,6,5.0,3,0,0,20,83,0
2221,2020,La Liga,Home,1774,1460,8,5,1.28,1.37,63.1,6,7.0,3,1,1,20,41,0
2222,2020,La Liga,Away,1617,1542,10,8,1.61,0.89,46.9,7,4.0,2,0,0,15,26,1
2223,2021,La Liga,Away,1360,1381,7,4,1.32,1.77,55.6,7,8.0,1,1,0,17,24,0
2224,2020,Premier League,Away,1327,1497,5,6,0.97,1.47,47.8,6,5.0,3,0,0,19,13,0
2225,2024,Ligue 1,Home,1458,1684,7,9,1.38,1.15,47.0,3,5.0,0,1,0,18,3,0
2226,2020,Premier League,Away,1599,1479,5,5,1.0,1.4,52.1,8,7.0,0,1,0,19,37,0
2227,2021,Bundesliga,Home,1562,1423,13,8,1.48,1.8,51.8,6,5.0,2,2,0,19,17,1
2228,2024,Premier League,Away,1809,1379,10,2,1.86,1.48,,6,8.0,0,2,0,20,67,1
2229,2021,Premier League,Away,1561,1497,10,9,1.66,1.73,46.8,7,8.0,4,3,0,17,74,1
2230,2018,Serie A,Home,1454,1697,11,8,1.47,1.29,34.6,5,3.0,1,0,0,16,3,1
2231,2018,La Liga,Away,1341,1309,3,5,0.95,1.43,47.6,3,4.0,0,1,0,21,57,0
2232,2021,Serie A,Away,1665,1493,10,7,1.17,1.03,51.1,4,7.0,4,0,0,20,32,1
2233,2023,Premier League,Away,1499,1260,8,3,1.58,1.59,50.5,8,6.0,0,0,0,16,58,1
2234,2025,Ligue 1,Away,1289,1443,4,10,1.22,1.73,49.1,7,3.0,0,1,0,13,36,0
2235,2019,Bundesliga,Home,1503,1537,10,7,1.48,1.17,50.4,5,5.0,0,2,0,20,32,0
2236,2022,Ligue 1,Home,1361,1279,4,7,1.62,1.64,49.1,7,3.0,3,0,0,19,88,1
2237,2020,Premier League,Home,1440,1438,7,9,0.88,1.79,48.5,8,4.0,2,0,0,15,69,0
2238,2021,La Liga,Away,1501,1541,7,7,1.8,0.87,50.1,7,4.0,2,0,0,13,23,0
2239,2021,La Liga,Home,1373,1518,12,4,1.07,1.43,42.7,10,,1,0,0,13,47,1
2240,2020,Serie A,Away,1432,1547,5,6,1.48,1.45,34.4,10,8.0,1,1,0,12,33,1
2241,2018,La Liga,Away,1396,1364,8,9,1.23,1.56,56.8,6,7.0,2,0,0,17,11,0
2242,2018,Premier League,Home,1400,1541,11,9,1.15,0.89,45.9,6,3.0,4,0,0,20,18,0
2243,2022,La Liga,Home,1359,1416,3,7,0.82,1.24,49.9,10,7.0,1,1,0,20,91,0
2244,2019,Premier League,Home,1432,1600,7,7,1.11,0.74,46.7,8,6.0,0,2,1,16,73,1
2245,2020,La Liga,Away,1375,1177,3,8,1.33,1.31,47.7,5,6.0,0,0,0,15,24,0
2246,2018,Premier League,Home,1582,1459,3,5,1.53,1.6,49.6,4,3.0,0,0,0,18,54,1
2247,2018,La Liga,Away,1528,1514,6,8,1.62,1.25,50.3,4,4.0,0,0,0,18,30,0
2248,2019,Serie A,Home,1667,1689,8,11,1.36,1.38,48.5,4,4.0,0,0,0,18,35,1
2249,2021,La Liga,Home,1764,1512,9,4,1.83,1.53,50.6,3,4.0,1,0,0,15,72,1
2250,2019,La Liga,Home,1595,1526,8,6,1.47,1.05,53.4,7,6.0,0,4,1,18,37,1
2251,2019,Serie A,Away,1563,1553,8,7,1.58,1.34,53.1,6,5.0,0,0,0,16,19,0
2252,2020,Bundesliga,Away,1604,1675,6,12,1.59,0.8,46.3,5,5.0,0,0,0,17,2,0
2253,2020,La Liga,Home,1565,1447,9,6,1.3,1.47,58.0,3,7.0,1,1,0,13,75,0
2254,2018,Serie A,Home,1507,1304,11,1,1.42,1.63,57.7,5,6.0,0,1,0,19,73,1
2255,2018,Ligue 1,Home,1496,1277,11,1,1.46,1.49,57.4,3,5.0,1,2,0,12,49,1
2256,2025,Serie A,Home,1357,1593,5,7,1.39,0.85,41.6,6,8.0,1,1,0,15,62,1
2257,2023,Ligue 1,Away,1617,1531,11,4,1.85,0.95,51.3,10,6.0,0,0,0,18,71,1
2258,2018,Bundesliga,Home,1496,1464,6,9,1.19,2.02,55.0,8,6.0,3,1,1,19,6,1
2259,2020,Premier League,Home,1703,1418,9,9,1.28,1.58,49.9,4,4.0,4,3,0,18,74,1
2260,2021,La Liga,Away,1628,1525,10,8,1.81,1.26,45.7,6,6.0,3,0,1,15,6,0
2261,2025,Bundesliga,Home,1412,1529,6,7,0.93,1.56,45.0,4,6.0,3,0,0,15,12,0
2262,2025,Ligue 1,Away,1675,1567,6,10,1.8,1.66,52.6,6,8.0,0,4,0,13,66,1
2263,2024,La Liga,Home,1150,1345,5,7,0.74,1.79,44.6,5,7.0,0,2,0,12,17,1
2264,2018,Premier League,Away,1770,1253,9,2,1.49,1.52,65.5,4,7.0,0,2,0,13,72,1
2265,2021,Serie A,Home,1313,1372,4,4,1.12,1.38,49.7,6,6.0,0,0,0,13,57,0
2266,2021,Premier League,Home,1569,1311,11,7,1.06,1.72,56.6,6,5.0,1,0,0,16,10,0
2267,2023,Bundesliga,Home,1560,1304,10,6,1.17,1.47,54.9,6,6.0,2,1,0,12,77,1
2268,2024,Serie A,Home,1657,1720,10,12,1.1,1.45,52.5,4,10.0,3,0,0,16,72,0
2269,2020,Bundesliga,Home,1454,1183,3,1,1.47,1.66,62.8,3,5.0,0,0,0,21,83,1
2270,2022,Ligue 1,Away,1200,1566,1,6,1.02,1.49,39.4,7,4.0,1,2,1,19,69,0
2271,2020,Serie A,Home,1454,1627,8,10,1.3,1.5,47.6,6,5.0,2,0,0,17,48,0
2272,2019,Serie A,Home,1469,1638,9,7,1.3,0.9,44.5,5,7.0,2,3,0,16,57,1
2273,2020,Bundesliga,Home,1213,1539,5,4,1.03,1.35,35.8,6,3.0,3,1,1,16,20,0
2274,2023,Bundesliga,Home,1506,1685,6,8,1.24,1.47,37.2,8,8.0,0,0,0,20,10,1
2275,2021,Ligue 1,Home,1349,1750,4,10,1.42,0.92,,5,7.0,0,1,0,19,43,0
2276,2023,Premier League,Home,1591,1458,9,11,1.01,1.25,57.3,5,6.0,2,1,0,12,17,0
2277,2023,Serie A,Away,1466,1563,4,6,0.95,1.59,49.6,6,4.0,2,2,0,17,94,0
2278,2020,Premier League,Away,1775,1679,11,9,1.99,1.57,57.4,6,6.0,2,3,0,15,52,0
2279,2025,Ligue 1,Away,1464,1379,3,11,1.38,0.58,48.1,5,,3,0,0,13,34,0
2280,2018,Serie A,Home,1560,1466,5,4,0.91,1.68,56.8,7,6.0,4,1,0,21,54,0
2281,2025,La Liga,Home,1470,1412,8,8,1.4,0.85,53.2,4,4.0,1,0,0,15,56,1
2282,2018,Premier League,Home,1273,1565,6,6,0.7,1.28,40.5,4,,2,1,0,15,36,0
2283,2021,La Liga,Away,1471,1234,8,5,1.64,1.24,44.4,3,5.0,1,2,0,19,9,0
2284,2024,Bundesliga,Home,1605,1701,6,15,1.7,1.03,40.5,3,5.0,3,3,0,16,65,1
2285,2023,Premier League,Away,1584,1575,4,10,1.97,1.31,58.8,3,6.0,2,2,0,20,54,0
2286,2020,Premier League,Home,1459,1583,7,9,1.23,1.41,55.3,10,10.0,1,1,0,16,32,1
2287,2025,Ligue 1,Away,1296,1169,0,1,0.82,2.01,46.1,7,10.0,1,2,0,18,63,1
2288,2019,Bundesliga,Home,1590,1354,11,5,1.31,1.15,45.9,6,6.0,2,2,0,20,3,1
2289,2023,Premier League,Away,1559,1709,5,9,1.29,1.45,52.8,4,4.0,2,1,0,19,59,0
2290,2022,La Liga,Away,1618,1475,15,3,1.58,1.3,53.2,7,3.0,1,1,0,19,70,1
2291,2019,Ligue 1,Away,1462,1259,5,0,0.85,1.5,51.5,10,10.0,1,2,0,12,78,1
2292,2025,Bundesliga,Home,1264,1531,6,6,1.09,1.75,37.2,5,6.0,0,0,0,13,62,1
2293,2024,Serie A,Away,1575,1595,6,9,1.18,1.48,43.3,5,6.0,1,0,0,19,50,0
2294,2018,La Liga,Away,1499,1574,7,11,1.22,0.86,54.6,8,3.0,0,0,0,20,6,0
2295,2018,La Liga,Away,1695,1479,10,5,1.91,1.35,56.6,5,8.0,0,4,1,19,27,1
2296,2018,Premier League,Home,1504,1659,10,10,1.61,1.02,37.2,8,4.0,1,0,0,15,62,0
2297,2021,Bundesliga,Away,1494,1402,10,2,1.53,1.33,48.8,4,6.0,3,0,0,18,87,0
2298,2021,Premier League,Home,1558,1576,10,6,1.57,1.25,57.5,8,5.0,1,2,0,21,39,1
2299,2023,Premier League,Home,1416,1519,9,1,1.19,1.45,48.9,4,5.0,1,0,0,12,93,0
2300,2023,Bundesliga,Home,1410,1481,5,13,1.24,1.05,41.2,7,5.0,1,0,0,20,56,1
2301,2018,Ligue 1,Away,1486,1447,9,7,0.94,1.34,47.7,5,4.0,0,0,0,15,17,0
2302,2021,Bundesliga,Home,1371,1452,5,7,0.9,1.29,47.4,7,4.0,0,1,0,12,17,0
2303,2024,La Liga,Home,1468,1505,10,9,1.35,1.44,53.8,4,3.0,4,1,0,17,39,0
2304,2025,Serie A,Away,1772,1459,11,14,1.37,1.37,57.3,6,3.0,1,4,0,17,73,1
2305,2020,La Liga,Home,1646,1603,11,8,1.68,1.49,58.0,6,5.0,1,0,0,20,9,1
2306,2018,La Liga,Away,1543,1425,9,4,1.38,1.48,54.3,4,3.0,0,3,0,20,37,0
2307,2019,Serie A,Home,1717,1720,12,15,1.51,1.3,38.5,5,5.0,1,0,0,12,5,1
2308,2020,La Liga,Home,1385,1419,4,3,1.07,1.48,51.8,10,4.0,3,1,0,19,84,0
2309,2021,Serie A,Home,1849,1629,8,12,1.85,0.95,54.6,7,5.0,2,0,0,13,10,1
2310,2020,Ligue 1,Away,1436,1635,9,9,1.45,1.13,42.5,3,6.0,2,3,0,18,44,0
2311,2018,Ligue 1,Away,1781,1523,14,9,1.44,1.16,58.4,10,5.0,3,1,0,13,12,1
2312,2020,Premier League,Away,1780,1511,11,4,1.53,1.53,55.5,7,5.0,3,0,0,21,74,1
2313,2020,La Liga,Home,1255,1398,7,13,1.03,1.65,47.4,4,10.0,2,0,0,15,76,0
2314,2021,Premier League,Home,1705,1428,6,6,1.66,1.39,54.3,10,5.0,2,3,0,12,55,1
2315,2018,La Liga,Home,1460,1531,5,6,1.38,1.36,45.4,5,5.0,4,2,0,19,93,1
2316,2024,La Liga,Away,1420,1494,7,9,1.24,0.96,53.7,6,6.0,0,1,0,20,78,0
2317,2021,Premier League,Away,1573,1666,4,8,1.61,1.1,48.2,4,3.0,2,1,0,15,4,1
2318,2020,Bundesliga,Away,1359,1436,2,8,1.16,0.78,50.1,10,5.0,0,3,0,20,38,1
2319,2025,Serie A,Home,1570,1445,9,4,1.08,1.6,50.2,5,3.0,0,0,0,20,42,0
2320,2023,Ligue 1,Away,1368,1267,4,5,1.54,2.12,57.8,6,4.0,0,0,0,15,62,0
2321,2019,Premier League,Home,1525,1590,7,7,1.62,1.14,49.4,6,7.0,1,0,0,15,60,1
2322,2019,Premier League,Home,1687,1577,9,6,1.21,1.34,51.1,7,4.0,2,1,0,12,92,0
2323,2018,La Liga,Away,1554,1637,5,7,1.45,1.33,54.3,3,5.0,1,4,0,16,91,0
2324,2022,Premier League,Away,1450,1645,6,12,1.62,0.94,43.4,5,6.0,0,4,0,21,22,0
2325,2020,La Liga,Home,1576,1610,8,8,1.36,1.22,50.1,4,10.0,1,1,0,16,91,0
2326,2021,Ligue 1,Home,1303,1616,4,8,1.33,1.36,36.2,4,6.0,0,2,1,18,46,0
2327,2022,Premier League,Away,1383,1585,5,10,1.5,1.32,41.8,6,8.0,0,1,0,13,54,1
2328,2022,Premier League,Home,1440,1607,6,12,1.35,1.27,49.7,5,4.0,0,0,0,15,88,1
2329,2018,Serie A,Away,1610,1242,11,2,2.01,1.51,58.9,5,3.0,1,0,0,12,32,1
2330,2018,Serie A,Away,1557,1346,8,6,1.58,1.28,55.7,5,5.0,1,1,0,21,57,1
2331,2024,Serie A,Home,1575,1323,3,3,1.46,1.68,55.9,5,6.0,0,1,0,21,91,1
2332,2025,La Liga,Away,1496,1678,4,9,1.3,1.63,45.2,3,5.0,0,0,0,16,78,0
2333,2024,Bundesliga,Away,1390,1390,9,9,1.22,0.95,47.3,6,7.0,1,0,0,20,6,0
2334,2025,Premier League,Away,1708,1413,8,0,1.44,0.89,55.0,8,,0,1,0,16,56,1
2335,2021,La Liga,Home,1402,1501,6,5,0.96,1.05,46.1,5,6.0,1,0,1,19,67,0
2336,2024,Bundesliga,Home,1559,1326,13,5,1.19,1.4,54.4,4,8.0,0,0,0,19,67,1
2337,2025,Ligue 1,Home,1484,1553,9,9,1.3,1.24,50.6,5,4.0,1,0,0,19,35,0
2338,2025,La Liga,Away,1579,1202,3,7,1.64,1.65,61.6,4,5.0,3,0,0,17,9,0
2339,2019,Serie A,Away,1415,1335,10,1,1.34,1.52,58.6,5,7.0,1,1,0,19,64,0
2340,2019,Premier League,Away,1647,1528,10,12,1.55,1.29,56.4,3,5.0,3,1,0,20,54,0
2341,2021,Premier League,Away,1693,1326,11,7,2.09,1.82,54.7,4,8.0,3,0,0,17,26,1
2342,2022,Premier League,Away,1639,1682,10,9,1.92,0.95,45.6,8,,1,2,1,19,29,0
2343,2025,Bundesliga,Home,1522,1506,10,4,1.15,1.57,55.1,5,5.0,0,2,0,13,91,1
2344,2020,La Liga,Away,1439,1658,7,8,1.46,1.7,47.8,3,7.0,1,0,0,15,61,0
2345,2024,Bundesliga,Away,1895,1550,8,11,1.49,0.94,63.8,3,6.0,0,0,0,21,90,1
2346,2025,Premier League,Home,1361,1498,7,8,1.26,0.86,46.6,10,4.0,0,3,1,12,38,1
2347,2025,Ligue 1,Away,1623,1360,5,5,1.14,1.52,55.3,7,6.0,0,2,0,20,92,1
2348,2019,Bundesliga,Away,1547,1630,13,7,1.25,1.39,49.6,4,6.0,2,1,0,18,62,0
2349,2019,Premier League,Home,1491,1562,6,10,1.5,1.3,41.4,5,10.0,2,0,0,21,80,0
2350,2019,Premier League,Home,1526,1792,8,11,1.26,0.56,42.4,7,6.0,1,1,0,20,14,0
2351,2023,Premier League,Away,1429,1616,5,8,1.0,0.82,55.1,6,5.0,0,0,1,12,47,0
2352,2023,Bundesliga,Away,1560,1444,9,7,1.24,1.27,51.2,6,6.0,0,1,0,18,41,0
2353,2021,Premier League,Home,1544,1541,9,6,1.16,1.42,50.0,5,4.0,1,0,0,13,78,0
2354,2018,Serie A,Home,1875,1559,10,6,1.87,1.21,56.9,7,7.0,0,2,0,19,43,1
2355,2022,La Liga,Away,1650,1663,10,6,1.82,1.26,57.2,7,8.0,3,1,0,21,21,0
2356,2023,Bundesliga,Home,1572,1685,9,8,1.38,1.23,41.3,7,6.0,2,2,0,13,31,0
2357,2021,Serie A,Home,1581,1477,8,3,1.7,1.6,56.0,4,6.0,0,0,0,12,41,0
2358,2020,Serie A,Away,1758,1330,9,7,1.49,1.21,58.7,5,3.0,1,1,0,17,57,1
2359,2022,Ligue 1,Home,1364,1240,12,3,1.18,1.61,49.9,5,4.0,1,1,0,15,9,1
2360,2023,Premier League,Home,1474,1340,10,5,1.77,1.85,45.0,5,10.0,1,3,0,20,87,1
2361,2022,Bundesliga,Home,1233,1417,6,6,1.01,1.23,54.0,4,5.0,1,0,0,15,49,0
2362,2024,Premier League,Home,1578,1711,11,8,1.7,1.0,50.3,6,7.0,0,0,0,19,39,1
2363,2020,La Liga,Away,1619,1713,10,7,1.3,1.18,41.0,6,8.0,1,2,0,12,53,0
2364,2022,Ligue 1,Home,1361,1634,5,10,1.19,0.97,36.9,6,3.0,4,1,0,15,79,0
2365,2024,Serie A,Home,1701,1672,3,14,1.36,0.9,47.5,6,8.0,2,2,0,17,6,1
2366,2019,Bundesliga,Home,1399,1401,3,9,1.26,1.35,52.4,10,4.0,0,0,1,13,66,0
2367,2020,La Liga,Away,1452,1288,13,8,1.36,1.48,53.5,3,7.0,1,1,0,20,62,0
2368,2018,La Liga,Home,1517,1359,11,2,1.56,1.66,49.4,6,4.0,0,0,0,18,72,1
2369,2020,La Liga,Away,1723,1215,11,4,1.45,1.38,62.3,7,,2,1,0,15,6,0
2370,2018,Serie A,Away,1380,1344,2,5,1.18,1.5,57.2,5,5.0,0,1,0,12,28,1
2371,2023,La Liga,Away,1541,1429,10,10,1.69,1.72,55.8,5,5.0,3,0,0,17,78,0
2372,2018,La Liga,Home,1608,1523,8,10,1.17,1.62,43.1,6,6.0,0,0,1,12,10,0
2373,2023,La Liga,Home,1580,1519,10,7,0.82,1.31,46.3,7,8.0,2,0,0,12,91,0
2374,2022,Premier League,Away,1585,1403,6,0,1.28,1.48,53.9,8,4.0,0,1,0,17,83,0
2375,2025,La Liga,Home,1607,1580,8,5,1.62,1.05,51.3,6,10.0,1,2,0,20,39,1
2376,2020,Premier League,Home,1422,1406,9,8,1.28,1.51,56.9,6,7.0,1,1,0,12,62,1
2377,2020,Ligue 1,Away,1736,1501,15,7,1.37,1.73,55.8,8,5.0,1,1,0,19,48,0
2378,2019,Serie A,Home,1484,1345,6,5,1.35,1.81,56.2,6,3.0,0,1,0,12,77,1
2379,2022,Premier League,Away,1466,1652,4,11,1.22,1.21,34.4,5,4.0,0,0,0,15,17,0
2380,2019,Bundesliga,Home,1689,1503,12,10,1.17,1.43,52.7,4,6.0,4,2,0,13,47,1
2381,2018,Bundesliga,Away,1412,1595,3,7,1.17,1.08,48.9,4,7.0,1,1,0,12,46,0
2382,2025,Premier League,Home,1545,1330,5,7,1.59,1.27,64.8,5,8.0,1,0,0,13,53,0
2383,2023,Premier League,Away,1399,1524,7,12,1.17,1.24,40.2,3,5.0,3,1,1,16,1,0
2384,2018,Premier League,Away,1853,1580,15,12,1.36,1.35,56.0,6,3.0,0,1,0,16,75,1
2385,2022,Premier League,Home,1823,1214,9,3,2.14,1.79,56.4,8,7.0,1,0,0,15,86,1
2386,2020,Bundesliga,Home,1485,1664,6,10,1.09,1.18,44.5,6,5.0,2,1,0,18,9,0
2387,2019,Ligue 1,Away,1573,1325,9,7,1.52,1.62,61.4,10,6.0,1,0,0,18,42,1
2388,2021,Premier League,Away,1501,1530,6,8,1.56,0.69,53.9,8,5.0,0,0,0,12,82,1
2389,2024,Bundesliga,Home,1451,1750,2,10,1.4,1.17,42.3,6,6.0,3,4,0,21,14,1
2390,2018,Premier League,Home,1517,1634,10,5,1.31,1.07,45.8,4,4.0,2,3,0,15,93,0
2391,2020,Serie A,Away,1494,1291,8,3,0.89,1.23,68.1,4,4.0,0,3,0,12,82,1
2392,2025,Bundesliga,Home,1287,1475,6,5,1.41,1.49,44.2,5,,0,1,0,19,86,0
2393,2021,La Liga,Away,1537,1673,8,6,1.1,1.56,43.8,4,8.0,1,1,0,21,76,0
2394,2018,Premier League,Away,1494,1386,11,6,1.59,1.45,49.9,5,8.0,4,0,1,17,81,0
2395,2021,Serie A,Home,1544,1450,7,9,1.68,1.61,45.0,10,8.0,4,2,0,18,12,0
2396,2023,Ligue 1,Home,1489,1446,5,6,1.03,1.29,53.3,10,6.0,3,0,0,12,41,1
2397,2025,Premier League,Home,1450,1580,11,3,0.99,1.79,50.0,7,,1,1,0,12,19,0
2398,2023,Premier League,Away,1622,1285,3,5,1.39,1.15,61.5,6,4.0,1,3,0,15,7,1
2399,2018,Premier League,Away,1575,1588,8,9,1.66,1.25,53.5,8,6.0,1,0,0,13,13,0
2400,2024,Serie A,Home,1695,1413,10,7,1.42,1.62,,10,5.0,0,0,0,20,65,1
2401,2024,Serie A,Home,1569,1498,8,6,1.45,1.34,50.9,7,6.0,1,1,0,12,22,1
2402,2023,Bundesliga,Home,1472,1469,3,4,1.19,1.72,55.8,6,5.0,0,1,0,12,70,0
2403,2025,Bundesliga,Away,1586,1584,5,11,1.64,0.76,47.7,5,3.0,3,1,0,18,17,0
2404,2024,Ligue 1,Home,1223,1497,7,8,0.89,1.32,40.3,5,6.0,2,0,1,17,58,0
2405,2019,Bundesliga,Home,1795,1702,15,8,1.49,1.11,57.3,5,10.0,0,0,0,17,31,1
2406,2021,Premier League,Home,1538,1639,7,5,1.13,1.2,43.5,4,5.0,0,1,0,12,57,0
2407,2022,Serie A,Away,1806,1389,9,7,1.42,1.05,54.7,4,4.0,2,0,0,18,48,0
2408,2021,La Liga,Away,1378,1691,1,7,1.48,1.11,36.9,7,7.0,3,1,0,17,62,0
2409,2023,La Liga,Home,1344,1545,8,9,1.09,1.23,58.5,6,6.0,1,2,0,20,43,1
2410,2023,Ligue 1,Away,1551,1524,11,8,1.17,1.39,55.7,5,7.0,3,0,0,15,10,0
2411,2018,Bundesliga,Home,1551,1619,1,14,0.99,1.52,51.4,6,8.0,0,2,0,18,68,1
2412,2022,Ligue 1,Away,1547,1354,2,6,1.33,1.51,50.1,5,,0,0,0,15,58,0
2413,2018,La Liga,Home,1526,1307,8,10,1.17,1.63,58.0,4,4.0,3,2,0,20,62,1
2414,2022,Serie A,Away,1412,1503,7,8,1.0,1.66,56.2,3,5.0,0,0,0,18,94,1
2415,2021,Serie A,Away,1292,1415,4,5,0.93,1.72,48.7,6,3.0,0,0,0,20,53,0
2416,2019,Premier League,Away,1540,1790,8,8,1.42,0.49,38.2,6,3.0,1,0,0,13,68,0
2417,2025,Premier League,Away,1320,1393,5,4,0.86,1.65,50.8,3,6.0,1,3,0,16,50,1
2418,2020,Serie A,Home,1307,1506,5,9,1.06,1.54,44.2,3,5.0,0,1,0,21,15,1
2419,2018,Premier League,Home,1447,1527,5,8,1.51,1.26,48.7,4,5.0,0,2,0,21,90,0
2420,2020,Ligue 1,Home,1560,1672,8,5,1.28,1.08,42.4,7,6.0,0,1,0,19,74,1
2421,2024,Premier League,Home,1778,1361,9,8,1.39,1.19,56.6,7,8.0,1,3,0,16,70,0
2422,2018,Premier League,Away,1637,1274,7,9,1.76,1.07,56.7,5,8.0,3,0,0,15,11,0
2423,2021,Bundesliga,Home,1701,1695,5,5,1.55,1.39,46.3,10,5.0,4,0,0,16,74,0
2424,2021,Premier League,Home,1592,1511,8,10,1.41,1.53,51.7,6,6.0,1,0,0,17,46,0
2425,2024,Ligue 1,Away,1551,1613,10,13,1.54,1.22,,6,5.0,0,1,0,16,43,0
2426,2018,Bundesliga,Home,1851,1620,11,4,1.71,1.42,64.0,6,7.0,2,0,0,17,92,1
2427,2018,Premier League,Home,1315,1644,4,8,1.16,1.48,44.2,8,6.0,0,1,0,18,71,0
2428,2022,Bundesliga,Away,1442,1447,10,5,0.89,0.95,53.7,4,4.0,0,1,0,12,81,0
2429,2019,Serie A,Away,1453,1409,10,9,1.09,1.49,50.4,3,6.0,3,0,0,16,78,1
2430,2023,Bundesliga,Home,1625,1221,14,3,1.95,1.54,50.1,6,10.0,0,3,0,13,57,1
2431,2020,Bundesliga,Home,1363,1361,12,5,0.94,1.58,54.2,6,4.0,0,1,0,19,75,0
2432,2022,Bundesliga,Away,1607,1509,9,9,1.48,1.39,51.9,7,7.0,1,1,0,18,26,1
2433,2018,Serie A,Home,1581,1402,5,10,1.87,1.63,56.6,5,4.0,0,1,0,13,95,1
2434,2023,La Liga,Home,1614,1340,8,5,1.65,1.1,56.5,4,7.0,2,3,0,15,30,1
2435,2022,Bundesliga,Home,1611,1507,10,6,1.54,1.67,41.5,5,5.0,4,2,0,20,78,1
2436,2018,Ligue 1,Home,1715,1688,14,9,1.39,1.05,48.5,7,7.0,1,0,0,17,29,0
2437,2020,Serie A,Home,1493,1492,5,9,1.19,1.32,45.9,4,7.0,3,2,0,16,3,0
2438,2018,Serie A,Away,1574,1341,9,2,1.35,1.05,56.9,8,3.0,2,0,0,15,37,0
2439,2018,La Liga,Home,1397,1678,4,10,1.32,1.16,45.3,3,6.0,0,4,0,18,58,0
2440,2023,Bundesliga,Away,1365,1392,5,4,1.52,1.44,60.1,5,3.0,3,2,0,15,46,0
2441,2021,Ligue 1,Home,1747,1707,10,7,1.65,1.14,53.3,7,8.0,2,0,0,20,57,0
2442,2024,Premier League,Home,1386,1463,7,2,1.08,1.2,45.3,5,6.0,0,3,0,12,2,1
2443,2020,Premier League,Home,1590,1514,14,6,1.42,1.03,49.8,6,4.0,1,1,0,18,76,1
2444,2023,Serie A,Away,1574,1719,10,13,1.56,1.31,49.0,10,6.0,0,0,0,19,26,1
2445,2022,Serie A,Away,1664,1311,8,0,1.61,1.09,63.0,3,6.0,0,0,0,12,14,1
2446,2023,Serie A,Home,1268,1353,3,7,1.03,1.68,41.6,3,5.0,0,1,1,21,93,1
2447,2024,Premier League,Home,1625,1454,9,5,1.21,1.82,53.0,6,8.0,2,1,0,15,1,0
2448,2023,La Liga,Home,1492,1480,5,4,1.61,1.92,49.5,10,10.0,0,3,0,15,64,0
2449,2023,Serie A,Away,1416,1870,7,13,1.19,0.75,30.6,5,5.0,1,4,0,15,45,0
2450,2023,Serie A,Away,1465,1376,1,9,1.37,1.61,55.8,5,7.0,1,0,0,13,8,1
2451,2021,Serie A,Home,1645,1317,9,9,1.34,1.37,59.3,4,3.0,1,0,1,17,92,1
2452,2023,Bundesliga,Home,1602,1369,8,7,1.29,1.77,,5,5.0,2,3,0,21,41,0
2453,2024,Serie A,Home,1482,1532,4,8,1.45,1.42,50.0,3,7.0,0,2,1,20,67,0
2454,2023,Bundesliga,Home,1341,1569,5,9,0.86,1.21,47.6,6,4.0,4,0,0,19,84,0
2455,2022,Serie A,Away,1350,1401,9,13,0.89,1.21,58.4,7,3.0,1,3,0,16,78,1
2456,2018,Serie A,Away,1605,1503,12,7,1.84,1.25,55.8,7,6.0,2,3,0,15,85,0
2457,2021,Serie A,Home,1321,1772,4,14,1.36,0.94,33.0,5,5.0,3,1,0,19,33,0
2458,2018,Premier League,Home,1483,1505,9,6,1.44,1.34,63.6,5,8.0,0,0,0,20,21,1
2459,2018,La Liga,Away,1875,1545,8,6,1.49,1.32,52.6,6,10.0,4,0,0,20,2,1
2460,2020,Serie A,Away,1564,1764,7,15,1.48,0.97,46.9,8,5.0,2,3,0,13,92,0
2461,2021,Ligue 1,Away,1604,1402,9,6,1.45,1.28,54.0,7,10.0,0,0,0,20,59,1
2462,2022,Serie A,Home,1351,1393,10,7,1.08,1.6,48.4,5,6.0,1,2,0,15,51,1
2463,2025,Premier League,Home,1328,1434,9,8,1.14,1.58,,8,5.0,0,0,0,20,71,0
2464,2024,Serie A,Away,1611,1426,9,4,1.11,1.21,56.9,10,6.0,2,0,1,20,75,1
2465,2021,Premier League,Home,1460,1245,5,3,0.79,1.57,62.3,7,8.0,2,3,0,18,11,1
2466,2020,Bundesliga,Away,1664,1519,13,6,1.6,1.12,50.3,8,3.0,1,2,0,15,19,0
2467,2023,Bundesliga,Home,1520,1530,7,9,1.41,1.97,51.7,8,5.0,2,0,0,13,32,1
2468,2020,Serie A,Home,1900,1474,13,8,1.85,1.14,63.7,6,5.0,0,2,0,12,62,1
2469,2025,Serie A,Away,1434,1535,6,6,1.47,1.38,59.2,4,5.0,0,3,0,13,25,1
2470,2024,La Liga,Home,1554,1536,13,13,1.54,1.43,52.9,7,6.0,1,0,0,12,36,0
2471,2023,La Liga,Away,1389,1316,5,5,1.6,1.35,,4,4.0,0,0,0,13,73,0
2472,2019,Ligue 1,Away,1658,1540,12,8,1.82,1.1,59.8,5,6.0,2,4,0,15,47,1
2473,2022,Bundesliga,Away,1576,1578,8,12,1.45,1.21,47.7,5,8.0,0,1,0,16,3,1
2474,2024,Serie A,Home,1379,1276,8,3,1.26,1.34,48.3,7,5.0,2,0,0,18,94,1
2475,2018,La Liga,Home,1470,1705,11,9,1.37,1.21,50.8,5,5.0,0,0,0,13,42,0
2476,2019,Premier League,Home,1706,1327,5,6,1.19,1.29,60.1,6,3.0,1,0,0,21,65,1
2477,2022,Premier League,Home,1689,1341,10,2,1.79,1.53,57.7,8,7.0,1,0,0,21,64,1
2478,2020,Premier League,Away,1316,1528,3,7,1.29,0.81,53.1,4,6.0,0,1,1,20,8,0
2479,2023,La Liga,Home,1449,1575,8,14,0.88,1.08,44.3,6,6.0,1,1,0,19,9,0
2480,2021,Ligue 1,Home,1769,1609,13,14,2.03,1.15,51.4,6,10.0,2,0,0,20,94,1
2481,2025,Serie A,Away,1491,1579,6,11,1.23,1.53,50.3,6,5.0,3,0,0,13,28,0
2482,2020,Premier League,Home,1540,1427,7,10,1.36,0.95,41.5,8,6.0,2,0,0,18,25,0
2483,2020,Premier League,Away,1658,1515,10,9,1.49,1.59,54.4,6,8.0,2,1,0,17,20,0
2484,2018,La Liga,Home,1327,1456,2,6,1.12,1.55,47.2,4,7.0,3,0,0,13,41,0
2485,2019,Bundesliga,Home,1382,1524,7,12,1.82,0.88,42.2,6,6.0,3,0,0,17,55,0
2486,2019,La Liga,Home,1469,1510,5,5,1.25,1.48,48.9,5,6.0,1,2,0,18,15,1
2487,2024,Bundesliga,Away,1683,1429,12,9,1.47,1.18,57.6,10,4.0,0,0,0,13,16,1
2488,2020,Bundesliga,Home,1657,1451,6,6,1.53,1.54,54.9,7,,1,1,0,13,68,1
2489,2019,Premier League,Home,1615,1241,7,3,1.26,1.74,63.4,4,3.0,0,2,0,16,70,1
2490,2020,Serie A,Home,1495,1616,5,10,1.42,1.44,48.3,5,6.0,4,1,0,18,88,0
2491,2022,Ligue 1,Home,1672,1542,9,13,1.33,1.17,52.4,4,5.0,2,2,0,19,77,0
2492,2024,La Liga,Home,1493,1177,11,7,1.47,1.81,61.4,8,8.0,1,0,1,18,69,1
2493,2025,Premier League,Home,1595,1611,11,10,1.19,1.64,50.9,3,3.0,0,0,0,17,47,1
2494,2018,Ligue 1,Away,1642,1493,8,8,1.36,1.28,68.7,5,6.0,0,1,0,16,44,0
2495,2024,Ligue 1,Away,1752,1369,9,8,1.38,1.43,64.7,4,4.0,0,2,0,18,18,1
2496,2021,Serie A,Away,1506,1356,10,9,1.22,1.66,51.1,5,5.0,1,2,0,18,90,1
2497,2024,Serie A,Away,1463,1404,4,2,0.86,0.72,42.9,7,7.0,1,0,0,15,30,1
2498,2018,Premier League,Home,1695,1370,10,6,0.95,1.22,54.7,3,5.0,1,0,0,19,78,1
2499,2023,Bundesliga,Home,1706,1388,8,3,1.5,1.7,47.7,4,6.0,0,0,0,19,79,0
2500,2025,Serie A,Home,1438,1738,6,10,0.9,1.17,45.8,7,7.0,1,4,1,12,79,1
2501,2018,Premier League,Home,1359,1552,8,5,1.63,1.25,43.7,4,3.0,3,0,0,20,95,0
2502,2024,Bundesliga,Away,1685,1785,8,6,1.46,0.86,43.7,5,3.0,0,0,0,21,3,1
2503,2018,Ligue 1,Away,1284,1532,7,4,1.29,1.33,46.8,4,7.0,0,1,0,17,86,0
2504,2025,Bundesliga,Away,1277,1581,11,7,1.18,1.14,40.6,6,5.0,1,3,0,13,55,1
2505,2023,La Liga,Home,1476,1377,9,8,1.06,1.02,54.4,8,7.0,0,0,0,17,18,1
2506,2025,Premier League,Away,1514,1476,7,5,1.26,1.7,49.6,5,7.0,1,0,0,15,28,0
2507,2025,Ligue 1,Home,1352,1489,9,5,1.37,1.19,47.0,10,7.0,0,3,0,18,61,0
2508,2020,Ligue 1,Home,1531,1587,5,10,1.55,1.2,55.1,4,10.0,4,2,0,19,15,1
2509,2021,Serie A,Away,1537,1493,12,8,1.61,0.91,55.7,8,6.0,2,0,0,15,58,1
2510,2023,Serie A,Home,1433,1549,5,13,1.11,1.17,54.3,5,4.0,0,1,0,16,26,1
2511,2019,La Liga,Home,1785,1544,15,10,1.81,1.56,57.7,4,5.0,3,0,0,20,33,0
2512,2020,La Liga,Home,1560,1458,6,4,1.26,1.62,43.5,6,8.0,2,2,0,19,43,1
2513,2018,Premier League,Away,1658,1443,11,5,1.78,1.41,52.0,4,6.0,0,2,0,19,95,0
2514,2025,Premier League,Away,1296,1406,1,8,1.37,1.28,39.2,4,6.0,3,1,0,19,57,0
2515,2019,Premier League,Home,1295,1652,4,7,0.78,1.22,45.7,5,3.0,0,2,0,13,36,1
2516,2021,Bundesliga,Home,1564,1458,5,6,1.49,1.51,52.7,4,7.0,4,0,0,18,76,1
2517,2021,Premier League,Home,1760,1546,7,4,1.36,0.93,61.6,6,6.0,0,1,0,20,58,1
2518,2021,Premier League,Away,1359,1478,9,4,1.4,1.43,52.2,8,7.0,0,0,0,18,57,0
2519,2024,Serie A,Away,1520,1649,5,13,1.09,1.41,46.1,3,7.0,1,0,0,13,93,0
2520,2025,Premier League,Away,1327,1222,4,5,1.24,1.59,61.4,5,5.0,1,0,0,12,22,0
2521,2022,Premier League,Home,1399,1542,4,6,1.42,1.31,51.2,6,3.0,1,4,0,17,16,0
2522,2024,Serie A,Away,1527,1324,11,4,1.4,1.33,55.5,5,4.0,3,0,0,21,39,0
2523,2018,La Liga,Home,1431,1555,9,13,1.49,1.37,49.1,6,4.0,0,2,0,16,58,1
2524,2025,Serie A,Home,1317,1479,9,6,1.22,1.77,53.0,3,10.0,0,2,0,13,58,0
2525,2018,Ligue 1,Away,1314,1293,3,6,1.54,1.89,52.8,6,5.0,0,2,0,18,20,1
2526,2018,Premier League,Home,1236,1547,8,10,0.78,1.16,38.9,6,4.0,0,1,0,17,1,0
2527,2018,Ligue 1,Away,1567,1531,6,12,1.33,1.23,45.0,6,10.0,0,1,0,13,48,1
2528,2019,Ligue 1,Away,1584,1468,7,5,0.96,1.72,51.6,3,7.0,0,1,0,18,12,0
2529,2024,Bundesliga,Home,1583,1485,7,4,1.37,1.51,49.0,3,5.0,0,0,0,20,91,1
2530,2020,Serie A,Away,1373,1523,4,5,0.91,1.47,47.3,6,3.0,0,0,0,13,54,0
2531,2024,Serie A,Home,1641,1665,9,11,1.16,0.75,46.8,4,3.0,1,1,1,21,68,1
2532,2021,Serie A,Home,1599,1456,7,12,1.07,1.62,51.7,5,5.0,0,1,0,17,4,1
2533,2018,Bundesliga,Home,1501,1642,8,11,1.23,1.15,52.5,5,8.0,3,0,0,21,2,0
2534,2021,Premier League,Away,1478,1495,0,6,1.39,1.41,57.9,5,6.0,0,1,0,12,93,1
2535,2019,Ligue 1,Home,1409,1681,7,13,1.37,1.01,39.3,3,3.0,1,0,0,17,91,0
2536,2020,Serie A,Away,1527,1467,5,6,1.63,1.79,49.7,5,4.0,2,0,0,12,28,0
2537,2022,Bundesliga,Home,1726,1407,8,4,1.83,1.19,56.8,5,7.0,2,0,0,18,86,1
2538,2024,La Liga,Away,1659,1346,8,5,1.24,1.98,59.4,4,5.0,0,1,1,16,34,1
2539,2022,Premier League,Home,1464,1495,10,6,1.12,1.36,50.9,6,7.0,1,2,0,15,6,1
2540,2019,Serie A,Away,1575,1389,10,4,1.48,1.41,52.1,7,8.0,2,0,1,20,50,0
2541,2023,Serie A,Home,1346,1697,5,13,1.23,0.95,43.8,10,7.0,3,0,0,12,32,0
2542,2023,La Liga,Away,1602,1378,7,5,1.81,1.33,53.3,10,6.0,2,0,0,20,13,1
2543,2019,La Liga,Home,1384,1403,8,2,1.15,1.39,47.7,6,7.0,1,0,0,17,73,1
2544,2024,Premier League,Home,1597,1581,13,10,1.65,1.31,45.9,4,5.0,1,2,0,13,70,1
2545,2024,Serie A,Away,1900,1666,12,7,1.75,1.34,61.0,7,,2,3,0,16,47,1
2546,2022,La Liga,Away,1420,1602,2,6,1.35,1.21,50.0,5,7.0,1,2,0,19,49,0
2547,2020,Ligue 1,Away,1900,1648,10,11,1.89,1.35,58.0,4,8.0,3,1,0,16,84,0
2548,2020,Premier League,Away,1569,1489,10,5,1.42,1.66,55.3,5,5.0,0,1,0,12,68,0
2549,2021,La Liga,Home,1395,1491,5,6,0.99,1.62,53.1,3,5.0,3,1,0,20,67,0
2550,2019,La Liga,Home,1389,1782,4,11,1.3,1.25,43.9,5,4.0,2,2,0,12,10,0
2551,2020,Serie A,Home,1831,1737,9,10,1.87,1.26,56.0,7,8.0,3,4,0,12,43,1
2552,2019,Serie A,Away,1569,1600,9,8,1.45,0.99,47.1,3,6.0,4,0,0,19,38,0
2553,2019,Serie A,Away,1421,1655,3,3,0.57,1.26,36.6,3,6.0,0,0,0,21,55,0
2554,2023,Ligue 1,Home,1472,1620,7,8,1.28,0.97,42.3,4,4.0,2,1,0,20,54,1
2555,2019,La Liga,Away,1560,1331,8,10,1.59,1.76,66.7,4,5.0,1,0,0,20,28,1
2556,2021,Bundesliga,Away,1499,1494,6,9,1.1,1.43,48.9,6,3.0,0,4,0,16,90,1
2557,2021,Premier League,Away,1548,1710,5,9,1.67,1.44,54.0,4,5.0,1,2,0,15,6,0
2558,2018,La Liga,Home,1748,1601,13,10,1.47,1.55,56.4,5,10.0,2,1,0,13,1,0
2559,2024,La Liga,Home,1342,1491,2,9,1.1,1.47,46.1,6,6.0,0,2,0,21,64,0
2560,2025,Premier League,Away,1590,1711,9,8,1.5,0.99,42.5,4,6.0,4,0,0,13,78,0
2561,2023,Serie A,Home,1490,1552,9,11,1.11,0.74,44.9,4,6.0,3,2,0,20,27,0
2562,2023,Serie A,Home,1430,1606,7,9,1.5,1.39,44.9,8,6.0,4,0,0,15,57,1
2563,2019,Bundesliga,Home,1650,1552,13,7,1.83,1.26,51.8,4,8.0,0,2,1,15,9,1
2564,2024,Serie A,Home,1295,1576,2,13,0.85,1.48,45.7,8,8.0,1,0,0,15,27,0
2565,2024,Serie A,Home,1169,1586,1,3,0.94,1.45,36.2,8,3.0,3,1,0,20,87,0
2566,2021,La Liga,Home,1531,1682,7,7,1.86,1.34,43.0,8,4.0,1,1,0,21,90,1
2567,2023,Premier League,Home,1481,1700,15,12,1.6,1.23,48.9,5,4.0,2,0,0,18,69,0
2568,2025,Premier League,Home,1311,1437,7,8,0.74,0.99,56.3,7,8.0,0,0,0,17,14,1
2569,2022,Serie A,Home,1261,1550,6,12,1.38,1.62,43.2,4,7.0,1,1,0,16,43,0
2570,2019,Ligue 1,Away,1770,1678,12,4,0.79,0.88,54.5,3,8.0,3,0,0,16,80,0
2571,2020,Premier League,Away,1565,1482,8,10,1.58,1.2,51.3,6,3.0,2,0,0,13,48,0
2572,2019,Serie A,Away,1503,1317,10,2,1.14,1.43,54.3,3,6.0,0,0,0,19,42,1
2573,2020,Bundesliga,Away,1807,1373,6,7,1.8,1.47,59.8,7,3.0,2,0,0,17,13,1
2574,2025,Bundesliga,Home,1643,1382,10,6,1.57,1.38,54.8,6,4.0,0,0,0,19,44,1
2575,2019,Serie A,Away,1748,1436,12,9,1.66,1.27,60.6,3,7.0,1,0,0,17,95,1
2576,2025,Serie A,Home,1335,1396,8,6,1.31,1.64,51.6,7,6.0,1,2,0,13,28,0
2577,2020,Bundesliga,Away,1330,1644,2,12,1.04,0.89,40.9,5,6.0,3,0,0,15,52,0
2578,2021,Bundesliga,Away,1586,1461,6,5,1.29,1.28,50.3,5,,3,3,0,16,64,0
2579,2022,Premier League,Away,1558,1677,6,9,1.65,0.67,44.6,6,4.0,3,2,0,20,33,0
2580,2019,Ligue 1,Home,1675,1342,11,6,1.54,1.23,61.6,7,5.0,1,4,1,16,50,1
2581,2019,Premier League,Away,1272,1451,6,11,0.96,1.0,41.5,4,5.0,1,3,0,16,39,1
2582,2020,Bundesliga,Home,1599,1515,6,10,1.41,1.52,47.0,3,4.0,0,2,0,13,55,1
2583,2018,Premier League,Away,1638,1613,14,9,1.44,1.29,52.0,4,4.0,1,2,0,15,38,0
2584,2024,Premier League,Home,1631,1660,10,11,1.41,1.0,,5,6.0,4,2,0,13,70,1
2585,2022,Premier League,Home,1443,1425,7,9,1.4,0.62,49.8,7,6.0,3,0,0,16,1,1
2586,2024,La Liga,Home,1573,1639,8,10,1.21,0.84,52.5,6,5.0,1,4,0,21,5,0
2587,2024,La Liga,Home,1391,1265,9,2,1.61,1.29,52.9,3,5.0,0,0,0,16,14,0
2588,2020,Premier League,Home,1459,1622,8,11,1.36,1.15,42.7,7,7.0,0,2,0,13,14,1
2589,2024,La Liga,Away,1354,1312,11,5,0.73,1.71,51.9,3,4.0,2,0,0,20,45,1
2590,2018,La Liga,Away,1394,1563,3,7,1.3,0.93,42.5,4,3.0,1,0,1,18,48,0
2591,2021,Bundesliga,Home,1466,1658,3,7,1.08,0.87,49.6,8,5.0,0,2,0,20,40,0
2592,2023,Ligue 1,Home,1431,1624,5,10,1.27,0.82,45.3,5,4.0,1,1,0,18,43,0
2593,2021,Serie A,Home,1394,1271,8,6,1.2,1.56,47.9,5,4.0,0,2,0,19,49,1
2594,2023,Premier League,Away,1318,1437,4,4,1.32,0.86,47.8,4,5.0,1,2,0,17,43,0
2595,2024,La Liga,Away,1775,1600,14,6,1.82,0.82,50.4,4,4.0,1,0,0,21,4,1
2596,2021,Ligue 1,Away,1430,1596,6,14,1.33,1.38,51.0,3,4.0,2,3,1,15,20,0
2597,2020,Premier League,Away,1546,1539,11,10,1.88,1.7,49.7,7,6.0,1,0,0,17,20,1
2598,2022,La Liga,Home,1254,1192,2,4,0.9,1.64,54.7,7,6.0,1,3,0,20,78,1
2599,2024,Ligue 1,Home,1690,1668,13,11,1.9,1.12,47.5,5,3.0,0,2,0,12,95,1
2600,2025,Ligue 1,Home,1523,1693,11,9,1.72,1.72,44.8,7,4.0,3,1,0,16,5,0
2601,2024,La Liga,Away,1438,1523,5,7,1.37,1.2,49.9,4,5.0,0,1,0,18,60,1
2602,2019,Serie A,Away,1439,1532,8,8,1.4,1.19,46.9,5,3.0,0,0,0,13,53,0
2603,2019,La Liga,Away,1622,1570,10,11,1.72,1.15,46.8,8,10.0,0,1,0,17,93,0
2604,2022,Bundesliga,Home,1150,1704,5,6,0.89,1.54,39.7,4,4.0,0,0,0,20,79,0
2605,2021,Premier League,Home,1385,1535,9,5,1.1,1.45,47.7,8,6.0,1,1,0,20,72,0
2606,2022,Premier League,Away,1483,1473,10,4,1.22,1.51,,4,3.0,0,2,0,18,61,1
2607,2025,Serie A,Away,1482,1553,9,10,1.4,1.38,46.4,8,5.0,0,3,1,16,90,1
2608,2022,Premier League,Away,1851,1498,13,7,1.62,1.24,54.7,4,3.0,2,2,0,13,94,1
2609,2020,Serie A,Home,1453,1500,4,5,1.12,1.27,46.4,4,4.0,2,4,1,13,79,0
2610,2024,La Liga,Home,1639,1253,9,4,1.24,1.33,57.4,6,4.0,0,0,0,19,37,1
2611,2021,Ligue 1,Away,1754,1573,8,7,1.38,1.19,53.3,4,6.0,2,2,0,19,58,1
2612,2022,Bundesliga,Home,1594,1664,9,6,1.29,1.27,41.2,3,3.0,1,0,0,13,1,0
2613,2019,Serie A,Home,1406,1643,9,12,1.09,1.17,42.0,5,5.0,2,0,0,20,73,0
2614,2022,Bundesliga,Home,1320,1633,5,9,1.18,1.43,47.0,5,4.0,1,1,0,16,70,0
2615,2021,La Liga,Away,1604,1493,2,11,1.27,1.42,61.4,3,6.0,3,1,0,20,76,0
2616,2018,Serie A,Away,1730,1520,8,4,1.73,1.38,49.5,7,3.0,3,3,0,21,38,1
2617,2019,Premier League,Home,1576,1667,10,11,1.93,0.98,53.1,4,6.0,0,1,1,20,6,1
2618,2023,Ligue 1,Home,1673,1621,8,5,1.85,0.93,62.5,4,6.0,1,1,0,12,61,1
2619,2019,Bundesliga,Away,1863,1708,14,15,1.48,0.88,52.9,6,3.0,1,1,0,19,38,1
2620,2019,Ligue 1,Away,1617,1406,6,2,1.4,1.71,57.8,8,6.0,1,0,0,20,14,1
2621,2018,Ligue 1,Home,1346,1405,7,11,0.86,1.0,53.6,5,4.0,1,3,0,20,54,1
2622,2018,Ligue 1,Home,1507,1453,9,7,1.41,1.44,49.2,5,3.0,1,0,0,16,76,0
2623,2021,Premier League,Away,1692,1368,12,5,1.62,1.52,62.9,5,3.0,1,0,0,15,80,1
2624,2021,Ligue 1,Away,1465,1315,5,7,1.35,1.35,52.8,4,10.0,2,1,0,21,28,0
2625,2022,Serie A,Home,1711,1566,12,6,1.32,1.28,58.4,5,4.0,0,1,0,16,55,1
2626,2022,La Liga,Home,1491,1556,11,10,1.18,1.34,,5,8.0,3,1,0,19,16,0
2627,2022,Serie A,Home,1547,1534,2,10,1.64,1.03,56.6,10,6.0,3,2,0,21,30,1
2628,2025,La Liga,Away,1451,1550,7,8,1.4,1.11,46.0,5,8.0,2,0,0,15,80,0
2629,2019,La Liga,Away,1522,1295,3,6,1.16,1.5,58.7,3,7.0,1,1,0,21,32,0
2630,2023,Premier League,Away,1530,1433,6,12,1.06,1.38,50.1,4,4.0,1,0,0,19,41,1
2631,2018,Premier League,Away,1275,1459,3,9,1.08,1.03,39.7,8,5.0,1,2,0,19,74,1
2632,2024,Serie A,Away,1438,1507,7,6,1.25,1.34,47.2,7,4.0,1,1,0,20,11,1
2633,2020,Ligue 1,Home,1327,1296,6,7,0.84,1.54,54.9,6,5.0,1,0,0,16,45,1
2634,2020,Serie A,Home,1443,1370,9,5,1.21,1.7,50.5,6,10.0,0,0,0,16,4,1
2635,2019,Serie A,Away,1389,1439,7,5,1.11,1.38,56.0,6,5.0,0,3,0,17,64,0
2636,2022,La Liga,Home,1642,1648,11,11,1.36,1.1,50.2,10,4.0,1,4,0,12,73,0
2637,2021,La Liga,Away,1643,1537,6,5,1.4,1.49,47.3,5,6.0,2,3,0,17,50,0
2638,2025,Premier League,Home,1578,1643,11,9,1.5,1.48,47.0,7,7.0,1,1,0,19,80,0
2639,2019,Bundesliga,Away,1323,1483,0,9,1.18,1.0,42.8,8,5.0,0,0,0,13,42,1
2640,2021,Premier League,Away,1486,1500,11,12,1.65,1.2,56.2,4,,1,0,0,16,52,0
2641,2025,Bundesliga,Home,1311,1570,9,10,1.19,0.74,46.1,5,7.0,2,1,0,15,62,1
2642,2024,Bundesliga,Away,1479,1475,9,3,1.53,1.11,49.8,7,5.0,2,1,0,20,74,0
2643,2024,Serie A,Away,1591,1413,14,3,1.12,1.78,58.2,4,,2,3,0,12,46,0
2644,2022,Ligue 1,Home,1639,1291,4,9,1.54,1.25,54.8,5,7.0,2,0,0,21,63,0
2645,2024,La Liga,Home,1566,1416,10,5,1.33,1.52,48.1,5,7.0,0,0,0,20,25,1
2646,2019,Ligue 1,Away,1676,1617,10,5,1.72,1.32,45.2,10,8.0,1,1,0,15,12,0
2647,2024,Bundesliga,Away,1536,1676,9,7,1.45,1.02,37.4,6,6.0,1,1,0,17,10,0
2648,2022,Bundesliga,Home,1467,1392,4,8,1.71,1.31,46.6,6,5.0,4,1,0,15,84,0
2649,2020,Serie A,Away,1622,1257,10,5,1.25,1.89,,5,8.0,0,2,0,20,70,0
2650,2019,Bundesliga,Away,1627,1630,10,11,1.31,1.45,53.6,6,6.0,1,1,0,15,53,0
2651,2022,Ligue 1,Away,1427,1510,5,8,1.36,1.88,43.6,8,5.0,1,3,0,18,5,0
2652,2018,La Liga,Home,1553,1311,8,2,1.38,0.86,46.0,4,4.0,1,0,0,17,27,1
2653,2023,Bundesliga,Home,1459,1150,4,0,1.07,1.78,55.7,7,5.0,2,1,0,19,34,1
2654,2019,Bundesliga,Home,1219,1365,3,4,1.13,0.85,48.8,4,7.0,2,1,0,18,46,0
2655,2021,La Liga,Away,1562,1435,11,7,1.29,1.38,57.3,7,4.0,1,0,0,15,68,0
2656,2019,Ligue 1,Away,1319,1339,8,2,1.26,1.42,50.7,7,6.0,0,4,1,16,65,0
2657,2021,La Liga,Away,1546,1597,10,11,0.98,0.95,43.7,6,5.0,0,2,0,19,70,0
2658,2020,Serie A,Away,1285,1386,7,4,1.04,1.28,51.1,4,4.0,1,1,0,13,86,0
2659,2019,Premier League,Away,1399,1502,9,3,1.28,1.25,49.4,10,6.0,2,0,0,15,36,0
2660,2025,Premier League,Home,1439,1832,5,11,1.33,1.14,43.9,5,10.0,1,3,0,17,76,0
2661,2024,Bundesliga,Home,1668,1516,10,10,1.71,1.02,49.3,8,3.0,1,1,0,17,31,1
2662,2021,La Liga,Away,1425,1484,9,11,1.21,1.16,51.1,4,6.0,4,0,1,15,90,1
2663,2018,La Liga,Home,1350,1487,2,3,1.3,1.47,50.9,5,4.0,0,0,0,20,44,0
2664,2024,Premier League,Home,1551,1594,5,12,1.39,1.42,42.2,3,3.0,1,3,0,19,87,1
2665,2023,Serie A,Home,1470,1576,3,9,1.5,1.91,44.3,3,4.0,2,1,0,16,8,0
2666,2022,Bundesliga,Home,1611,1360,4,4,1.09,1.49,48.7,5,4.0,4,2,0,18,37,1
2667,2022,Ligue 1,Away,1358,1442,3,9,0.54,1.54,43.8,7,4.0,2,1,0,20,70,0
2668,2018,Premier League,Away,1530,1407,6,10,1.7,1.35,52.6,6,6.0,1,4,1,18,22,0
2669,2021,Serie A,Away,1846,1460,15,3,1.59,1.71,52.4,6,8.0,1,0,0,19,41,0
2670,2019,La Liga,Home,1467,1756,6,9,0.89,0.86,48.3,3,3.0,2,3,0,21,17,0
2671,2023,Serie A,Home,1526,1586,4,7,1.34,1.23,54.1,7,4.0,1,1,0,12,18,0
2672,2025,La Liga,Away,1267,1489,5,9,0.96,1.4,43.8,5,3.0,2,2,1,12,39,0
2673,2022,La Liga,Away,1381,1674,6,13,1.31,1.29,39.4,6,5.0,1,1,0,17,59,0
2674,2022,La Liga,Home,1564,1526,6,8,1.54,1.54,50.7,7,5.0,0,0,0,13,48,0
2675,2023,Serie A,Away,1454,1271,5,4,1.2,1.48,61.9,3,8.0,1,1,0,19,73,0
2676,2025,Serie A,Away,1586,1733,11,11,1.68,1.34,49.4,5,4.0,3,2,0,12,42,0
2677,2018,La Liga,Home,1559,1478,5,7,1.11,0.99,43.0,10,5.0,1,1,0,19,28,0
2678,2020,Bundesliga,Home,1315,1184,1,0,0.56,1.67,42.0,3,7.0,3,2,0,21,76,0
2679,2020,Bundesliga,Away,1642,1276,10,6,1.54,1.05,54.6,5,,3,3,0,20,80,1
2680,2023,La Liga,Away,1326,1658,4,12,1.09,1.13,41.5,8,6.0,2,2,0,12,82,0
2681,2021,Bundesliga,Away,1393,1278,10,8,0.76,2.15,44.4,4,6.0,0,1,0,13,84,1
2682,2024,Bundesliga,Away,1532,1689,7,7,1.54,1.22,45.0,6,7.0,3,1,0,13,35,1
2683,2021,Premier League,Away,1719,1511,10,9,1.17,1.2,46.8,6,5.0,2,1,1,20,1,0
2684,2025,Serie A,Away,1359,1600,8,13,1.17,1.36,44.0,4,5.0,1,0,0,12,37,0
2685,2024,La Liga,Home,1521,1464,3,14,1.56,1.35,52.5,4,,1,0,1,18,87,0
2686,2018,Bundesliga,Away,1522,1573,9,10,1.44,0.98,57.2,7,10.0,0,0,0,15,14,0
2687,2025,Premier League,Away,1592,1544,8,11,1.5,0.82,50.5,4,8.0,3,1,0,17,12,0
2688,2025,Serie A,Home,1666,1495,12,5,1.41,1.33,52.5,7,6.0,3,1,0,19,32,1
2689,2018,Premier League,Home,1443,1351,5,3,1.33,1.41,59.0,8,6.0,0,4,0,18,66,1
2690,2021,Serie A,Away,1642,1550,10,11,1.63,1.22,55.6,3,6.0,2,2,0,12,8,0
2691,2025,Ligue 1,Away,1686,1246,9,0,1.39,1.76,61.2,4,4.0,1,1,0,12,17,0
2692,2024,La Liga,Away,1750,1630,12,9,1.34,1.56,51.5,7,6.0,0,0,0,21,5,0
2693,2021,Ligue 1,Home,1570,1528,8,12,1.62,1.49,,6,,2,3,0,12,79,1
2694,2022,Ligue 1,Away,1522,1565,8,10,1.84,1.19,45.3,6,6.0,2,0,0,17,60,1
2695,2018,Ligue 1,Home,1434,1150,11,5,1.65,1.68,49.7,5,3.0,1,3,0,15,21,1
2696,2022,Premier League,Away,1296,1342,4,5,0.47,1.75,47.9,10,3.0,0,0,0,17,39,0
2697,2023,Bundesliga,Home,1461,1429,8,6,1.62,1.62,49.2,7,4.0,4,1,1,16,51,0
2698,2020,Premier League,Away,1516,1594,14,14,1.21,1.39,54.1,6,7.0,1,2,0,15,33,1
2699,2020,La Liga,Away,1485,1368,8,9,1.78,1.33,53.7,5,5.0,3,0,0,12,37,1
2700,2024,Ligue 1,Away,1584,1857,2,14,1.18,1.29,47.8,3,7.0,1,0,0,12,50,0
2701,2021,Bundesliga,Home,1296,1463,3,7,0.84,1.72,33.0,6,10.0,1,0,0,13,58,0
2702,2020,Serie A,Home,1475,1358,4,4,1.31,1.68,51.3,4,6.0,1,4,0,16,54,0
2703,2020,La Liga,Away,1779,1474,13,10,1.56,2.11,65.0,4,5.0,0,1,0,20,53,1
2704,2021,Bundesliga,Home,1639,1367,9,5,1.41,1.66,51.4,3,6.0,3,0,0,12,72,1
2705,2020,Bundesliga,Home,1586,1334,11,6,1.68,1.79,54.9,8,5.0,1,1,1,20,7,1
2706,2022,La Liga,Home,1555,1642,10,11,1.72,1.38,52.0,6,5.0,2,4,0,15,19,0
2707,2024,Ligue 1,Home,1449,1572,8,9,1.06,1.25,44.4,7,3.0,0,0,0,13,32,1
2708,2023,Premier League,Away,1254,1572,1,12,1.49,0.99,46.0,3,5.0,0,0,0,20,89,0
2709,2019,Premier League,Away,1564,1679,10,6,1.11,1.0,44.1,5,10.0,1,1,0,12,19,0
2710,2021,Serie A,Home,1157,1568,7,8,0.82,1.1,39.5,6,7.0,4,2,0,18,16,0
2711,2022,Ligue 1,Home,1454,1351,3,11,1.93,1.18,55.9,8,8.0,3,0,0,16,16,0
2712,2023,Premier League,Home,1499,1599,7,11,1.44,1.19,42.0,6,5.0,2,0,0,20,50,0
2713,2024,Premier League,Home,1437,1342,8,5,1.12,1.49,48.3,4,4.0,2,1,0,18,42,1
2714,2021,Premier League,Home,1804,1433,11,9,1.75,1.71,63.8,7,3.0,1,3,0,17,90,1
2715,2020,Ligue 1,Away,1755,1494,14,7,1.81,1.05,52.6,5,6.0,2,0,0,13,73,1
2716,2023,Premier League,Away,1645,1479,11,11,1.59,1.59,54.8,4,7.0,1,1,0,13,51,0
2717,2019,Serie A,Home,1370,1249,7,7,1.53,1.64,57.9,7,10.0,3,0,0,17,37,0
2718,2023,Ligue 1,Away,1769,1365,13,4,1.43,1.57,60.6,6,4.0,0,3,1,20,85,0
2719,2025,Premier League,Home,1587,1497,11,8,1.28,1.33,53.6,5,3.0,1,0,0,19,23,1
2720,2023,Serie A,Away,1368,1415,6,8,0.98,1.95,56.6,7,5.0,0,1,0,21,95,1
2721,2021,Serie A,Home,1505,1658,7,11,1.15,1.01,57.7,8,5.0,0,0,0,16,15,1
2722,2024,Bundesliga,Away,1634,1682,12,11,1.51,1.05,49.5,6,6.0,0,1,0,18,42,1
2723,2022,La Liga,Away,1416,1343,5,7,0.99,1.52,49.7,7,6.0,0,3,0,15,19,1
2724,2022,La Liga,Home,1520,1508,8,9,1.44,1.44,54.5,5,6.0,1,2,0,18,45,1
2725,2024,Premier League,Away,1544,1722,5,8,1.56,1.21,41.7,8,10.0,0,0,0,18,57,0
2726,2019,Bundesliga,Away,1346,1481,8,6,0.87,1.35,53.2,7,7.0,1,3,0,21,31,1
2727,2024,Bundesliga,Home,1462,1443,10,6,1.15,1.53,47.7,8,5.0,1,1,1,19,72,1
2728,2023,Premier League,Away,1356,1620,3,9,1.06,1.39,41.3,8,4.0,0,1,0,20,7,0
2729,2022,La Liga,Home,1622,1462,9,6,1.43,1.37,48.9,5,7.0,0,1,1,13,35,1
2730,2018,Ligue 1,Away,1373,1678,5,13,1.17,1.65,38.1,8,3.0,0,0,0,16,77,0
2731,2024,Premier League,Home,1541,1417,11,4,1.62,1.54,,6,5.0,3,2,0,13,2,1
2732,2019,La Liga,Away,1305,1434,9,2,1.38,1.34,48.5,7,5.0,0,3,0,18,68,0
2733,2025,Serie A,Home,1341,1611,4,14,0.97,1.56,43.0,7,3.0,1,0,0,20,65,0
2734,2024,La Liga,Away,1335,1514,0,6,1.34,0.83,55.8,8,5.0,2,0,0,12,67,0
2735,2020,La Liga,Home,1459,1515,10,11,1.65,1.06,49.2,7,4.0,1,1,0,18,33,1
2736,2021,La Liga,Away,1525,1233,8,6,1.68,1.54,57.2,7,6.0,2,3,0,15,6,1
2737,2018,Premier League,Home,1551,1451,8,5,1.46,1.1,46.9,10,4.0,0,0,0,20,54,1
2738,2021,Serie A,Home,1252,1621,7,9,1.06,1.44,36.7,8,8.0,0,1,0,13,84,1
2739,2018,Bundesliga,Away,1476,1390,6,5,0.97,1.64,47.5,6,7.0,2,0,0,20,25,1
2740,2025,Serie A,Away,1395,1598,5,10,1.13,1.67,41.5,7,4.0,1,2,0,15,74,1
2741,2023,Premier League,Home,1575,1538,7,6,1.06,1.17,48.6,4,7.0,0,1,0,20,24,1
2742,2019,Bundesliga,Home,1463,1472,8,7,1.59,1.52,48.3,6,8.0,1,1,0,18,5,0
2743,2024,Premier League,Home,1489,1690,10,10,1.27,1.5,48.5,10,3.0,2,1,0,12,83,0
2744,2018,Bundesliga,Home,1396,1452,10,10,1.21,1.43,48.5,4,5.0,4,2,0,15,88,0
2745,2022,La Liga,Away,1741,1462,11,6,1.46,1.63,65.9,8,,1,0,0,20,36,0
2746,2018,Bundesliga,Home,1320,1470,5,5,0.8,1.35,49.4,7,4.0,1,3,0,17,16,1
2747,2018,Premier League,Home,1444,1511,9,6,1.47,1.67,44.8,4,7.0,2,2,0,12,20,1
2748,2019,Premier League,Home,1515,1607,5,10,1.49,1.06,50.0,8,4.0,0,1,0,19,56,0
2749,2020,Serie A,Away,1465,1294,11,0,1.54,1.15,55.0,5,4.0,1,4,0,13,45,1
2750,2023,Premier League,Away,1393,1622,7,12,0.79,1.15,51.3,5,6.0,1,1,0,18,21,0
2751,2025,Premier League,Away,1246,1510,4,8,1.4,1.32,47.5,5,3.0,0,3,0,16,70,1
2752,2024,Bundesliga,Home,1403,1578,4,10,1.21,1.39,46.0,4,7.0,1,0,0,15,49,0
2753,2023,Bundesliga,Away,1366,1835,8,12,1.4,1.16,47.0,6,6.0,4,0,0,20,68,0
2754,2022,Premier League,Home,1735,1428,10,5,0.95,1.24,60.5,6,8.0,2,0,0,17,15,0
2755,2020,Ligue 1,Home,1817,1329,11,3,1.8,1.25,65.2,10,3.0,1,2,0,15,85,1
2756,2020,Bundesliga,Away,1493,1527,3,6,1.32,1.73,56.7,7,4.0,2,1,0,12,26,0
2757,2025,Ligue 1,Away,1303,1549,4,4,1.08,1.27,48.1,5,5.0,0,4,0,15,29,0
2758,2022,Bundesliga,Away,1603,1622,7,10,1.44,1.12,50.6,8,,0,0,0,19,28,0
2759,2022,Serie A,Home,1363,1425,7,6,1.05,1.5,48.1,8,5.0,1,1,0,12,35,0
2760,2018,Serie A,Home,1423,1384,6,2,0.91,1.21,40.9,6,3.0,0,0,0,19,54,0
2761,2021,Serie A,Away,1412,1285,0,3,0.94,1.36,43.9,10,3.0,1,3,0,15,91,0
2762,2023,Ligue 1,Away,1430,1309,6,7,1.28,1.72,52.4,6,5.0,4,2,0,17,32,0
2763,2021,Premier League,Away,1450,1442,3,10,1.62,1.15,47.4,4,4.0,2,2,0,20,22,1
2764,2022,La Liga,Home,1316,1484,3,4,1.42,1.03,45.9,6,4.0,2,0,0,16,85,1
2765,2024,Premier League,Home,1402,1789,9,15,1.3,1.0,45.4,5,4.0,1,1,0,20,76,0
2766,2018,Ligue 1,Away,1643,1263,5,2,1.39,1.63,55.6,6,6.0,0,3,1,20,51,1
2767,2025,La Liga,Away,1495,1547,8,4,1.86,1.65,40.8,4,7.0,2,1,0,19,7,0
2768,2024,Serie A,Away,1518,1398,6,11,1.54,1.53,46.5,4,4.0,0,0,0,21,13,0
2769,2021,Bundesliga,Home,1187,1531,2,5,1.15,1.45,36.5,5,5.0,1,2,0,18,65,0
2770,2024,Ligue 1,Home,1633,1423,7,11,1.16,1.16,49.5,7,7.0,2,1,0,13,1,1
2771,2018,Premier League,Away,1404,1645,7,8,1.31,1.27,44.2,4,8.0,3,0,0,21,4,0
2772,2020,Bundesliga,Home,1657,1644,11,8,1.21,0.94,58.0,3,4.0,1,1,0,18,68,1
2773,2018,Ligue 1,Away,1522,1484,3,4,1.89,1.59,54.0,4,7.0,0,0,0,17,87,0
2774,2023,Premier League,Home,1421,1701,10,13,1.05,1.2,46.4,5,5.0,3,0,1,16,53,0
2775,2024,Bundesliga,Away,1265,1606,2,12,0.94,1.24,42.6,3,6.0,1,1,0,19,31,0
2776,2022,La Liga,Home,1804,1695,12,8,1.52,1.3,46.5,5,5.0,2,2,1,12,45,0
2777,2023,Serie A,Away,1612,1494,6,7,1.38,1.23,64.2,6,7.0,4,0,0,18,31,0
2778,2019,Serie A,Home,1621,1633,8,11,1.65,1.11,48.1,7,7.0,0,1,0,16,70,1
2779,2025,Premier League,Home,1755,1392,7,5,1.63,1.21,63.0,5,,2,1,0,21,49,1
2780,2019,Premier League,Away,1531,1378,6,10,1.39,1.91,42.6,7,10.0,3,3,0,20,55,1
2781,2022,Premier League,Home,1689,1805,9,11,1.74,1.02,46.7,6,8.0,0,1,0,12,35,0
2782,2023,Premier League,Home,1433,1348,4,4,0.9,1.41,51.3,6,5.0,4,1,0,21,78,0
2783,2024,Serie A,Away,1603,1439,10,3,1.65,1.58,52.8,6,3.0,4,1,0,16,39,1
2784,2025,La Liga,Away,1412,1234,8,1,1.29,1.59,47.4,4,4.0,0,1,0,13,53,0
2785,2022,Premier League,Home,1429,1382,14,8,1.1,0.88,52.2,4,4.0,1,1,0,16,77,1
2786,2022,Bundesliga,Away,1514,1361,10,6,1.4,1.98,59.9,6,6.0,1,4,0,13,26,0
2787,2021,Bundesliga,Away,1323,1406,8,8,1.18,1.31,58.4,4,4.0,2,1,0,12,35,0
2788,2022,Serie A,Home,1546,1542,3,7,0.74,1.1,58.3,5,6.0,4,0,0,18,4,0
2789,2023,Ligue 1,Home,1456,1576,2,4,1.65,1.24,53.3,7,7.0,4,1,0,18,92,0
2790,2023,La Liga,Away,1222,1359,3,5,1.35,1.35,55.1,6,4.0,1,1,0,13,29,0
2791,2022,Bundesliga,Away,1436,1389,11,11,0.95,1.33,60.3,4,5.0,2,0,0,17,59,0
2792,2021,Premier League,Home,1452,1652,13,7,1.11,1.24,40.4,4,3.0,4,2,0,21,82,0
2793,2019,Bundesliga,Away,1619,1739,7,10,1.82,0.67,48.3,8,,0,3,0,12,30,1
2794,2018,Ligue 1,Away,1540,1676,6,3,1.56,1.38,40.2,5,5.0,0,1,0,13,85,0
2795,2021,Bundesliga,Away,1703,1270,11,3,1.67,1.8,63.5,4,4.0,1,3,0,16,34,1
2796,2021,Serie A,Away,1573,1667,8,8,1.54,0.78,46.4,6,4.0,2,0,1,21,44,0
2797,2022,Serie A,Home,1422,1760,6,11,1.36,1.23,40.8,10,5.0,0,1,0,18,2,0
2798,2025,La Liga,Away,1492,1263,9,4,1.07,1.35,54.4,6,3.0,1,0,0,12,19,0
2799,2023,Serie A,Away,1451,1652,14,5,1.15,1.1,32.5,6,7.0,3,1,0,15,86,0
2800,2024,Bundesliga,Home,1568,1532,12,6,1.67,1.41,41.4,8,6.0,0,2,0,13,47,1
2801,2022,Ligue 1,Home,1508,1454,12,6,1.52,1.61,55.6,4,4.0,0,0,0,20,61,0
2802,2025,Serie A,Home,1412,1515,2,5,1.32,1.42,44.1,6,4.0,4,0,0,19,78,0
2803,2025,Premier League,Home,1501,1562,10,6,1.19,0.95,53.6,4,3.0,0,4,0,21,4,1
2804,2019,Serie A,Away,1565,1662,6,12,1.67,1.22,46.8,6,6.0,2,3,0,19,50,0
2805,2023,Premier League,Away,1359,1655,10,8,0.95,1.33,34.7,6,4.0,0,0,0,20,85,0
2806,2022,Premier League,Away,1544,1289,12,6,1.77,1.35,,8,5.0,0,1,0,21,41,1
2807,2025,La Liga,Home,1279,1409,6,6,0.93,1.22,43.4,6,6.0,0,0,0,13,20,0
2808,2022,Bundesliga,Away,1655,1513,7,4,1.3,1.32,48.9,6,5.0,1,0,0,20,10,0
2809,2018,Premier League,Home,1574,1720,7,9,1.44,1.3,45.9,5,3.0,2,0,0,12,51,0
2810,2019,Premier League,Away,1728,1150,9,4,1.65,1.52,65.7,3,6.0,0,1,0,21,8,1
2811,2019,Premier League,Home,1344,1414,8,11,1.2,1.49,50.0,5,,1,0,0,15,40,0
2812,2019,Ligue 1,Home,1659,1286,10,3,1.19,1.23,60.5,3,4.0,4,4,0,13,38,1
2813,2018,Bundesliga,Home,1631,1308,13,5,1.6,1.59,62.5,6,5.0,0,0,0,20,92,1
2814,2024,Premier League,Home,1474,1638,11,12,1.57,0.77,50.9,4,,0,2,0,18,55,1
2815,2021,Premier League,Away,1447,1426,5,10,1.27,1.49,45.9,3,4.0,1,0,0,18,57,0
2816,2023,Serie A,Away,1348,1173,7,2,0.8,1.86,45.1,7,6.0,4,3,0,13,46,0
2817,2025,La Liga,Away,1312,1478,6,7,1.09,1.33,42.5,5,5.0,3,0,0,16,95,0
2818,2023,Serie A,Away,1395,1785,6,14,0.95,1.23,40.7,6,5.0,0,2,0,15,24,0
2819,2021,La Liga,Home,1324,1247,8,6,0.67,1.64,49.3,6,4.0,0,0,0,20,32,0
2820,2020,Ligue 1,Home,1723,1575,11,11,1.46,0.94,56.9,5,5.0,1,3,1,20,19,1
2821,2024,La Liga,Home,1290,1719,3,13,1.53,0.86,32.6,3,10.0,4,1,1,15,60,0
2822,2022,Serie A,Away,1521,1493,7,9,1.35,1.27,58.6,7,8.0,2,0,0,13,40,0
2823,2024,Premier League,Away,1561,1770,7,11,1.35,1.07,48.7,5,3.0,2,0,0,17,66,0
2824,2018,Ligue 1,Away,1550,1408,6,5,1.58,1.24,51.6,4,6.0,0,2,0,15,41,1
2825,2019,Ligue 1,Away,1562,1702,8,9,1.57,0.86,42.7,7,5.0,0,1,0,16,67,1
2826,2019,Bundesliga,Home,1632,1669,6,9,1.13,0.48,48.3,7,6.0,0,3,0,21,78,1
2827,2023,La Liga,Away,1438,1495,8,11,1.75,1.77,54.3,7,,1,1,0,20,54,0
2828,2022,Premier League,Away,1512,1292,11,5,1.41,1.96,53.5,7,3.0,1,3,0,21,34,1
2829,2020,Bundesliga,Home,1459,1360,7,6,1.53,1.26,49.6,4,6.0,0,0,0,15,38,1
2830,2020,Bundesliga,Away,1682,1172,12,1,1.4,1.29,62.7,7,3.0,0,0,0,18,20,1
2831,2022,Premier League,Home,1794,1583,11,12,1.18,1.64,49.0,4,5.0,1,1,0,16,33,1
2832,2025,La Liga,Away,1333,1566,3,6,1.14,0.76,49.6,5,5.0,1,0,0,13,53,0
2833,2025,La Liga,Home,1216,1511,9,7,0.76,1.6,45.7,4,3.0,2,0,1,13,51,0
2834,2021,Bundesliga,Home,1580,1483,2,11,1.73,1.52,57.0,4,4.0,0,0,0,12,57,1
2835,2023,Bundesliga,Away,1650,1690,9,12,1.16,1.09,55.9,6,6.0,0,4,0,20,89,1
2836,2018,Serie A,Away,1774,1542,9,6,1.66,1.66,51.8,6,4.0,0,2,0,16,94,0
2837,2025,Serie A,Away,1603,1422,13,4,1.61,1.26,54.6,7,7.0,2,0,0,16,47,0
2838,2018,La Liga,Home,1695,1521,10,7,1.67,1.54,53.9,4,6.0,0,0,1,21,64,1
2839,2020,La Liga,Home,1732,1787,15,9,1.48,1.03,,5,5.0,2,2,1,17,18,1
2840,2023,Premier League,Away,1705,1587,10,5,1.13,0.97,50.9,6,6.0,1,1,0,12,58,1
2841,2025,Bundesliga,Home,1623,1445,7,5,1.11,1.91,45.5,5,5.0,3,0,0,13,8,1
2842,2019,La Liga,Away,1320,1494,1,0,0.96,1.18,43.3,4,6.0,1,1,0,18,55,0
2843,2023,La Liga,Home,1499,1565,10,11,1.0,1.18,52.8,3,5.0,2,4,0,16,89,0
2844,2019,Premier League,Home,1542,1441,6,9,1.38,1.61,55.2,4,8.0,1,2,0,17,23,0
2845,2018,Premier League,Away,1486,1429,6,10,1.14,1.72,51.0,6,3.0,1,1,1,18,38,0
2846,2021,Serie A,Away,1495,1498,11,8,1.02,1.02,48.0,4,4.0,0,2,0,15,31,0
2847,2022,Premier League,Away,1719,1713,13,9,1.24,1.52,51.9,8,4.0,1,3,0,16,41,1
2848,2020,Premier League,Away,1394,1611,5,11,0.84,1.25,47.4,7,7.0,2,1,0,17,15,0
2849,2025,Bundesliga,Away,1612,1443,8,5,1.46,1.38,55.3,3,5.0,4,2,0,21,93,1
2850,2022,La Liga,Away,1544,1622,3,6,1.21,1.2,46.3,4,6.0,1,1,0,18,94,0
2851,2021,La Liga,Away,1380,1501,1,7,1.22,1.34,46.8,3,4.0,1,2,0,18,61,0
2852,2021,La Liga,Home,1349,1548,8,9,1.16,0.92,42.3,8,4.0,0,2,0,20,94,0
2853,2021,Bundesliga,Away,1262,1536,7,6,1.04,1.42,48.3,4,6.0,0,1,0,21,45,1
2854,2018,La Liga,Away,1568,1205,9,1,1.59,1.67,58.4,10,6.0,1,4,0,13,83,1
2855,2022,Bundesliga,Home,1491,1150,8,2,0.97,1.57,53.9,10,6.0,0,0,0,18,1,1
2856,2024,Ligue 1,Home,1384,1532,4,9,1.39,1.37,57.6,4,7.0,2,3,0,19,79,0
2857,2021,Serie A,Home,1237,1381,8,6,1.16,1.41,42.8,8,7.0,0,0,0,16,45,1
2858,2021,La Liga,Away,1561,1271,4,12,1.37,1.54,52.8,5,3.0,0,2,0,19,81,1
2859,2025,Bundesliga,Home,1476,1385,6,6,1.12,1.56,46.3,5,4.0,0,1,0,15,35,1
2860,2022,La Liga,Away,1400,1629,7,11,1.25,1.18,40.8,8,6.0,3,1,0,13,7,0
2861,2020,La Liga,Away,1365,1550,6,4,1.31,1.11,49.1,6,8.0,0,0,0,19,29,0
2862,2018,Serie A,Away,1467,1608,7,10,0.96,1.44,38.6,6,7.0,1,1,0,18,57,0
2863,2024,La Liga,Away,1566,1563,7,7,1.58,1.02,50.9,5,6.0,1,1,0,12,80,0
2864,2023,Premier League,Away,1454,1371,8,6,1.73,1.73,,6,5.0,1,2,0,13,41,1
2865,2023,La Liga,Home,1334,1609,2,13,1.15,1.17,39.1,7,3.0,1,2,0,18,5,0
2866,2020,Premier League,Home,1492,1582,7,8,1.67,1.5,39.1,4,8.0,1,1,0,17,68,0
2867,2019,La Liga,Away,1646,1484,10,4,1.63,1.72,53.8,10,7.0,4,2,0,19,62,0
2868,2021,Serie A,Away,1506,1508,7,5,1.42,1.33,41.4,7,4.0,0,2,1,16,63,1
2869,2024,Ligue 1,Home,1510,1611,8,9,1.19,1.47,46.1,4,6.0,0,4,0,19,40,1
2870,2020,Premier League,Home,1454,1395,8,7,1.21,1.6,53.2,7,4.0,0,0,0,16,11,1
2871,2022,Serie A,Home,1375,1652,1,10,0.97,1.26,31.8,3,8.0,1,1,0,20,54,0
2872,2025,La Liga,Away,1371,1579,2,5,1.44,1.43,48.3,7,5.0,0,1,0,16,54,0
2873,2019,Premier League,Away,1267,1500,5,13,0.91,1.28,34.3,7,8.0,3,3,0,16,33,0
2874,2019,Premier League,Home,1665,1714,8,14,1.97,1.57,57.9,4,6.0,1,2,1,12,71,0
2875,2019,Premier League,Home,1565,1319,7,6,1.53,1.53,55.2,5,6.0,2,1,0,21,38,1
2876,2025,Premier League,Away,1512,1436,9,3,1.46,1.23,,6,8.0,2,0,0,20,80,0
2877,2022,La Liga,Home,1541,1404,5,10,1.06,1.33,54.4,7,4.0,2,2,0,18,12,1
2878,2025,La Liga,Home,1548,1550,2,11,1.57,1.53,45.4,3,3.0,4,2,0,20,15,0
2879,2025,Serie A,Away,1397,1666,11,10,1.18,0.97,31.1,5,6.0,1,3,0,15,59,0
2880,2021,Premier League,Away,1454,1362,10,9,1.16,1.95,58.0,5,8.0,0,1,0,19,40,0
2881,2018,Premier League,Away,1434,1900,10,11,1.11,1.32,36.6,6,4.0,1,0,0,12,11,0
2882,2020,Premier League,Home,1852,1407,9,4,1.43,1.13,61.5,5,4.0,1,0,0,16,62,1
2883,2022,Serie A,Away,1643,1550,9,9,1.51,1.5,51.5,5,5.0,0,2,0,20,74,1
2884,2021,La Liga,Home,1524,1500,4,3,1.33,1.11,46.4,4,8.0,0,0,1,19,45,0
2885,2018,Serie A,Away,1691,1506,10,5,1.23,1.14,49.0,8,8.0,2,1,0,21,56,1
2886,2025,Premier League,Home,1674,1389,9,8,1.67,1.33,60.8,3,10.0,1,1,0,18,63,1
2887,2020,Premier League,Home,1307,1649,2,10,1.67,1.03,44.0,5,7.0,0,0,0,17,32,0
2888,2022,Ligue 1,Away,1469,1380,8,2,0.96,1.64,52.0,4,5.0,1,2,0,17,10,1
2889,2025,Premier League,Away,1498,1252,7,3,1.32,1.64,61.3,3,3.0,0,0,0,17,31,0
2890,2022,Premier League,Home,1586,1343,13,2,1.86,1.6,55.7,6,6.0,4,1,0,16,52,1
2891,2023,Premier League,Away,1469,1702,7,9,1.12,1.17,49.8,4,8.0,2,1,0,19,35,1
2892,2018,Ligue 1,Away,1486,1675,1,8,1.44,1.06,52.7,6,5.0,0,0,0,13,8,0
2893,2023,Serie A,Away,1435,1219,2,7,1.38,1.47,60.8,6,5.0,0,2,0,15,65,1
2894,2024,Serie A,Away,1647,1614,15,8,1.68,1.52,52.9,10,7.0,0,1,0,19,42,1
2895,2025,Ligue 1,Away,1298,1223,4,4,1.59,1.51,46.8,5,5.0,0,0,0,15,78,1
2896,2018,Premier League,Away,1440,1496,7,6,0.84,1.7,,3,7.0,0,2,0,18,53,0
2897,2019,Ligue 1,Away,1242,1331,4,1,1.11,1.34,45.4,5,4.0,0,0,0,21,71,0
2898,2018,Premier League,Home,1356,1625,9,9,1.07,1.25,46.9,4,6.0,0,3,0,21,27,0
2899,2025,Serie A,Away,1544,1578,3,10,1.39,1.36,57.2,6,6.0,0,0,0,15,5,0
2900,2020,La Liga,Away,1547,1637,12,10,1.41,1.52,47.3,5,5.0,2,1,0,19,11,0
2901,2022,La Liga,Away,1456,1459,10,9,1.23,1.63,44.3,5,5.0,0,0,0,21,87,0
2902,2021,Ligue 1,Home,1657,1473,9,9,1.25,1.45,,7,6.0,0,1,0,20,27,1
2903,2023,Premier League,Home,1690,1290,11,11,1.3,1.56,60.0,5,8.0,2,3,0,16,13,1
2904,2025,Ligue 1,Home,1490,1356,6,3,1.87,1.25,61.0,7,5.0,2,0,0,19,90,0
2905,2020,La Liga,Away,1535,1633,4,10,1.04,1.18,47.8,7,3.0,1,0,0,13,45,0
2906,2024,Serie A,Away,1437,1551,8,9,1.59,1.87,46.8,5,8.0,3,1,0,16,89,0
2907,2020,Ligue 1,Away,1588,1515,9,7,1.19,1.1,52.3,5,3.0,1,0,0,20,58,0
2908,2019,Premier League,Away,1333,1677,6,8,1.19,1.05,42.9,3,3.0,1,0,0,20,18,0
2909,2018,Ligue 1,Home,1751,1318,12,7,2.12,1.17,,7,4.0,2,2,0,13,68,1
2910,2020,Serie A,Home,1660,1601,8,10,1.72,1.07,47.4,7,7.0,0,2,0,12,11,1
2911,2022,Bundesliga,Away,1332,1335,9,3,0.81,1.2,55.5,4,3.0,0,2,0,17,63,0
2912,2024,Premier League,Away,1390,1707,6,5,1.14,0.86,38.8,4,5.0,1,1,0,12,8,0
2913,2024,Serie A,Home,1559,1576,10,7,1.41,1.36,49.4,7,4.0,1,3,0,21,67,0
2914,2022,Serie A,Away,1453,1635,6,7,1.56,1.41,44.3,4,6.0,0,1,0,18,36,0
2915,2021,La Liga,Home,1576,1402,11,8,1.45,1.53,,7,5.0,2,1,0,13,52,1
2916,2019,Premier League,Away,1450,1805,7,9,1.26,0.82,40.3,4,5.0,1,2,0,18,2,1
2917,2025,Premier League,Away,1713,1780,10,10,2.01,0.68,43.2,5,6.0,3,3,0,20,9,0
2918,2021,Bundesliga,Home,1501,1560,11,4,1.75,0.78,41.1,4,5.0,1,2,0,21,52,1
2919,2024,Premier League,Home,1839,1665,7,5,1.9,0.9,55.4,4,7.0,1,2,0,13,37,1
2920,2023,Bundesliga,Away,1584,1458,8,5,1.29,1.13,61.2,6,8.0,3,0,0,12,61,0
2921,2025,Ligue 1,Away,1311,1322,4,5,0.48,1.4,53.5,8,6.0,1,1,0,18,62,0
2922,2025,Premier League,Away,1792,1611,12,7,1.35,1.32,58.4,6,4.0,2,1,0,12,48,0
2923,2023,Premier League,Away,1654,1371,10,6,1.13,1.37,62.3,4,5.0,0,2,0,21,12,0
2924,2023,Serie A,Away,1553,1683,8,5,1.39,1.58,47.8,6,7.0,0,2,0,20,47,0
2925,2019,Premier League,Home,1591,1647,7,9,1.68,1.79,,4,4.0,1,1,0,17,80,1
2926,2018,Serie A,Away,1334,1533,5,7,1.66,1.29,40.7,6,4.0,0,0,0,21,38,0
2927,2022,Bundesliga,Home,1247,1525,5,4,1.39,0.85,47.0,4,10.0,0,0,0,21,7,0
2928,2023,Serie A,Home,1494,1639,7,10,1.17,1.09,47.8,7,6.0,4,0,0,19,2,0
2929,2023,La Liga,Away,1693,1538,13,2,1.63,1.25,50.4,8,5.0,0,3,0,20,61,1
2930,2020,Bundesliga,Home,1555,1443,10,5,1.51,1.57,,6,8.0,3,0,0,15,70,1
2931,2022,Serie A,Away,1739,1288,10,7,1.22,1.21,55.6,5,6.0,1,1,0,15,12,1
2932,2024,Premier League,Home,1685,1634,4,3,1.34,0.82,53.9,7,5.0,0,0,0,16,43,1
2933,2018,Serie A,Home,1503,1551,7,10,1.25,1.37,,5,5.0,3,1,0,20,11,0
2934,2021,Ligue 1,Home,1666,1886,11,9,2.07,0.87,38.9,5,6.0,0,0,0,19,6,1
2935,2025,Serie A,Away,1713,1487,9,6,1.68,1.22,60.9,4,7.0,1,1,0,17,8,0
2936,2019,La Liga,Away,1489,1542,8,12,1.01,1.09,54.7,8,4.0,1,1,1,12,86,1
2937,2020,La Liga,Home,1470,1546,7,6,1.21,1.21,42.3,4,7.0,0,2,0,17,66,0
2938,2021,Premier League,Home,1520,1591,8,13,1.48,1.32,37.9,8,5.0,1,0,0,20,18,1
2939,2023,Premier League,Away,1162,1365,7,5,0.92,0.87,45.2,7,5.0,0,3,0,19,41,1
2940,2020,Premier League,Home,1539,1489,10,7,1.3,1.36,50.4,7,8.0,3,0,0,13,33,0
2941,2024,Ligue 1,Away,1601,1616,5,11,1.64,1.42,48.5,5,4.0,1,0,0,19,42,0
2942,2019,Premier League,Home,1520,1453,3,8,1.72,1.5,57.3,4,5.0,1,2,0,19,82,1
2943,2020,Bundesliga,Away,1548,1611,9,9,1.71,1.78,46.7,5,5.0,2,2,0,19,15,0
2944,2022,Premier League,Home,1494,1514,10,6,1.27,1.23,61.6,7,6.0,3,1,0,21,34,1
2945,2018,La Liga,Home,1220,1556,0,4,1.0,1.28,33.9,5,4.0,2,2,0,16,44,0
2946,2024,La Liga,Away,1733,1661,10,6,1.53,1.52,,4,4.0,4,0,0,15,95,0
2947,2023,La Liga,Home,1449,1468,13,11,1.56,1.39,45.2,6,3.0,0,0,0,12,38,1
2948,2024,Bundesliga,Home,1414,1297,6,9,1.16,1.91,52.0,3,7.0,4,1,0,13,55,0
2949,2020,Ligue 1,Home,1690,1463,15,7,1.08,1.59,62.8,7,3.0,2,1,0,13,91,0
2950,2021,Ligue 1,Away,1637,1384,7,1,1.62,1.49,50.7,6,6.0,0,2,0,13,45,1
2951,2025,Premier League,Away,1538,1202,6,2,1.52,1.62,53.9,4,3.0,1,1,0,15,46,1
2952,2018,Bundesliga,Home,1608,1485,7,5,1.37,1.3,,4,6.0,2,4,0,13,30,1
2953,2021,Premier League,Home,1338,1528,2,6,1.64,1.32,44.8,7,4.0,1,0,0,16,49,0
2954,2021,Ligue 1,Away,1489,1643,3,7,1.2,1.01,47.0,4,6.0,1,0,0,13,51,0
2955,2021,Serie A,Home,1681,1340,9,7,1.9,1.66,56.6,6,7.0,0,2,1,18,18,1
2956,2021,La Liga,Home,1405,1512,7,8,0.91,1.82,40.9,6,10.0,0,1,0,20,25,0
2957,2023,Premier League,Away,1360,1658,4,14,1.27,0.75,42.1,6,7.0,0,1,0,17,3,0
2958,2019,Premier League,Home,1511,1420,6,6,1.16,1.72,59.4,3,8.0,0,2,1,16,10,1
2959,2025,Premier League,Away,1514,1575,11,9,1.35,1.34,53.1,5,8.0,3,0,0,20,1,0
2960,2025,Ligue 1,Home,1591,1724,11,12,1.64,1.41,44.4,7,4.0,0,2,0,13,10,0
2961,2019,Bundesliga,Away,1307,1239,5,7,1.0,1.44,52.1,7,,1,0,0,18,95,0
2962,2025,Ligue 1,Away,1150,1538,4,5,0.79,1.27,42.8,5,5.0,1,0,0,15,62,0
2963,2020,Premier League,Away,1629,1663,5,11,1.44,1.52,53.6,3,5.0,2,1,0,17,43,1
2964,2018,Serie A,Home,1348,1451,6,7,2.12,1.38,55.1,6,7.0,1,0,0,19,19,1
2965,2021,Premier League,Away,1415,1694,6,11,1.31,1.38,44.4,6,5.0,0,1,0,13,13,0
2966,2024,Serie A,Home,1194,1589,3,9,1.05,1.12,34.3,7,8.0,1,0,0,13,22,0
2967,2024,La Liga,Home,1643,1748,9,15,1.62,1.08,39.7,7,6.0,1,0,0,20,40,1
2968,2023,La Liga,Home,1549,1582,8,6,0.97,1.4,52.2,5,5.0,1,0,0,15,42,1
2969,2024,Serie A,Home,1543,1759,5,8,1.63,1.22,37.4,6,7.0,4,0,0,19,91,0
2970,2020,Premier League,Home,1542,1542,12,6,1.57,1.52,54.1,6,6.0,1,2,0,19,36,1
2971,2025,La Liga,Home,1212,1309,7,4,0.59,1.44,44.6,4,5.0,0,0,0,18,34,0
2972,2023,Serie A,Home,1362,1412,5,7,1.8,1.43,42.7,4,8.0,0,0,0,17,45,1
2973,2019,Premier League,Home,1437,1643,2,8,1.28,1.46,47.4,7,5.0,3,4,0,20,84,0
2974,2019,Ligue 1,Home,1395,1640,0,12,0.96,1.58,38.8,7,3.0,2,4,0,21,71,0
2975,2020,Serie A,Away,1462,1457,12,7,1.39,1.18,52.5,7,7.0,2,0,0,21,89,0
2976,2018,Bundesliga,Away,1534,1753,7,10,1.16,1.42,45.4,5,,4,0,0,17,65,0
2977,2020,Serie A,Home,1641,1450,11,3,1.1,1.2,45.3,6,3.0,2,2,0,19,6,1
2978,2025,Bundesliga,Away,1293,1565,3,13,1.05,1.34,50.3,4,4.0,0,1,0,17,12,0
2979,2019,Bundesliga,Away,1499,1561,7,8,1.29,1.37,54.9,6,8.0,2,0,0,16,10,0
2980,2023,Ligue 1,Home,1600,1314,8,10,1.07,1.4,61.9,5,3.0,0,2,0,13,60,1
2981,2025,Serie A,Home,1371,1485,7,6,1.01,1.32,52.0,5,6.0,2,2,0,18,84,0
2982,2020,La Liga,Home,1473,1833,7,14,1.06,0.61,37.4,5,3.0,0,0,1,21,51,0
2983,2023,Premier League,Away,1565,1371,6,4,1.33,1.65,60.6,3,7.0,0,0,0,19,35,1
2984,2021,Serie A,Away,1502,1588,5,13,1.51,1.2,51.6,5,4.0,1,1,0,17,92,0
2985,2020,Premier League,Home,1594,1338,8,8,1.49,1.49,45.9,6,6.0,2,0,0,15,93,1
2986,2025,Premier League,Away,1513,1369,3,8,1.36,1.32,48.8,3,10.0,3,1,0,13,7,0
2987,2023,Premier League,Home,1456,1302,5,3,0.85,1.71,50.1,5,6.0,0,0,0,16,76,1
2988,2021,Serie A,Away,1336,1632,5,14,1.16,1.28,50.0,10,5.0,2,0,0,18,81,0
2989,2024,Premier League,Away,1535,1378,9,11,1.12,1.17,,5,5.0,2,0,0,21,91,0
2990,2025,Serie A,Home,1514,1677,12,9,0.94,1.16,43.0,5,10.0,2,1,0,18,25,0
2991,2024,Bundesliga,Away,1361,1426,5,7,1.42,1.16,42.0,6,,1,2,0,18,32,1
2992,2024,Bundesliga,Home,1581,1518,9,10,1.11,1.34,49.2,5,10.0,1,0,0,15,31,1
2993,2020,La Liga,Away,1678,1558,5,3,1.57,1.47,58.2,4,3.0,0,0,0,15,13,0
2994,2020,Serie A,Home,1408,1274,7,8,1.13,1.6,46.2,7,7.0,2,1,0,13,39,1
2995,2019,Serie A,Home,1398,1529,4,11,1.0,1.43,49.1,7,,0,1,0,21,80,1
2996,2023,La Liga,Away,1393,1549,5,7,1.54,1.57,41.7,7,5.0,1,0,0,13,94,1
2997,2024,Serie A,Home,1265,1660,6,4,0.94,1.0,49.5,4,6.0,0,1,0,17,43,1
2998,2023,Premier League,Away,1781,1366,12,7,1.53,1.36,60.9,6,7.0,0,1,0,13,94,0
2999,2022,Ligue 1,Home,1437,1386,3,3,1.1,1.0,50.9,5,6.0,0,2,0,16,30,0
3000,2024,Premier League,Home,1380,1592,8,4,1.26,1.17,41.8,6,3.0,0,2,0,12,52,0
3001,2019,Bundesliga,Away,1342,1698,6,11,1.14,1.02,42.2,7,3.0,0,1,0,20,71,0
3002,2020,Serie A,Away,1446,1417,10,10,1.12,1.59,43.4,5,8.0,1,0,0,19,49,0
3003,2023,Premier League,Home,1403,1327,10,5,1.01,1.62,52.4,7,4.0,1,0,0,13,80,0
3004,2018,Bundesliga,Away,1701,1456,14,10,1.56,1.76,53.2,6,6.0,0,1,0,12,30,1
3005,2025,Premier League,Away,1325,1358,2,8,0.99,1.35,46.0,7,7.0,0,1,0,13,47,0
3006,2019,Bundesliga,Away,1285,1556,6,5,1.54,1.4,53.5,7,7.0,2,0,0,18,41,0
3007,2024,Serie A,Home,1577,1349,4,4,1.3,1.67,62.7,7,3.0,0,1,0,17,26,0
3008,2022,Premier League,Home,1485,1636,11,12,1.42,1.8,53.5,6,7.0,0,1,0,12,89,0
3009,2024,Premier League,Home,1469,1530,11,6,1.29,1.43,52.7,6,8.0,1,0,0,17,64,1
3010,2024,Bundesliga,Away,1578,1641,11,11,1.36,1.21,50.5,3,7.0,1,2,0,12,25,0
3011,2022,La Liga,Home,1519,1161,7,2,1.6,1.69,66.3,6,6.0,1,2,0,16,1,1
3012,2024,Ligue 1,Away,1493,1254,9,6,1.49,1.69,57.6,8,4.0,2,1,0,12,37,1
3013,2020,Bundesliga,Home,1303,1681,4,11,1.27,1.53,43.6,4,6.0,0,4,1,19,35,0
3014,2022,Bundesliga,Away,1266,1399,5,6,1.23,1.33,53.6,5,7.0,1,2,0,12,67,0
3015,2025,La Liga,Away,1402,1295,6,7,0.84,1.36,56.8,6,4.0,1,4,0,18,31,1
3016,2018,Bundesliga,Home,1348,1472,0,2,1.29,2.03,49.1,4,6.0,1,1,0,21,58,0
3017,2020,Ligue 1,Home,1538,1534,6,5,1.33,1.04,54.1,4,8.0,0,1,0,16,40,0
3018,2018,Premier League,Away,1248,1478,10,6,0.94,1.58,44.8,8,5.0,4,1,0,12,5,0
3019,2022,La Liga,Away,1437,1566,7,11,2.15,1.39,49.3,3,6.0,0,0,0,13,70,0
3020,2024,Premier League,Away,1476,1547,8,4,0.96,1.39,51.2,4,7.0,0,4,0,18,48,1
3021,2018,La Liga,Home,1494,1539,7,8,1.32,1.01,42.7,6,7.0,0,1,0,15,75,1
3022,2022,Bundesliga,Away,1556,1689,7,11,1.37,1.86,43.0,7,6.0,4,0,0,16,16,0
3023,2021,La Liga,Away,1454,1498,7,8,1.28,1.4,52.5,4,6.0,2,0,0,18,26,0
3024,2024,Serie A,Away,1407,1494,5,7,0.99,1.23,48.5,5,7.0,0,0,0,19,87,0
3025,2019,La Liga,Away,1674,1612,4,7,1.6,0.92,51.5,7,7.0,0,4,0,12,71,1
3026,2019,Premier League,Home,1455,1577,9,8,1.02,0.78,48.4,4,8.0,1,1,0,12,89,0
3027,2018,La Liga,Away,1699,1374,14,9,1.64,1.64,48.2,3,5.0,1,2,0,12,54,1
3028,2021,Bundesliga,Home,1454,1487,4,6,1.34,1.15,48.3,3,7.0,1,0,0,12,61,0
3029,2021,Serie A,Home,1498,1561,6,3,1.29,1.23,47.6,8,5.0,1,0,0,19,55,0
3030,2025,La Liga,Away,1481,1418,11,8,1.31,1.27,52.5,7,8.0,0,2,0,20,93,0
3031,2021,Bundesliga,Home,1532,1425,6,10,1.78,1.55,56.9,5,7.0,0,2,0,21,81,1
3032,2019,Premier League,Home,1441,1305,8,2,1.43,1.62,51.6,8,7.0,0,3,1,18,46,1
3033,2023,Premier League,Home,1513,1150,15,7,1.41,1.85,65.8,3,5.0,0,2,0,12,64,1
3034,2018,Premier League,Away,1714,1448,12,8,1.69,1.59,51.8,3,6.0,1,1,0,18,86,0
3035,2020,Ligue 1,Away,1647,1518,9,5,1.52,1.15,56.7,5,7.0,0,2,0,20,34,1
3036,2023,Bundesliga,Home,1648,1347,12,4,1.65,1.15,54.9,7,3.0,0,2,0,21,13,1
3037,2020,Serie A,Away,1312,1693,7,8,0.99,1.14,46.3,3,6.0,1,4,0,21,62,0
3038,2022,Premier League,Away,1335,1353,4,6,1.72,1.61,50.7,5,4.0,0,0,0,20,76,0
3039,2021,Premier League,Home,1530,1628,3,9,1.43,1.26,41.5,4,6.0,1,2,0,12,44,0
3040,2025,Serie A,Away,1608,1559,10,11,2.18,0.83,51.7,7,5.0,2,0,0,15,37,1
3041,2020,La Liga,Home,1427,1805,9,13,1.82,1.09,42.6,4,6.0,3,1,0,19,81,0
3042,2025,Ligue 1,Home,1402,1576,6,4,1.12,1.03,46.8,6,3.0,0,1,0,20,32,0
3043,2023,Bundesliga,Away,1695,1298,14,1,1.62,1.54,61.6,3,8.0,0,0,0,13,86,1
3044,2023,La Liga,Home,1596,1648,12,11,1.55,1.46,47.6,5,6.0,2,2,0,18,22,1
3045,2019,Bundesliga,Home,1648,1738,11,9,1.75,0.51,45.0,3,4.0,1,1,0,15,24,1
3046,2018,Ligue 1,Home,1438,1252,6,4,1.31,1.95,46.4,8,7.0,0,1,0,21,49,0
3047,2023,La Liga,Away,1427,1589,1,10,1.57,1.01,48.9,6,6.0,3,2,0,16,49,0
3048,2021,Serie A,Home,1633,1620,9,11,1.06,1.49,52.9,6,5.0,2,2,0,20,12,1
3049,2020,Ligue 1,Home,1463,1470,2,4,1.16,1.59,59.4,5,4.0,0,1,0,16,70,0
3050,2025,Premier League,Home,1414,1161,0,0,1.21,1.58,56.1,3,5.0,0,1,0,15,5,1
3051,2020,Ligue 1,Away,1372,1459,8,7,1.04,1.5,49.2,5,3.0,4,0,0,12,7,1
3052,2021,Premier League,Home,1428,1419,10,4,0.84,1.25,51.0,4,5.0,1,2,0,20,76,0
3053,2023,Serie A,Away,1623,1714,4,10,1.71,0.73,52.1,5,6.0,0,4,0,15,87,1
3054,2025,Bundesliga,Away,1289,1488,4,7,0.84,1.65,42.5,3,7.0,0,2,0,17,9,0
3055,2025,Serie A,Home,1588,1442,9,4,1.28,1.23,54.4,6,6.0,0,0,0,17,48,1
3056,2023,Serie A,Away,1401,1418,6,12,1.43,1.87,49.7,7,4.0,2,1,0,13,13,0
3057,2018,Serie A,Away,1471,1546,4,8,1.62,1.53,51.8,5,10.0,2,1,0,21,55,0
3058,2018,Premier League,Home,1480,1508,11,6,1.19,1.13,60.4,3,4.0,2,3,0,20,48,0
3059,2023,Premier League,Away,1469,1389,4,6,1.06,1.6,53.7,6,6.0,3,2,1,15,75,1
3060,2022,La Liga,Home,1460,1537,2,9,1.1,1.45,40.9,8,5.0,3,0,0,17,47,0
3061,2019,Serie A,Away,1438,1422,3,5,1.56,1.85,44.5,8,4.0,0,0,0,13,82,1
3062,2023,La Liga,Home,1420,1150,8,9,1.55,1.54,62.0,5,7.0,0,3,0,17,29,1
3063,2025,Premier League,Home,1685,1594,9,5,1.64,1.21,,5,6.0,0,2,0,17,76,1
3064,2018,Ligue 1,Away,1504,1580,6,5,1.42,1.39,49.7,4,6.0,0,2,0,19,32,1
3065,2024,La Liga,Home,1482,1528,9,4,1.0,1.33,45.2,8,5.0,1,0,0,13,55,1
3066,2020,La Liga,Away,1410,1438,7,7,1.37,1.06,62.8,4,7.0,3,2,0,12,26,0
3067,2021,La Liga,Home,1443,1490,1,9,1.48,1.61,42.8,6,8.0,1,3,0,17,83,0
3068,2023,Premier League,Away,1410,1615,8,8,1.29,1.65,41.6,5,7.0,2,1,1,21,49,0
3069,2019,Bundesliga,Home,1607,1412,12,8,1.52,1.47,58.8,3,3.0,0,2,0,20,59,0
3070,2019,La Liga,Home,1394,1620,6,10,0.98,0.92,43.2,6,4.0,0,0,1,15,16,0
3071,2025,Premier League,Away,1186,1294,3,4,1.3,1.51,43.7,6,4.0,0,2,0,17,19,0
3072,2020,Ligue 1,Away,1508,1524,13,9,1.02,1.1,44.8,4,5.0,0,0,1,19,94,0
3073,2019,Bundesliga,Home,1461,1504,5,7,1.3,1.28,45.6,4,3.0,0,1,0,19,80,1
3074,2023,Bundesliga,Home,1418,1640,6,8,1.37,1.27,39.9,5,4.0,1,0,0,13,22,0
3075,2019,Ligue 1,Home,1628,1371,10,5,1.78,1.63,56.4,10,7.0,2,4,0,12,30,1
3076,2024,Ligue 1,Away,1150,1387,3,7,1.23,1.8,53.7,10,6.0,2,1,0,20,81,0
3077,2018,La Liga,Home,1721,1305,9,8,1.88,1.68,70.7,5,4.0,2,4,0,15,31,1
3078,2022,Serie A,Away,1648,1421,10,3,1.44,1.16,65.9,7,7.0,0,2,0,13,90,1
3079,2021,Serie A,Home,1412,1536,11,7,1.83,1.49,46.2,7,6.0,0,1,0,15,30,1
3080,2025,La Liga,Home,1437,1248,9,5,1.55,1.51,58.3,8,5.0,1,3,0,12,29,1
3081,2022,Premier League,Home,1571,1438,8,11,1.34,1.36,,6,3.0,3,0,1,17,65,0
3082,2025,Premier League,Away,1574,1586,6,10,1.36,1.27,45.6,4,6.0,1,4,0,19,16,1
3083,2019,Serie A,Away,1411,1486,5,5,1.44,1.4,39.1,10,,2,0,0,19,54,1
3084,2021,Bundesliga,Home,1274,1511,7,5,0.98,1.59,35.3,5,4.0,3,1,0,13,68,0
3085,2024,Bundesliga,Away,1796,1289,7,8,1.36,1.66,63.5,4,3.0,1,3,0,18,27,1
3086,2019,La Liga,Away,1634,1486,15,7,1.52,1.07,46.9,5,5.0,0,1,0,16,62,1
3087,2025,Premier League,Away,1522,1504,8,4,0.81,0.97,46.5,10,7.0,2,2,0,16,37,1
3088,2024,La Liga,Home,1525,1477,4,10,1.47,1.53,53.0,6,,1,1,0,13,16,1
3089,2023,Serie A,Away,1587,1521,9,9,1.61,1.47,40.0,6,5.0,4,1,0,15,7,0
3090,2019,Ligue 1,Home,1604,1457,7,4,1.4,1.7,61.0,5,7.0,1,2,0,13,79,1
3091,2024,Ligue 1,Away,1208,1436,3,3,1.32,1.38,44.6,7,7.0,3,1,0,19,17,0
3092,2024,Ligue 1,Home,1451,1354,3,0,1.51,1.55,50.5,4,8.0,1,2,0,15,86,1
3093,2020,Bundesliga,Away,1436,1636,6,8,1.02,1.35,41.8,3,6.0,4,0,0,21,55,0
3094,2022,Ligue 1,Away,1477,1328,2,6,1.34,1.12,56.1,8,8.0,1,0,0,15,10,0
3095,2018,La Liga,Home,1608,1522,7,10,1.34,0.93,47.3,6,8.0,0,3,0,21,33,1
3096,2021,Premier League,Away,1249,1754,2,12,0.99,1.31,44.0,8,3.0,1,1,0,21,83,0
3097,2019,Premier League,Away,1311,1654,4,6,1.43,1.3,45.8,3,6.0,0,1,0,12,66,0
3098,2022,La Liga,Home,1405,1571,4,8,1.4,1.62,42.2,7,5.0,2,0,0,17,41,1
3099,2022,Premier League,Home,1522,1535,8,12,1.19,1.78,48.7,4,7.0,2,0,0,19,67,1
3100,2022,Premier League,Home,1616,1482,11,6,1.53,1.29,,4,5.0,3,1,0,16,63,1
3101,2023,Ligue 1,Away,1728,1374,11,8,1.41,1.38,60.9,4,8.0,2,0,0,17,63,1
3102,2025,Premier League,Home,1460,1464,10,9,1.18,1.04,48.8,3,8.0,0,1,0,20,75,1
3103,2019,Ligue 1,Away,1616,1580,8,10,1.86,1.41,47.2,10,5.0,3,1,0,16,16,0
3104,2019,Bundesliga,Home,1599,1555,10,9,2.1,0.79,50.5,6,6.0,1,1,0,13,82,0
3105,2019,Serie A,Home,1576,1610,9,11,1.88,1.01,47.1,8,3.0,1,2,0,15,82,1
3106,2025,Serie A,Home,1497,1671,10,6,1.42,1.27,47.2,4,5.0,1,1,0,18,78,1
3107,2018,La Liga,Home,1444,1478,5,11,1.33,1.21,47.6,7,6.0,1,1,0,21,3,1
3108,2018,Serie A,Home,1351,1527,8,3,1.44,1.31,40.8,3,4.0,1,0,0,20,34,0
3109,2019,Premier League,Away,1342,1234,3,5,1.2,1.54,58.2,4,4.0,2,0,0,12,93,0
3110,2024,Ligue 1,Home,1549,1816,7,11,1.05,0.79,46.0,8,10.0,0,2,0,18,26,0
3111,2022,La Liga,Home,1492,1442,6,5,1.8,0.89,46.3,4,6.0,0,2,0,15,7,1
3112,2025,Premier League,Home,1442,1591,8,6,0.99,1.44,43.3,7,6.0,2,0,0,20,43,1
3113,2019,Bundesliga,Away,1593,1442,6,8,1.75,1.36,57.3,8,,1,4,0,16,74,1
3114,2021,Serie A,Home,1472,1439,5,9,1.51,1.49,46.6,3,6.0,1,3,0,20,81,0
3115,2022,La Liga,Away,1372,1467,4,7,1.67,1.37,46.8,8,,1,2,0,18,71,1
3116,2018,Serie A,Home,1463,1326,7,5,1.52,1.49,52.0,6,5.0,0,0,0,18,43,1
3117,2025,Premier League,Home,1615,1153,6,7,1.33,1.7,57.9,6,5.0,2,0,0,19,9,1
3118,2024,Serie A,Home,1357,1662,6,8,1.46,1.16,37.1,7,4.0,2,1,0,13,76,0
3119,2019,La Liga,Home,1529,1576,7,8,1.29,1.2,48.6,6,6.0,1,0,0,12,48,0
3120,2024,La Liga,Away,1492,1372,9,5,1.1,1.21,48.3,10,6.0,2,1,0,19,87,1
3121,2021,Premier League,Away,1393,1563,6,15,0.77,1.91,42.8,8,4.0,1,1,0,21,84,0
3122,2020,La Liga,Away,1459,1615,12,7,1.27,1.5,50.3,4,7.0,1,1,0,21,70,0
3123,2025,La Liga,Home,1280,1403,5,8,0.69,1.81,43.3,7,4.0,0,2,0,16,18,1
3124,2022,La Liga,Home,1515,1558,5,4,1.73,1.62,51.2,5,6.0,4,1,0,20,34,1
3125,2019,Premier League,Home,1309,1641,5,7,0.75,1.15,46.5,3,3.0,1,0,0,17,46,0
3126,2024,Premier League,Home,1650,1299,9,4,1.42,1.49,58.2,5,8.0,3,0,0,17,46,0
3127,2023,Serie A,Home,1487,1575,5,8,1.25,1.28,50.3,3,3.0,1,2,0,15,81,1
3128,2019,Premier League,Away,1420,1551,10,7,1.3,1.21,42.4,6,3.0,0,0,0,15,56,1
3129,2023,Bundesliga,Home,1662,1763,9,10,1.31,1.33,51.2,3,,2,4,0,15,43,0
3130,2023,Ligue 1,Home,1356,1578,4,7,1.48,1.08,47.7,4,5.0,2,1,0,12,5,0
3131,2020,La Liga,Away,1395,1442,7,10,1.28,1.14,56.1,10,,3,3,0,16,35,0
3132,2021,Ligue 1,Home,1244,1459,2,4,1.06,1.06,50.5,8,4.0,2,2,0,16,88,1
3133,2024,Premier League,Home,1683,1783,12,13,1.39,1.01,48.8,6,7.0,2,2,0,17,60,1
3134,2019,Premier League,Home,1762,1450,13,9,1.78,1.28,71.6,10,4.0,0,3,1,19,34,0
3135,2023,Bundesliga,Home,1266,1582,5,6,1.44,1.12,46.5,5,8.0,0,0,0,19,79,0
3136,2024,Bundesliga,Home,1386,1467,8,6,1.9,1.4,54.3,5,5.0,1,2,0,17,12,1
3137,2025,Bundesliga,Away,1510,1651,6,9,1.13,0.92,44.2,5,6.0,1,1,0,20,68,0
3138,2020,Premier League,Away,1428,1658,3,14,1.24,1.39,42.4,3,7.0,2,2,0,15,48,0
3139,2020,Bundesliga,Home,1496,1497,7,7,0.87,1.08,50.3,5,7.0,1,3,0,20,64,0
3140,2025,La Liga,Away,1484,1443,6,15,1.5,1.11,46.0,6,7.0,0,0,0,20,28,0
3141,2021,La Liga,Home,1557,1440,3,9,1.07,1.24,53.1,6,5.0,3,1,0,13,12,1
3142,2022,Premier League,Away,1365,1258,3,5,1.27,1.53,52.5,6,7.0,1,1,0,19,60,1
3143,2022,Ligue 1,Home,1527,1514,5,10,1.69,1.55,55.8,5,3.0,2,0,0,16,88,1
3144,2022,Premier League,Home,1344,1511,3,3,1.08,1.32,51.7,7,6.0,2,2,0,19,70,0
3145,2022,Bundesliga,Home,1442,1386,10,9,1.05,1.05,52.0,10,5.0,0,0,0,20,16,1
3146,2021,Serie A,Away,1257,1243,6,1,1.41,1.7,48.5,7,3.0,1,1,0,21,83,1
3147,2021,Bundesliga,Home,1443,1529,9,10,1.46,1.44,56.8,5,7.0,0,4,0,13,85,0
3148,2021,Bundesliga,Home,1420,1547,8,7,0.98,1.16,39.2,4,8.0,0,1,0,20,90,0
3149,2023,Bundesliga,Away,1632,1555,12,6,1.53,1.34,44.2,8,4.0,0,1,0,17,64,1
3150,2024,Premier League,Home,1492,1361,7,10,1.13,1.83,55.7,4,4.0,0,1,0,19,72,0
3151,2022,Premier League,Away,1517,1556,12,8,1.63,1.08,48.7,3,4.0,2,1,0,13,53,0
3152,2023,Serie A,Home,1497,1475,4,3,1.38,1.61,49.0,4,10.0,1,1,0,12,92,1
3153,2021,La Liga,Away,1202,1621,4,11,1.4,1.56,30.4,6,3.0,1,0,0,18,49,0
3154,2024,Premier League,Home,1220,1364,1,3,0.81,1.52,42.0,3,6.0,0,0,0,21,16,0
3155,2021,Premier League,Home,1455,1661,10,13,1.36,0.9,52.2,4,3.0,1,3,1,17,1,0
3156,2021,La Liga,Home,1539,1711,9,10,1.39,1.49,52.2,4,6.0,2,0,0,17,88,0
3157,2018,Premier League,Home,1467,1516,10,4,1.38,1.56,,6,10.0,3,0,0,19,72,1
3158,2020,Premier League,Home,1379,1557,2,10,1.08,1.44,41.5,7,4.0,1,0,1,20,92,1
3159,2023,Ligue 1,Home,1466,1610,6,10,0.75,1.24,44.7,10,6.0,2,2,0,15,87,1
3160,2018,La Liga,Away,1454,1356,2,0,1.47,1.77,50.4,4,7.0,2,1,0,20,57,0
3161,2019,Ligue 1,Home,1609,1432,10,7,1.48,1.2,51.0,6,5.0,1,0,0,13,79,1
3162,2024,Ligue 1,Away,1601,1526,8,9,1.25,1.54,49.2,4,8.0,0,1,1,13,95,1
3163,2024,Premier League,Home,1423,1784,9,12,1.14,1.01,40.5,6,6.0,1,1,0,17,48,0
3164,2021,Bundesliga,Home,1493,1333,7,5,1.05,1.08,46.6,4,4.0,1,1,0,13,78,1
3165,2021,Serie A,Home,1539,1729,2,12,0.93,0.89,51.2,5,4.0,2,1,0,18,85,0
3166,2022,Bundesliga,Away,1559,1473,4,9,1.67,1.48,51.5,5,7.0,0,3,0,19,39,0
3167,2024,Premier League,Away,1731,1495,10,8,1.75,1.41,53.4,10,3.0,0,0,0,21,43,1
3168,2021,Premier League,Home,1496,1671,9,9,1.01,1.31,,4,8.0,1,0,0,16,34,0
3169,2019,Premier League,Home,1664,1783,4,11,2.16,1.0,50.9,7,3.0,0,0,0,21,60,0
3170,2021,Serie A,Away,1338,1559,5,7,0.89,1.35,39.3,7,8.0,1,3,0,20,88,0
3171,2020,Ligue 1,Away,1411,1663,4,7,1.43,1.36,46.1,6,4.0,2,0,0,12,45,0
3172,2023,Serie A,Home,1201,1371,1,3,1.02,2.06,41.3,7,7.0,0,0,0,16,83,0
3173,2019,Bundesliga,Home,1521,1426,6,6,1.06,1.32,52.9,5,10.0,0,3,0,15,27,0
3174,2022,Ligue 1,Away,1591,1311,9,3,1.54,1.78,50.6,6,4.0,3,4,0,16,52,1
3175,2019,Serie A,Away,1150,1428,1,6,0.92,1.58,42.2,4,7.0,1,2,0,20,20,0
3176,2025,Premier League,Home,1526,1579,3,12,1.22,1.31,48.3,7,7.0,0,1,0,19,25,1
3177,2023,Ligue 1,Away,1585,1530,9,7,1.77,1.0,52.2,5,7.0,2,0,0,17,56,0
3178,2019,La Liga,Away,1577,1742,8,11,1.59,1.48,50.3,10,5.0,0,0,0,19,10,1
3179,2025,Premier League,Away,1333,1788,3,10,1.35,1.15,41.2,5,7.0,2,1,1,17,83,0
3180,2022,Serie A,Home,1608,1481,8,11,1.41,1.22,61.0,8,8.0,1,1,0,16,10,1
3181,2022,Ligue 1,Away,1501,1405,7,11,1.44,1.21,45.2,4,3.0,0,1,0,15,81,1
3182,2018,Premier League,Away,1583,1662,9,8,1.43,1.27,58.5,4,7.0,1,2,0,18,12,1
3183,2019,Serie A,Away,1482,1677,7,12,1.46,0.96,49.8,7,3.0,3,1,0,16,24,0
3184,2024,Premier League,Home,1553,1562,9,14,1.17,1.15,47.6,8,4.0,2,2,0,18,58,0
3185,2021,Premier League,Home,1655,1599,9,6,0.93,1.11,56.3,5,5.0,2,0,1,17,67,0
3186,2022,Premier League,Away,1471,1577,9,11,1.66,1.29,56.2,3,10.0,1,1,0,15,41,0
3187,2025,Bundesliga,Home,1540,1362,12,1,1.39,1.62,60.0,5,7.0,1,2,0,12,17,0
3188,2021,Ligue 1,Home,1675,1329,10,6,1.69,1.42,53.7,7,10.0,0,1,0,12,87,1
3189,2021,Premier League,Home,1481,1493,6,7,1.16,1.3,,5,5.0,1,1,0,16,41,1
3190,2024,La Liga,Home,1342,1472,2,3,1.12,1.4,50.5,7,7.0,4,0,0,17,29,1
3191,2018,Premier League,Away,1595,1539,10,11,1.83,1.13,51.2,5,6.0,1,3,0,18,55,0
3192,2021,Premier League,Home,1701,1482,8,8,1.66,1.22,57.7,3,3.0,0,1,0,15,16,1
3193,2024,Serie A,Home,1680,1262,15,2,2.1,1.45,63.0,6,3.0,2,1,0,21,42,1
3194,2019,Bundesliga,Home,1600,1204,15,5,1.68,1.69,55.0,4,3.0,4,1,0,13,64,1
3195,2020,Serie A,Home,1172,1603,3,11,0.82,1.66,45.5,5,,2,2,0,20,52,0
3196,2021,La Liga,Home,1411,1407,2,2,1.36,1.12,50.6,8,6.0,1,1,0,13,56,1
3197,2018,Serie A,Home,1418,1468,8,0,1.68,1.44,48.5,4,3.0,1,0,0,20,75,1
3198,2018,Premier League,Home,1506,1422,13,6,1.41,1.36,47.6,5,4.0,2,1,0,15,27,0
3199,2020,Premier League,Away,1736,1372,7,4,1.77,1.42,57.9,4,7.0,4,1,0,18,1,1
3200,2025,Ligue 1,Away,1349,1368,11,9,1.54,1.35,54.2,3,4.0,0,0,0,15,78,0
3201,2019,Bundesliga,Away,1814,1643,6,8,1.11,1.51,55.5,5,6.0,0,1,0,17,49,0
3202,2023,Ligue 1,Home,1446,1467,3,8,1.47,0.77,53.0,3,5.0,2,3,0,16,44,1
3203,2021,Ligue 1,Away,1393,1589,7,8,1.57,0.99,,4,3.0,0,1,0,19,58,0
3204,2024,Serie A,Away,1618,1608,12,5,1.29,1.53,50.7,7,7.0,2,1,0,20,5,0
3205,2020,Ligue 1,Away,1629,1544,9,8,1.75,1.6,43.9,3,7.0,0,0,0,21,16,0
3206,2024,La Liga,Home,1591,1612,10,5,1.45,1.69,51.4,6,6.0,2,2,0,18,54,1
3207,2020,Premier League,Home,1392,1502,9,4,0.81,1.42,46.3,5,6.0,3,0,0,21,68,0
3208,2024,Premier League,Away,1570,1691,12,7,1.62,1.3,48.6,5,3.0,0,1,0,19,1,0
3209,2024,Premier League,Home,1355,1615,4,6,1.19,0.78,32.7,6,10.0,3,3,0,20,57,0
3210,2021,Premier League,Away,1388,1634,4,9,1.21,1.23,56.5,5,8.0,0,1,0,19,57,0
3211,2023,La Liga,Away,1487,1369,10,5,1.5,1.61,53.3,3,10.0,0,0,0,18,21,0
3212,2018,Bundesliga,Home,1385,1537,7,9,0.99,1.19,48.5,8,7.0,0,3,0,18,26,0
3213,2021,Bundesliga,Away,1647,1243,11,0,1.7,1.56,62.0,4,6.0,1,0,0,15,37,1
3214,2020,Serie A,Away,1419,1696,5,9,1.03,1.48,41.5,6,8.0,2,0,0,15,4,0
3215,2025,Premier League,Home,1469,1413,9,5,1.69,1.79,53.5,7,8.0,0,0,0,19,71,0
3216,2025,Bundesliga,Away,1377,1432,3,7,1.5,1.47,54.6,4,8.0,1,1,0,18,66,0
3217,2024,La Liga,Home,1645,1309,10,6,1.89,1.51,59.3,4,3.0,3,0,0,18,43,1
3218,2025,Premier League,Away,1407,1495,7,8,1.36,1.54,52.1,8,7.0,0,0,0,20,49,0
3219,2025,La Liga,Home,1660,1462,10,4,1.42,1.29,58.8,3,5.0,1,1,1,20,63,0
3220,2024,La Liga,Home,1650,1755,11,11,1.33,1.38,50.9,5,7.0,1,2,1,20,24,1
3221,2022,La Liga,Home,1438,1620,4,8,1.09,1.11,54.7,3,3.0,0,3,0,17,28,1
3222,2019,Bundesliga,Away,1504,1428,9,10,1.31,1.6,53.7,5,6.0,2,3,0,19,55,0
3223,2024,Bundesliga,Home,1434,1267,7,5,1.11,1.55,53.8,4,10.0,3,2,0,17,13,0
3224,2019,Bundesliga,Away,1576,1180,6,4,1.51,1.48,59.7,8,6.0,0,0,0,18,91,1
3225,2019,Premier League,Home,1473,1356,4,2,1.12,1.57,55.0,5,3.0,2,0,1,19,47,0
3226,2025,Bundesliga,Home,1442,1314,12,4,1.13,1.42,46.4,7,10.0,0,1,0,15,43,1
3227,2018,Serie A,Home,1506,1549,7,9,1.26,1.55,55.9,5,4.0,0,1,0,12,26,1
3228,2019,Premier League,Home,1278,1480,4,7,0.91,1.12,43.7,6,8.0,1,0,0,21,4,0
3229,2022,Serie A,Home,1489,1502,4,7,1.25,1.4,49.2,6,4.0,1,0,0,13,53,0
3230,2022,Serie A,Away,1591,1367,11,1,1.6,1.29,49.1,6,5.0,3,1,0,21,24,1
3231,2018,La Liga,Home,1519,1521,10,6,1.15,1.63,50.5,8,4.0,1,3,1,21,58,1
3232,2021,Premier League,Home,1633,1301,11,4,1.2,1.71,51.5,5,8.0,1,1,0,21,23,1
3233,2019,Serie A,Away,1447,1488,7,10,1.25,1.35,40.6,5,6.0,0,0,0,16,6,1
3234,2020,Premier League,Away,1436,1616,9,4,0.99,1.24,41.8,7,3.0,0,1,0,12,70,0
3235,2019,Premier League,Home,1344,1449,3,4,1.51,1.82,46.1,5,7.0,2,4,0,12,13,1
3236,2023,Premier League,Home,1443,1562,7,3,1.11,1.48,42.7,4,10.0,0,4,0,19,9,0
3237,2021,Ligue 1,Home,1775,1223,11,5,1.66,1.41,65.2,4,10.0,3,4,0,21,41,1
3238,2025,La Liga,Away,1539,1212,9,7,1.51,1.84,64.3,5,3.0,3,3,0,16,18,1
3239,2018,La Liga,Away,1418,1546,2,9,0.94,1.17,47.9,4,7.0,1,1,0,16,52,0
3240,2024,La Liga,Away,1359,1647,11,11,0.98,1.26,31.7,4,8.0,0,1,0,17,72,0
3241,2025,Ligue 1,Away,1276,1467,9,4,0.95,0.86,45.1,3,10.0,0,0,0,17,19,0
3242,2021,Serie A,Away,1384,1800,3,12,1.42,1.28,42.5,4,8.0,0,3,0,12,46,1
3243,2023,Ligue 1,Away,1606,1298,10,3,1.92,1.36,55.8,8,8.0,0,1,0,17,73,1
3244,2021,La Liga,Home,1440,1405,3,7,1.75,1.38,52.5,6,8.0,2,2,0,18,23,0
3245,2022,Premier League,Away,1366,1520,6,9,1.52,0.98,47.5,5,,0,1,0,13,80,1
3246,2025,Serie A,Away,1381,1565,0,8,0.91,1.34,39.9,7,10.0,0,0,0,21,31,0
3247,2022,La Liga,Away,1591,1418,8,9,1.23,1.44,60.3,6,7.0,1,2,0,20,47,1
3248,2022,Bundesliga,Home,1489,1352,6,5,1.68,1.16,52.0,4,5.0,2,2,0,12,53,1
3249,2025,Ligue 1,Home,1412,1587,9,9,1.63,1.28,44.0,6,5.0,2,3,0,17,10,1
3250,2021,La Liga,Away,1457,1519,11,13,1.5,1.27,50.7,8,5.0,1,3,1,16,82,0
3251,2019,Ligue 1,Home,1809,1452,15,8,1.89,1.7,50.9,3,6.0,0,0,0,13,80,1
3252,2023,Serie A,Home,1671,1570,13,6,1.43,1.11,58.9,10,4.0,2,3,0,12,52,1
3253,2023,La Liga,Away,1706,1481,10,6,2.01,1.49,50.7,5,5.0,0,3,1,12,61,1
3254,2019,Serie A,Home,1255,1480,6,10,0.9,1.0,,5,7.0,2,1,0,21,66,0
3255,2023,Premier League,Home,1479,1475,8,10,0.92,1.39,55.7,3,7.0,1,0,0,20,48,0
3256,2018,Bundesliga,Away,1410,1385,3,6,1.45,1.54,45.6,4,5.0,1,4,0,19,72,1
3257,2020,Premier League,Home,1576,1371,11,2,1.29,1.57,56.8,5,6.0,3,2,0,13,56,1
3258,2024,La Liga,Away,1648,1426,11,4,1.19,1.39,50.8,10,7.0,0,0,1,16,59,1
3259,2022,Serie A,Away,1546,1504,10,8,1.62,1.78,45.6,7,5.0,1,2,1,16,85,1
3260,2022,Premier League,Away,1378,1238,0,6,0.76,1.5,41.0,8,6.0,2,1,0,18,89,1
3261,2022,Premier League,Away,1407,1632,8,12,1.36,1.35,47.5,7,4.0,0,3,0,16,64,1
3262,2019,Bundesliga,Home,1587,1503,11,2,1.33,1.27,49.8,7,10.0,1,0,0,16,10,1
3263,2025,Premier League,Home,1601,1351,9,8,1.86,1.27,60.2,3,4.0,0,1,0,17,91,1
3264,2020,La Liga,Away,1520,1726,6,14,1.49,0.85,46.0,8,5.0,2,3,0,21,8,1
3265,2024,La Liga,Away,1518,1506,4,1,1.64,1.12,44.2,7,8.0,1,1,0,16,24,0
3266,2025,Premier League,Home,1507,1313,4,5,1.09,1.67,59.1,6,5.0,1,1,0,13,16,0
3267,2019,Premier League,Home,1538,1720,8,12,0.97,1.48,48.0,7,4.0,3,0,0,13,27,0
3268,2023,Bundesliga,Home,1600,1690,8,6,1.37,1.33,45.4,7,7.0,0,2,0,17,69,1
3269,2018,Ligue 1,Home,1588,1373,8,5,1.6,1.38,60.3,3,3.0,0,1,0,18,75,1
3270,2023,Premier League,Home,1503,1455,12,8,1.37,1.23,49.8,4,7.0,2,2,0,18,45,0
3271,2021,Ligue 1,Away,1493,1436,4,5,1.63,1.45,47.5,8,4.0,0,1,1,19,95,0
3272,2018,Serie A,Home,1488,1235,6,3,1.47,1.33,55.4,5,3.0,1,1,0,13,48,1
3273,2023,Serie A,Home,1391,1545,11,9,0.97,1.53,44.3,3,4.0,1,0,0,13,6,0
3274,2025,Bundesliga,Away,1389,1618,5,6,1.34,1.34,36.9,6,5.0,4,3,1,20,38,0
3275,2018,Bundesliga,Home,1576,1592,9,6,1.48,1.03,36.4,5,5.0,0,2,0,21,67,0
3276,2025,Bundesliga,Away,1400,1505,6,9,1.56,1.72,,7,7.0,1,4,0,12,91,0
3277,2024,Serie A,Away,1614,1632,11,12,1.24,0.93,55.2,6,8.0,3,1,0,18,80,0
3278,2022,Serie A,Home,1493,1341,2,7,1.18,1.51,61.2,10,5.0,0,2,0,12,55,0
3279,2025,La Liga,Away,1615,1755,8,14,1.58,1.33,51.0,7,,2,0,0,21,1,0
3280,2020,Premier League,Away,1589,1392,9,7,1.8,1.63,52.9,6,5.0,2,0,0,17,9,0
3281,2023,Serie A,Home,1618,1407,6,11,1.43,1.28,54.4,5,7.0,2,0,0,20,79,0
3282,2023,Premier League,Home,1433,1419,8,7,1.43,1.32,47.3,3,10.0,2,0,0,15,29,0
3283,2022,La Liga,Home,1557,1409,10,7,1.42,1.19,56.4,3,4.0,1,0,0,19,54,1
3284,2024,Premier League,Home,1603,1473,10,8,1.45,1.43,55.6,7,3.0,0,1,0,12,30,1
3285,2025,Premier League,Home,1283,1468,10,5,1.4,1.58,43.7,7,8.0,1,0,0,19,35,0
3286,2024,Serie A,Away,1738,1518,9,6,1.64,0.86,57.7,4,5.0,0,1,0,13,43,1
3287,2022,Serie A,Away,1817,1385,13,4,1.59,1.59,,6,6.0,0,3,0,19,63,1
3288,2025,La Liga,Away,1633,1523,10,6,1.37,1.21,52.7,5,4.0,1,0,0,20,39,1
3289,2022,Premier League,Away,1613,1347,8,11,1.4,1.46,50.8,7,5.0,0,0,0,20,61,0
3290,2023,La Liga,Away,1582,1603,11,13,1.27,0.99,51.8,7,5.0,1,2,0,20,40,0
3291,2019,La Liga,Away,1455,1601,8,8,1.24,1.1,40.2,5,6.0,0,0,0,17,39,0
3292,2020,Bundesliga,Away,1485,1499,4,6,1.35,1.85,45.6,6,6.0,3,0,0,18,66,0
3293,2025,Serie A,Away,1635,1409,11,1,1.57,1.35,,5,5.0,2,0,0,17,23,1
3294,2021,Serie A,Home,1364,1544,5,5,0.95,1.31,,6,10.0,1,4,0,18,76,1
3295,2022,Serie A,Away,1351,1376,5,4,1.08,1.23,49.9,7,10.0,0,1,0,16,59,0
3296,2024,Ligue 1,Home,1444,1505,6,6,1.2,1.99,43.4,4,4.0,0,3,0,12,36,0
3297,2020,Bundesliga,Away,1592,1479,11,6,1.26,1.49,66.8,3,5.0,1,0,1,17,29,0
3298,2020,Serie A,Away,1379,1868,9,12,1.07,1.01,35.2,6,5.0,0,0,0,17,88,0
3299,2018,La Liga,Away,1468,1328,7,7,1.54,1.73,55.8,7,5.0,2,1,1,15,89,0
3300,2019,Premier League,Home,1485,1150,7,1,1.67,1.75,55.5,6,3.0,3,2,0,21,55,1
3301,2022,Ligue 1,Home,1358,1411,0,10,1.12,1.39,44.0,4,6.0,1,1,0,19,44,1
3302,2023,La Liga,Away,1158,1260,2,6,0.8,1.53,47.7,6,4.0,0,0,0,20,9,1
3303,2020,Premier League,Away,1356,1398,3,9,1.17,1.06,46.7,5,3.0,0,2,0,12,43,1
3304,2021,Ligue 1,Home,1537,1318,9,4,1.41,1.42,56.0,8,6.0,0,2,0,19,20,1
3305,2019,Bundesliga,Away,1568,1373,8,7,1.6,1.34,51.6,6,8.0,0,1,1,12,70,0
3306,2024,Premier League,Home,1569,1351,6,7,1.33,1.56,56.1,6,,2,3,0,17,86,0
3307,2022,Premier League,Home,1585,1635,9,13,1.31,1.18,45.0,5,7.0,0,3,0,15,33,1
3308,2019,Premier League,Away,1412,1493,6,9,1.87,1.53,53.4,5,6.0,2,1,0,18,69,1
3309,2022,Serie A,Home,1382,1651,0,12,0.9,1.24,44.8,4,5.0,3,0,0,16,8,0
3310,2020,Premier League,Home,1553,1506,11,6,1.63,1.13,50.5,7,6.0,3,2,0,18,63,0
3311,2024,Ligue 1,Home,1470,1630,10,12,1.69,1.61,45.9,6,6.0,2,3,0,13,64,1
3312,2020,Ligue 1,Home,1627,1458,8,4,1.43,1.29,52.3,3,6.0,0,0,0,20,23,0
3313,2024,Serie A,Away,1553,1723,9,9,1.52,1.29,46.3,5,6.0,1,0,0,17,69,0
3314,2023,Serie A,Away,1680,1566,9,9,1.13,0.96,60.3,7,5.0,1,1,0,19,32,1
3315,2019,La Liga,Home,1435,1391,3,3,1.28,1.64,48.2,4,3.0,0,1,0,13,46,0
3316,2024,Premier League,Away,1649,1587,15,6,1.8,0.86,52.4,7,5.0,3,1,0,18,58,0
3317,2023,Bundesliga,Away,1785,1504,13,5,1.69,1.83,53.2,5,5.0,4,4,0,16,48,0
3318,2021,Premier League,Home,1508,1472,10,8,1.37,1.55,38.5,3,,1,2,0,21,71,1
3319,2019,Premier League,Away,1570,1513,8,7,1.86,1.28,54.5,8,4.0,2,4,0,20,66,1
3320,2021,La Liga,Away,1370,1605,9,11,1.41,1.4,49.5,4,10.0,4,0,1,16,79,0
3321,2022,Premier League,Home,1625,1204,5,9,1.66,1.3,62.7,3,4.0,3,0,0,12,76,0
3322,2019,La Liga,Away,1658,1451,9,8,1.32,1.34,66.8,6,3.0,0,0,0,16,93,0
3323,2020,Bundesliga,Home,1431,1596,9,7,0.66,1.45,44.1,4,8.0,0,2,0,19,25,1
3324,2023,Bundesliga,Away,1582,1535,7,9,1.53,1.46,46.7,3,6.0,0,2,0,20,16,1
3325,2022,Serie A,Away,1539,1342,10,3,1.39,1.49,60.8,6,8.0,0,1,0,21,74,0
3326,2025,Bundesliga,Home,1555,1169,9,3,1.6,1.73,65.9,3,3.0,0,1,0,20,26,1
3327,2019,La Liga,Away,1614,1738,9,15,1.51,1.41,52.4,10,6.0,1,1,0,19,19,0
3328,2024,Bundesliga,Away,1573,1474,7,7,1.44,1.55,47.1,7,5.0,2,0,0,15,77,0
3329,2021,Serie A,Away,1481,1712,8,11,1.34,0.69,40.7,8,5.0,0,1,1,21,7,1
3330,2019,Premier League,Home,1617,1611,14,8,1.2,1.25,41.9,6,7.0,3,2,0,18,74,1
3331,2025,Ligue 1,Away,1656,1389,10,5,1.06,1.45,66.5,6,7.0,2,1,0,18,70,1
3332,2022,La Liga,Away,1422,1150,8,5,1.04,1.35,52.2,6,5.0,0,0,0,20,66,1
3333,2022,Premier League,Away,1500,1435,9,3,1.07,1.14,45.6,6,3.0,4,1,0,21,9,0
3334,2020,Premier League,Away,1252,1495,2,7,1.07,1.73,43.4,7,8.0,0,0,1,18,5,0
3335,2025,La Liga,Away,1582,1563,8,5,1.03,1.11,51.1,4,3.0,2,0,0,15,36,0
3336,2018,La Liga,Home,1671,1344,9,10,1.42,1.38,61.5,4,6.0,2,1,0,17,16,0
3337,2018,Serie A,Away,1464,1525,2,10,1.79,1.13,47.8,6,4.0,1,1,0,20,82,0
3338,2019,Ligue 1,Away,1519,1525,10,6,1.35,1.43,46.5,4,5.0,3,0,0,16,24,0
3339,2023,La Liga,Away,1469,1638,5,4,1.33,1.3,43.8,10,3.0,2,1,0,18,59,1
3340,2018,Serie A,Home,1446,1457,9,8,1.29,1.87,46.7,4,3.0,2,2,1,18,95,1
3341,2024,La Liga,Away,1533,1562,6,8,1.44,1.16,56.2,6,7.0,3,2,0,20,25,0
3342,2019,Bundesliga,Away,1390,1540,11,14,1.1,1.44,46.2,7,4.0,0,0,0,20,34,1
3343,2023,Premier League,Home,1467,1623,6,13,1.27,0.77,49.3,4,4.0,2,2,0,17,8,0
3344,2024,Premier League,Home,1373,1385,11,8,1.07,1.1,48.7,6,3.0,1,2,0,17,64,1
3345,2025,Serie A,Home,1582,1150,8,2,1.07,2.0,51.7,10,7.0,2,1,0,20,40,1
3346,2020,Serie A,Away,1533,1467,8,6,1.68,1.66,59.9,10,6.0,2,2,0,15,28,1
3347,2018,Bundesliga,Away,1440,1468,11,8,1.06,1.49,52.2,4,7.0,1,0,0,12,82,0
3348,2024,Serie A,Home,1505,1338,5,6,1.76,1.78,56.1,3,5.0,2,2,0,13,73,0
3349,2021,Bundesliga,Home,1469,1289,7,3,1.12,1.27,43.9,5,6.0,0,2,0,19,2,1
3350,2025,La Liga,Away,1660,1420,11,3,1.19,1.84,55.3,3,6.0,0,1,0,13,83,1
3351,2019,Premier League,Home,1438,1484,8,12,1.77,1.11,56.6,4,7.0,2,0,0,15,84,0
3352,2022,Premier League,Home,1589,1513,9,8,1.08,1.42,58.4,5,5.0,0,1,0,16,60,1
3353,2018,Premier League,Home,1401,1180,6,5,0.67,2.33,54.4,3,3.0,0,0,0,15,44,0
3354,2021,La Liga,Away,1614,1255,11,2,1.11,1.35,65.1,3,4.0,0,1,0,19,86,1
3355,2018,Serie A,Home,1645,1658,10,13,1.48,1.54,,10,6.0,0,2,0,19,70,1
3356,2024,La Liga,Away,1652,1473,12,10,1.18,1.62,53.7,7,4.0,4,1,0,19,58,0
3357,2022,Serie A,Away,1706,1500,11,8,1.44,1.22,61.7,5,4.0,2,0,1,17,82,1
3358,2018,Serie A,Home,1541,1313,10,6,0.89,2.04,,4,8.0,0,1,0,16,46,0
3359,2021,Serie A,Away,1673,1499,13,8,1.81,1.12,58.5,5,,4,1,0,21,82,0
3360,2021,Serie A,Away,1727,1447,9,7,1.7,1.39,61.7,6,3.0,4,1,0,15,81,1
3361,2023,La Liga,Away,1343,1413,8,8,0.86,1.59,43.9,4,6.0,2,1,0,13,16,0
3362,2021,La Liga,Away,1416,1295,6,6,0.68,1.51,56.9,6,7.0,2,2,0,19,2,0
3363,2021,Serie A,Away,1291,1378,1,6,0.89,2.24,,5,4.0,0,0,0,17,75,0
3364,2024,Serie A,Home,1649,1776,8,8,1.68,0.79,42.3,6,5.0,1,1,0,21,89,1
3365,2022,La Liga,Home,1289,1451,3,7,1.39,1.8,,5,3.0,1,1,0,19,24,1
3366,2024,La Liga,Home,1251,1611,5,11,1.02,0.68,40.4,6,4.0,2,0,0,17,72,0
3367,2025,Bundesliga,Home,1346,1473,5,9,1.06,0.65,48.0,4,4.0,2,0,0,17,72,0
3368,2024,Serie A,Home,1257,1456,5,10,0.94,1.4,45.7,4,7.0,0,2,0,16,85,1
3369,2025,Premier League,Away,1538,1411,11,10,1.47,1.61,45.4,5,4.0,0,3,0,15,27,1
3370,2023,La Liga,Home,1348,1688,10,12,1.4,1.55,40.0,6,3.0,3,1,0,16,27,0
3371,2022,Ligue 1,Home,1263,1552,5,9,1.05,1.71,46.6,7,5.0,0,4,0,15,37,1
3372,2022,Premier League,Away,1494,1389,10,7,1.25,1.5,52.7,4,10.0,1,0,0,20,62,0
3373,2019,Bundesliga,Away,1502,1445,7,5,1.55,1.52,49.7,6,6.0,2,0,0,15,25,0
3374,2024,Premier League,Away,1238,1651,0,11,1.44,1.27,41.3,5,6.0,2,2,0,12,58,0
3375,2023,Serie A,Home,1400,1150,3,7,1.17,2.05,61.6,3,7.0,1,0,0,15,77,1
3376,2024,La Liga,Home,1490,1543,7,11,1.36,1.0,40.5,3,5.0,4,1,0,13,91,0
3377,2023,Premier League,Home,1450,1575,9,10,1.11,1.12,46.4,6,7.0,0,0,0,18,62,0
3378,2021,Ligue 1,Away,1454,1395,6,6,1.32,1.66,51.6,6,3.0,0,0,1,13,1,0
3379,2020,La Liga,Home,1665,1522,13,7,1.3,1.59,62.4,8,4.0,0,3,0,18,49,1
3380,2025,Ligue 1,Away,1801,1570,15,8,2.04,1.62,61.8,4,5.0,1,1,0,21,68,1
3381,2023,La Liga,Away,1456,1328,5,4,1.52,1.49,46.3,7,5.0,1,0,0,21,87,1
3382,2024,Ligue 1,Away,1315,1618,11,10,1.58,1.12,49.1,4,3.0,0,1,0,17,19,0
3383,2022,Ligue 1,Away,1467,1542,3,1,1.17,1.49,47.4,6,5.0,0,4,0,20,28,1
3384,2022,Serie A,Away,1527,1479,13,6,1.9,1.09,43.2,4,4.0,1,0,0,13,74,1
3385,2018,Premier League,Home,1493,1515,7,8,1.4,1.75,42.7,6,5.0,1,2,1,16,33,0
3386,2018,Bundesliga,Away,1585,1599,8,15,1.41,1.14,56.5,4,8.0,0,1,0,18,43,0
3387,2023,Serie A,Home,1810,1824,11,11,2.01,0.99,51.9,5,3.0,0,0,0,12,5,1
3388,2019,Ligue 1,Away,1260,1585,3,9,0.83,1.46,37.0,6,6.0,2,3,0,17,24,0
3389,2018,La Liga,Home,1429,1613,11,7,1.28,1.07,53.3,6,5.0,0,0,0,15,73,0
3390,2024,La Liga,Home,1716,1527,8,12,1.55,1.04,58.3,3,5.0,0,3,0,17,41,1
3391,2022,Premier League,Home,1427,1766,5,9,1.37,1.4,40.2,6,5.0,1,0,0,19,70,0
3392,2018,Bundesliga,Home,1611,1295,5,10,1.36,1.27,59.4,6,3.0,1,2,0,17,29,1
3393,2021,Ligue 1,Home,1588,1257,7,3,1.31,1.63,53.9,7,6.0,0,0,0,20,68,1
3394,2021,Premier League,Home,1673,1521,8,10,1.45,1.34,63.8,8,5.0,2,3,0,21,73,1
3395,2018,Bundesliga,Away,1768,1592,9,8,1.57,0.79,,4,8.0,2,2,0,19,56,0
3396,2022,Ligue 1,Away,1547,1150,8,2,1.42,1.4,53.5,6,3.0,0,0,1,12,59,1
3397,2021,Premier League,Away,1256,1500,2,10,1.4,1.44,44.9,5,7.0,1,2,0,19,71,0
3398,2025,Premier League,Away,1402,1475,10,11,0.7,1.68,,4,3.0,1,2,0,16,18,1
3399,2018,Bundesliga,Away,1806,1604,11,8,1.88,1.07,48.0,7,5.0,2,1,0,12,21,0
3400,2024,Serie A,Home,1302,1560,6,8,1.01,1.07,47.6,6,5.0,0,3,0,16,2,0
3401,2018,Premier League,Away,1570,1247,11,3,1.38,1.74,58.4,8,4.0,0,3,1,13,58,0
3402,2024,Bundesliga,Away,1150,1349,9,6,0.69,1.69,47.0,4,10.0,2,1,0,16,76,0
3403,2024,Serie A,Home,1311,1387,8,3,1.15,1.69,53.8,4,6.0,2,0,0,13,41,1
3404,2021,Ligue 1,Away,1624,1603,8,2,1.39,1.31,47.1,6,8.0,1,2,1,17,66,1
3405,2020,Ligue 1,Home,1505,1552,5,3,1.3,1.17,47.5,7,6.0,1,1,0,21,34,0
3406,2019,Bundesliga,Home,1447,1413,8,6,1.44,1.62,47.4,6,,2,1,0,17,83,1
3407,2020,Serie A,Home,1386,1520,9,5,1.38,1.31,53.7,5,10.0,1,1,0,20,29,1
3408,2023,Premier League,Home,1220,1352,5,5,1.4,1.65,53.1,6,3.0,1,1,0,19,32,1
3409,2023,Serie A,Away,1597,1787,9,10,1.31,0.96,39.6,6,4.0,4,1,0,18,23,0
3410,2019,Premier League,Away,1460,1580,8,7,1.48,1.23,48.9,6,8.0,0,0,0,20,70,0
3411,2018,Serie A,Home,1287,1610,0,7,1.27,1.38,47.2,7,5.0,1,0,0,13,23,0
3412,2022,Premier League,Home,1504,1693,8,12,1.38,0.66,37.3,10,5.0,2,0,0,20,66,0
3413,2022,Serie A,Away,1581,1642,10,10,1.86,1.56,55.4,4,4.0,0,0,0,20,33,1
3414,2025,Premier League,Home,1472,1504,7,12,1.16,1.33,48.9,6,,3,0,0,17,46,0
3415,2024,La Liga,Away,1516,1474,11,7,1.41,0.67,48.8,6,5.0,0,4,0,16,56,1
3416,2022,Premier League,Home,1505,1680,11,5,1.43,1.23,52.6,4,6.0,2,2,0,12,42,1
3417,2022,Serie A,Home,1401,1504,5,5,0.94,1.24,53.1,10,5.0,1,1,0,16,85,1
3418,2023,Bundesliga,Away,1508,1395,9,7,1.68,1.18,46.0,7,6.0,1,0,0,21,12,0
3419,2021,Premier League,Home,1603,1775,9,11,1.44,1.59,49.3,4,6.0,3,3,0,17,93,1
3420,2023,Bundesliga,Home,1645,1369,4,4,1.62,1.68,60.3,10,4.0,1,0,0,21,1,1
3421,2019,Ligue 1,Away,1611,1257,8,3,1.87,1.53,47.9,4,4.0,1,4,0,20,79,1
3422,2024,La Liga,Home,1405,1639,4,8,1.3,1.24,,4,5.0,1,1,0,16,82,1
3423,2024,Serie A,Away,1589,1398,9,6,1.46,1.51,52.7,3,7.0,3,0,0,12,3,0
3424,2021,La Liga,Away,1565,1561,10,8,1.44,0.89,55.7,3,5.0,4,0,0,18,45,0
3425,2021,Premier League,Home,1401,1754,6,8,0.99,1.78,36.9,3,6.0,4,2,1,21,70,1
3426,2021,Serie A,Home,1435,1308,4,6,1.18,1.53,53.8,8,,2,0,1,19,26,1
3427,2024,Premier League,Away,1595,1494,9,8,1.42,1.81,49.8,8,3.0,1,0,0,13,57,0
3428,2019,Ligue 1,Home,1693,1708,15,10,1.59,0.95,46.4,6,6.0,0,4,0,13,69,0
3429,2020,Ligue 1,Away,1246,1595,0,7,1.42,1.41,30.3,5,5.0,3,0,0,12,34,0
3430,2022,Bundesliga,Away,1730,1475,11,9,1.84,1.08,61.7,7,7.0,0,0,0,17,91,0
3431,2023,Serie A,Away,1663,1835,8,15,1.38,0.4,51.5,5,7.0,0,1,0,12,92,1
3432,2020,Serie A,Away,1528,1487,7,6,1.37,1.59,51.4,10,6.0,1,0,0,21,35,0
3433,2018,Ligue 1,Home,1466,1556,7,7,1.66,1.35,49.6,3,3.0,1,1,0,15,77,0
3434,2022,Premier League,Away,1555,1731,7,11,0.98,1.01,41.9,3,6.0,2,2,0,13,61,1
3435,2023,Premier League,Away,1410,1637,8,6,1.19,0.4,49.7,5,5.0,1,1,0,21,68,0
3436,2024,Serie A,Home,1475,1685,7,6,1.0,1.07,46.0,7,10.0,2,1,0,18,20,0
3437,2018,La Liga,Home,1293,1374,0,4,1.73,1.53,48.3,6,6.0,2,1,0,17,93,0
3438,2018,La Liga,Away,1256,1672,8,10,1.27,0.93,47.0,5,4.0,2,1,0,15,2,0
3439,2021,Premier League,Home,1827,1524,14,5,1.59,1.36,51.1,3,6.0,3,3,0,13,7,1
3440,2022,Serie A,Home,1509,1396,6,6,1.35,1.28,43.1,6,6.0,3,0,0,18,47,1
3441,2018,La Liga,Home,1529,1531,8,3,1.18,1.02,52.2,6,,1,2,0,16,71,0
3442,2019,Premier League,Away,1496,1527,11,9,1.84,1.29,48.2,3,6.0,0,2,0,16,18,0
3443,2021,Premier League,Away,1384,1762,9,14,0.65,0.57,34.9,7,5.0,0,1,0,12,38,1
3444,2020,La Liga,Home,1457,1553,11,6,1.38,1.43,48.5,7,5.0,0,2,0,13,55,0
3445,2023,Ligue 1,Home,1513,1391,9,7,1.35,1.47,54.9,5,10.0,1,0,0,16,8,1
3446,2018,La Liga,Home,1472,1358,9,5,1.06,1.63,57.2,4,6.0,0,0,0,16,38,1
3447,2025,Serie A,Home,1395,1493,10,8,1.17,1.64,42.0,6,5.0,0,3,0,17,30,1
3448,2019,Bundesliga,Home,1567,1312,7,5,1.02,1.46,54.3,6,7.0,0,2,0,18,13,1
3449,2021,La Liga,Away,1526,1400,9,6,1.77,0.77,54.6,8,7.0,2,4,0,20,54,1
3450,2025,Bundesliga,Home,1555,1466,3,5,1.42,1.32,57.8,4,4.0,2,2,1,13,69,1
3451,2023,Bundesliga,Away,1599,1441,5,4,1.69,1.12,58.5,7,6.0,2,0,0,13,73,1
3452,2025,Serie A,Away,1476,1602,9,12,1.2,1.62,44.4,6,5.0,0,4,0,13,84,1
3453,2018,Premier League,Home,1476,1397,9,2,1.66,1.35,54.6,3,,2,1,0,15,83,1
3454,2023,Premier League,Away,1708,1154,9,3,1.59,1.87,61.2,7,5.0,0,4,0,15,38,1
3455,2018,Ligue 1,Home,1368,1264,4,5,1.47,1.93,50.5,6,6.0,1,1,0,21,55,1
3456,2022,Bundesliga,Home,1238,1498,3,7,1.2,1.16,41.9,3,5.0,0,2,0,18,78,0
3457,2020,Ligue 1,Home,1578,1418,9,8,1.43,1.44,50.8,6,5.0,2,0,0,12,80,0
3458,2024,Ligue 1,Away,1412,1327,0,4,1.5,1.52,55.8,6,10.0,0,1,0,15,77,1
3459,2018,Premier League,Away,1349,1774,7,12,2.23,1.65,44.0,5,8.0,1,0,0,17,71,0
3460,2025,Bundesliga,Home,1624,1616,9,14,1.2,1.56,48.2,3,10.0,0,2,0,18,72,0
3461,2021,La Liga,Away,1480,1492,8,7,1.3,1.09,50.6,8,6.0,0,1,0,21,68,1
3462,2022,Bundesliga,Home,1323,1533,5,3,0.83,1.17,42.8,8,7.0,3,0,0,16,50,0
3463,2022,Premier League,Home,1771,1463,7,7,1.75,1.27,53.0,8,4.0,3,0,0,12,11,1
3464,2018,La Liga,Home,1275,1324,2,5,1.16,1.31,43.3,6,3.0,0,0,0,17,56,0
3465,2020,Bundesliga,Away,1488,1644,11,10,1.82,1.14,54.8,3,4.0,4,4,0,18,12,0
3466,2023,Bundesliga,Away,1236,1619,3,4,1.0,1.11,36.7,6,5.0,0,0,0,19,88,0
3467,2025,Serie A,Away,1538,1223,10,5,1.63,1.61,61.1,7,3.0,0,1,0,12,72,1
3468,2025,La Liga,Home,1410,1532,4,7,0.73,1.29,48.9,10,5.0,1,2,0,17,21,0
3469,2022,La Liga,Home,1615,1547,9,10,1.51,1.6,45.7,6,5.0,1,0,0,12,43,1
3470,2020,Ligue 1,Away,1498,1455,6,6,1.13,1.2,53.2,5,6.0,1,1,0,12,60,0
3471,2021,La Liga,Away,1689,1794,9,13,1.71,0.67,48.9,5,8.0,1,0,0,20,74,0
3472,2021,La Liga,Home,1440,1778,6,7,1.57,0.98,41.4,6,8.0,0,0,0,20,93,0
3473,2021,Serie A,Home,1275,1447,9,7,0.95,1.24,43.5,7,6.0,4,0,0,21,21,0
3474,2020,La Liga,Home,1533,1469,13,5,1.52,1.75,51.6,8,8.0,0,2,0,13,28,1
3475,2024,Serie A,Away,1465,1452,8,6,1.22,1.6,52.7,4,4.0,0,2,0,18,44,1
3476,2021,La Liga,Home,1245,1414,3,14,1.08,1.75,41.5,4,6.0,0,0,0,18,34,0
3477,2018,Bundesliga,Away,1352,1371,2,3,1.29,1.71,56.7,7,8.0,0,4,0,12,18,1
3478,2023,Ligue 1,Home,1397,1571,3,7,0.99,0.79,49.1,5,8.0,0,0,0,20,82,0
3479,2023,Ligue 1,Away,1718,1775,14,8,1.34,0.89,36.5,4,10.0,0,2,0,17,90,1
3480,2021,Serie A,Away,1599,1717,5,9,1.68,0.78,45.9,4,7.0,0,0,0,15,31,1
3481,2023,La Liga,Home,1451,1610,6,8,1.13,1.64,56.7,4,3.0,0,1,0,21,42,0
3482,2025,Bundesliga,Home,1566,1163,9,2,1.74,1.86,61.9,5,7.0,0,1,0,21,90,0
3483,2025,Bundesliga,Home,1214,1239,0,8,0.59,1.68,45.8,3,3.0,0,0,0,13,65,0
3484,2024,Serie A,Home,1421,1649,3,12,1.5,1.07,47.5,10,7.0,0,3,0,15,86,0
3485,2022,Bundesliga,Away,1556,1727,5,8,1.41,1.03,35.1,6,4.0,2,2,0,17,14,0
3486,2018,Bundesliga,Away,1523,1578,6,11,1.35,1.06,50.0,7,7.0,2,0,0,18,1,0
3487,2022,Serie A,Away,1424,1457,7,6,1.3,1.55,46.7,5,8.0,0,2,0,18,39,0
3488,2024,Bundesliga,Home,1495,1689,10,7,0.98,1.21,45.4,10,4.0,2,0,0,20,43,0
3489,2024,Premier League,Away,1547,1606,6,7,1.68,1.43,41.9,5,3.0,1,0,0,13,10,1
3490,2024,Serie A,Home,1499,1659,6,6,1.24,1.31,43.8,5,7.0,0,0,0,12,29,0
3491,2025,Serie A,Away,1621,1240,9,7,1.27,1.79,46.5,7,6.0,2,0,0,13,38,1
3492,2022,Premier League,Home,1545,1548,6,6,1.94,1.44,46.8,6,5.0,2,0,0,18,24,1
3493,2018,Bundesliga,Away,1572,1748,9,14,1.34,1.4,46.2,5,5.0,1,1,0,21,9,0
3494,2021,Serie A,Home,1740,1574,12,9,1.4,1.47,59.7,3,3.0,1,2,0,17,26,1
3495,2020,Premier League,Home,1616,1633,2,8,1.68,1.1,61.9,4,7.0,1,1,0,21,85,0
3496,2024,Bundesliga,Away,1744,1505,12,6,1.68,1.47,51.9,4,8.0,0,1,0,20,41,0
3497,2024,Bundesliga,Away,1406,1515,7,12,1.5,1.41,49.8,3,4.0,2,2,0,13,23,0
3498,2021,Bundesliga,Home,1277,1696,5,10,1.13,1.13,,6,6.0,2,3,0,13,26,0
3499,2021,La Liga,Home,1480,1406,10,5,1.57,1.43,50.4,5,7.0,2,1,0,12,62,1
3500,2019,Bundesliga,Away,1468,1393,2,8,1.83,1.7,52.3,6,5.0,3,1,0,17,29,0
3501,2018,La Liga,Away,1704,1433,7,8,1.38,1.55,56.0,5,8.0,3,0,0,20,41,1
3502,2020,Serie A,Home,1342,1503,5,5,1.06,1.58,55.3,4,4.0,3,0,0,12,77,1
3503,2019,Premier League,Home,1489,1275,1,5,0.94,1.56,53.9,5,10.0,2,1,0,13,59,0
3504,2020,Serie A,Away,1557,1602,8,4,1.51,1.55,43.2,7,3.0,1,3,0,20,69,1
3505,2025,Bundesliga,Home,1514,1477,10,7,1.4,1.56,51.8,6,,2,3,0,20,53,1
3506,2023,Serie A,Home,1476,1620,8,10,1.64,1.04,41.0,5,5.0,3,1,0,21,3,0
3507,2022,Serie A,Home,1550,1203,8,5,1.4,1.53,56.8,5,3.0,0,0,0,15,7,1
3508,2019,Bundesliga,Away,1651,1620,9,6,1.5,1.03,56.1,6,7.0,0,3,0,12,41,1
3509,2024,Bundesliga,Home,1715,1687,9,8,1.64,0.91,49.5,7,7.0,1,1,0,21,11,1
3510,2023,La Liga,Away,1505,1561,6,9,1.3,1.97,51.2,6,3.0,1,1,0,15,37,0
3511,2022,Ligue 1,Away,1386,1504,7,11,1.32,1.76,46.0,6,3.0,0,0,0,16,27,0
3512,2021,Bundesliga,Away,1715,1621,6,9,1.64,1.53,53.7,5,5.0,1,1,0,19,39,1
3513,2022,Ligue 1,Away,1349,1678,9,8,1.32,1.3,38.3,7,10.0,0,0,0,19,91,0
3514,2024,Ligue 1,Home,1751,1573,9,11,1.57,1.15,58.5,8,7.0,2,2,0,17,19,1
3515,2023,Ligue 1,Away,1688,1584,11,9,1.69,1.0,46.0,4,5.0,2,2,0,20,36,0
3516,2021,Bundesliga,Away,1709,1732,10,11,1.73,1.09,45.4,8,5.0,0,0,0,16,85,1
3517,2023,Serie A,Away,1596,1607,6,11,1.37,1.07,50.1,4,7.0,1,0,0,16,29,0
3518,2025,Premier League,Away,1204,1388,7,6,1.0,1.63,49.5,4,5.0,0,1,0,15,90,0
3519,2020,Serie A,Home,1355,1677,9,7,1.15,1.23,43.0,6,7.0,0,1,0,18,42,0
3520,2025,Bundesliga,Away,1543,1483,4,7,1.09,1.58,54.1,5,3.0,0,2,0,15,78,0
3521,2022,Serie A,Away,1405,1505,6,10,1.12,1.41,41.4,10,7.0,1,0,0,13,94,1
3522,2019,Ligue 1,Away,1456,1515,8,13,1.49,0.91,46.9,5,4.0,2,2,0,17,54,1
3523,2025,Premier League,Away,1586,1636,3,6,1.66,1.18,49.9,6,5.0,0,3,0,12,93,1
3524,2023,La Liga,Home,1476,1745,2,15,1.41,1.23,43.6,4,7.0,2,1,0,12,68,0
3525,2021,Serie A,Away,1329,1503,3,7,0.91,1.42,40.2,5,4.0,1,0,0,21,19,0
3526,2019,La Liga,Away,1624,1742,6,10,1.73,0.99,42.8,6,10.0,1,2,0,12,17,0
3527,2025,Premier League,Home,1572,1523,6,12,1.89,1.21,50.6,4,5.0,0,0,0,15,93,1
3528,2024,Premier League,Away,1465,1696,4,9,1.46,1.01,48.0,6,6.0,0,0,0,13,22,0
3529,2018,Bundesliga,Away,1600,1528,8,7,1.46,0.91,62.3,10,8.0,1,0,0,20,75,0
3530,2023,Serie A,Away,1513,1431,5,5,1.15,1.4,46.6,4,10.0,0,2,0,20,38,0
3531,2018,Premier League,Away,1686,1769,13,11,1.55,1.3,48.2,6,8.0,2,1,0,15,20,0
3532,2020,Premier League,Away,1521,1418,8,7,1.25,1.3,47.5,6,,1,3,0,20,48,1
3533,2022,La Liga,Away,1685,1408,12,5,1.5,1.12,56.8,7,7.0,2,2,0,12,25,1
3534,2019,Premier League,Away,1238,1324,0,9,1.38,1.76,45.9,4,3.0,2,0,0,15,69,0
3535,2022,Bundesliga,Away,1564,1677,7,8,1.64,1.53,49.2,7,4.0,1,2,0,12,25,0
3536,2021,Bundesliga,Away,1444,1710,7,11,1.2,1.05,,6,6.0,1,4,0,15,15,0
3537,2022,Premier League,Home,1380,1552,7,8,1.24,1.07,44.0,6,6.0,1,2,0,21,60,0
3538,2024,Serie A,Away,1662,1362,8,9,1.53,1.44,58.0,6,6.0,3,2,0,12,68,0
3539,2019,Premier League,Away,1624,1499,8,5,1.38,1.42,54.1,7,4.0,1,0,0,15,68,1
3540,2024,La Liga,Away,1219,1458,3,8,0.71,1.28,45.7,7,4.0,3,0,0,15,91,0
3541,2019,Ligue 1,Home,1600,1356,8,12,1.67,1.09,56.9,3,6.0,0,1,0,18,73,1
3542,2018,Serie A,Away,1583,1432,14,3,1.74,1.65,60.1,5,5.0,0,0,0,18,59,0
3543,2021,Ligue 1,Away,1399,1571,7,6,1.09,1.35,52.3,6,6.0,1,0,0,15,55,1
3544,2020,Premier League,Home,1383,1415,6,12,1.06,1.81,48.2,3,4.0,1,0,0,17,10,0
3545,2019,La Liga,Away,1277,1541,2,8,1.33,1.32,40.8,5,6.0,1,1,0,15,64,0
3546,2021,La Liga,Away,1453,1251,4,5,1.13,1.94,56.1,3,3.0,0,0,0,21,85,0
3547,2024,Serie A,Away,1475,1735,7,9,0.98,1.08,47.5,5,3.0,1,3,0,12,38,1
3548,2022,Ligue 1,Home,1612,1445,12,11,1.36,1.25,54.4,7,5.0,3,3,0,20,29,1
3549,2023,Premier League,Home,1538,1622,7,5,1.73,1.12,42.5,7,3.0,0,2,0,19,85,1
3550,2019,Bundesliga,Home,1352,1526,5,11,1.06,1.78,50.4,6,5.0,4,1,0,17,86,0
3551,2018,Ligue 1,Home,1533,1556,6,4,1.22,1.25,51.4,4,5.0,1,1,0,13,87,0
3552,2020,Serie A,Home,1464,1342,3,2,1.19,1.89,,7,5.0,2,0,0,18,32,1
3553,2024,La Liga,Away,1369,1394,7,3,0.92,1.33,45.6,7,3.0,1,0,1,13,7,0
3554,2025,Serie A,Away,1277,1397,4,6,0.78,1.1,48.2,3,5.0,1,1,0,12,80,0
3555,2018,La Liga,Away,1587,1504,10,6,1.38,1.52,54.2,6,4.0,1,0,0,15,92,0
3556,2021,Bundesliga,Home,1562,1686,9,8,1.07,1.02,45.8,6,5.0,2,1,0,21,78,0
3557,2021,Serie A,Home,1578,1561,6,6,1.34,1.37,45.7,6,4.0,0,0,0,21,52,1
3558,2023,Ligue 1,Home,1398,1374,7,4,1.3,1.51,52.0,6,6.0,1,2,0,20,26,1
3559,2019,Serie A,Home,1524,1512,4,5,1.47,1.39,48.2,3,4.0,0,3,0,12,42,1
3560,2021,Serie A,Home,1307,1489,6,8,1.1,1.77,45.6,4,3.0,2,0,0,16,48,0
3561,2024,Bundesliga,Home,1362,1451,6,5,0.9,1.46,48.0,7,10.0,0,1,0,17,60,0
3562,2021,Serie A,Home,1505,1498,12,1,1.25,1.38,44.9,6,6.0,1,2,0,19,1,0
3563,2024,Ligue 1,Home,1537,1607,6,9,1.48,1.17,46.1,7,7.0,0,1,0,16,35,1
3564,2022,Premier League,Away,1272,1399,1,8,1.25,1.58,44.8,4,3.0,0,2,0,20,61,0
3565,2022,Ligue 1,Home,1352,1452,5,6,1.12,1.5,47.8,8,6.0,0,0,0,20,45,1
3566,2020,Bundesliga,Home,1449,1637,8,6,1.12,1.13,47.7,5,6.0,2,1,0,20,21,0
3567,2025,Ligue 1,Away,1634,1566,2,10,1.52,1.53,53.3,5,8.0,0,2,0,16,60,1
3568,2019,Serie A,Home,1386,1679,8,6,1.14,1.14,47.0,4,6.0,1,2,0,13,58,0
3569,2025,Bundesliga,Away,1520,1701,7,9,1.12,1.31,46.3,7,4.0,3,1,0,19,21,1
3570,2025,La Liga,Away,1534,1310,5,5,1.46,1.19,65.6,6,4.0,1,1,0,18,70,0
3571,2022,Bundesliga,Home,1465,1540,6,11,1.32,1.54,50.1,8,4.0,1,0,0,15,73,0
3572,2024,Premier League,Away,1538,1429,6,8,1.11,1.23,46.1,5,6.0,0,0,0,20,17,0
3573,2023,La Liga,Away,1312,1332,2,6,0.99,1.67,47.6,7,5.0,2,2,0,12,59,1
3574,2023,La Liga,Home,1408,1390,1,9,1.2,1.77,66.4,5,10.0,0,2,0,17,4,1
3575,2018,La Liga,Away,1701,1458,12,4,1.19,1.49,49.4,5,7.0,1,3,1,16,59,0
3576,2019,La Liga,Away,1711,1459,9,11,1.4,1.68,58.7,10,3.0,1,2,1,18,34,1
3577,2018,Bundesliga,Home,1618,1415,8,0,1.64,1.16,66.4,4,10.0,0,3,0,16,17,1
3578,2018,Premier League,Home,1654,1498,12,11,1.4,1.33,47.8,4,7.0,0,0,0,19,50,1
3579,2024,Bundesliga,Away,1244,1843,5,9,0.87,0.88,43.0,6,3.0,1,0,0,13,12,0
3580,2019,Premier League,Away,1367,1258,2,6,1.47,1.4,60.7,7,8.0,2,1,0,15,84,0
3581,2018,Bundesliga,Home,1456,1659,9,13,1.39,0.81,43.6,4,6.0,0,3,0,18,43,1
3582,2025,Bundesliga,Home,1838,1497,15,9,1.9,1.37,,7,5.0,1,3,0,20,80,1
3583,2020,La Liga,Home,1456,1439,8,8,1.11,1.64,53.6,10,3.0,0,0,0,18,3,0
3584,2024,Bundesliga,Away,1604,1217,6,6,1.39,1.92,59.3,6,7.0,0,3,0,17,90,1
3585,2025,Ligue 1,Home,1553,1607,4,5,1.41,0.99,47.8,10,4.0,0,0,0,12,46,0
3586,2022,Bundesliga,Home,1550,1298,6,2,1.46,1.41,59.8,4,5.0,1,3,0,19,92,1
3587,2025,La Liga,Away,1497,1616,8,10,1.92,1.06,47.2,6,10.0,2,1,0,12,8,0
3588,2025,Serie A,Home,1332,1744,9,10,1.19,0.93,31.9,8,,0,1,0,18,10,0
3589,2019,Bundesliga,Away,1150,1320,1,5,1.24,1.44,45.3,5,6.0,1,0,0,13,49,0
3590,2019,La Liga,Home,1679,1664,8,13,2.12,1.21,52.3,7,5.0,1,2,0,21,18,0
3591,2020,Bundesliga,Home,1414,1504,9,11,1.68,1.27,50.3,6,6.0,4,0,0,15,64,0
3592,2022,La Liga,Away,1239,1207,3,2,1.1,1.27,57.3,4,6.0,4,1,0,13,7,0
3593,2024,Bundesliga,Home,1561,1331,13,7,1.7,1.74,46.2,8,4.0,3,1,0,18,30,0
3594,2019,Premier League,Away,1559,1525,8,4,1.45,1.37,56.0,5,7.0,0,0,0,16,87,1
3595,2019,Premier League,Home,1608,1556,12,4,1.46,1.4,49.5,3,3.0,0,1,0,18,64,1
3596,2020,Ligue 1,Away,1656,1279,10,3,1.73,1.66,60.5,4,4.0,0,1,0,18,87,0
3597,2020,Ligue 1,Home,1371,1504,8,7,1.43,1.5,51.1,7,4.0,3,1,0,16,66,1
3598,2025,Ligue 1,Away,1378,1615,6,7,1.34,1.28,40.4,7,6.0,0,2,0,17,2,0
3599,2021,Ligue 1,Away,1455,1640,7,10,1.26,1.02,43.6,6,3.0,2,1,0,13,23,0
3600,2024,La Liga,Home,1615,1442,10,7,1.36,1.78,57.2,3,10.0,0,1,0,15,77,1
3601,2018,La Liga,Away,1206,1561,6,11,0.72,1.45,38.3,7,6.0,0,1,0,16,1,0
3602,2018,Premier League,Away,1518,1650,9,11,1.41,0.99,48.5,6,8.0,1,3,0,20,29,0
3603,2024,Serie A,Home,1630,1619,4,6,1.55,1.02,45.0,4,4.0,1,0,0,17,42,1
3604,2019,Premier League,Away,1625,1625,10,11,1.7,1.73,56.1,5,4.0,0,3,0,13,10,0
3605,2018,Ligue 1,Home,1599,1516,7,5,1.09,1.29,55.9,5,7.0,1,2,0,16,81,1
3606,2022,Premier League,Home,1649,1487,8,8,1.54,1.19,,7,7.0,1,0,0,18,86,1
3607,2019,Premier League,Home,1150,1538,4,7,0.91,1.18,45.8,5,4.0,4,0,0,18,74,0
3608,2018,Premier League,Away,1726,1393,15,10,1.58,1.56,60.5,6,7.0,1,3,0,12,24,1
3609,2021,Premier League,Away,1546,1656,7,11,1.71,1.09,42.6,8,7.0,0,0,1,17,80,1
3610,2022,Premier League,Away,1687,1286,15,3,1.88,1.58,63.5,5,5.0,0,0,0,20,47,1
3611,2022,Serie A,Home,1336,1429,3,6,1.42,1.99,51.3,8,5.0,3,2,0,18,55,0
3612,2022,La Liga,Home,1254,1495,8,15,1.1,0.96,36.1,5,5.0,0,1,0,17,28,1
3613,2018,Serie A,Home,1750,1566,12,5,1.58,1.19,42.5,5,7.0,4,1,0,21,32,1
3614,2020,Ligue 1,Away,1370,1592,6,7,1.51,1.28,42.5,4,5.0,0,0,0,13,64,0
3615,2020,Serie A,Away,1456,1708,11,8,1.73,0.72,40.1,7,3.0,1,4,0,20,15,1
3616,2020,Bundesliga,Home,1574,1511,7,5,1.83,1.47,54.8,7,6.0,1,3,0,18,95,1
3617,2022,La Liga,Home,1608,1399,12,4,1.59,1.66,52.0,4,3.0,1,0,0,12,87,1
3618,2019,Premier League,Home,1651,1480,9,7,1.53,1.02,51.3,8,6.0,0,4,0,17,11,1
3619,2023,La Liga,Away,1531,1455,6,8,1.56,1.37,61.0,5,4.0,0,0,0,20,15,0
3620,2025,Ligue 1,Away,1352,1573,2,4,1.38,1.33,50.8,6,,2,4,0,12,3,0
3621,2023,Serie A,Away,1599,1351,13,4,1.36,1.63,48.7,8,4.0,1,1,0,18,25,1
3622,2021,La Liga,Home,1601,1475,12,5,1.41,2.04,60.0,6,7.0,4,1,0,20,3,0
3623,2021,La Liga,Home,1246,1727,3,7,1.83,0.96,45.9,8,8.0,2,0,0,13,22,0
3624,2022,Bundesliga,Home,1699,1525,11,10,1.47,1.46,53.7,7,7.0,4,0,0,21,20,1
3625,2023,Serie A,Home,1152,1353,4,4,1.18,1.45,43.1,5,5.0,1,0,0,15,64,0
3626,2020,Serie A,Away,1645,1452,8,3,1.38,1.32,45.5,5,6.0,1,1,1,16,55,0
3627,2018,Ligue 1,Away,1411,1187,9,6,1.22,1.64,49.0,6,7.0,2,2,0,18,43,1
3628,2023,Serie A,Home,1599,1492,7,11,1.23,1.46,52.2,8,7.0,1,1,0,21,34,1
3629,2023,Serie A,Away,1571,1731,3,11,1.2,1.14,43.8,10,3.0,2,1,0,17,53,1
3630,2018,Premier League,Away,1495,1334,8,3,1.5,1.57,52.4,4,3.0,0,1,0,17,4,0
3631,2023,Premier League,Home,1563,1296,8,4,1.54,1.51,58.6,6,3.0,0,1,0,13,71,1
3632,2018,Ligue 1,Home,1488,1409,6,5,1.8,1.2,61.0,8,5.0,1,0,0,18,71,1
3633,2023,Serie A,Away,1600,1629,6,9,1.47,1.44,46.4,4,4.0,0,4,0,12,7,1
3634,2023,La Liga,Home,1806,1739,7,12,1.73,1.39,48.8,6,,1,1,0,17,28,1
3635,2018,Serie A,Away,1312,1563,4,8,1.13,1.54,43.2,7,8.0,1,0,0,19,25,0
3636,2023,Premier League,Away,1150,1320,1,5,0.72,1.68,,5,3.0,0,0,0,18,95,0
3637,2018,Bundesliga,Home,1442,1497,9,6,1.43,1.16,57.2,4,7.0,3,3,0,13,92,1
3638,2020,Premier League,Away,1432,1751,8,12,1.23,0.89,,4,3.0,2,0,0,16,58,0
3639,2023,Bundesliga,Away,1447,1456,6,8,0.93,1.62,54.4,6,3.0,4,1,0,16,43,0
3640,2020,Serie A,Away,1370,1520,7,3,1.48,1.03,59.3,10,5.0,1,1,1,15,82,0
3641,2025,La Liga,Home,1622,1534,9,3,1.34,1.15,61.0,3,10.0,0,1,0,19,89,1
3642,2025,Premier League,Home,1307,1284,4,4,1.22,2.08,49.8,5,4.0,1,0,0,19,94,0
3643,2025,Bundesliga,Away,1563,1640,8,12,1.51,1.35,45.9,3,6.0,0,3,0,17,11,0
3644,2018,Premier League,Home,1589,1620,13,12,1.5,1.28,44.6,7,10.0,1,0,1,20,80,0
3645,2019,Premier League,Away,1544,1221,10,6,1.15,1.14,58.7,7,6.0,4,2,0,13,41,1
3646,2019,Bundesliga,Away,1568,1314,8,5,1.77,1.35,48.6,7,5.0,2,2,0,16,46,1
3647,2022,La Liga,Away,1633,1364,11,10,1.31,1.68,68.0,6,5.0,3,1,0,16,69,0
3648,2021,La Liga,Away,1507,1605,10,7,0.74,0.88,44.9,7,4.0,0,3,0,15,50,0
3649,2023,Premier League,Home,1451,1395,8,5,1.51,1.55,51.7,7,3.0,0,0,0,18,50,0
3650,2020,Bundesliga,Home,1568,1556,7,4,1.63,0.95,51.8,6,3.0,2,2,0,19,90,0
3651,2019,La Liga,Home,1584,1475,7,6,1.14,1.22,46.8,7,7.0,2,3,0,13,80,1
3652,2023,Premier League,Away,1625,1510,6,5,1.49,0.95,58.0,3,6.0,0,0,0,15,71,0
3653,2022,La Liga,Home,1260,1569,5,12,1.36,1.31,44.8,5,4.0,1,2,0,16,48,1
3654,2023,Premier League,Away,1474,1538,6,11,1.67,0.89,47.2,6,5.0,1,0,0,15,40,1
3655,2020,La Liga,Home,1351,1497,5,8,1.34,1.33,48.4,7,4.0,2,0,0,21,86,1
3656,2022,Premier League,Away,1579,1546,10,9,1.64,1.47,50.5,4,5.0,3,2,0,19,13,0
3657,2025,Premier League,Away,1602,1530,13,6,1.64,1.37,51.9,5,6.0,2,1,1,16,83,1
3658,2022,La Liga,Home,1462,1471,8,1,1.27,1.49,46.6,5,4.0,1,1,0,17,95,0
3659,2025,Ligue 1,Home,1398,1440,6,5,0.97,1.46,49.7,8,7.0,2,1,0,15,50,0
3660,2021,Premier League,Away,1584,1763,8,13,1.38,1.09,47.8,5,3.0,2,3,0,21,77,0
3661,2018,Premier League,Away,1481,1438,10,8,1.61,1.39,47.1,4,3.0,0,2,0,18,27,1
3662,2024,Ligue 1,Home,1700,1691,11,9,1.85,1.25,51.8,8,7.0,2,0,0,19,87,0
3663,2021,Ligue 1,Away,1748,1404,11,8,1.67,1.16,49.1,5,7.0,3,0,0,12,25,0
3664,2018,Serie A,Home,1640,1613,10,8,1.42,1.15,57.0,8,3.0,0,0,0,21,76,0
3665,2019,Premier League,Away,1533,1750,4,8,1.82,1.63,38.6,3,3.0,1,1,0,19,92,1
3666,2020,La Liga,Away,1756,1453,12,9,1.66,1.51,49.1,8,7.0,0,3,0,17,7,1
3667,2019,Premier League,Away,1534,1407,6,5,1.55,1.75,50.8,10,3.0,1,1,0,16,21,0
3668,2023,Premier League,Home,1433,1440,8,9,0.97,1.49,51.1,4,7.0,1,1,0,18,85,0
3669,2022,La Liga,Away,1405,1497,4,2,1.23,1.17,46.4,3,6.0,0,1,0,18,89,0
3670,2020,Serie A,Away,1402,1545,8,7,1.51,1.23,50.6,5,7.0,0,1,0,17,21,1
3671,2018,La Liga,Home,1499,1494,7,9,1.01,0.92,49.1,4,5.0,0,1,0,15,35,0
3672,2018,Serie A,Away,1565,1441,5,8,1.41,1.75,52.3,7,6.0,2,2,0,16,12,1
3673,2025,La Liga,Away,1302,1774,4,10,1.23,1.33,37.7,3,4.0,1,3,0,15,85,0
3674,2020,La Liga,Home,1437,1472,12,8,1.64,1.17,57.9,3,8.0,0,1,0,20,6,1
3675,2018,Bundesliga,Home,1530,1413,2,7,1.63,1.62,51.1,6,5.0,2,0,1,16,47,0
3676,2023,Ligue 1,Away,1590,1616,9,5,1.87,1.41,62.2,7,,3,3,0,17,40,1
3677,2024,La Liga,Away,1496,1619,5,8,1.55,1.26,57.1,3,3.0,1,3,0,17,36,1
3678,2018,Serie A,Home,1534,1698,11,10,1.61,1.29,40.3,4,5.0,0,2,0,19,66,1
3679,2025,La Liga,Home,1327,1770,8,12,0.92,1.25,43.9,6,3.0,1,0,0,13,75,0
3680,2023,Premier League,Home,1372,1548,6,8,0.96,1.4,42.8,4,6.0,0,2,1,21,46,0
3681,2020,Bundesliga,Away,1491,1460,10,6,1.76,1.42,51.8,6,,0,1,0,13,22,1
3682,2024,Premier League,Away,1571,1234,9,1,1.31,1.61,50.7,6,3.0,4,0,0,18,42,0
3683,2021,La Liga,Away,1532,1369,8,8,1.25,1.33,54.0,6,5.0,0,3,0,12,28,0
3684,2023,Serie A,Home,1381,1529,5,10,0.64,1.55,60.6,7,5.0,0,0,0,17,85,0
3685,2019,Premier League,Home,1467,1335,6,8,1.58,1.99,49.7,3,4.0,0,1,0,16,3,1
3686,2019,Premier League,Home,1712,1278,9,2,1.3,1.27,65.0,3,6.0,0,3,0,20,21,1
3687,2024,La Liga,Home,1576,1509,8,8,1.23,1.35,52.8,4,6.0,0,3,0,18,55,1
3688,2024,Ligue 1,Away,1477,1609,2,7,1.6,1.09,44.5,10,7.0,1,4,0,18,24,1
3689,2018,Serie A,Home,1356,1465,8,7,0.64,1.52,53.8,4,4.0,2,0,0,13,42,0
3690,2019,La Liga,Home,1400,1626,11,15,1.58,1.34,,5,7.0,0,2,0,19,15,1
3691,2022,Premier League,Home,1501,1586,6,11,1.14,1.31,,4,6.0,2,0,0,18,76,0
3692,2025,Serie A,Home,1539,1661,11,7,1.36,1.06,48.6,7,4.0,1,2,1,18,92,0
3693,2023,Premier League,Away,1579,1804,8,10,1.24,0.96,51.0,4,4.0,4,1,0,12,4,0
3694,2023,Serie A,Away,1554,1866,7,11,1.08,0.83,40.8,6,5.0,1,2,0,16,91,0
3695,2021,Bundesliga,Away,1448,1602,6,9,1.1,0.83,58.0,3,7.0,3,1,0,20,87,0
3696,2018,La Liga,Away,1428,1436,7,3,1.06,1.71,41.3,7,5.0,1,0,1,18,8,0
3697,2024,La Liga,Away,1787,1509,9,8,1.36,1.51,54.4,10,7.0,2,0,0,20,53,1
3698,2024,Premier League,Away,1422,1720,8,5,1.65,1.47,49.2,5,6.0,0,1,1,20,52,0
3699,2021,Premier League,Home,1319,1375,4,2,0.91,1.38,46.3,3,7.0,0,2,0,13,2,1
3700,2022,La Liga,Away,1271,1703,2,15,0.63,1.29,40.6,5,3.0,2,0,0,15,15,0
3701,2019,Ligue 1,Away,1451,1476,7,6,0.78,1.16,45.1,4,5.0,2,1,0,19,2,0
3702,2021,Premier League,Away,1632,1532,7,12,1.6,1.18,45.9,8,4.0,1,1,0,20,64,0
3703,2019,Serie A,Home,1419,1387,6,4,0.83,1.96,48.7,10,,2,0,1,18,60,1
3704,2021,Bundesliga,Home,1707,1315,10,0,1.53,1.42,64.1,4,4.0,2,0,0,16,17,1
3705,2019,Premier League,Home,1499,1461,4,4,1.84,1.62,48.4,7,6.0,1,2,0,19,82,1
3706,2022,Premier League,Home,1655,1682,13,15,1.57,1.25,49.4,7,7.0,1,4,0,20,38,1
3707,2019,La Liga,Away,1394,1402,8,3,1.31,1.09,47.8,7,8.0,2,2,0,19,35,0
3708,2023,Serie A,Home,1396,1726,5,15,1.1,1.11,45.6,3,7.0,0,2,0,13,86,1
3709,2022,La Liga,Away,1513,1420,8,7,1.36,1.52,44.8,7,3.0,0,1,0,15,87,0
3710,2025,Bundesliga,Away,1568,1350,10,6,1.37,1.66,55.4,5,7.0,0,0,0,20,51,1
3711,2019,Ligue 1,Home,1475,1536,8,6,1.4,0.87,47.2,7,3.0,2,1,1,18,46,0
3712,2020,Bundesliga,Away,1541,1595,13,6,1.81,1.02,44.6,5,7.0,3,2,0,16,35,0
3713,2019,Ligue 1,Home,1582,1526,8,9,1.33,1.4,58.0,8,3.0,0,0,0,13,42,1
3714,2023,Bundesliga,Away,1301,1521,8,11,0.93,1.1,36.3,4,6.0,0,0,0,18,29,1
3715,2018,Bundesliga,Home,1452,1724,3,11,1.28,1.45,45.5,4,7.0,0,1,0,19,62,0
3716,2023,Bundesliga,Away,1427,1513,4,10,1.51,1.32,50.6,3,5.0,0,3,0,13,43,0
3717,2024,Bundesliga,Home,1434,1434,11,6,1.19,1.53,48.5,4,5.0,2,4,0,18,53,1
3718,2023,Bundesliga,Home,1557,1341,7,11,1.48,1.82,65.6,5,6.0,4,0,0,13,40,0
3719,2019,Ligue 1,Home,1429,1678,4,10,1.4,0.89,46.4,7,5.0,1,0,0,16,93,1
3720,2021,La Liga,Away,1219,1440,4,12,1.58,1.52,41.4,3,8.0,1,1,0,21,69,0
3721,2022,Serie A,Home,1467,1454,10,4,1.54,1.43,53.9,4,4.0,3,2,0,13,5,1
3722,2021,Serie A,Home,1351,1647,4,9,0.97,1.26,40.7,6,3.0,3,2,0,16,74,0
3723,2021,Bundesliga,Home,1569,1788,8,14,0.88,1.03,43.0,7,8.0,1,0,0,12,54,0
3724,2024,La Liga,Away,1613,1535,4,8,1.51,1.36,58.1,6,5.0,0,0,0,16,6,0
3725,2024,Bundesliga,Home,1196,1481,3,9,0.84,0.64,46.1,7,7.0,0,1,0,16,64,0
3726,2020,Bundesliga,Home,1392,1499,9,5,1.11,1.66,53.2,7,6.0,2,1,0,15,36,1
3727,2020,Ligue 1,Away,1549,1436,6,6,1.15,1.07,40.9,4,7.0,2,0,0,18,82,1
3728,2019,Premier League,Home,1303,1450,2,5,1.01,1.84,48.6,4,5.0,1,1,0,16,28,0
3729,2021,Bundesliga,Away,1610,1451,7,7,1.34,1.16,62.1,8,8.0,0,0,1,21,7,1
3730,2022,Bundesliga,Home,1647,1628,8,9,1.48,0.99,45.4,7,4.0,2,2,0,18,7,0
3731,2023,Ligue 1,Away,1477,1488,9,6,1.16,1.46,,10,6.0,1,0,0,20,9,0
3732,2020,Ligue 1,Home,1392,1690,7,11,1.05,1.25,42.0,10,6.0,1,0,0,16,68,0
3733,2019,Serie A,Home,1177,1484,5,5,1.13,1.48,46.5,3,,3,0,1,18,88,0
3734,2018,Serie A,Home,1614,1449,9,1,1.47,1.49,51.9,6,7.0,0,0,1,13,78,0
3735,2018,Premier League,Home,1780,1679,9,8,1.66,1.15,57.0,7,3.0,0,2,0,18,22,1
3736,2018,Ligue 1,Home,1751,1503,8,13,1.61,1.26,55.3,6,,0,3,0,20,40,0
3737,2019,Premier League,Home,1473,1482,8,9,1.1,1.51,63.9,3,5.0,3,1,0,12,44,0
3738,2023,Bundesliga,Away,1347,1505,10,5,1.54,1.17,48.4,6,6.0,3,3,1,16,50,0
3739,2024,Bundesliga,Home,1617,1705,6,11,1.99,1.2,59.8,5,5.0,2,0,0,13,76,0
3740,2025,La Liga,Away,1482,1543,5,8,1.64,0.89,52.3,6,6.0,1,3,0,21,47,0
3741,2022,Premier League,Away,1567,1675,5,11,0.98,1.26,46.0,7,6.0,0,1,0,17,20,0
3742,2021,Premier League,Home,1542,1467,10,9,1.23,1.4,52.7,4,5.0,3,0,1,17,82,0
3743,2025,Bundesliga,Away,1513,1653,8,10,1.54,1.2,49.0,5,8.0,0,3,1,21,85,1
3744,2019,Serie A,Away,1644,1533,11,8,1.32,1.75,41.9,3,8.0,0,0,0,20,11,0
3745,2023,Premier League,Home,1649,1624,8,13,1.34,1.61,56.0,6,8.0,1,1,0,19,33,0
3746,2024,Bundesliga,Home,1427,1635,8,11,0.93,1.46,46.2,3,7.0,1,1,1,12,41,0
3747,2022,Premier League,Home,1371,1368,5,6,1.12,1.69,53.4,4,4.0,1,2,0,16,70,0
3748,2020,Ligue 1,Away,1150,1510,0,8,0.76,1.37,44.7,7,10.0,1,0,0,18,33,0
3749,2022,La Liga,Home,1452,1634,9,8,0.7,1.31,39.5,3,6.0,1,0,0,19,12,0
3750,2025,Premier League,Home,1347,1656,6,6,1.47,1.32,43.3,5,4.0,1,2,0,12,36,1
3751,2019,Premier League,Away,1559,1675,7,11,1.52,1.34,47.7,7,6.0,0,1,0,21,93,1
3752,2022,Serie A,Away,1453,1515,8,11,0.96,1.35,42.8,7,6.0,0,1,0,15,51,1
3753,2018,La Liga,Home,1468,1716,3,11,1.53,1.29,51.6,7,5.0,0,1,0,21,81,1
3754,2019,Bundesliga,Home,1614,1408,10,8,1.51,1.45,65.1,6,3.0,0,0,0,18,88,0
3755,2024,La Liga,Home,1556,1291,7,3,1.7,1.64,55.2,6,6.0,0,1,0,20,31,1
3756,2021,La Liga,Away,1484,1461,7,5,1.52,1.61,53.7,6,4.0,0,0,0,18,31,1
3757,2019,La Liga,Away,1736,1667,13,6,1.42,1.04,52.0,6,4.0,3,3,0,16,49,1
3758,2020,La Liga,Away,1603,1348,10,5,1.63,1.52,55.1,5,7.0,1,2,0,15,25,0
3759,2018,Ligue 1,Home,1442,1294,6,8,1.46,1.55,52.0,3,6.0,0,0,0,17,82,0
3760,2024,Premier League,Home,1448,1259,7,3,1.56,1.31,48.9,7,4.0,1,1,0,20,33,1
3761,2025,Ligue 1,Home,1610,1603,2,9,1.72,1.61,52.5,5,6.0,2,0,1,20,64,0
3762,2018,La Liga,Away,1528,1297,6,7,1.9,1.33,53.1,7,4.0,3,3,0,21,15,1
3763,2019,Premier League,Away,1343,1577,6,12,1.42,1.64,,5,7.0,2,1,0,20,17,0
3764,2024,Premier League,Away,1625,1454,7,3,1.29,1.06,52.5,6,5.0,1,0,0,17,18,1
3765,2025,Premier League,Away,1676,1392,6,5,1.59,1.07,51.7,10,4.0,0,1,0,19,19,1
3766,2024,Bundesliga,Home,1665,1360,11,4,1.27,1.39,54.6,3,5.0,4,0,0,16,93,0
3767,2023,Serie A,Away,1716,1529,13,6,1.89,1.42,56.9,4,8.0,0,1,0,19,29,0
3768,2024,La Liga,Home,1790,1394,9,5,1.45,1.54,58.6,4,3.0,4,4,0,17,66,1
3769,2020,Serie A,Home,1742,1499,13,2,2.17,1.67,51.8,8,7.0,3,3,0,21,6,1
3770,2025,Serie A,Away,1548,1556,10,7,1.33,1.11,58.2,4,8.0,1,2,0,19,69,0
3771,2025,Ligue 1,Home,1471,1586,5,9,1.31,1.5,,7,4.0,1,2,0,18,37,1
3772,2019,Ligue 1,Home,1244,1631,3,6,0.95,0.82,47.2,3,4.0,0,1,1,18,6,0
3773,2018,Bundesliga,Away,1502,1523,12,7,1.17,1.09,55.5,10,8.0,3,0,0,15,79,1
3774,2022,Bundesliga,Away,1573,1353,5,6,1.3,1.42,60.3,4,5.0,1,0,1,16,4,1
3775,2024,Bundesliga,Away,1506,1565,6,9,1.41,1.02,52.7,3,4.0,0,2,1,16,86,1
3776,2024,Serie A,Away,1236,1592,9,4,1.06,1.4,37.6,8,5.0,0,2,0,18,25,0
3777,2019,Bundesliga,Home,1460,1475,6,9,1.2,1.21,47.2,8,6.0,1,0,0,18,49,0
3778,2021,Premier League,Home,1590,1460,12,9,1.53,1.64,63.2,5,5.0,1,1,0,19,6,0
3779,2024,Bundesliga,Away,1356,1847,3,10,1.06,1.25,43.4,6,6.0,0,0,0,17,89,0
3780,2018,Ligue 1,Away,1523,1319,8,10,1.37,1.34,58.0,4,5.0,1,0,0,13,23,0
3781,2023,Premier League,Home,1560,1569,11,10,1.86,1.2,47.3,10,6.0,1,2,0,21,23,1
3782,2020,Bundesliga,Away,1657,1646,8,10,1.38,1.2,46.2,7,8.0,3,1,0,19,75,0
3783,2018,Ligue 1,Away,1740,1452,11,9,1.54,1.73,51.8,8,7.0,0,2,0,12,90,0
3784,2019,Premier League,Away,1447,1476,9,5,1.0,1.14,46.2,7,6.0,1,0,0,15,75,0
3785,2023,Serie A,Away,1526,1444,5,6,1.29,0.81,51.1,6,5.0,3,2,0,19,9,0
3786,2024,Ligue 1,Home,1530,1500,14,9,1.48,1.24,52.0,5,7.0,1,3,0,17,5,1
3787,2018,Ligue 1,Home,1591,1626,11,7,1.32,1.01,,10,5.0,1,0,0,20,42,1
3788,2021,Premier League,Home,1575,1472,7,6,1.15,0.99,63.7,5,,1,0,1,19,59,1
3789,2019,La Liga,Away,1700,1900,9,14,1.66,0.98,53.0,10,4.0,2,1,0,13,46,0
3790,2023,Bundesliga,Away,1174,1437,9,8,1.11,1.11,37.5,4,4.0,1,1,0,15,14,0
3791,2024,Premier League,Away,1559,1693,7,10,1.57,1.26,43.3,6,6.0,0,1,1,12,91,0
3792,2025,La Liga,Home,1568,1576,7,9,1.12,0.98,45.5,6,6.0,2,0,0,19,63,0
3793,2020,Premier League,Away,1467,1515,10,7,1.66,2.07,54.7,4,8.0,2,2,0,15,37,1
3794,2020,Premier League,Home,1183,1706,0,12,0.88,1.43,41.3,4,5.0,3,1,0,17,41,0
3795,2020,Serie A,Away,1491,1276,7,10,1.09,1.37,53.4,7,5.0,0,4,1,13,46,1
3796,2024,Serie A,Away,1401,1560,7,9,1.5,1.1,46.0,5,3.0,0,1,0,12,37,0
3797,2021,Serie A,Home,1735,1400,8,10,1.94,1.39,60.1,6,6.0,0,4,0,15,55,1
3798,2018,Bundesliga,Home,1553,1439,4,6,1.33,1.59,56.2,6,7.0,0,1,0,20,81,1
3799,2025,La Liga,Home,1389,1432,6,5,1.02,1.3,55.7,4,3.0,1,1,0,21,79,0
3800,2018,La Liga,Away,1213,1365,6,4,1.14,1.18,47.9,4,6.0,2,2,0,18,35,0
3801,2025,Premier League,Home,1583,1269,7,2,1.11,1.2,57.4,5,4.0,0,0,0,21,25,1
3802,2019,Premier League,Away,1597,1554,6,7,2.09,1.3,53.8,4,7.0,0,1,0,12,38,0
3803,2022,La Liga,Away,1470,1491,10,10,1.06,1.18,49.1,3,3.0,1,1,0,13,62,0
3804,2020,Premier League,Away,1585,1458,10,10,1.53,1.46,55.8,3,5.0,2,3,0,19,16,0
3805,2023,Premier League,Away,1451,1606,6,7,1.26,0.72,45.8,7,8.0,0,2,0,20,13,0
3806,2021,Premier League,Away,1649,1563,12,7,1.28,1.41,58.7,4,10.0,1,0,0,13,65,0
3807,2020,Serie A,Home,1639,1463,10,7,1.27,1.3,61.4,8,7.0,1,0,0,21,34,1
3808,2021,Serie A,Home,1271,1900,9,13,1.38,0.55,33.9,3,3.0,0,1,0,16,74,0
3809,2025,Ligue 1,Away,1305,1643,7,11,1.23,1.31,52.6,7,6.0,4,1,0,21,32,0
3810,2019,Bundesliga,Home,1784,1842,7,11,1.49,1.17,50.2,4,6.0,3,3,0,17,19,0
3811,2019,Serie A,Home,1631,1442,7,6,1.35,1.2,57.5,6,5.0,0,0,0,19,10,1
3812,2018,Premier League,Home,1323,1535,4,11,0.95,1.48,52.5,6,5.0,1,3,0,15,60,1
3813,2023,Serie A,Home,1280,1327,6,5,1.33,1.16,59.6,4,3.0,0,1,0,21,60,1
3814,2023,Premier League,Away,1529,1454,7,5,1.61,0.82,58.4,4,6.0,1,0,0,19,10,0
3815,2022,La Liga,Home,1340,1418,3,6,1.31,1.38,50.3,8,6.0,0,0,0,17,89,0
3816,2018,La Liga,Away,1456,1900,9,13,1.37,0.77,,4,6.0,0,1,0,12,77,0
3817,2024,La Liga,Away,1493,1403,10,2,1.5,1.13,54.4,4,7.0,1,0,0,18,6,1
3818,2024,La Liga,Away,1487,1467,7,6,0.92,1.52,54.1,6,6.0,2,0,0,12,24,0
3819,2025,Bundesliga,Away,1658,1296,10,6,1.59,1.59,61.8,4,5.0,1,3,1,13,29,1
3820,2025,Bundesliga,Away,1757,1575,8,14,1.9,1.69,54.0,7,5.0,0,1,0,19,80,0
3821,2020,Bundesliga,Away,1433,1374,5,5,1.33,1.57,48.3,5,5.0,1,0,0,12,55,0
3822,2023,Serie A,Home,1342,1629,4,11,1.19,1.37,44.4,5,6.0,2,0,1,17,58,0
3823,2021,Serie A,Home,1554,1250,10,5,1.25,1.36,54.9,3,5.0,0,1,0,16,95,1
3824,2022,Premier League,Home,1728,1483,11,10,1.46,0.83,48.2,4,5.0,3,2,0,21,80,1
3825,2020,Bundesliga,Away,1444,1242,6,3,1.16,2.08,51.1,4,6.0,0,1,0,18,41,0
3826,2023,Serie A,Home,1619,1431,8,10,1.54,1.54,52.9,7,6.0,1,0,0,15,48,1
3827,2025,La Liga,Away,1383,1460,1,11,1.1,1.79,44.6,6,5.0,0,0,0,19,28,1
3828,2023,La Liga,Home,1503,1416,12,10,0.9,1.13,53.7,8,8.0,2,1,0,21,26,0
3829,2025,Ligue 1,Away,1337,1430,0,10,1.37,1.66,41.7,3,5.0,3,0,1,13,82,0
3830,2025,Serie A,Away,1502,1636,9,10,1.48,1.3,41.2,6,4.0,1,3,0,13,88,0
3831,2018,La Liga,Away,1484,1804,7,13,1.42,1.34,48.6,4,5.0,1,1,0,19,51,0
3832,2025,Serie A,Away,1585,1548,8,7,1.21,1.45,55.9,5,6.0,1,1,0,15,66,0
3833,2024,La Liga,Home,1749,1380,10,0,1.5,1.4,61.0,4,3.0,2,2,0,17,18,1
3834,2021,La Liga,Away,1446,1509,5,8,1.42,1.41,55.7,5,5.0,1,0,0,17,57,0
3835,2022,La Liga,Home,1220,1450,6,6,1.05,1.31,41.0,6,3.0,2,3,0,12,90,0
3836,2022,La Liga,Home,1472,1625,4,12,1.14,1.45,50.1,7,7.0,0,2,0,18,27,1
3837,2024,Bundesliga,Away,1542,1540,9,10,1.72,1.12,49.3,6,5.0,0,2,0,18,67,0
3838,2024,Premier League,Away,1528,1279,6,2,1.17,1.37,63.9,5,4.0,3,1,0,13,52,1
3839,2018,Bundesliga,Away,1478,1654,6,15,0.58,1.17,,5,5.0,2,1,0,13,85,0
3840,2018,La Liga,Away,1708,1635,9,10,1.6,1.38,47.6,6,5.0,0,0,1,17,4,0
3841,2019,Bundesliga,Home,1519,1709,7,7,1.4,1.18,52.3,6,8.0,1,0,0,13,78,1
3842,2022,Serie A,Home,1485,1428,9,4,1.35,1.33,49.6,7,6.0,3,0,0,15,81,0
3843,2024,Serie A,Away,1391,1542,6,2,1.33,1.58,40.5,10,5.0,1,1,0,19,63,0
3844,2023,Serie A,Away,1255,1334,7,7,0.94,1.65,55.8,4,10.0,0,2,0,15,59,1
3845,2019,Ligue 1,Home,1546,1493,11,6,1.66,1.24,54.7,8,7.0,1,3,0,13,69,1
3846,2023,Serie A,Home,1534,1556,9,6,1.05,1.04,45.3,6,4.0,0,4,0,16,37,1
3847,2021,Bundesliga,Away,1352,1411,7,5,1.18,1.39,48.2,5,5.0,0,1,0,18,74,0
3848,2020,Bundesliga,Away,1494,1548,13,7,1.19,1.15,48.2,4,6.0,0,0,0,12,7,1
3849,2024,Premier League,Away,1480,1524,4,9,1.58,1.14,44.6,6,8.0,3,1,0,19,27,0
3850,2020,La Liga,Home,1413,1437,9,2,1.06,1.59,45.3,6,6.0,1,4,0,19,78,0
3851,2022,La Liga,Home,1389,1696,10,7,1.25,1.46,42.0,8,6.0,1,1,0,13,56,0
3852,2019,La Liga,Away,1557,1467,9,8,1.43,1.36,57.3,5,4.0,1,2,0,13,67,1
3853,2021,La Liga,Away,1468,1519,12,6,1.36,1.33,53.1,6,5.0,1,0,0,20,80,1
3854,2022,La Liga,Home,1417,1295,11,7,1.08,1.35,50.5,6,4.0,0,0,1,13,63,1
3855,2022,Serie A,Away,1379,1573,5,7,1.31,1.02,49.5,7,5.0,1,3,0,18,65,0
3856,2025,Premier League,Home,1482,1433,7,11,1.34,1.61,58.8,8,8.0,1,1,0,21,63,1
3857,2020,Bundesliga,Away,1629,1634,10,10,1.58,0.91,45.7,7,8.0,1,0,0,20,66,0
3858,2025,La Liga,Away,1529,1316,6,8,1.78,1.36,59.2,4,4.0,0,0,0,20,20,0
3859,2024,Bundesliga,Away,1467,1560,14,10,1.34,1.13,47.9,6,5.0,3,2,0,18,63,0
3860,2020,Premier League,Home,1543,1195,10,5,1.15,1.73,57.5,6,10.0,1,0,0,12,33,1
3861,2019,La Liga,Away,1691,1586,10,7,2.05,1.22,52.9,10,4.0,0,1,0,20,9,0
3862,2020,Premier League,Home,1569,1476,5,10,1.67,1.23,56.5,6,4.0,1,0,0,18,56,1
3863,2023,Serie A,Home,1536,1556,9,9,1.55,1.64,43.4,3,3.0,1,0,0,15,58,0
3864,2024,La Liga,Home,1589,1416,5,4,1.4,1.83,54.5,7,6.0,0,1,0,20,48,0
3865,2022,Ligue 1,Home,1478,1367,9,0,1.51,1.57,51.1,5,10.0,3,0,0,12,92,1
3866,2023,La Liga,Home,1526,1439,1,7,0.86,1.44,52.4,6,8.0,1,0,0,15,81,0
3867,2018,Serie A,Home,1432,1527,10,12,1.66,1.2,46.9,7,4.0,2,0,0,18,15,0
3868,2022,Premier League,Home,1283,1581,4,6,1.34,1.27,39.0,10,7.0,2,1,0,21,34,1
3869,2024,Serie A,Home,1548,1543,4,6,1.36,1.01,59.7,7,3.0,1,0,0,12,25,0
3870,2021,La Liga,Away,1549,1369,8,5,1.62,1.72,41.6,4,6.0,3,0,0,18,88,0
3871,2025,La Liga,Away,1460,1757,7,13,1.46,1.09,45.6,4,8.0,0,2,0,20,65,0
3872,2018,Premier League,Away,1645,1547,9,3,1.26,1.14,55.5,10,5.0,0,0,0,15,25,1
3873,2025,Premier League,Away,1399,1413,10,5,1.28,1.35,50.2,4,5.0,0,1,0,13,9,0
3874,2024,Premier League,Away,1252,1559,6,6,1.17,1.47,43.9,4,,0,1,0,18,92,0
3875,2023,Ligue 1,Away,1402,1536,8,9,1.21,1.25,50.0,8,8.0,2,1,0,17,73,0
3876,2022,La Liga,Home,1284,1475,4,7,1.06,1.18,42.8,5,6.0,0,0,0,19,93,0
3877,2025,Premier League,Away,1547,1459,9,6,1.63,0.86,50.5,3,8.0,0,3,0,13,79,0
3878,2021,Ligue 1,Home,1395,1638,3,9,1.28,1.21,42.5,6,6.0,0,1,0,16,16,0
3879,2019,Premier League,Home,1638,1742,10,12,1.97,1.23,50.0,5,5.0,2,0,0,12,42,0
3880,2025,La Liga,Home,1635,1215,7,7,1.34,1.48,63.2,5,7.0,3,0,0,16,49,0
3881,2018,Bundesliga,Home,1371,1672,9,12,1.31,1.0,37.4,6,7.0,0,2,0,17,23,1
3882,2023,Ligue 1,Away,1387,1503,6,9,1.0,1.07,47.0,10,6.0,0,0,0,18,43,0
3883,2020,Bundesliga,Home,1575,1533,10,11,1.6,1.23,48.2,3,4.0,0,1,0,13,11,1
3884,2025,La Liga,Home,1637,1689,10,7,1.22,0.9,44.2,4,3.0,1,0,0,18,34,1
3885,2025,Ligue 1,Away,1218,1150,9,4,1.11,1.38,49.5,7,3.0,1,0,0,13,37,1
3886,2021,Premier League,Home,1539,1614,4,15,1.69,1.13,42.7,4,4.0,2,1,0,15,23,0
3887,2022,Ligue 1,Away,1192,1680,4,5,1.02,1.66,30.0,10,4.0,2,2,0,20,93,0
3888,2021,Bundesliga,Away,1423,1404,4,5,1.02,2.02,51.1,5,6.0,0,0,0,13,79,0
3889,2021,Ligue 1,Away,1653,1305,4,2,1.75,1.82,63.6,6,5.0,0,2,0,16,32,0
3890,2025,Premier League,Home,1900,1730,10,11,1.88,1.3,52.9,4,3.0,0,0,0,21,73,1
3891,2020,Premier League,Home,1467,1254,10,8,1.29,1.09,60.2,5,8.0,0,0,0,17,66,0
3892,2025,Serie A,Away,1325,1559,5,10,0.92,1.97,48.2,6,6.0,2,4,0,18,47,1
3893,2023,Serie A,Away,1428,1643,6,9,0.87,1.32,40.5,10,5.0,1,1,0,18,8,0
3894,2025,Serie A,Home,1509,1556,10,10,1.92,1.02,44.9,5,5.0,2,2,0,13,41,0
3895,2022,Ligue 1,Home,1406,1579,7,8,1.1,1.95,38.7,8,3.0,1,0,0,18,32,0
3896,2024,Serie A,Away,1371,1463,8,8,0.96,1.36,49.1,4,6.0,3,1,1,16,22,0
3897,2021,La Liga,Away,1440,1565,8,10,1.36,1.5,49.6,3,10.0,1,1,0,17,78,0
3898,2021,La Liga,Home,1555,1401,10,11,1.16,1.36,54.0,7,6.0,0,2,0,12,79,1
3899,2020,Premier League,Away,1476,1419,6,8,1.45,1.56,47.7,7,3.0,3,2,0,18,57,0
3900,2019,Premier League,Away,1377,1505,9,8,1.55,1.52,46.6,3,6.0,2,0,1,20,18,0
3901,2018,Premier League,Away,1406,1284,3,10,0.98,1.76,56.7,3,3.0,1,1,0,19,61,0
3902,2021,Bundesliga,Away,1442,1581,7,3,1.21,1.6,49.6,7,8.0,0,2,0,15,6,0
3903,2025,Bundesliga,Home,1360,1153,9,3,1.3,1.7,57.9,4,6.0,2,2,0,20,75,0
3904,2025,Serie A,Home,1401,1551,6,6,0.94,1.36,48.0,5,6.0,1,0,0,16,20,1
3905,2023,La Liga,Away,1590,1564,7,8,1.22,1.28,56.5,8,8.0,1,2,0,17,53,0
3906,2020,Serie A,Home,1468,1389,13,8,1.29,1.19,47.2,6,7.0,0,2,0,13,33,1
3907,2022,Bundesliga,Away,1255,1327,8,8,1.57,1.28,45.3,8,6.0,1,0,0,16,69,1
3908,2024,Ligue 1,Away,1643,1443,10,5,1.29,1.32,50.5,3,5.0,0,1,0,21,21,1
3909,2018,Serie A,Home,1558,1590,6,10,1.34,1.58,47.3,5,8.0,1,0,0,20,37,1
3910,2025,Bundesliga,Away,1306,1548,0,6,1.76,1.42,51.4,4,3.0,4,0,0,15,31,0
3911,2024,Serie A,Home,1449,1344,9,2,1.49,1.47,49.0,5,5.0,3,0,0,18,23,0
3912,2025,La Liga,Home,1389,1515,9,8,0.8,1.27,43.3,7,5.0,0,2,0,12,53,0
3913,2018,Ligue 1,Home,1595,1537,10,7,1.4,1.02,43.0,8,8.0,1,1,0,21,88,0
3914,2025,La Liga,Home,1448,1531,2,12,1.44,1.1,51.2,4,4.0,3,2,0,12,14,0
3915,2022,La Liga,Away,1490,1362,8,11,1.7,1.51,53.1,5,6.0,1,4,0,15,30,1
3916,2022,La Liga,Away,1474,1522,6,6,1.67,1.33,55.8,5,6.0,0,3,0,17,64,1
3917,2019,Serie A,Home,1293,1628,5,4,1.26,1.43,48.7,4,10.0,0,2,0,21,69,1
3918,2021,Serie A,Away,1697,1575,15,5,1.75,1.23,47.5,4,8.0,0,0,0,12,10,1
3919,2020,Serie A,Home,1593,1558,11,6,1.13,1.44,50.6,7,5.0,3,2,0,15,37,0
3920,2025,La Liga,Away,1395,1730,8,11,1.06,0.76,48.0,8,3.0,0,1,0,21,41,0
3921,2020,Premier League,Away,1527,1523,8,7,1.06,1.09,46.5,3,7.0,0,0,0,13,48,0
3922,2019,Ligue 1,Home,1636,1382,10,3,1.76,1.52,61.3,8,4.0,1,2,0,16,94,1
3923,2025,La Liga,Away,1508,1383,6,11,1.45,1.46,40.7,7,7.0,2,2,0,18,60,0
3924,2019,Ligue 1,Home,1718,1525,12,10,1.62,1.51,54.6,4,6.0,0,2,0,15,81,1
3925,2025,Premier League,Home,1900,1299,12,10,2.18,1.82,61.9,6,3.0,0,1,0,15,82,1
3926,2025,Serie A,Home,1482,1456,5,2,1.46,1.69,56.0,5,3.0,3,2,0,21,5,0
3927,2020,Serie A,Away,1418,1565,9,12,1.54,1.69,44.5,4,4.0,0,0,0,16,92,0
3928,2023,Bundesliga,Away,1361,1664,0,9,1.39,1.66,46.6,3,4.0,0,2,0,16,66,0
3929,2024,Premier League,Away,1190,1284,2,4,1.22,1.46,50.3,6,4.0,1,0,0,15,90,0
3930,2022,Ligue 1,Home,1675,1514,11,8,1.28,1.91,50.3,3,4.0,0,0,0,17,50,0
3931,2023,Serie A,Away,1451,1490,10,6,1.54,2.08,53.5,7,8.0,2,0,0,12,3,1
3932,2019,Serie A,Away,1623,1505,10,7,1.6,1.02,55.7,6,6.0,3,4,0,15,33,1
3933,2022,Serie A,Home,1651,1520,8,10,1.41,1.18,,6,3.0,3,0,0,20,92,1
3934,2022,Premier League,Home,1349,1496,6,2,1.36,1.44,49.0,6,3.0,2,1,1,18,68,1
3935,2022,Serie A,Away,1370,1695,7,14,1.53,1.23,39.6,6,6.0,3,2,0,21,55,1
3936,2025,La Liga,Away,1744,1674,14,11,1.59,0.77,54.1,8,6.0,3,1,0,13,86,0
3937,2024,La Liga,Away,1490,1800,10,11,1.15,0.84,43.6,6,7.0,0,0,0,17,39,0
3938,2022,Serie A,Away,1408,1499,9,10,1.07,1.41,52.8,4,6.0,1,0,0,17,81,0
3939,2021,Serie A,Away,1354,1443,6,8,0.84,1.35,52.6,7,6.0,1,0,0,13,21,0
3940,2021,Premier League,Away,1480,1365,4,5,1.29,1.63,49.0,5,7.0,1,0,0,18,27,0
3941,2018,Premier League,Home,1711,1427,6,5,1.73,1.9,54.6,8,3.0,0,3,0,18,15,1
3942,2022,Premier League,Away,1596,1600,8,13,1.89,0.95,48.7,5,6.0,1,1,0,13,13,0
3943,2020,Premier League,Home,1525,1622,10,5,1.18,1.82,53.0,4,4.0,1,0,0,16,59,0
3944,2025,Serie A,Away,1722,1595,9,8,1.68,1.73,,3,4.0,0,1,0,12,27,0
3945,2024,Premier League,Home,1695,1407,11,3,1.57,1.0,58.8,5,7.0,1,1,0,16,17,1
3946,2025,Ligue 1,Home,1547,1408,6,8,1.4,1.13,58.0,6,10.0,2,3,0,20,68,1
3947,2025,Premier League,Home,1889,1774,11,11,1.4,1.0,53.1,3,,2,1,0,17,87,1
3948,2021,Premier League,Home,1465,1384,11,3,1.06,1.22,60.7,10,6.0,0,2,0,16,32,1
3949,2021,Ligue 1,Away,1654,1698,11,8,1.97,1.32,46.2,6,7.0,3,3,0,18,88,1
3950,2022,La Liga,Home,1445,1557,6,8,1.54,1.46,49.9,7,8.0,0,1,0,18,28,0
3951,2021,La Liga,Away,1626,1397,7,7,1.56,1.48,57.7,3,6.0,0,1,1,15,55,0
3952,2020,Ligue 1,Home,1465,1334,10,0,1.43,1.59,53.9,5,7.0,0,2,0,16,80,0
3953,2023,Ligue 1,Away,1565,1404,11,5,1.61,1.4,43.4,5,4.0,1,2,0,13,31,0
3954,2021,Bundesliga,Away,1835,1558,13,9,1.61,1.4,55.6,6,5.0,3,1,0,16,92,1
3955,2025,Premier League,Home,1633,1373,9,9,1.39,1.94,47.8,5,8.0,0,2,0,13,56,0
3956,2019,Serie A,Home,1567,1718,5,12,1.27,0.56,43.8,4,3.0,1,2,0,21,55,0
3957,2021,Ligue 1,Away,1392,1471,6,6,1.27,1.38,47.7,7,6.0,2,0,0,20,57,0
3958,2022,Ligue 1,Away,1526,1598,11,11,1.09,1.38,59.7,6,4.0,1,1,0,20,69,0
3959,2025,Premier League,Home,1359,1587,3,8,1.03,1.25,48.1,5,3.0,3,4,0,17,7,1
3960,2022,La Liga,Away,1624,1727,9,2,1.61,1.22,42.3,8,4.0,1,0,0,20,27,1
3961,2018,La Liga,Away,1621,1439,13,11,1.39,1.7,55.6,4,5.0,1,1,0,12,33,1
3962,2020,Premier League,Away,1475,1515,6,9,0.88,1.21,51.1,6,6.0,0,0,0,18,7,0
3963,2025,Bundesliga,Away,1733,1304,10,6,1.51,2.08,61.2,7,4.0,1,2,0,15,52,1
3964,2020,La Liga,Away,1713,1514,7,8,1.72,0.97,55.1,7,6.0,0,0,0,16,11,1
3965,2020,La Liga,Away,1521,1660,9,10,1.4,1.36,43.8,6,10.0,2,3,0,21,41,0
3966,2019,Premier League,Home,1579,1531,7,8,1.01,1.32,53.0,3,6.0,2,1,0,16,21,0
3967,2023,Serie A,Home,1418,1824,2,11,1.52,1.12,41.2,3,3.0,1,1,1,16,39,0
3968,2019,Premier League,Away,1462,1573,5,7,1.25,1.47,50.6,6,4.0,1,0,0,19,6,1
3969,2020,La Liga,Away,1349,1424,6,7,1.27,1.26,52.3,5,3.0,2,1,0,16,90,1
3970,2023,Premier League,Away,1433,1564,3,6,1.54,1.57,50.8,5,6.0,1,0,0,15,38,0
3971,2025,Ligue 1,Home,1485,1295,4,2,1.3,2.03,55.3,5,8.0,0,3,0,20,21,1
3972,2019,Premier League,Home,1268,1388,6,7,0.62,1.38,46.2,4,7.0,2,2,0,17,7,0
3973,2020,Serie A,Away,1581,1330,8,8,1.88,1.37,60.0,6,3.0,3,0,0,18,81,0
3974,2018,Premier League,Away,1643,1502,7,5,0.96,1.66,49.4,5,7.0,1,4,0,12,60,1
3975,2021,Premier League,Away,1499,1492,7,6,1.27,1.6,37.8,3,6.0,0,3,1,13,34,0
3976,2025,Premier League,Home,1150,1669,8,5,1.29,0.81,30.0,8,8.0,1,0,0,17,4,0
3977,2020,Premier League,Away,1465,1486,10,4,1.14,1.5,40.1,5,5.0,4,0,0,15,58,0
3978,2020,Premier League,Away,1305,1360,5,2,0.98,1.67,51.4,4,5.0,2,1,0,19,95,0
3979,2021,Serie A,Away,1415,1718,9,13,1.2,1.14,43.1,7,10.0,2,1,0,15,44,0
3980,2025,Serie A,Home,1703,1150,10,0,1.53,2.04,67.8,7,5.0,1,1,0,15,56,1
3981,2022,Premier League,Away,1159,1505,0,9,0.76,0.94,43.9,4,4.0,0,1,0,16,27,0
3982,2022,La Liga,Home,1386,1530,1,7,1.07,0.79,51.6,8,10.0,0,0,0,19,39,0
3983,2024,Serie A,Home,1616,1499,7,9,1.75,1.62,,6,8.0,1,1,0,19,79,1
3984,2023,Premier League,Away,1402,1570,2,11,1.11,1.08,50.5,4,3.0,0,2,0,20,12,0
3985,2022,La Liga,Away,1391,1515,7,8,1.36,1.33,51.7,7,4.0,3,0,0,17,52,0
3986,2022,Premier League,Home,1785,1570,9,11,1.44,1.0,63.6,6,8.0,0,1,0,17,39,1
3987,2022,Premier League,Home,1553,1416,9,11,1.75,1.64,63.8,8,4.0,1,0,1,16,40,1
3988,2019,La Liga,Away,1631,1296,10,9,1.73,1.62,58.7,8,5.0,2,1,0,19,42,1
3989,2021,Ligue 1,Away,1569,1494,10,6,1.4,1.32,59.6,6,5.0,0,0,1,16,79,1
3990,2024,Ligue 1,Away,1523,1356,5,1,1.54,1.17,51.3,6,5.0,3,3,1,19,28,0
3991,2018,Ligue 1,Home,1677,1398,11,6,1.93,1.4,54.3,4,4.0,0,3,0,18,58,1
3992,2024,La Liga,Home,1767,1663,8,10,1.39,1.29,60.9,7,4.0,2,0,0,18,91,1
3993,2022,Premier League,Away,1264,1718,7,5,0.83,1.02,39.2,7,5.0,1,1,0,21,54,0
3994,2020,La Liga,Home,1495,1660,11,10,1.44,1.08,37.5,10,6.0,0,0,0,19,4,0
3995,2018,Premier League,Away,1494,1634,9,2,1.02,1.23,40.5,4,3.0,0,0,0,13,78,1
3996,2024,Premier League,Away,1440,1508,6,12,0.9,1.51,44.4,6,3.0,0,0,0,19,12,0
3997,2018,Premier League,Away,1637,1642,11,10,1.1,1.33,44.0,10,6.0,0,3,0,13,43,1
3998,2022,La Liga,Away,1536,1550,4,6,1.43,1.6,52.3,7,4.0,2,1,0,20,94,0
3999,2019,La Liga,Home,1770,1773,6,11,1.14,1.08,45.6,5,4.0,0,2,0,17,13,1
4000,2025,Premier League,Away,1654,1371,11,7,1.42,1.72,55.7,3,,4,0,0,15,16,1
4001,2019,Bundesliga,Home,1691,1594,13,10,0.7,0.97,49.4,10,7.0,0,2,0,18,13,0
4002,2024,La Liga,Home,1332,1323,2,6,1.27,1.61,43.4,6,4.0,4,1,0,16,36,0
4003,2022,Bundesliga,Away,1387,1595,6,11,1.35,1.35,38.2,7,6.0,3,1,1,12,30,0
4004,2018,Premier League,Home,1399,1259,7,1,1.19,2.16,58.1,3,6.0,1,2,0,16,84,1
4005,2023,Serie A,Away,1685,1330,8,5,1.85,1.34,60.5,6,4.0,1,0,0,15,6,1
4006,2025,Premier League,Away,1365,1320,5,10,1.4,1.21,35.1,8,,1,1,0,13,30,1
4007,2019,Serie A,Away,1369,1535,8,7,1.01,1.13,42.7,6,10.0,0,2,0,18,44,0
4008,2025,Premier League,Home,1343,1550,6,9,0.96,1.15,49.3,5,5.0,4,0,0,18,82,0
4009,2024,Premier League,Home,1885,1843,12,9,1.99,1.14,53.9,4,10.0,3,2,0,15,8,1
4010,2023,Serie A,Away,1480,1487,5,13,1.5,1.05,60.5,3,4.0,0,3,0,13,50,1
4011,2020,La Liga,Home,1574,1608,8,10,1.36,1.34,47.9,3,7.0,0,0,0,15,30,0
4012,2018,Premier League,Home,1340,1523,5,5,0.73,1.34,47.3,5,6.0,2,0,0,16,1,0
4013,2021,Ligue 1,Away,1634,1596,8,11,1.73,1.49,46.5,6,6.0,0,4,0,21,7,1
4014,2024,Premier League,Home,1252,1520,3,5,1.09,1.49,35.6,8,8.0,1,0,0,17,39,1
4015,2022,Serie A,Home,1363,1654,6,11,1.18,1.42,44.5,10,10.0,0,2,0,15,84,1
4016,2023,Serie A,Home,1398,1353,4,8,0.53,1.61,49.2,3,3.0,1,2,0,12,51,0
4017,2024,Premier League,Away,1531,1157,8,9,1.52,1.95,72.0,4,4.0,0,2,0,21,89,1
4018,2020,La Liga,Away,1389,1558,5,9,1.21,0.93,42.8,3,4.0,1,1,0,13,48,1
4019,2018,Premier League,Home,1713,1247,8,5,1.45,1.21,59.5,5,5.0,1,0,0,21,92,1
4020,2025,Bundesliga,Away,1570,1684,3,4,1.22,1.18,47.6,6,,2,0,0,18,52,0
4021,2022,Premier League,Home,1403,1423,9,5,1.27,1.44,54.2,5,8.0,1,2,0,19,29,1
4022,2022,Premier League,Away,1640,1355,11,4,1.62,1.22,61.4,7,10.0,2,1,0,21,19,1
4023,2022,La Liga,Home,1445,1878,5,12,1.19,1.15,30.9,3,5.0,0,0,0,21,30,0
4024,2024,Ligue 1,Home,1417,1497,8,6,1.4,1.03,54.5,6,5.0,1,0,0,20,13,1
4025,2024,Bundesliga,Home,1625,1471,6,9,1.2,1.31,53.0,10,7.0,3,2,0,20,68,1
4026,2023,Ligue 1,Home,1157,1605,3,7,0.81,1.25,30.0,4,7.0,0,4,0,15,47,0
4027,2024,Serie A,Home,1603,1614,7,10,1.63,1.39,49.7,10,3.0,2,3,0,20,10,0
4028,2020,Serie A,Away,1400,1659,6,9,1.14,1.08,38.4,7,6.0,0,2,0,20,25,0
4029,2023,Serie A,Home,1400,1313,8,4,1.67,1.82,58.1,5,7.0,1,0,0,15,34,1
4030,2025,Ligue 1,Away,1774,1575,10,7,1.72,1.7,56.7,5,3.0,3,2,0,13,93,0
4031,2019,Serie A,Away,1426,1459,6,8,0.98,1.77,54.6,3,6.0,0,1,0,15,53,1
4032,2022,La Liga,Away,1634,1371,11,10,1.11,1.92,62.5,6,3.0,0,1,1,16,14,0
4033,2023,Serie A,Away,1539,1507,8,6,1.59,1.61,48.5,6,4.0,0,0,0,19,73,0
4034,2022,Serie A,Home,1554,1246,7,5,1.26,1.73,58.9,4,3.0,1,0,0,15,3,1
4035,2025,Premier League,Away,1465,1629,8,10,1.54,1.05,51.6,6,10.0,1,0,0,16,87,0
4036,2021,La Liga,Home,1458,1459,10,7,1.17,1.25,51.1,10,6.0,1,0,0,15,89,0
4037,2019,La Liga,Away,1714,1433,13,2,1.65,1.65,52.9,10,10.0,2,1,0,13,85,0
4038,2019,Bundesliga,Away,1630,1481,6,9,1.41,0.92,60.9,7,8.0,3,4,0,16,51,0
4039,2024,La Liga,Home,1430,1477,3,3,1.34,1.7,49.0,4,5.0,3,4,0,17,23,1
4040,2023,Bundesliga,Home,1354,1660,8,6,1.37,1.05,38.4,5,6.0,2,3,0,20,41,0
4041,2022,La Liga,Home,1418,1347,6,2,1.26,1.35,61.4,6,7.0,2,1,0,19,79,0
4042,2021,Bundesliga,Away,1637,1446,3,6,1.67,1.59,45.2,4,4.0,1,1,0,18,33,1
4043,2021,Premier League,Home,1665,1470,8,5,1.11,1.45,51.5,8,3.0,2,4,0,15,75,1
4044,2025,Ligue 1,Home,1578,1351,7,2,1.54,1.38,52.8,6,7.0,0,1,0,17,80,1
4045,2023,Serie A,Home,1274,1522,4,9,1.11,1.1,48.2,4,6.0,3,0,0,21,32,0
4046,2025,Premier League,Away,1606,1399,11,6,1.4,1.07,53.4,8,8.0,3,1,0,16,37,1
4047,2024,Premier League,Away,1683,1303,7,7,0.95,0.99,56.1,6,7.0,2,0,0,19,73,0
4048,2024,La Liga,Away,1524,1574,10,6,0.96,1.65,54.0,7,4.0,2,2,0,12,24,1
4049,2022,La Liga,Away,1777,1717,12,10,1.71,1.1,55.4,6,4.0,3,2,0,13,55,0
4050,2019,Bundesliga,Home,1315,1507,2,10,1.23,1.12,43.8,10,5.0,2,1,0,15,9,0
4051,2023,Ligue 1,Home,1596,1486,8,4,1.56,1.55,53.9,8,4.0,1,0,0,17,67,1
4052,2023,Serie A,Home,1357,1483,7,6,1.19,1.17,41.2,8,5.0,4,1,0,12,25,0
4053,2022,Serie A,Away,1648,1428,9,9,1.21,1.22,54.4,8,4.0,1,2,0,19,19,1
4054,2018,La Liga,Away,1586,1664,10,10,1.19,1.5,47.7,6,8.0,3,2,0,16,84,0
4055,2025,Bundesliga,Away,1752,1513,9,7,1.1,1.52,,8,7.0,2,0,0,16,32,1
4056,2024,Bundesliga,Home,1570,1195,10,4,1.46,1.67,,5,4.0,3,0,0,12,85,1
4057,2020,La Liga,Away,1443,1668,6,13,1.76,1.06,42.4,3,6.0,0,2,0,17,42,0
4058,2021,Ligue 1,Home,1431,1634,13,9,1.25,1.29,50.2,5,8.0,1,1,0,17,4,0
4059,2018,La Liga,Away,1465,1584,4,9,1.12,1.42,49.9,4,4.0,1,0,0,13,70,0
4060,2025,Bundesliga,Away,1428,1150,14,3,1.28,1.73,54.0,4,7.0,2,2,0,18,32,1
4061,2019,Ligue 1,Away,1689,1500,7,3,1.52,1.65,67.7,6,4.0,1,1,1,21,29,1
4062,2021,Bundesliga,Home,1679,1625,13,10,1.11,0.99,46.0,4,5.0,0,2,0,20,35,0
4063,2021,Premier League,Away,1290,1553,7,6,1.18,1.24,46.2,3,6.0,1,1,1,21,16,0
4064,2020,Serie A,Home,1505,1529,5,5,1.33,1.46,46.8,4,7.0,2,3,0,15,71,1
4065,2023,Premier League,Away,1509,1625,9,4,1.32,1.09,53.2,6,4.0,1,2,0,20,88,0
4066,2025,Bundesliga,Away,1391,1520,5,4,1.73,1.57,46.2,5,8.0,2,3,0,16,21,0
4067,2024,La Liga,Home,1561,1669,9,4,1.39,1.53,46.1,5,5.0,0,1,0,13,93,1
4068,2022,Bundesliga,Home,1705,1523,10,5,2.03,1.34,59.4,7,5.0,1,3,0,18,88,0
4069,2019,Ligue 1,Home,1625,1512,8,7,1.28,1.43,52.0,4,4.0,3,3,0,12,89,1
4070,2024,Premier League,Home,1689,1625,9,12,1.18,1.19,55.3,7,5.0,3,0,0,15,20,1
4071,2020,La Liga,Away,1399,1444,7,7,1.04,1.33,48.3,4,5.0,3,4,0,12,32,0
4072,2025,Serie A,Away,1505,1346,5,6,1.65,1.81,40.8,3,7.0,3,0,0,17,58,0
4073,2021,La Liga,Home,1393,1501,4,11,1.04,1.14,58.1,5,5.0,0,2,0,16,82,1
4074,2022,Premier League,Home,1534,1583,10,1,1.03,1.48,51.4,8,5.0,1,1,0,18,72,1
4075,2021,Premier League,Home,1546,1630,9,10,1.49,1.11,46.4,7,4.0,2,1,0,18,27,1
4076,2021,La Liga,Away,1634,1630,6,10,1.4,1.02,56.9,7,6.0,0,1,0,16,61,0
4077,2019,Serie A,Away,1684,1490,7,10,1.7,1.61,50.0,3,5.0,2,0,0,20,40,0
4078,2022,Serie A,Home,1596,1476,3,3,1.29,1.55,48.4,4,7.0,2,1,1,21,91,0
4079,2021,Premier League,Home,1380,1417,8,5,0.99,1.26,42.0,6,4.0,1,2,0,20,24,1
4080,2024,La Liga,Home,1311,1535,7,5,1.56,1.28,43.4,6,6.0,4,3,0,21,17,0
4081,2021,La Liga,Home,1573,1270,6,1,1.22,1.53,54.3,5,3.0,2,1,0,20,67,0
4082,2025,La Liga,Away,1710,1503,12,14,1.37,1.41,53.7,8,4.0,0,3,0,13,58,1
4083,2020,Bundesliga,Away,1497,1899,13,11,1.46,0.87,32.6,10,10.0,0,0,0,21,91,1
4084,2020,La Liga,Home,1286,1289,1,7,0.42,1.97,46.5,4,6.0,2,3,0,16,67,1
4085,2018,Serie A,Home,1792,1522,9,10,1.85,1.05,59.0,4,6.0,0,0,0,20,81,1
4086,2023,Ligue 1,Away,1569,1553,4,4,1.87,0.92,57.2,10,3.0,0,2,0,21,76,0
4087,2018,Serie A,Away,1524,1571,10,7,1.59,1.26,49.0,7,3.0,1,1,0,20,40,0
4088,2020,Serie A,Home,1336,1365,5,6,0.91,0.97,46.8,4,4.0,2,0,0,21,49,0
4089,2025,Premier League,Home,1502,1572,6,9,1.17,1.09,51.4,8,5.0,1,2,0,17,29,1
4090,2022,Premier League,Home,1596,1425,9,7,1.47,1.26,60.2,6,3.0,2,3,0,15,54,1
4091,2022,Premier League,Home,1570,1300,7,10,1.52,1.53,62.4,6,5.0,1,2,0,21,19,1
4092,2024,Bundesliga,Away,1405,1633,5,11,1.65,1.18,46.9,7,4.0,3,0,0,18,90,1
4093,2024,Bundesliga,Away,1492,1593,8,10,1.73,1.33,43.7,4,8.0,2,2,1,19,9,0
4094,2025,Premier League,Home,1414,1365,5,8,1.2,1.28,50.9,5,6.0,1,4,0,16,81,0
4095,2023,Premier League,Home,1733,1424,9,10,1.47,1.32,58.9,5,6.0,2,1,0,13,9,1
4096,2021,La Liga,Away,1625,1419,9,5,1.29,1.57,42.9,5,5.0,0,2,0,16,83,1
4097,2019,Serie A,Home,1427,1270,7,1,1.43,0.99,54.1,3,4.0,4,2,0,20,16,1
4098,2020,Serie A,Home,1336,1607,7,7,1.44,1.36,51.8,5,5.0,0,0,0,12,85,0
4099,2023,Bundesliga,Home,1539,1612,9,5,1.41,0.71,45.0,4,6.0,0,0,0,18,58,1
4100,2020,Ligue 1,Home,1431,1453,3,4,1.27,1.39,40.4,6,7.0,0,1,0,19,77,0
4101,2023,La Liga,Home,1441,1496,10,8,1.81,1.48,45.3,8,10.0,2,0,0,21,55,0
4102,2019,Serie A,Home,1341,1516,6,6,1.35,1.41,42.1,7,6.0,0,4,0,13,23,1
4103,2018,Serie A,Home,1358,1534,5,10,0.68,1.16,51.1,5,7.0,0,0,0,20,13,0
4104,2020,La Liga,Away,1523,1311,5,6,1.37,1.58,68.5,5,6.0,0,3,0,19,8,1
4105,2019,Ligue 1,Away,1463,1568,12,9,1.36,1.05,48.2,6,4.0,0,1,1,19,90,0
4106,2024,Premier League,Home,1850,1335,15,2,1.67,1.84,58.6,8,6.0,0,3,0,12,91,1
4107,2021,Bundesliga,Home,1583,1595,13,6,1.76,1.47,43.6,10,7.0,1,0,0,15,42,0
4108,2021,Bundesliga,Home,1339,1351,6,1,1.09,1.25,54.9,7,4.0,0,0,0,16,75,1
4109,2021,Ligue 1,Home,1285,1318,6,7,0.87,1.86,52.8,5,8.0,3,0,0,12,89,0
4110,2020,Serie A,Home,1556,1496,12,12,1.23,1.4,57.4,4,6.0,0,3,0,20,95,1
4111,2025,La Liga,Away,1444,1493,6,8,1.46,1.07,46.1,4,6.0,0,4,0,12,2,0
4112,2023,Bundesliga,Home,1686,1515,11,8,1.22,1.63,62.4,3,6.0,0,2,0,20,38,1
4113,2019,Bundesliga,Home,1539,1375,9,5,1.27,1.87,55.0,5,6.0,1,1,0,20,43,1
4114,2019,Serie A,Home,1222,1528,9,7,1.26,1.26,38.8,3,7.0,2,0,0,13,68,1
4115,2018,Bundesliga,Away,1357,1542,10,11,0.85,1.4,35.1,6,4.0,0,2,0,12,66,1
4116,2020,La Liga,Away,1405,1663,6,10,0.99,1.2,41.0,4,,0,2,0,20,66,0
4117,2023,Serie A,Away,1562,1526,12,9,0.99,1.47,48.3,7,5.0,0,4,0,16,43,0
4118,2025,Ligue 1,Away,1353,1416,6,10,0.96,1.62,43.1,5,6.0,3,0,0,20,40,0
4119,2021,La Liga,Home,1521,1311,6,8,1.24,1.77,57.5,8,6.0,1,2,0,19,38,1
4120,2018,Serie A,Home,1313,1286,5,5,1.08,1.08,47.2,3,8.0,2,0,0,13,54,0
4121,2018,Ligue 1,Home,1501,1545,8,8,1.12,1.18,,3,4.0,3,4,0,17,89,1
4122,2021,Bundesliga,Away,1552,1611,6,8,1.31,1.49,43.9,7,5.0,2,3,0,13,37,0
4123,2020,Ligue 1,Away,1705,1375,9,7,1.82,1.29,51.2,6,3.0,1,1,0,20,44,0
4124,2022,La Liga,Home,1534,1536,4,7,1.47,1.4,47.1,4,5.0,3,1,0,16,57,0
4125,2018,Ligue 1,Away,1386,1476,4,8,1.76,1.14,45.0,8,7.0,0,1,0,15,46,1
4126,2019,Premier League,Home,1709,1601,11,11,1.41,1.43,51.5,6,5.0,0,0,0,17,24,0
4127,2022,Serie A,Away,1474,1621,10,5,1.21,1.25,48.2,6,6.0,1,0,0,20,10,0
4128,2020,La Liga,Home,1608,1183,11,0,1.51,1.79,68.3,7,7.0,0,2,0,12,30,1
4129,2020,Bundesliga,Home,1414,1644,8,9,1.13,1.32,49.3,6,6.0,2,1,0,16,89,1
4130,2019,Ligue 1,Home,1513,1535,4,10,1.36,0.97,41.6,3,7.0,0,2,0,19,42,1
4131,2018,Bundesliga,Home,1388,1426,4,7,0.75,1.94,53.5,8,3.0,3,2,0,21,2,0
4132,2020,Serie A,Home,1545,1430,8,4,1.31,1.09,58.3,7,7.0,2,0,0,13,88,1
4133,2020,La Liga,Home,1613,1504,11,10,1.69,1.97,56.5,6,8.0,2,2,1,19,45,1
4134,2025,Serie A,Home,1431,1429,5,12,1.75,0.87,47.8,6,7.0,1,2,0,13,83,1
4135,2025,Serie A,Home,1423,1369,3,4,1.63,1.48,58.7,7,5.0,3,0,0,19,21,1
4136,2021,Premier League,Home,1550,1401,12,4,1.44,1.09,49.2,4,5.0,3,0,0,21,72,1
4137,2020,Serie A,Home,1384,1354,4,6,1.34,1.89,56.1,8,4.0,0,3,0,12,50,0
4138,2021,Bundesliga,Away,1287,1689,2,9,1.2,0.93,45.1,8,5.0,0,2,0,12,11,0
4139,2022,Bundesliga,Away,1549,1508,9,11,1.27,1.07,53.5,5,5.0,3,0,0,21,27,0
4140,2021,Bundesliga,Away,1485,1815,7,12,1.09,1.08,32.8,6,6.0,0,0,0,21,14,1
4141,2024,La Liga,Home,1482,1552,6,7,1.39,1.66,49.3,6,4.0,1,1,0,16,62,0
4142,2025,Serie A,Away,1573,1582,8,7,1.4,1.58,53.9,7,3.0,2,3,0,20,30,1
4143,2021,Premier League,Home,1593,1351,6,2,1.66,1.43,56.3,7,7.0,0,0,0,12,31,1
4144,2018,La Liga,Home,1477,1469,6,11,0.73,1.3,49.8,7,7.0,0,4,0,16,20,0
4145,2018,La Liga,Home,1343,1510,6,9,1.13,1.47,44.0,7,4.0,2,0,0,12,89,0
4146,2024,Premier League,Away,1411,1411,1,6,1.55,1.42,47.4,4,6.0,2,1,0,19,35,0
4147,2021,Premier League,Home,1582,1435,11,7,1.58,1.43,53.2,5,7.0,0,0,1,13,76,1
4148,2020,Bundesliga,Home,1519,1559,4,8,1.13,1.26,55.0,8,5.0,0,0,1,17,54,1
4149,2022,La Liga,Home,1423,1562,4,4,0.94,1.45,43.0,6,6.0,3,0,0,16,88,0
4150,2025,La Liga,Home,1390,1313,9,2,1.22,1.63,53.9,7,4.0,0,4,0,15,18,0
4151,2021,Premier League,Away,1586,1540,10,7,1.64,1.69,37.7,5,4.0,1,4,0,21,59,1
4152,2020,Serie A,Away,1469,1577,7,8,1.44,1.12,44.7,6,5.0,1,0,0,18,26,0
4153,2024,La Liga,Home,1605,1417,4,6,1.49,1.26,58.3,4,6.0,1,3,0,20,72,1
4154,2018,La Liga,Home,1623,1403,7,11,1.65,1.41,60.5,6,7.0,1,0,0,21,65,0
4155,2024,Serie A,Away,1456,1562,6,7,1.37,1.24,41.8,6,5.0,0,1,0,12,70,0
4156,2022,Premier League,Away,1633,1150,9,1,1.65,1.88,63.5,10,5.0,2,1,0,17,13,0
4157,2018,Ligue 1,Away,1519,1500,11,8,1.61,1.09,54.4,6,10.0,1,0,0,12,15,0
4158,2019,Premier League,Home,1537,1729,13,7,1.28,1.46,41.2,5,8.0,1,1,0,19,47,0
4159,2023,La Liga,Away,1194,1150,5,4,0.79,1.59,42.7,6,3.0,3,1,0,19,13,0
4160,2024,Premier League,Away,1364,1615,4,7,1.38,1.54,37.0,8,7.0,2,4,0,13,1,1
4161,2019,Serie A,Home,1372,1576,9,9,1.08,1.91,36.9,6,6.0,1,0,0,21,34,0
4162,2023,La Liga,Away,1455,1299,5,5,0.81,1.79,57.4,5,6.0,2,3,0,15,18,1
4163,2025,Ligue 1,Away,1516,1573,1,8,1.72,1.44,49.0,4,6.0,3,1,0,15,20,0
4164,2023,La Liga,Away,1522,1640,5,11,1.44,1.5,44.9,10,,0,3,0,17,59,0
4165,2023,Serie A,Away,1540,1335,2,7,1.45,1.42,50.6,6,7.0,1,1,0,13,77,0
4166,2019,Premier League,Home,1404,1401,5,12,1.2,1.5,55.5,3,6.0,2,1,0,12,90,1
4167,2023,Premier League,Away,1597,1504,8,9,1.67,1.18,51.2,4,7.0,2,0,0,20,68,0
4168,2023,La Liga,Away,1753,1637,6,9,1.31,1.07,54.4,6,7.0,0,2,0,19,9,0
4169,2018,Serie A,Away,1451,1424,5,5,1.3,1.5,46.1,6,5.0,1,0,0,16,69,0
4170,2020,La Liga,Home,1407,1494,3,8,1.32,1.38,41.9,5,3.0,1,2,0,12,51,1
4171,2025,Ligue 1,Away,1404,1407,6,10,1.38,1.54,54.9,3,3.0,0,1,0,13,2,0
4172,2025,Bundesliga,Home,1512,1503,5,10,0.94,1.38,50.6,6,6.0,0,3,0,21,92,1
4173,2019,Ligue 1,Home,1426,1647,9,7,1.42,1.15,45.3,4,5.0,2,1,0,16,23,1
4174,2023,La Liga,Away,1258,1515,5,9,0.98,1.57,45.1,6,7.0,2,1,0,18,94,0
4175,2022,Bundesliga,Home,1296,1450,9,7,0.96,1.24,51.0,8,3.0,3,1,0,17,37,1
4176,2022,Serie A,Away,1643,1495,8,10,1.12,1.42,59.5,5,3.0,0,1,0,15,25,1
4177,2022,Serie A,Home,1679,1388,15,7,2.11,1.74,51.6,4,7.0,0,1,0,12,75,1
4178,2024,Ligue 1,Away,1724,1361,10,7,1.56,1.65,57.7,6,10.0,2,2,0,21,68,1
4179,2021,Serie A,Home,1532,1668,7,6,1.45,1.19,41.4,3,7.0,1,1,0,18,45,0
4180,2022,Ligue 1,Home,1361,1729,12,12,0.93,0.69,41.6,7,5.0,3,0,0,21,17,0
4181,2023,Bundesliga,Away,1439,1249,2,1,0.9,1.49,52.7,6,8.0,3,3,0,18,21,0
4182,2022,Premier League,Home,1291,1581,4,9,1.32,1.81,41.1,5,3.0,0,0,0,18,21,1
4183,2025,Bundesliga,Home,1286,1620,1,8,0.78,1.18,40.5,6,7.0,0,2,0,21,19,0
4184,2019,Serie A,Away,1536,1330,3,4,1.72,1.5,53.7,4,4.0,1,1,0,21,79,0
4185,2025,Ligue 1,Home,1575,1434,3,8,1.88,1.45,66.1,5,4.0,1,4,0,15,72,1
4186,2023,Bundesliga,Home,1774,1419,12,7,1.46,1.53,49.1,5,5.0,0,1,0,13,81,1
4187,2025,Premier League,Away,1488,1766,4,4,1.22,0.95,42.2,6,4.0,0,1,0,15,19,0
4188,2020,Premier League,Away,1310,1731,5,10,0.51,1.33,31.9,6,6.0,1,1,0,19,89,0
4189,2021,Premier League,Home,1483,1371,10,5,0.9,1.57,53.6,4,5.0,0,4,0,18,73,1
4190,2018,Serie A,Home,1460,1296,8,8,1.46,1.1,47.0,8,6.0,0,2,0,21,13,0
4191,2025,Premier League,Home,1431,1608,8,6,1.59,0.62,45.2,4,5.0,3,1,0,20,25,0
4192,2024,Bundesliga,Away,1548,1576,11,13,1.21,1.15,45.6,8,3.0,2,1,0,13,47,1
4193,2020,Serie A,Home,1330,1674,10,12,1.01,0.89,46.7,5,7.0,3,0,0,19,69,1
4194,2018,Bundesliga,Away,1518,1352,4,5,0.97,1.56,46.7,6,7.0,0,1,0,18,31,0
4195,2023,La Liga,Home,1591,1601,10,8,1.17,1.17,42.9,5,7.0,0,4,0,20,59,1
4196,2023,Serie A,Away,1699,1398,9,5,1.9,1.56,51.7,6,6.0,2,2,0,18,36,1
4197,2022,Premier League,Away,1543,1587,8,9,1.47,1.39,50.7,4,5.0,1,2,0,20,55,0
4198,2019,Ligue 1,Home,1646,1495,5,5,1.06,1.1,54.8,6,7.0,3,1,0,20,80,1
4199,2025,Premier League,Home,1438,1766,5,10,1.42,1.02,40.2,5,8.0,2,2,0,16,80,0
4200,2021,Premier League,Home,1457,1563,6,5,1.9,1.15,50.5,7,7.0,0,4,0,12,75,1
4201,2023,Premier League,Away,1689,1456,13,9,1.46,1.62,44.4,6,4.0,3,3,0,17,6,1
4202,2024,Bundesliga,Away,1308,1519,2,8,0.97,1.29,43.4,7,4.0,0,0,0,19,91,0
4203,2022,Premier League,Home,1444,1486,1,6,1.43,1.68,48.8,8,6.0,0,2,0,15,44,1
4204,2018,Serie A,Away,1658,1338,9,5,1.78,1.82,,5,5.0,0,1,0,20,78,1
4205,2025,Bundesliga,Home,1470,1769,4,9,1.52,1.07,42.8,4,5.0,4,1,0,16,9,1
4206,2023,Bundesliga,Home,1460,1724,7,11,1.23,1.0,,3,8.0,1,1,0,16,54,1
4207,2025,Premier League,Home,1463,1475,9,4,1.2,1.15,51.9,5,7.0,1,3,0,19,1,1
4208,2022,Premier League,Away,1516,1598,7,11,0.94,1.44,57.6,6,6.0,1,1,0,13,68,0
4209,2025,La Liga,Home,1652,1787,8,11,1.21,1.07,50.1,7,5.0,0,0,0,15,4,1
4210,2024,Premier League,Home,1629,1673,9,8,1.58,1.01,41.3,6,,1,2,0,15,85,1
4211,2019,Bundesliga,Home,1502,1457,10,9,1.22,1.61,55.2,4,10.0,2,0,0,20,7,0
4212,2019,La Liga,Away,1653,1488,6,8,1.58,1.59,53.3,5,4.0,1,0,0,19,16,0
4213,2019,La Liga,Home,1548,1260,10,2,1.34,1.33,54.3,7,7.0,1,1,0,17,43,1
4214,2024,Premier League,Away,1620,1608,6,12,1.5,1.34,43.0,7,4.0,1,2,0,13,46,1
4215,2019,Serie A,Home,1356,1674,7,3,1.2,1.34,40.5,6,7.0,2,1,1,18,62,0
4216,2021,Premier League,Home,1743,1675,6,12,1.8,1.62,52.6,4,5.0,1,0,0,17,31,0
4217,2024,Serie A,Home,1531,1598,9,8,1.6,1.22,52.0,5,5.0,2,3,0,15,35,0
4218,2021,Premier League,Away,1150,1549,3,11,0.96,1.31,34.4,3,7.0,1,2,0,16,59,0
4219,2018,Ligue 1,Away,1732,1360,11,10,1.55,1.64,57.1,6,3.0,3,0,0,15,61,1
4220,2020,Bundesliga,Home,1501,1545,10,7,1.34,1.63,46.4,5,3.0,0,2,0,18,19,1
4221,2018,Premier League,Home,1445,1412,5,5,1.09,1.53,47.9,4,3.0,2,4,0,18,71,0
4222,2021,Premier League,Away,1415,1574,6,9,1.53,1.34,38.3,4,3.0,0,0,0,18,32,0
4223,2023,La Liga,Home,1562,1393,9,3,1.28,1.31,48.8,3,8.0,3,3,0,18,11,1
4224,2022,Premier League,Away,1376,1573,5,8,1.17,1.2,43.5,7,3.0,2,0,0,15,58,1
4225,2023,Premier League,Away,1419,1685,8,9,1.3,1.15,46.4,3,7.0,1,0,0,16,27,0
4226,2018,Ligue 1,Home,1423,1553,7,5,1.34,1.48,45.5,5,7.0,2,1,0,21,85,1
4227,2024,Serie A,Home,1459,1546,6,7,1.37,1.42,41.8,6,3.0,0,0,1,12,39,0
4228,2021,Premier League,Away,1428,1628,10,11,1.24,1.06,43.6,7,4.0,2,1,0,16,48,0
4229,2020,Serie A,Home,1619,1748,10,12,1.89,1.34,40.5,10,7.0,3,0,1,15,22,0
4230,2023,Premier League,Home,1538,1485,6,7,1.41,1.32,55.0,4,6.0,0,0,0,19,87,0
4231,2019,Ligue 1,Away,1555,1573,6,9,1.35,1.25,57.0,3,7.0,1,1,0,19,71,0
4232,2021,Premier League,Home,1585,1712,8,9,1.89,1.35,47.2,7,7.0,0,1,0,21,44,1
4233,2021,Bundesliga,Home,1487,1594,9,4,1.14,1.49,50.6,6,3.0,1,2,0,18,18,0
4234,2019,Bundesliga,Home,1357,1220,0,1,1.64,1.69,49.8,5,6.0,2,4,1,21,13,1
4235,2025,Premier League,Home,1753,1400,8,9,1.13,1.91,59.9,7,3.0,1,3,0,15,83,1
4236,2020,Premier League,Away,1630,1605,8,12,1.39,0.79,50.2,10,8.0,1,0,0,18,51,1
4237,2018,La Liga,Away,1726,1444,6,5,1.18,1.64,61.8,4,,1,3,1,15,14,1
4238,2021,Ligue 1,Away,1645,1702,7,13,1.17,0.92,45.4,6,5.0,0,2,0,19,52,1
4239,2025,Serie A,Home,1436,1760,7,7,1.39,1.11,41.2,6,4.0,2,2,0,18,3,1
4240,2023,Serie A,Away,1171,1417,2,5,1.06,1.43,38.1,6,6.0,0,0,0,16,36,0
4241,2023,Bundesliga,Away,1328,1355,4,5,1.01,1.47,52.3,6,7.0,2,2,0,17,31,0
4242,2025,Bundesliga,Home,1589,1449,5,6,1.86,1.17,50.0,10,3.0,0,2,0,16,34,1
4243,2018,La Liga,Away,1486,1441,7,5,1.62,1.07,49.2,4,10.0,1,1,0,12,84,0
4244,2022,Serie A,Away,1441,1715,3,10,1.27,0.68,38.4,8,3.0,3,2,0,19,5,0
4245,2020,Bundesliga,Away,1151,1355,7,8,0.51,1.43,43.6,6,7.0,1,0,0,19,79,0
4246,2023,La Liga,Away,1498,1604,12,5,1.59,1.29,50.6,8,3.0,0,1,0,20,58,1
4247,2024,Bundesliga,Home,1349,1694,4,10,1.06,1.33,42.8,7,4.0,0,1,0,15,67,1
4248,2018,Premier League,Home,1399,1615,3,11,1.31,1.54,50.7,6,4.0,1,1,0,21,16,0
4249,2019,Premier League,Away,1619,1561,11,7,1.68,1.51,47.9,3,4.0,1,0,0,16,62,0
4250,2025,Bundesliga,Away,1356,1477,7,6,1.09,1.62,46.7,6,8.0,3,1,0,18,69,1
4251,2021,La Liga,Home,1369,1759,11,8,1.53,0.87,45.7,4,6.0,3,0,0,17,5,0
4252,2020,Premier League,Home,1526,1466,13,12,1.28,1.66,46.5,5,10.0,2,0,0,19,50,0
4253,2019,Premier League,Home,1622,1633,4,13,1.62,1.33,55.4,5,4.0,0,2,0,15,58,1
4254,2020,Serie A,Away,1444,1478,10,6,1.48,1.05,56.5,8,4.0,1,0,0,18,18,0
4255,2018,Bundesliga,Home,1705,1242,9,7,1.8,1.85,55.8,8,4.0,0,0,0,15,4,1
4256,2019,Premier League,Home,1321,1462,7,6,1.59,1.17,58.4,7,7.0,0,2,0,19,19,0
4257,2019,Premier League,Home,1296,1478,7,7,0.92,1.11,43.8,4,5.0,3,0,0,17,92,0
4258,2018,La Liga,Home,1284,1480,7,5,0.83,1.76,36.4,5,6.0,0,1,0,20,66,0
4259,2025,Ligue 1,Away,1269,1408,7,2,1.02,1.49,40.8,3,5.0,2,2,1,15,31,0
4260,2024,La Liga,Away,1547,1588,7,7,2.16,1.01,47.9,8,6.0,0,4,0,16,72,1
4261,2025,Ligue 1,Home,1363,1603,3,8,1.54,1.12,41.7,4,6.0,0,2,0,13,87,0
4262,2019,Ligue 1,Home,1303,1457,8,8,1.0,1.66,41.9,6,3.0,1,2,0,15,66,1
4263,2020,La Liga,Home,1553,1456,6,9,1.32,1.09,46.0,6,8.0,0,0,1,13,59,0
4264,2020,Bundesliga,Home,1615,1353,14,5,1.47,1.45,49.3,4,5.0,2,2,0,12,17,1
4265,2022,Bundesliga,Away,1647,1536,7,5,1.58,1.28,60.8,6,4.0,4,4,0,18,28,0
4266,2019,Serie A,Away,1623,1693,8,8,1.65,1.86,49.8,5,,1,0,0,16,60,0
4267,2019,La Liga,Away,1371,1693,5,14,1.38,0.81,46.7,5,10.0,0,1,1,17,43,0
4268,2025,Bundesliga,Home,1539,1416,4,8,1.69,1.07,48.1,4,5.0,2,0,0,18,84,0
4269,2020,Bundesliga,Home,1570,1779,4,15,1.93,0.96,42.6,6,5.0,0,0,0,17,3,0
4270,2024,Bundesliga,Home,1434,1449,9,12,1.24,1.24,44.3,8,4.0,1,0,0,19,38,0
4271,2019,Ligue 1,Home,1523,1358,3,4,1.32,1.49,51.4,5,3.0,0,1,0,13,36,1
4272,2025,La Liga,Home,1325,1309,12,7,1.07,1.41,55.5,6,4.0,3,1,0,13,76,0
4273,2023,Bundesliga,Away,1412,1349,6,3,1.18,1.7,49.2,5,10.0,0,2,0,17,75,1
4274,2024,Ligue 1,Home,1552,1547,5,11,1.5,1.33,49.4,4,8.0,0,1,0,13,2,0
4275,2022,Premier League,Away,1711,1464,11,9,1.74,1.14,,5,7.0,0,0,0,21,35,1
4276,2025,Premier League,Away,1661,1412,3,1,1.96,1.37,,4,8.0,2,0,0,19,11,0
4277,2020,La Liga,Away,1593,1381,8,7,1.28,1.39,52.3,6,6.0,0,0,0,21,68,0
4278,2021,Bundesliga,Away,1511,1348,7,3,1.45,1.77,60.2,8,5.0,1,1,0,12,12,1
4279,2018,La Liga,Away,1489,1375,4,5,1.13,1.68,50.9,5,4.0,3,4,0,17,54,0
4280,2019,Bundesliga,Away,1297,1642,3,7,1.23,1.4,53.5,6,7.0,1,1,0,21,73,0
4281,2024,Premier League,Away,1383,1752,10,13,1.89,0.94,46.8,4,6.0,1,2,0,12,2,0
4282,2020,La Liga,Away,1388,1761,7,9,1.19,1.2,40.4,6,5.0,2,1,0,20,62,1
4283,2018,Serie A,Away,1580,1596,9,5,2.05,0.98,49.9,6,6.0,2,1,0,21,63,0
4284,2020,Premier League,Away,1632,1431,7,5,1.29,1.58,61.9,7,6.0,1,2,1,15,6,0
4285,2020,Ligue 1,Away,1603,1407,5,6,1.35,1.74,56.5,6,5.0,1,0,0,18,33,1
4286,2023,Premier League,Away,1666,1606,9,10,1.45,0.74,54.5,4,4.0,0,0,0,17,54,1
4287,2018,Ligue 1,Away,1510,1466,1,10,1.4,1.36,61.7,7,4.0,1,0,0,13,83,1
4288,2018,Premier League,Away,1362,1558,3,10,1.16,1.28,46.1,7,4.0,1,1,0,13,31,0
4289,2023,Ligue 1,Away,1493,1770,4,12,1.53,1.34,32.6,6,4.0,1,0,0,19,86,1
4290,2019,Serie A,Home,1399,1530,1,10,0.55,1.18,47.6,6,5.0,1,0,0,12,20,0
4291,2021,Premier League,Away,1592,1819,10,13,1.21,0.92,50.2,6,4.0,3,3,0,13,25,1
4292,2023,Premier League,Away,1450,1342,7,8,1.77,1.54,54.3,5,3.0,4,0,1,16,66,0
4293,2022,Premier League,Home,1486,1563,6,15,0.98,1.45,42.3,6,5.0,1,2,0,16,63,1
4294,2018,Serie A,Home,1597,1544,10,10,1.37,1.37,50.9,6,4.0,0,2,0,12,53,1
4295,2023,Bundesliga,Away,1396,1362,2,7,1.39,1.7,58.3,4,7.0,0,1,0,16,93,0
4296,2018,La Liga,Home,1635,1612,6,8,1.49,1.43,43.5,3,6.0,1,4,0,21,46,1
4297,2019,La Liga,Away,1311,1714,8,11,0.93,1.03,31.3,5,3.0,0,3,0,16,71,1
4298,2018,Serie A,Home,1543,1808,14,14,1.51,1.08,39.2,5,4.0,0,3,0,21,61,1
4299,2022,Serie A,Home,1487,1558,9,5,1.54,1.44,54.0,8,3.0,2,3,0,18,31,1
4300,2023,Bundesliga,Away,1616,1234,10,8,1.33,1.4,49.3,8,4.0,0,2,0,19,64,1
4301,2023,La Liga,Home,1308,1567,4,7,1.24,1.13,44.1,6,4.0,0,0,0,18,84,0
4302,2019,Bundesliga,Home,1286,1604,3,8,1.33,0.9,44.5,3,3.0,4,0,0,18,14,0
4303,2020,Ligue 1,Away,1605,1467,9,8,1.74,1.68,53.5,4,4.0,2,2,0,12,84,0
4304,2019,La Liga,Home,1445,1530,10,6,1.38,1.87,40.5,3,6.0,2,1,0,17,53,1
4305,2020,Premier League,Home,1487,1432,8,8,1.76,1.25,52.0,5,3.0,1,0,0,19,49,0
4306,2019,Premier League,Home,1408,1481,9,4,1.26,1.52,42.7,6,4.0,1,3,0,19,34,1
4307,2023,Serie A,Home,1628,1642,7,11,1.25,1.54,50.4,8,,1,1,0,21,92,1
4308,2024,La Liga,Away,1542,1694,10,10,1.34,0.89,41.7,4,5.0,0,0,0,13,36,1
4309,2024,Ligue 1,Home,1534,1322,6,5,1.69,1.6,57.0,4,5.0,4,2,0,18,53,1
4310,2019,Serie A,Away,1336,1428,6,7,0.95,1.75,47.5,4,10.0,3,0,1,21,2,0
4311,2018,Serie A,Away,1570,1278,10,5,0.87,1.49,51.0,6,4.0,0,1,0,18,92,1
4312,2018,Bundesliga,Home,1361,1757,4,12,1.31,1.11,42.9,3,8.0,2,1,0,15,9,0
4313,2024,Premier League,Home,1408,1622,4,8,1.14,1.59,43.9,7,3.0,0,1,0,18,94,0
4314,2025,Bundesliga,Away,1309,1220,6,3,1.7,1.5,53.8,6,5.0,2,3,0,16,8,0
4315,2019,Premier League,Away,1478,1491,7,3,1.39,1.22,50.7,7,4.0,2,0,0,18,31,1
4316,2025,Serie A,Home,1649,1460,10,11,1.82,1.35,59.7,10,6.0,1,1,1,12,4,1
4317,2022,Ligue 1,Home,1532,1394,10,3,1.26,1.91,56.3,7,10.0,2,0,0,21,13,0
4318,2019,Bundesliga,Home,1438,1645,10,13,1.43,1.43,46.8,7,6.0,2,0,0,17,3,0
4319,2020,Bundesliga,Home,1515,1642,9,9,1.46,1.37,37.3,6,6.0,1,3,0,12,41,1
4320,2020,La Liga,Home,1515,1538,9,11,1.71,1.46,47.2,4,7.0,0,1,0,19,62,1
4321,2024,Bundesliga,Away,1509,1410,6,9,1.41,1.16,39.3,4,3.0,1,0,0,15,65,0
4322,2019,Serie A,Home,1525,1411,7,9,1.25,1.58,45.3,10,7.0,2,2,0,19,74,1
4323,2019,Serie A,Away,1354,1506,7,8,1.45,1.25,51.4,5,3.0,1,3,0,19,21,0
4324,2023,Premier League,Home,1515,1436,7,4,1.19,1.37,49.1,6,8.0,3,2,1,12,39,1
4325,2020,Premier League,Away,1254,1499,6,7,0.88,1.3,49.0,4,,1,0,0,18,19,0
4326,2020,Serie A,Home,1581,1578,6,8,1.43,1.53,45.5,3,5.0,0,1,0,19,47,0
4327,2024,Premier League,Away,1346,1285,11,5,1.1,2.02,50.2,5,3.0,3,2,0,21,45,0
4328,2025,Bundesliga,Home,1665,1394,10,3,1.54,1.23,56.9,6,4.0,1,2,0,13,89,1
4329,2022,Bundesliga,Away,1158,1495,4,7,0.81,1.64,48.7,8,7.0,0,4,0,15,14,0
4330,2024,Ligue 1,Away,1734,1719,9,3,1.89,1.13,54.8,5,5.0,0,0,0,20,47,1
4331,2024,Premier League,Away,1271,1618,10,8,1.37,1.46,38.2,5,5.0,0,2,0,17,65,0
4332,2022,Ligue 1,Home,1332,1499,2,8,1.37,1.45,42.8,8,6.0,3,1,0,21,88,0
4333,2024,Premier League,Away,1542,1556,6,6,1.58,1.17,50.0,7,4.0,0,0,0,21,12,0
4334,2018,La Liga,Home,1587,1486,11,7,0.98,1.23,63.9,4,6.0,1,0,0,16,90,1
4335,2018,Bundesliga,Home,1460,1651,8,10,1.34,1.19,45.1,8,5.0,1,2,0,13,25,1
4336,2025,Premier League,Home,1625,1561,8,11,1.7,1.41,47.0,3,10.0,1,0,1,19,20,0
4337,2019,Premier League,Away,1388,1679,5,12,1.56,1.34,38.3,6,10.0,1,1,0,16,2,0
4338,2023,Premier League,Away,1444,1310,6,6,1.24,2.29,51.9,10,6.0,1,1,0,21,89,0
4339,2021,Serie A,Home,1458,1387,7,6,1.63,1.62,52.9,3,5.0,0,3,0,19,37,0
4340,2024,Bundesliga,Away,1425,1538,11,9,1.34,1.02,42.1,6,3.0,2,1,0,17,23,0
4341,2023,Premier League,Away,1229,1569,6,13,0.41,1.63,45.7,5,5.0,1,2,0,19,39,0
4342,2018,Premier League,Home,1497,1836,10,13,1.32,1.23,37.8,5,7.0,2,0,0,19,36,0
4343,2020,Serie A,Home,1484,1247,6,5,1.12,1.57,61.9,4,7.0,1,0,1,18,81,1
4344,2023,Premier League,Away,1651,1495,11,10,1.36,1.11,54.7,8,4.0,4,2,0,17,82,1
4345,2025,Bundesliga,Home,1320,1489,1,7,1.42,1.32,43.6,4,8.0,4,3,0,20,18,0
4346,2024,Ligue 1,Home,1410,1533,7,6,1.33,1.64,32.4,3,4.0,3,1,0,21,36,1
4347,2025,Bundesliga,Away,1668,1743,10,12,1.41,1.29,45.9,3,8.0,1,2,0,20,14,0
4348,2025,Ligue 1,Home,1541,1623,13,9,1.23,1.61,47.6,3,5.0,0,0,0,13,40,0
4349,2025,Serie A,Away,1577,1275,12,4,1.54,1.91,57.4,6,4.0,1,0,0,15,53,1
4350,2022,Bundesliga,Away,1563,1715,8,11,1.37,1.24,48.7,4,7.0,1,0,0,12,55,0
4351,2020,Premier League,Away,1564,1711,6,5,1.59,0.4,44.0,8,8.0,0,0,1,21,22,1
4352,2022,Premier League,Away,1755,1537,9,7,1.42,1.12,58.1,7,,1,2,0,20,58,0
4353,2024,Serie A,Home,1513,1274,7,3,1.27,1.2,51.0,6,7.0,2,1,0,12,25,1
4354,2021,Premier League,Home,1358,1479,9,5,0.91,1.75,51.6,4,10.0,1,4,0,15,43,1
4355,2024,Ligue 1,Away,1589,1566,10,8,1.31,1.45,55.3,10,5.0,2,1,0,20,48,1
4356,2023,Bundesliga,Away,1421,1640,8,7,1.81,1.2,45.8,4,8.0,3,1,0,21,11,1
4357,2019,Ligue 1,Away,1485,1252,9,9,1.15,1.47,59.4,8,,2,3,0,12,84,1
4358,2025,La Liga,Home,1552,1392,6,7,1.29,1.75,52.2,5,4.0,1,0,0,20,77,0
4359,2024,Serie A,Home,1385,1654,4,7,1.02,1.02,42.1,7,10.0,1,2,1,13,80,0
4360,2022,Bundesliga,Home,1429,1710,8,5,1.23,0.87,41.5,7,4.0,1,2,0,19,41,1
4361,2019,Premier League,Away,1567,1560,6,7,1.41,0.98,56.4,6,3.0,0,3,0,21,69,1
4362,2019,Serie A,Home,1423,1661,3,9,1.57,1.26,44.8,5,5.0,0,2,0,17,95,1
4363,2024,Serie A,Away,1636,1564,6,7,1.4,1.12,47.7,4,6.0,1,1,0,16,54,1
4364,2018,Ligue 1,Away,1362,1635,9,15,1.23,1.51,42.6,5,5.0,4,2,0,18,54,0
4365,2021,Bundesliga,Home,1361,1520,5,3,0.73,1.36,43.4,8,6.0,0,1,1,17,9,0
4366,2022,Premier League,Away,1767,1567,11,8,1.43,0.97,55.6,5,6.0,2,0,0,15,13,0
4367,2019,La Liga,Away,1286,1329,2,5,1.39,1.47,47.8,6,7.0,1,0,0,16,66,0
4368,2024,Serie A,Home,1496,1601,8,8,1.13,1.04,40.3,3,10.0,1,1,0,21,74,0
4369,2022,Premier League,Away,1759,1325,10,0,1.83,1.5,55.2,4,6.0,1,1,0,12,14,0
4370,2018,La Liga,Away,1496,1601,9,9,1.11,1.55,,3,4.0,0,3,0,12,39,0
4371,2020,La Liga,Home,1689,1439,9,7,1.51,1.39,62.9,8,3.0,3,3,0,18,39,1
4372,2021,Premier League,Away,1591,1552,10,10,1.88,1.16,41.6,6,6.0,0,1,0,17,63,0
4373,2019,Serie A,Home,1499,1367,6,7,1.54,1.6,55.0,7,5.0,0,0,0,20,6,0
4374,2025,Premier League,Home,1482,1429,7,10,0.84,1.32,59.1,7,5.0,0,1,0,13,83,1
4375,2020,Serie A,Home,1203,1552,3,3,1.83,1.45,46.1,3,5.0,2,2,0,16,81,0
4376,2022,Premier League,Away,1455,1606,7,8,1.04,1.35,46.1,5,5.0,1,1,0,18,32,0
4377,2022,Bundesliga,Home,1533,1653,9,15,1.85,0.97,45.9,8,5.0,0,0,0,12,35,1
4378,2019,Premier League,Away,1532,1339,7,8,1.27,1.18,58.0,7,6.0,4,1,0,12,82,0
4379,2022,Ligue 1,Away,1845,1290,11,1,1.42,1.46,71.4,7,7.0,1,3,0,13,78,1
4380,2020,Premier League,Home,1539,1363,8,6,1.28,1.59,58.0,6,5.0,3,1,0,13,24,1
4381,2018,Serie A,Home,1588,1351,10,3,1.28,1.93,56.9,4,3.0,2,2,1,21,53,1
4382,2021,La Liga,Away,1663,1719,9,9,1.39,0.89,54.7,5,5.0,0,0,0,19,85,1
4383,2022,Premier League,Home,1576,1688,6,15,1.45,0.94,48.1,3,8.0,2,1,0,20,47,0
4384,2018,La Liga,Away,1488,1360,8,8,1.46,1.73,53.7,6,8.0,1,1,0,16,38,1
4385,2024,Bundesliga,Home,1489,1739,9,6,1.69,1.2,46.9,4,10.0,1,0,0,12,70,0
4386,2023,Ligue 1,Away,1451,1679,3,8,1.35,1.16,41.1,5,7.0,1,3,0,17,18,1
4387,2020,La Liga,Away,1562,1272,5,5,1.44,1.73,72.0,3,7.0,3,0,0,12,76,1
4388,2022,Premier League,Home,1476,1356,5,5,1.14,1.8,53.8,8,6.0,0,2,0,17,82,1
4389,2020,Bundesliga,Home,1587,1268,8,6,1.38,1.83,57.1,4,5.0,1,2,0,12,65,0
4390,2023,Serie A,Home,1359,1488,0,5,1.07,1.2,51.0,5,7.0,0,1,0,21,48,1
4391,2019,Premier League,Home,1521,1502,9,7,1.03,1.47,56.0,5,4.0,0,0,0,18,5,1
4392,2022,Bundesliga,Home,1717,1502,10,5,2.23,1.64,,4,7.0,1,1,0,16,67,1
4393,2018,Serie A,Home,1469,1216,1,3,1.38,1.54,47.8,7,6.0,2,2,0,21,61,0
4394,2018,Serie A,Home,1758,1300,8,7,1.7,1.63,59.8,4,6.0,0,4,0,12,39,1
4395,2020,La Liga,Home,1523,1536,7,9,1.68,1.18,51.1,5,5.0,0,1,0,12,10,1
4396,2019,La Liga,Away,1492,1587,3,7,0.7,1.05,43.9,7,6.0,1,0,0,18,35,0
4397,2021,Premier League,Away,1516,1217,10,7,1.93,1.72,57.3,5,,0,3,1,16,34,1
4398,2019,Bundesliga,Home,1456,1321,7,8,1.09,1.75,52.7,6,5.0,1,1,0,16,45,1
4399,2019,Premier League,Away,1223,1643,6,9,0.82,1.42,31.3,7,,0,4,1,16,55,0
4400,2018,Bundesliga,Away,1623,1329,6,5,1.35,1.18,60.7,5,3.0,2,1,0,15,74,0
4401,2025,Bundesliga,Away,1807,1498,12,12,1.93,1.69,62.2,5,7.0,0,4,0,18,10,1
4402,2023,Bundesliga,Home,1567,1315,7,9,1.96,1.67,57.3,5,8.0,1,0,0,17,9,1
4403,2019,Premier League,Away,1576,1616,8,5,1.84,1.54,50.9,3,8.0,0,1,0,15,25,0
4404,2018,La Liga,Home,1474,1218,8,7,1.2,1.39,53.1,6,5.0,2,0,0,16,39,1
4405,2024,La Liga,Home,1662,1457,9,11,1.08,1.61,54.5,5,5.0,0,0,0,15,48,0
4406,2023,Serie A,Away,1495,1632,10,11,1.24,1.41,49.9,3,5.0,0,3,0,18,51,0
4407,2025,Ligue 1,Away,1537,1585,8,7,1.23,0.97,42.0,10,3.0,0,3,0,13,72,1
4408,2019,La Liga,Home,1281,1435,4,6,0.7,1.53,41.0,5,8.0,4,0,0,16,90,0
4409,2020,Ligue 1,Home,1426,1402,9,11,1.41,1.2,43.5,3,4.0,2,2,0,18,32,1
4410,2018,Premier League,Home,1551,1467,11,9,1.41,1.4,60.5,5,4.0,0,1,0,21,83,0
4411,2021,La Liga,Home,1627,1319,9,7,1.61,2.11,56.3,7,7.0,2,0,0,16,23,1
4412,2019,Premier League,Away,1631,1486,13,13,1.68,1.45,60.8,4,4.0,2,2,0,12,31,0
4413,2018,Bundesliga,Away,1279,1488,4,5,1.28,1.35,44.4,3,7.0,2,1,0,19,68,0
4414,2022,Premier League,Home,1293,1441,5,7,1.11,1.05,55.3,10,7.0,2,0,0,16,51,0
4415,2025,Premier League,Away,1582,1640,8,10,1.85,1.31,54.7,6,4.0,4,1,0,17,18,1
4416,2023,Bundesliga,Home,1395,1350,6,5,1.11,1.46,47.7,5,3.0,2,1,0,16,63,0
4417,2024,Serie A,Home,1625,1261,8,0,1.33,1.08,59.7,7,5.0,0,2,0,12,53,1
4418,2024,Premier League,Away,1272,1426,3,9,1.04,1.16,41.1,4,4.0,1,0,0,15,2,0
4419,2025,Premier League,Away,1486,1517,5,6,1.47,1.57,52.5,6,6.0,1,2,0,18,51,0
4420,2019,Serie A,Away,1495,1485,8,5,1.52,1.7,55.6,3,8.0,4,0,0,13,5,0
4421,2020,La Liga,Home,1567,1479,11,6,1.34,1.4,61.6,4,6.0,1,4,0,13,60,1
4422,2022,Premier League,Home,1356,1342,8,5,1.11,1.76,57.2,3,,3,0,0,17,39,0
4423,2024,Serie A,Away,1225,1362,5,6,1.37,1.5,48.7,4,6.0,0,2,0,15,72,0
4424,2024,Premier League,Away,1524,1432,11,9,1.05,1.24,54.1,7,3.0,1,1,0,18,22,0
4425,2023,Serie A,Home,1574,1421,8,10,2.12,1.99,,5,5.0,0,1,0,16,63,0
4426,2020,La Liga,Away,1641,1654,7,9,1.43,0.88,58.8,3,8.0,2,4,0,18,17,0
4427,2020,Premier League,Home,1450,1537,6,6,1.24,1.44,,10,8.0,2,1,0,20,39,0
4428,2018,Premier League,Home,1609,1425,9,6,1.56,1.27,49.4,5,7.0,0,2,0,13,55,1
4429,2020,Premier League,Home,1568,1653,7,7,1.56,1.18,42.4,4,6.0,1,2,0,19,15,1
4430,2019,Premier League,Home,1685,1562,11,8,1.39,1.71,58.4,5,7.0,2,2,0,15,87,1
4431,2025,La Liga,Home,1492,1310,10,3,1.43,1.55,59.4,3,6.0,4,0,0,20,52,0
4432,2018,Ligue 1,Away,1258,1150,0,9,0.85,1.6,54.9,5,6.0,0,1,0,18,23,0
4433,2020,Bundesliga,Away,1491,1314,7,6,1.19,1.4,56.0,5,3.0,1,3,0,21,90,1
4434,2025,La Liga,Away,1512,1583,0,7,0.96,1.43,42.3,8,3.0,2,2,0,19,70,0
4435,2025,Serie A,Away,1573,1625,8,11,1.47,1.02,50.1,6,4.0,1,0,0,21,88,0
4436,2021,Serie A,Home,1285,1268,5,2,1.07,1.6,56.6,6,6.0,0,1,0,16,20,1
4437,2021,Bundesliga,Away,1456,1592,12,7,0.8,1.25,41.2,8,4.0,0,0,0,21,63,1
4438,2022,Premier League,Away,1622,1587,13,10,1.31,1.09,44.8,4,5.0,2,0,0,19,76,0
4439,2024,La Liga,Home,1485,1695,10,10,1.33,0.83,46.3,6,6.0,0,1,0,18,89,1
4440,2024,La Liga,Home,1457,1633,4,12,1.52,1.26,49.4,6,7.0,0,0,0,18,6,0
4441,2022,Premier League,Away,1767,1689,8,3,1.32,1.1,56.0,5,6.0,2,1,0,15,32,0
4442,2020,La Liga,Home,1350,1568,3,10,1.11,1.36,50.6,4,6.0,2,1,0,18,73,1
4443,2020,Ligue 1,Away,1673,1564,14,7,1.27,0.77,53.5,4,5.0,0,0,0,15,81,1
4444,2023,Ligue 1,Away,1643,1453,7,4,1.69,1.29,46.5,3,8.0,2,0,0,17,4,1
4445,2024,Premier League,Away,1468,1615,6,4,1.15,1.48,48.9,4,7.0,1,4,0,19,52,0
4446,2018,La Liga,Home,1495,1313,5,4,1.47,1.12,60.5,6,5.0,0,2,0,18,92,1
4447,2024,La Liga,Home,1495,1481,4,11,1.25,1.85,47.2,7,4.0,3,1,0,18,45,0
4448,2021,Serie A,Home,1525,1576,9,11,0.95,1.39,48.0,6,7.0,1,2,0,15,53,0
4449,2019,Serie A,Away,1417,1697,7,14,1.24,1.15,32.1,8,5.0,2,0,1,19,92,0
4450,2018,Premier League,Home,1440,1433,1,6,0.99,1.45,48.8,10,4.0,4,1,0,19,23,0
4451,2020,Bundesliga,Away,1450,1635,4,9,1.57,1.03,53.4,4,6.0,0,1,0,21,66,0
4452,2019,Ligue 1,Away,1455,1472,8,3,1.76,1.75,47.4,6,5.0,2,0,0,19,25,0
4453,2018,Serie A,Home,1456,1638,7,5,1.46,1.29,40.2,7,7.0,3,2,0,17,71,0
4454,2020,Serie A,Away,1186,1388,3,6,0.84,1.48,54.8,3,4.0,0,1,1,20,2,0
4455,2024,Serie A,Home,1514,1602,9,5,1.37,1.53,50.9,6,5.0,2,0,1,20,3,1
4456,2023,La Liga,Home,1426,1487,3,5,1.34,1.47,50.9,7,5.0,1,0,0,20,58,1
4457,2019,Premier League,Away,1239,1334,3,6,1.33,1.35,48.4,5,,2,1,1,18,57,0
4458,2023,Serie A,Home,1451,1479,8,11,1.25,1.38,45.9,5,5.0,1,1,0,13,16,1
4459,2021,Premier League,Away,1447,1685,5,10,1.39,1.34,42.7,6,4.0,1,2,0,15,4,0
4460,2023,Bundesliga,Home,1679,1357,10,2,1.13,1.51,66.4,3,8.0,1,1,0,15,79,1
4461,2019,La Liga,Away,1425,1292,4,0,1.33,1.22,49.9,3,8.0,0,2,0,21,60,1
4462,2018,La Liga,Away,1593,1556,6,8,1.24,1.67,57.8,3,5.0,3,0,0,12,46,0
4463,2020,La Liga,Away,1694,1265,5,3,1.57,1.62,62.5,5,8.0,1,1,0,15,64,1
4464,2025,Ligue 1,Home,1412,1719,1,10,0.99,1.07,44.1,5,5.0,1,1,0,18,41,0
4465,2022,Premier League,Away,1493,1715,6,10,1.45,1.34,36.1,8,7.0,1,2,0,13,25,0
4466,2018,Premier League,Away,1742,1645,12,9,1.78,1.11,54.6,8,4.0,0,3,0,19,56,0
4467,2025,Premier League,Home,1532,1498,8,11,1.33,0.98,,5,4.0,0,2,0,18,9,1
4468,2024,Serie A,Home,1552,1733,11,13,1.19,1.15,37.4,10,6.0,0,1,0,17,77,0
4469,2022,Ligue 1,Home,1443,1688,6,11,1.43,1.36,44.1,4,5.0,1,0,0,16,57,0
4470,2023,Premier League,Home,1596,1425,3,4,1.84,1.37,52.1,4,3.0,2,2,0,16,34,1
4471,2019,Ligue 1,Home,1494,1701,8,8,1.82,1.13,46.1,6,3.0,0,1,0,13,84,1
4472,2022,La Liga,Home,1244,1372,2,8,1.17,1.43,42.5,5,6.0,4,0,0,21,57,0
4473,2025,Serie A,Home,1450,1472,7,11,1.36,1.36,44.4,6,5.0,1,0,0,19,18,1
4474,2021,Premier League,Away,1334,1249,0,1,0.84,1.63,52.6,3,3.0,3,0,1,21,78,0
4475,2018,Serie A,Home,1516,1520,7,12,1.7,1.55,47.9,6,5.0,2,1,0,12,71,0
4476,2024,Serie A,Home,1372,1459,8,5,0.63,1.59,46.1,4,4.0,1,3,0,17,61,1
4477,2023,Serie A,Home,1567,1437,10,8,1.72,1.93,47.1,5,4.0,2,0,0,16,85,1
4478,2023,Premier League,Away,1506,1477,7,15,1.36,1.82,50.4,8,7.0,4,0,0,15,16,0
4479,2023,Bundesliga,Away,1325,1419,5,2,0.55,1.22,50.9,8,3.0,0,2,0,15,89,1
4480,2019,Ligue 1,Away,1431,1506,5,9,1.36,1.3,49.5,5,5.0,4,2,0,16,21,0
4481,2018,La Liga,Home,1587,1680,8,9,1.41,1.38,,5,5.0,3,2,0,13,24,1
4482,2024,Serie A,Home,1661,1351,11,7,1.41,1.05,49.5,7,10.0,0,2,1,21,13,0
4483,2024,Bundesliga,Home,1374,1621,4,7,1.14,1.33,39.6,7,3.0,1,1,0,20,94,1
4484,2018,Premier League,Home,1346,1530,4,1,1.18,1.12,41.7,4,5.0,1,1,0,12,72,1
4485,2022,Ligue 1,Home,1773,1552,7,6,1.64,1.3,59.7,5,6.0,1,0,0,17,75,1
4486,2022,La Liga,Home,1499,1496,9,8,0.98,1.37,54.1,5,8.0,0,3,0,17,20,1
4487,2020,Bundesliga,Home,1513,1400,7,10,1.47,1.01,54.4,5,5.0,2,2,0,15,60,0
4488,2023,Premier League,Home,1396,1562,3,9,1.14,1.91,44.1,3,6.0,0,2,0,20,23,1
4489,2025,La Liga,Home,1530,1573,10,12,1.78,1.16,55.4,6,4.0,0,4,0,12,2,0
4490,2024,Serie A,Away,1740,1388,10,5,1.83,1.82,61.9,6,6.0,0,4,1,12,6,1
4491,2019,Serie A,Home,1536,1313,6,4,1.63,1.12,45.2,7,3.0,0,0,0,19,94,1
4492,2021,Bundesliga,Away,1649,1512,11,9,1.98,1.19,61.3,6,4.0,2,3,0,12,48,1
4493,2025,Ligue 1,Away,1504,1606,7,8,1.54,1.46,46.6,3,5.0,1,2,0,12,57,0
4494,2019,Premier League,Home,1356,1641,2,12,1.16,1.17,47.6,4,3.0,0,3,0,19,58,0
4495,2024,La Liga,Away,1404,1668,9,6,0.6,1.41,45.8,6,4.0,4,4,0,12,4,0
4496,2021,La Liga,Home,1344,1552,3,10,1.24,1.47,38.3,5,3.0,0,1,0,20,17,0
4497,2022,La Liga,Away,1530,1463,15,10,1.82,1.19,49.3,6,8.0,3,1,0,17,94,0
4498,2020,Serie A,Home,1671,1500,8,8,1.76,1.67,44.6,3,6.0,1,0,0,19,49,0
4499,2025,Bundesliga,Away,1523,1326,2,8,1.25,1.66,51.1,5,6.0,2,0,0,13,47,0
4500,2022,Bundesliga,Away,1457,1404,11,5,1.32,1.08,52.0,4,7.0,3,2,0,20,71,1
4501,2022,Premier League,Away,1389,1493,6,5,1.09,1.39,47.7,6,5.0,3,3,0,13,18,0
4502,2021,La Liga,Away,1550,1463,9,8,1.48,1.56,48.8,4,3.0,1,0,0,15,58,1
4503,2018,Serie A,Away,1327,1513,6,6,1.03,1.32,44.1,5,4.0,0,0,0,12,28,0
4504,2024,La Liga,Home,1341,1308,2,6,1.53,1.54,51.4,7,6.0,4,0,0,12,16,1
4505,2020,Premier League,Away,1626,1339,3,6,1.52,1.62,60.5,7,8.0,1,0,0,16,43,0
4506,2019,La Liga,Away,1461,1609,12,9,1.37,0.85,43.2,5,5.0,0,3,0,17,82,0
4507,2024,La Liga,Away,1458,1383,3,7,1.1,1.41,51.1,6,5.0,2,1,0,21,12,0
4508,2019,Premier League,Home,1476,1405,11,8,1.22,1.35,45.5,3,8.0,2,1,0,13,38,1
4509,2023,Bundesliga,Home,1602,1513,10,7,1.17,1.54,46.1,7,5.0,1,0,0,19,34,1
4510,2021,La Liga,Away,1523,1370,8,5,1.73,1.33,59.5,5,4.0,2,0,0,19,88,0
4511,2024,Serie A,Home,1396,1655,5,11,1.11,1.71,51.2,4,4.0,0,1,0,12,71,1
4512,2018,Serie A,Away,1401,1324,12,6,1.28,1.37,53.0,5,7.0,2,1,0,12,83,0
4513,2024,Ligue 1,Home,1473,1500,5,9,0.93,1.08,47.7,4,8.0,1,1,0,13,45,1
4514,2019,Premier League,Away,1542,1395,6,8,1.09,1.76,51.3,7,7.0,0,0,0,19,61,0
4515,2024,Premier League,Home,1495,1522,9,8,1.28,1.49,55.4,3,10.0,0,1,0,19,57,1
4516,2020,La Liga,Away,1483,1430,5,6,1.25,1.52,,5,4.0,1,0,0,19,48,0
4517,2018,La Liga,Away,1506,1497,5,6,1.42,1.3,61.6,6,5.0,2,2,0,17,79,0
4518,2021,La Liga,Home,1495,1671,7,9,1.85,1.11,46.0,3,,2,1,0,20,83,0
4519,2018,Bundesliga,Home,1391,1404,8,8,0.73,1.56,37.0,6,10.0,1,2,0,20,43,1
4520,2020,Premier League,Away,1655,1403,14,8,1.77,1.3,68.6,5,8.0,0,2,0,21,57,1
4521,2023,Premier League,Away,1432,1456,12,7,1.4,1.84,37.4,7,5.0,1,2,0,19,39,0
4522,2022,La Liga,Away,1518,1706,3,11,1.22,1.23,34.0,8,8.0,1,1,0,12,53,0
4523,2023,Bundesliga,Away,1212,1487,7,4,0.92,1.3,38.6,3,6.0,0,0,0,20,60,0
4524,2025,Bundesliga,Home,1470,1673,4,8,1.6,1.1,44.1,4,3.0,1,1,0,16,35,0
4525,2021,Bundesliga,Home,1346,1475,3,9,1.17,1.07,52.8,6,3.0,1,1,0,21,88,1
4526,2022,Serie A,Away,1363,1667,4,7,1.12,1.38,40.7,10,10.0,2,1,0,18,76,0
4527,2018,Bundesliga,Away,1839,1557,10,9,1.46,1.11,53.0,10,8.0,0,2,0,16,9,1
4528,2020,Bundesliga,Home,1535,1578,5,9,1.18,1.25,47.4,10,6.0,0,3,0,17,83,1
4529,2023,Premier League,Home,1672,1299,3,5,1.24,2.17,57.8,7,6.0,1,3,0,12,76,1
4530,2018,Serie A,Away,1620,1278,13,7,1.7,1.1,65.7,3,6.0,2,1,0,13,58,0
4531,2020,Bundesliga,Home,1638,1650,11,10,1.31,1.19,55.0,7,7.0,0,3,0,19,63,0
4532,2019,La Liga,Away,1472,1648,7,6,1.02,0.87,42.6,4,,1,1,0,20,57,0
4533,2024,Serie A,Away,1725,1839,8,13,1.64,0.91,45.4,6,4.0,1,0,0,19,29,0
4534,2022,Serie A,Away,1619,1292,12,4,1.28,1.5,48.9,6,6.0,1,2,0,20,70,1
4535,2023,Serie A,Away,1506,1568,7,5,1.74,0.96,51.6,6,4.0,1,2,0,16,13,1
4536,2023,Premier League,Home,1537,1357,6,8,1.4,1.58,54.2,4,6.0,1,1,0,21,63,1
4537,2019,Serie A,Home,1481,1396,3,3,1.38,1.81,54.1,7,10.0,1,0,1,20,61,0
4538,2018,Ligue 1,Away,1507,1430,9,6,1.41,1.5,55.1,3,5.0,0,0,0,18,62,0
4539,2021,Premier League,Away,1494,1554,6,9,1.49,1.51,56.3,10,6.0,0,0,0,13,84,0
4540,2019,La Liga,Home,1553,1407,9,6,1.59,1.84,51.7,6,8.0,2,0,0,12,37,0
4541,2020,Premier League,Home,1744,1505,11,6,1.63,1.5,56.2,5,6.0,1,1,0,19,32,1
4542,2020,Premier League,Home,1331,1616,7,6,0.91,0.66,50.7,4,3.0,0,1,0,16,34,0
4543,2024,Ligue 1,Home,1660,1658,10,7,1.49,1.25,49.2,8,6.0,3,1,0,16,16,0
4544,2020,Serie A,Away,1448,1597,6,6,1.31,0.64,45.8,7,6.0,1,1,0,12,29,0
4545,2019,La Liga,Home,1678,1563,11,8,1.14,1.11,66.1,6,5.0,1,2,0,17,75,1
4546,2025,La Liga,Home,1453,1480,9,6,0.77,0.99,49.1,7,6.0,0,1,0,20,63,1
4547,2018,Ligue 1,Home,1558,1420,12,3,1.11,1.49,62.1,8,7.0,1,2,0,19,83,0
4548,2019,Premier League,Away,1478,1575,4,8,0.84,1.06,44.8,5,7.0,0,0,0,17,83,0
4549,2020,Bundesliga,Away,1258,1353,7,4,0.96,1.56,45.4,10,7.0,4,0,0,17,35,0
4550,2018,La Liga,Away,1743,1517,6,8,1.42,1.53,45.6,4,6.0,2,0,0,18,25,0
4551,2025,Premier League,Away,1368,1349,8,7,1.23,1.25,53.5,7,7.0,0,0,0,12,66,0
4552,2020,Bundesliga,Home,1512,1494,6,11,1.54,1.42,54.0,6,3.0,3,2,0,18,62,0
4553,2024,Premier League,Away,1353,1352,8,7,1.26,0.83,50.5,10,7.0,4,1,0,13,93,0
4554,2019,Serie A,Away,1313,1444,9,4,1.25,1.03,49.0,8,4.0,1,1,0,21,49,0
4555,2022,Premier League,Away,1471,1405,8,1,1.55,1.75,56.0,10,3.0,1,0,0,13,60,0
4556,2019,Bundesliga,Home,1417,1388,6,2,1.18,1.23,43.3,6,5.0,1,0,1,21,52,0
4557,2019,Bundesliga,Away,1336,1488,5,6,0.52,1.23,46.6,6,4.0,2,0,1,20,10,0
4558,2021,Bundesliga,Home,1495,1161,6,0,0.91,1.45,66.6,5,10.0,0,1,0,17,25,1
4559,2024,Premier League,Away,1293,1248,8,3,1.25,1.14,49.7,5,4.0,0,1,0,13,38,0
4560,2020,Bundesliga,Away,1518,1613,7,9,1.42,0.99,40.7,7,8.0,4,1,0,15,85,0
4561,2024,Ligue 1,Home,1482,1521,2,6,1.5,1.33,54.4,4,7.0,1,0,0,13,16,1
4562,2018,Premier League,Away,1153,1399,6,7,1.68,1.34,44.6,4,7.0,1,0,0,13,7,0
4563,2020,La Liga,Away,1427,1636,9,8,1.32,1.5,,5,5.0,1,0,0,12,19,0
4564,2022,Bundesliga,Home,1566,1411,8,4,1.4,1.28,51.8,7,4.0,2,1,0,17,21,1
4565,2021,Premier League,Away,1351,1419,4,11,1.27,1.42,52.9,3,5.0,0,3,0,13,75,0
4566,2022,Serie A,Away,1572,1390,5,6,1.13,1.31,51.8,4,10.0,1,3,0,15,79,0
4567,2023,Bundesliga,Home,1561,1767,6,11,1.61,1.34,52.1,8,5.0,2,4,0,19,77,1
4568,2018,Premier League,Away,1358,1533,6,10,1.15,0.96,46.0,6,4.0,1,3,0,18,68,1
4569,2023,Serie A,Away,1498,1527,3,10,1.77,1.45,54.3,5,7.0,2,1,0,20,63,0
4570,2024,Serie A,Away,1615,1565,10,7,1.08,1.39,55.7,3,,1,1,0,15,12,1
4571,2024,La Liga,Home,1377,1241,6,7,1.22,1.38,47.5,6,4.0,0,0,0,17,29,1
4572,2020,Ligue 1,Away,1471,1417,10,5,1.16,1.4,53.7,6,3.0,3,2,0,13,28,0
4573,2020,Premier League,Away,1661,1564,11,11,1.26,1.39,51.1,4,7.0,1,2,0,17,61,1
4574,2025,La Liga,Home,1380,1499,4,4,1.37,1.18,50.3,6,4.0,1,1,1,20,3,0
4575,2024,Bundesliga,Away,1564,1809,4,10,1.34,0.89,43.6,10,3.0,0,4,0,19,72,0
4576,2025,Premier League,Away,1349,1425,4,7,1.52,1.11,38.7,6,10.0,1,0,1,20,34,0
4577,2025,Bundesliga,Home,1477,1632,11,10,1.19,1.74,50.1,4,8.0,1,2,0,21,71,0
4578,2021,Premier League,Away,1563,1613,9,7,1.32,1.13,37.6,7,6.0,0,0,0,21,69,0
4579,2019,Serie A,Away,1163,1520,5,3,1.48,1.03,41.8,4,6.0,0,2,0,17,68,1
4580,2019,Premier League,Home,1425,1545,5,9,0.93,0.87,56.5,4,4.0,1,1,0,17,49,1
4581,2020,Serie A,Away,1560,1459,9,6,1.22,1.19,59.5,7,5.0,3,2,1,16,11,1
4582,2024,Bundesliga,Home,1532,1224,4,3,0.61,1.67,59.7,8,6.0,4,0,0,12,60,0
4583,2020,Bundesliga,Away,1427,1549,9,12,1.16,1.24,44.4,5,5.0,3,1,0,16,42,0
4584,2020,Ligue 1,Home,1345,1560,3,7,1.35,1.38,44.3,6,6.0,1,1,0,20,75,0
4585,2024,Serie A,Home,1588,1582,3,7,1.55,1.46,55.4,6,6.0,2,2,0,20,65,0
4586,2019,Bundesliga,Home,1455,1509,13,3,1.34,1.3,44.7,7,,2,2,0,15,87,1
4587,2023,Serie A,Away,1576,1636,9,6,1.21,1.2,50.6,4,,4,0,0,15,42,0
4588,2022,Ligue 1,Away,1553,1379,8,8,1.36,1.85,50.1,3,3.0,3,2,0,17,23,1
4589,2025,Serie A,Home,1437,1706,2,8,1.18,1.35,41.9,7,3.0,0,3,0,17,79,0
4590,2021,Ligue 1,Away,1650,1362,11,7,1.51,1.57,54.8,8,10.0,3,4,0,15,86,0
4591,2022,Premier League,Home,1417,1485,9,4,1.3,1.28,50.4,10,6.0,0,1,1,20,47,1
4592,2024,Serie A,Home,1667,1595,9,6,1.45,1.43,54.5,7,7.0,1,1,0,18,95,1
4593,2025,Bundesliga,Away,1685,1428,12,4,1.56,1.5,67.2,8,6.0,2,0,0,19,61,1
4594,2023,Premier League,Away,1647,1605,12,10,1.49,1.33,50.3,4,4.0,1,2,0,21,88,1
4595,2023,Premier League,Away,1475,1452,9,6,1.15,1.57,52.2,3,6.0,1,1,0,19,31,0
4596,2025,Ligue 1,Home,1857,1517,6,5,1.76,1.42,64.4,4,6.0,2,0,0,17,48,1
4597,2025,La Liga,Away,1521,1475,5,9,1.05,0.99,51.0,6,8.0,1,2,0,13,94,0
4598,2023,Premier League,Away,1534,1419,12,8,1.43,1.44,53.4,6,5.0,2,3,0,20,50,1
4599,2020,La Liga,Away,1497,1815,8,12,1.07,0.79,45.1,10,6.0,0,2,0,12,32,1
4600,2023,La Liga,Home,1342,1382,6,7,1.17,1.61,45.6,3,5.0,0,0,0,16,26,0
4601,2019,Serie A,Home,1681,1180,8,1,1.67,1.25,,4,4.0,1,0,0,17,42,1
4602,2022,Ligue 1,Home,1420,1387,5,9,1.03,1.44,46.8,3,7.0,1,0,0,20,89,0
4603,2021,Ligue 1,Home,1629,1518,12,7,1.75,1.35,51.2,4,5.0,0,1,0,19,80,1
4604,2025,Serie A,Home,1662,1447,13,8,1.98,1.11,66.1,5,5.0,3,3,0,15,75,1
4605,2022,Bundesliga,Away,1584,1643,11,10,1.28,1.2,47.8,5,5.0,0,2,0,20,21,1
4606,2025,La Liga,Away,1403,1638,8,7,1.21,1.42,45.2,3,8.0,0,1,1,15,61,0
4607,2024,Bundesliga,Home,1452,1455,9,12,1.6,1.25,36.7,6,6.0,2,1,0,15,6,1
4608,2024,Premier League,Home,1150,1264,3,5,0.52,1.63,49.4,4,,0,2,0,16,6,0
4609,2019,Premier League,Home,1484,1320,4,5,1.34,1.64,64.0,3,5.0,1,2,0,17,47,1
4610,2024,Ligue 1,Home,1612,1495,5,6,1.4,1.09,48.7,5,3.0,4,2,0,18,92,0
4611,2020,Ligue 1,Home,1467,1281,11,8,1.54,1.56,60.1,8,5.0,1,0,0,20,47,1
4612,2022,La Liga,Home,1417,1449,6,10,1.2,1.34,46.1,8,5.0,0,2,0,17,56,1
4613,2021,Serie A,Home,1458,1699,8,10,1.42,1.17,35.7,4,4.0,3,3,0,16,59,1
4614,2020,La Liga,Home,1670,1548,10,4,1.33,0.91,50.9,4,8.0,1,0,0,15,90,1
4615,2025,La Liga,Away,1492,1506,8,7,1.58,0.99,46.2,6,6.0,0,0,0,16,44,0
4616,2025,La Liga,Away,1760,1354,12,6,1.36,1.79,60.7,8,3.0,0,3,0,17,81,1
4617,2022,Premier League,Away,1420,1525,8,7,1.48,1.52,45.9,6,3.0,1,1,0,16,28,0
4618,2018,Serie A,Away,1530,1464,6,5,1.4,1.44,46.7,6,10.0,3,1,1,16,28,0
4619,2019,La Liga,Away,1439,1533,10,4,0.69,1.55,50.3,6,3.0,1,1,0,16,9,0
4620,2019,Serie A,Away,1790,1602,9,13,1.68,0.93,60.6,6,6.0,1,1,0,17,80,1
4621,2025,Premier League,Home,1525,1626,8,11,1.53,1.18,50.7,8,7.0,1,2,0,16,85,1
4622,2021,Ligue 1,Home,1798,1518,8,8,1.37,1.25,57.9,6,8.0,0,0,1,20,13,1
4623,2018,Serie A,Away,1441,1572,6,7,1.07,1.09,46.3,4,8.0,1,2,0,16,31,0
4624,2022,Ligue 1,Home,1714,1428,8,8,1.61,1.13,60.1,8,6.0,0,1,0,21,71,1
4625,2025,Premier League,Home,1517,1659,8,10,1.24,1.54,43.7,5,,3,1,0,18,22,0
4626,2022,Serie A,Away,1617,1376,11,5,1.56,1.3,60.2,3,5.0,0,1,0,12,55,1
4627,2021,Bundesliga,Home,1329,1471,6,8,1.11,1.49,40.0,6,3.0,0,2,0,21,42,0
4628,2019,La Liga,Home,1549,1673,13,11,1.07,1.28,38.2,8,6.0,1,1,0,20,84,0
4629,2025,Premier League,Home,1350,1433,8,8,1.77,1.67,51.0,6,,1,0,0,12,42,1
4630,2018,La Liga,Away,1536,1312,7,3,1.3,1.7,50.2,3,5.0,2,0,0,18,44,0
4631,2025,La Liga,Away,1287,1442,5,8,1.15,1.33,42.3,6,6.0,0,2,0,21,3,0
4632,2019,La Liga,Home,1487,1695,8,13,1.78,0.86,39.6,7,6.0,0,1,0,15,20,0
4633,2019,La Liga,Away,1653,1182,11,4,1.73,1.86,64.8,5,7.0,1,2,1,12,70,1
4634,2020,La Liga,Away,1577,1514,5,13,1.57,1.64,47.6,4,6.0,1,1,0,21,35,1
4635,2018,Serie A,Away,1327,1411,7,6,1.42,2.05,,10,7.0,4,0,0,20,38,0
4636,2018,Premier League,Away,1234,1477,1,3,1.2,1.62,47.8,3,10.0,0,0,1,15,2,0
4637,2019,La Liga,Home,1570,1451,10,5,1.56,1.23,54.3,3,5.0,3,2,0,18,38,0
4638,2023,Bundesliga,Away,1721,1634,13,7,1.73,1.1,60.2,6,6.0,0,1,0,17,57,0
4639,2024,Premier League,Home,1365,1508,7,9,1.16,0.82,41.8,5,3.0,2,2,0,20,63,1
4640,2019,Premier League,Home,1794,1641,5,11,1.94,1.02,54.5,8,4.0,2,2,0,21,1,1
4641,2023,Premier League,Away,1499,1680,3,10,1.52,0.87,34.0,7,6.0,0,1,0,16,47,1
4642,2020,Premier League,Home,1226,1504,6,8,0.47,1.49,40.4,5,5.0,0,4,0,12,69,0
4643,2021,La Liga,Home,1281,1450,0,12,1.32,1.63,39.2,5,5.0,1,3,0,15,74,0
4644,2020,Premier League,Away,1608,1553,10,6,1.27,1.87,55.9,7,6.0,2,1,0,19,1,1
4645,2025,La Liga,Away,1518,1580,10,8,1.43,2.05,54.8,7,7.0,3,1,0,19,85,1
4646,2022,Ligue 1,Home,1708,1339,13,4,1.16,1.56,57.9,6,3.0,1,1,0,15,11,0
4647,2022,Ligue 1,Away,1332,1533,5,5,1.02,1.17,56.4,6,6.0,1,0,0,12,95,0
4648,2024,Premier League,Home,1517,1465,9,2,1.28,1.28,47.1,8,6.0,3,1,0,16,55,1
4649,2023,La Liga,Home,1501,1441,8,10,1.49,1.23,45.6,3,5.0,1,3,0,12,57,1
4650,2019,La Liga,Away,1480,1403,3,4,1.18,2.02,49.2,4,7.0,0,0,0,17,46,1
4651,2019,Bundesliga,Away,1446,1412,9,6,0.75,0.74,52.8,5,10.0,4,2,0,21,61,1
4652,2020,Bundesliga,Home,1449,1676,11,11,1.17,1.6,49.1,5,6.0,1,1,1,18,69,0
4653,2018,Premier League,Home,1524,1449,10,4,1.28,1.16,55.8,4,6.0,1,0,0,19,39,1
4654,2023,Premier League,Away,1542,1660,7,7,1.55,1.11,45.4,6,4.0,2,1,0,13,11,0
4655,2021,La Liga,Home,1535,1518,10,8,1.43,0.69,56.0,5,8.0,4,4,1,13,44,0
4656,2018,Ligue 1,Home,1669,1341,13,4,1.34,1.76,55.6,4,3.0,0,0,0,19,38,1
4657,2021,Ligue 1,Away,1332,1527,9,5,1.23,1.52,59.7,8,7.0,0,4,0,17,12,1
4658,2024,Premier League,Home,1246,1334,7,7,1.53,1.23,53.2,6,8.0,1,1,0,15,75,1
4659,2025,Serie A,Home,1642,1585,5,7,1.8,1.55,41.4,5,7.0,1,3,0,12,44,1
4660,2025,Premier League,Away,1368,1471,7,8,0.73,1.6,45.0,7,5.0,2,4,0,15,13,0
4661,2025,Bundesliga,Home,1447,1620,9,9,1.91,1.11,41.9,5,6.0,3,1,0,16,36,1
4662,2022,Ligue 1,Home,1414,1701,9,12,1.55,0.66,53.4,5,8.0,0,2,1,18,90,1
4663,2025,La Liga,Away,1411,1257,8,6,1.65,1.51,49.2,7,3.0,0,2,0,19,73,0
4664,2025,Premier League,Away,1296,1435,9,4,0.75,1.67,35.3,8,4.0,0,1,0,16,94,0
4665,2023,Serie A,Home,1420,1331,2,8,1.16,1.27,57.3,7,4.0,0,0,0,12,43,0
4666,2021,La Liga,Home,1591,1802,10,10,1.6,1.35,30.4,8,6.0,0,1,0,15,11,1
4667,2025,Bundesliga,Home,1499,1438,9,5,1.07,1.19,49.8,10,3.0,2,0,0,17,2,1
4668,2021,La Liga,Home,1571,1316,11,3,1.56,1.49,60.4,7,4.0,2,2,0,17,21,1
4669,2019,Ligue 1,Away,1431,1814,11,5,1.68,0.88,38.5,7,7.0,2,3,0,12,66,0
4670,2018,La Liga,Away,1626,1398,7,5,1.41,1.48,62.9,5,6.0,1,0,0,21,48,1
4671,2022,Premier League,Home,1429,1273,11,6,1.7,1.76,55.9,5,6.0,2,1,0,13,66,0
4672,2018,La Liga,Home,1205,1338,6,2,1.2,1.9,42.2,6,3.0,1,0,0,19,47,0
4673,2018,Premier League,Away,1544,1520,8,12,0.93,1.38,51.8,5,4.0,0,1,0,16,47,1
4674,2019,La Liga,Away,1607,1506,6,2,1.25,0.95,61.3,6,,1,1,0,13,50,0
4675,2022,Serie A,Away,1422,1383,7,4,1.54,1.61,52.3,7,4.0,0,4,0,12,94,0
4676,2021,Premier League,Home,1668,1432,10,3,1.28,1.34,58.6,7,4.0,0,0,0,16,91,0
4677,2022,Premier League,Home,1381,1507,7,10,1.49,1.26,49.2,4,5.0,2,2,0,18,48,0
4678,2022,Premier League,Home,1594,1685,7,11,1.61,1.21,44.2,6,5.0,1,2,0,18,20,1
4679,2025,Premier League,Away,1744,1547,12,7,1.7,1.45,46.7,10,3.0,1,0,0,15,5,0
4680,2019,Ligue 1,Home,1505,1421,7,3,1.21,1.32,54.1,8,7.0,1,1,0,18,35,1
4681,2021,Ligue 1,Home,1468,1468,10,4,1.39,1.52,57.3,3,7.0,1,0,0,15,76,0
4682,2022,Premier League,Home,1485,1608,12,9,1.75,1.35,50.0,7,5.0,1,0,0,17,22,0
4683,2020,Bundesliga,Home,1728,1735,8,9,1.5,1.28,43.2,8,8.0,0,1,1,19,67,1
4684,2019,Bundesliga,Home,1556,1345,8,4,1.56,1.71,57.5,4,10.0,0,0,0,21,60,0
4685,2018,Ligue 1,Away,1800,1656,14,9,2.18,0.66,58.4,10,5.0,1,2,1,17,43,1
4686,2020,La Liga,Away,1539,1456,9,6,1.46,1.29,58.1,5,6.0,2,0,1,21,71,0
4687,2020,La Liga,Away,1408,1273,3,0,1.13,1.52,56.6,7,8.0,1,2,0,19,90,0
4688,2019,La Liga,Away,1418,1245,9,1,1.13,1.52,55.7,3,7.0,2,0,0,15,21,0
4689,2020,Bundesliga,Home,1509,1687,6,6,0.84,0.97,42.5,4,4.0,1,1,0,15,16,0
4690,2023,Bundesliga,Home,1214,1703,5,8,0.73,1.0,37.0,5,6.0,1,0,0,17,73,0
4691,2024,La Liga,Away,1434,1420,4,7,1.36,1.55,,3,5.0,0,1,0,16,52,0
4692,2022,Premier League,Away,1437,1470,9,7,1.52,1.49,45.0,6,4.0,3,4,0,16,68,0
4693,2018,Bundesliga,Home,1534,1250,7,8,1.28,1.58,52.8,4,6.0,0,0,0,13,59,1
4694,2023,Bundesliga,Away,1772,1607,13,5,1.89,1.0,57.8,4,3.0,0,1,0,18,26,1
4695,2019,La Liga,Away,1508,1496,7,8,1.58,1.57,52.3,6,4.0,0,1,0,20,48,1
4696,2018,Serie A,Away,1231,1283,3,3,0.86,1.74,56.1,6,3.0,1,2,0,12,6,1
4697,2022,La Liga,Away,1372,1529,7,13,1.06,1.6,50.7,4,10.0,4,1,0,20,4,1
4698,2021,La Liga,Home,1537,1305,5,5,1.05,1.33,53.1,4,4.0,0,1,0,13,66,1
4699,2020,Serie A,Away,1513,1578,12,7,1.55,2.19,56.2,5,7.0,1,2,0,15,9,0
4700,2025,Bundesliga,Home,1727,1348,11,6,1.6,1.54,61.1,5,8.0,3,4,0,16,63,1
4701,2018,Ligue 1,Home,1634,1547,8,9,1.72,1.12,55.8,8,6.0,1,3,0,17,89,1
4702,2018,La Liga,Away,1630,1409,8,5,1.48,2.03,53.9,7,3.0,0,0,0,19,82,0
4703,2022,La Liga,Home,1470,1169,7,5,1.08,1.83,60.2,4,7.0,3,3,0,17,80,1
4704,2021,La Liga,Away,1654,1639,12,13,1.71,1.28,47.9,8,6.0,1,1,0,12,45,1
4705,2024,Premier League,Away,1375,1647,4,12,0.72,1.3,32.7,8,6.0,4,3,0,17,73,0
4706,2018,La Liga,Home,1636,1427,8,6,1.42,1.74,64.4,8,6.0,0,2,0,17,45,1
4707,2021,Premier League,Home,1460,1538,7,13,1.11,1.38,,7,5.0,3,0,0,19,38,0
4708,2019,La Liga,Away,1297,1561,9,9,1.51,0.86,40.7,7,10.0,3,2,0,19,51,1
4709,2018,Premier League,Home,1583,1566,11,5,1.88,1.29,47.4,5,6.0,2,0,0,17,90,1
4710,2021,La Liga,Home,1696,1742,14,11,1.67,1.36,58.1,4,7.0,2,1,0,16,81,0
4711,2023,Bundesliga,Away,1443,1558,7,8,1.14,1.29,49.7,6,6.0,3,0,0,15,29,0
4712,2019,Premier League,Home,1719,1450,14,5,2.02,1.15,60.1,7,3.0,1,2,0,21,39,1
4713,2024,Serie A,Home,1268,1560,8,9,0.92,1.29,47.7,5,6.0,3,1,0,19,52,0
4714,2022,Ligue 1,Home,1332,1440,7,2,0.82,1.62,51.3,5,5.0,2,4,0,21,10,1
4715,2021,Serie A,Away,1479,1351,9,10,0.83,1.8,54.5,4,5.0,0,2,0,15,29,0
4716,2025,Premier League,Away,1448,1671,5,11,1.32,0.92,45.5,7,5.0,0,3,0,20,18,1
4717,2020,La Liga,Away,1407,1575,11,4,0.82,0.99,53.5,6,8.0,2,4,0,19,63,1
4718,2019,Serie A,Home,1519,1239,7,6,1.73,1.57,51.1,6,8.0,1,2,0,15,11,1
4719,2024,Serie A,Away,1426,1404,8,8,1.12,1.26,46.3,5,8.0,2,2,1,17,62,0
4720,2018,Premier League,Home,1450,1606,9,13,0.97,1.11,49.5,6,6.0,1,1,1,21,6,0
4721,2024,La Liga,Away,1539,1281,4,9,1.67,1.48,58.3,3,7.0,0,1,0,12,2,1
4722,2024,Serie A,Away,1407,1395,6,11,1.47,1.64,48.7,4,4.0,1,0,1,15,15,0
4723,2025,La Liga,Away,1485,1873,8,11,1.75,0.8,52.4,4,4.0,1,2,0,21,13,0
4724,2021,Serie A,Home,1410,1454,6,8,0.83,1.1,,3,6.0,1,0,0,12,42,0
4725,2022,Premier League,Away,1331,1652,5,8,0.69,1.03,42.4,3,8.0,0,0,0,18,75,0
4726,2025,La Liga,Away,1607,1710,13,13,1.86,0.78,49.0,4,6.0,0,2,0,19,77,0
4727,2019,Bundesliga,Home,1739,1373,8,0,0.91,1.48,57.3,8,8.0,0,1,1,18,27,0
4728,2020,Premier League,Home,1649,1537,6,5,1.21,1.34,49.6,3,5.0,2,2,0,19,53,1
4729,2021,Serie A,Home,1546,1788,7,10,1.41,1.34,42.5,7,5.0,1,1,0,16,59,0
4730,2023,La Liga,Home,1410,1564,8,8,0.92,1.03,54.2,6,8.0,1,1,0,13,46,0
4731,2023,La Liga,Away,1460,1831,9,12,1.36,1.08,38.9,3,6.0,1,0,0,20,68,0
4732,2025,Ligue 1,Away,1648,1411,11,10,1.23,1.51,58.0,5,4.0,2,2,0,21,4,0
4733,2021,La Liga,Away,1181,1752,6,9,1.32,0.74,32.8,6,3.0,3,1,1,12,56,0
4734,2019,Premier League,Away,1449,1502,8,4,1.47,1.4,52.3,3,4.0,1,0,0,17,39,0
4735,2019,Ligue 1,Home,1603,1454,7,6,1.53,1.46,59.2,3,3.0,3,2,0,13,30,0
4736,2024,Bundesliga,Away,1341,1590,3,7,1.09,1.24,42.9,3,10.0,0,0,0,17,44,0
4737,2021,Bundesliga,Home,1559,1484,5,9,1.16,1.04,55.4,7,4.0,2,0,1,15,62,1
4738,2023,Premier League,Away,1553,1488,8,11,1.37,1.34,,3,4.0,3,2,0,13,59,1
4739,2022,Premier League,Away,1296,1568,7,12,0.82,0.8,43.4,6,7.0,4,0,1,20,35,0
4740,2024,Serie A,Home,1512,1247,8,7,1.84,1.66,58.9,4,8.0,0,0,0,13,71,0
4741,2019,Premier League,Away,1414,1388,7,5,1.34,1.64,52.2,6,4.0,1,0,0,16,11,0
4742,2019,Premier League,Away,1558,1601,5,8,1.2,1.2,50.1,3,4.0,0,0,0,20,56,1
4743,2023,Bundesliga,Away,1594,1639,15,10,1.84,1.54,41.5,6,5.0,0,0,0,12,24,0
4744,2021,La Liga,Home,1556,1550,6,6,1.4,1.13,44.0,7,5.0,1,0,0,13,64,1
4745,2024,Premier League,Home,1510,1539,8,6,1.71,1.13,40.6,7,3.0,4,3,1,17,47,0
4746,2019,Premier League,Away,1540,1556,11,9,1.74,1.23,42.6,6,3.0,3,1,0,17,3,0
4747,2020,La Liga,Home,1335,1634,6,6,1.28,1.8,44.8,4,3.0,1,0,0,12,2,0
4748,2025,Serie A,Home,1496,1300,5,8,1.03,1.46,53.1,7,10.0,0,2,0,21,23,1
4749,2024,Ligue 1,Home,1388,1429,8,6,1.08,1.95,45.8,6,6.0,1,1,1,12,58,0
4750,2018,Premier League,Home,1644,1490,6,9,2.41,1.35,62.9,4,8.0,0,1,0,20,30,0
4751,2024,Premier League,Home,1596,1527,13,8,1.32,1.12,57.7,8,7.0,2,0,0,18,77,1
4752,2018,Serie A,Home,1595,1205,9,7,1.39,2.1,51.8,6,8.0,0,1,0,18,67,0
4753,2018,La Liga,Away,1740,1324,10,0,1.5,1.55,56.1,8,5.0,0,1,0,13,51,0
4754,2025,Serie A,Home,1454,1498,3,11,1.06,1.28,44.2,5,7.0,0,0,0,18,29,0
4755,2019,Ligue 1,Home,1423,1642,4,12,1.44,1.44,44.8,5,10.0,0,3,0,17,73,1
4756,2020,Serie A,Home,1450,1441,7,8,0.96,1.71,43.8,5,6.0,2,2,0,16,48,0
4757,2019,La Liga,Home,1276,1407,10,8,0.9,1.29,43.3,5,7.0,2,2,0,16,75,1
4758,2022,Ligue 1,Home,1287,1574,6,10,1.19,1.51,44.9,5,10.0,0,0,0,20,68,0
4759,2018,Premier League,Home,1587,1454,9,5,1.38,1.33,52.7,7,7.0,1,1,0,17,12,0
4760,2020,Ligue 1,Home,1305,1623,6,9,1.18,0.99,35.5,4,3.0,2,0,0,18,39,0
4761,2020,Serie A,Away,1350,1469,12,9,1.18,1.2,47.5,4,7.0,0,1,0,15,58,0
4762,2023,Serie A,Away,1486,1344,6,1,1.04,1.2,54.2,8,3.0,1,1,1,12,41,0
4763,2021,Ligue 1,Home,1442,1699,11,11,1.65,1.19,44.6,10,8.0,1,0,0,17,94,0
4764,2019,Serie A,Away,1624,1673,8,10,1.77,1.22,41.7,6,8.0,1,1,0,13,50,0
4765,2021,La Liga,Home,1508,1366,6,8,1.12,1.76,58.5,4,5.0,3,0,0,12,13,0
4766,2021,La Liga,Away,1388,1555,6,5,1.35,1.52,43.3,3,6.0,1,4,0,20,51,0
4767,2020,Serie A,Away,1636,1454,9,5,1.38,1.29,48.8,6,10.0,3,0,0,16,15,0
4768,2022,Serie A,Home,1602,1587,10,5,1.73,1.22,50.7,7,5.0,0,0,0,17,39,1
4769,2020,Premier League,Home,1302,1377,0,2,1.35,1.3,51.4,7,7.0,3,0,0,20,7,0
4770,2020,Bundesliga,Home,1535,1622,8,11,1.7,1.27,50.8,8,5.0,0,2,0,21,94,0
4771,2024,Serie A,Away,1400,1667,5,8,1.0,1.14,49.8,5,6.0,0,1,0,12,9,0
4772,2020,La Liga,Home,1396,1367,4,4,0.9,1.48,47.5,8,8.0,0,0,1,20,49,0
4773,2020,Premier League,Away,1762,1509,7,10,1.17,1.71,48.2,6,5.0,1,0,0,12,11,1
4774,2019,La Liga,Home,1517,1670,7,9,2.04,1.58,44.5,7,3.0,1,0,0,18,75,0
4775,2023,Premier League,Away,1470,1360,6,8,1.54,1.32,38.6,6,6.0,2,0,0,15,8,0
4776,2023,Premier League,Away,1512,1406,7,4,1.67,1.63,48.5,3,,1,0,0,21,42,0
4777,2023,La Liga,Home,1622,1593,5,8,1.13,1.43,49.1,8,8.0,4,3,0,15,71,0
4778,2019,Premier League,Home,1402,1478,7,5,1.4,1.23,45.6,4,7.0,1,0,0,12,18,1
4779,2021,La Liga,Home,1426,1279,5,6,0.84,1.9,56.2,3,7.0,0,0,0,20,51,1
4780,2020,Serie A,Away,1592,1455,4,6,1.56,1.02,53.3,8,6.0,1,0,0,16,30,0
4781,2024,La Liga,Home,1288,1745,4,12,1.12,1.4,40.8,4,10.0,2,1,0,15,42,0
4782,2020,Ligue 1,Away,1639,1789,7,11,1.43,1.06,47.7,10,4.0,0,3,0,12,36,0
4783,2021,Ligue 1,Home,1275,1411,5,1,0.97,1.16,39.2,8,3.0,2,0,0,19,21,1
4784,2021,Serie A,Home,1466,1372,6,5,1.61,1.42,55.4,6,6.0,0,1,0,15,74,1
4785,2024,Ligue 1,Home,1276,1436,1,3,0.97,1.88,43.3,8,6.0,1,0,0,21,87,0
4786,2023,Ligue 1,Away,1352,1752,3,11,1.53,1.75,41.1,7,5.0,0,0,0,17,87,0
4787,2024,La Liga,Home,1682,1618,5,10,1.54,1.05,53.9,6,3.0,0,1,0,20,88,0
4788,2021,Bundesliga,Home,1646,1705,12,12,1.6,1.16,44.5,6,5.0,1,3,0,20,39,1
4789,2024,Premier League,Away,1661,1640,13,9,1.66,1.18,47.1,7,4.0,1,2,0,19,15,1
4790,2024,Bundesliga,Home,1297,1315,9,1,1.24,1.51,49.7,4,4.0,0,1,0,18,33,1
4791,2022,Serie A,Away,1353,1367,4,6,1.25,1.88,47.2,6,8.0,0,1,1,15,3,0
4792,2023,Premier League,Home,1548,1403,11,7,1.94,1.34,62.2,3,6.0,3,1,0,15,1,0
4793,2025,La Liga,Away,1600,1427,10,6,1.74,1.22,54.4,8,6.0,1,1,0,20,91,1
4794,2024,Ligue 1,Away,1388,1405,4,7,0.59,1.32,43.8,7,4.0,2,1,0,21,85,0
4795,2020,La Liga,Away,1419,1421,5,2,1.21,1.37,60.4,4,8.0,1,1,0,17,17,0
4796,2023,Premier League,Away,1342,1590,5,9,1.55,1.46,45.6,10,5.0,0,0,0,17,38,1
4797,2021,Premier League,Away,1732,1519,11,7,1.4,1.36,55.1,10,6.0,1,3,0,13,16,0
4798,2019,La Liga,Away,1434,1671,8,6,1.28,1.36,51.7,6,3.0,0,1,0,16,60,1
4799,2020,Bundesliga,Away,1504,1535,8,9,1.37,1.58,50.8,3,6.0,2,1,0,12,30,0
4800,2025,Bundesliga,Away,1512,1405,7,5,1.76,1.37,52.3,8,3.0,1,1,0,18,56,1
4801,2025,La Liga,Away,1655,1526,13,8,1.26,1.31,45.2,8,5.0,4,3,1,12,91,0
4802,2024,Premier League,Away,1367,1288,6,6,0.98,1.66,40.5,4,8.0,1,0,0,12,25,0
4803,2025,Premier League,Home,1664,1176,9,4,1.66,1.49,68.3,5,3.0,2,1,0,21,51,1
4804,2022,La Liga,Away,1321,1590,5,5,1.24,1.28,44.8,8,5.0,0,0,0,17,72,1
4805,2024,Bundesliga,Home,1663,1643,9,8,1.66,1.49,,7,4.0,0,0,0,16,74,0
4806,2019,Bundesliga,Home,1260,1510,1,13,1.17,1.37,43.0,10,4.0,0,2,0,15,81,1
4807,2020,La Liga,Away,1485,1445,5,10,1.3,1.72,52.5,7,5.0,3,2,0,16,41,0
4808,2019,Serie A,Home,1728,1312,15,7,1.74,1.29,63.6,4,8.0,0,2,0,20,55,1
4809,2025,La Liga,Home,1598,1663,4,10,1.51,1.29,44.5,7,5.0,3,0,0,18,6,1
4810,2022,Serie A,Home,1559,1569,9,6,1.35,1.43,50.7,5,6.0,2,2,0,18,63,0
4811,2025,Serie A,Away,1353,1541,7,8,1.17,1.39,47.9,7,7.0,1,0,0,20,9,0
4812,2021,Bundesliga,Away,1397,1499,9,6,1.1,1.28,44.9,5,3.0,2,1,1,20,94,0
4813,2021,Serie A,Home,1688,1434,11,6,1.38,1.04,45.2,8,5.0,1,1,0,19,82,1
4814,2023,Ligue 1,Home,1566,1344,13,2,1.56,1.77,51.7,6,3.0,1,0,0,13,79,0
4815,2022,La Liga,Away,1625,1535,10,10,1.16,0.97,45.7,5,3.0,3,1,0,18,32,1
4816,2020,Premier League,Away,1510,1425,11,0,1.53,1.08,58.1,4,4.0,0,1,0,13,5,1
4817,2020,Premier League,Away,1461,1441,10,9,1.24,1.55,45.7,7,6.0,0,1,0,18,38,0
4818,2022,Serie A,Away,1607,1740,13,13,1.44,1.04,41.7,8,5.0,0,2,0,15,46,0
4819,2018,Serie A,Away,1536,1493,8,13,1.35,1.39,47.8,8,4.0,2,1,0,18,49,0
4820,2019,Serie A,Away,1476,1157,8,3,1.45,1.34,62.2,8,3.0,1,3,0,20,47,1
4821,2018,Bundesliga,Home,1302,1425,4,5,1.5,1.49,51.3,3,5.0,2,1,0,21,25,0
4822,2019,La Liga,Home,1634,1360,10,6,1.95,1.69,52.8,6,3.0,0,2,0,21,93,1
4823,2019,Serie A,Home,1562,1481,9,9,1.68,0.98,49.8,7,4.0,2,1,0,17,49,0
4824,2018,Bundesliga,Home,1415,1301,1,5,1.28,1.59,52.0,4,,4,1,0,19,87,0
4825,2018,La Liga,Home,1665,1561,9,5,1.73,1.52,59.6,5,6.0,4,0,0,19,87,1
4826,2024,La Liga,Away,1534,1459,10,8,0.88,1.05,41.6,7,4.0,2,3,1,16,87,0
4827,2019,Premier League,Home,1537,1433,4,7,1.54,1.45,45.5,8,5.0,1,1,1,20,88,1
4828,2022,La Liga,Home,1624,1521,6,5,1.58,1.34,64.7,4,4.0,0,0,0,17,43,1
4829,2018,Bundesliga,Away,1594,1489,12,3,1.07,1.45,,7,8.0,2,1,0,16,70,1
4830,2025,Ligue 1,Home,1541,1481,11,14,1.25,1.3,44.0,5,6.0,0,2,0,15,19,0
4831,2019,Serie A,Away,1474,1469,6,9,1.39,1.01,65.8,5,5.0,2,2,0,16,84,1
4832,2023,La Liga,Away,1778,1497,11,9,1.75,1.25,60.2,4,7.0,0,0,0,18,53,1
4833,2023,Bundesliga,Away,1397,1548,6,8,1.48,1.17,46.8,7,7.0,3,0,0,13,24,0
4834,2024,Bundesliga,Home,1604,1531,12,10,1.88,1.31,,3,7.0,0,0,0,21,6,1
4835,2023,La Liga,Away,1488,1658,6,7,1.3,1.51,41.4,7,6.0,1,1,0,16,49,0
4836,2022,Bundesliga,Away,1564,1423,7,7,1.14,1.05,51.1,4,6.0,0,1,0,13,42,1
4837,2024,Premier League,Home,1673,1533,13,9,1.75,1.56,53.9,5,7.0,3,4,0,17,31,1
4838,2024,Premier League,Away,1456,1842,4,9,1.62,1.48,42.9,7,,2,3,0,13,49,0
4839,2021,Premier League,Away,1584,1494,7,7,1.76,1.78,53.9,5,6.0,1,0,1,20,38,0
4840,2025,Premier League,Home,1537,1500,8,6,1.51,1.8,52.0,3,8.0,0,0,0,16,36,1
4841,2025,Ligue 1,Away,1410,1323,10,3,1.75,1.56,50.2,7,7.0,2,2,0,15,22,0
4842,2023,La Liga,Away,1676,1400,7,5,1.48,1.46,58.7,5,5.0,2,2,0,20,47,1
4843,2025,La Liga,Away,1600,1485,7,3,1.86,0.91,54.2,5,7.0,3,2,0,16,14,1
4844,2018,La Liga,Home,1439,1575,8,11,0.99,1.23,46.5,6,4.0,1,2,0,18,73,0
4845,2022,La Liga,Home,1655,1591,11,13,0.95,1.55,50.3,6,8.0,0,2,0,13,30,1
4846,2023,La Liga,Away,1384,1546,7,6,0.93,0.95,43.4,8,6.0,4,1,0,19,55,0
4847,2025,Premier League,Away,1496,1613,7,12,1.2,1.03,39.8,3,7.0,1,0,0,13,95,0
4848,2018,Serie A,Home,1440,1360,7,6,1.28,1.5,59.1,6,6.0,0,3,0,18,63,1
4849,2024,Premier League,Home,1605,1568,5,8,1.23,0.88,54.7,4,6.0,4,2,0,15,95,0
4850,2018,Bundesliga,Home,1433,1502,7,4,1.31,1.8,53.3,3,5.0,3,0,0,12,19,1
4851,2020,Premier League,Away,1606,1517,13,6,1.63,1.48,46.4,7,4.0,0,1,0,20,80,1
4852,2023,Bundesliga,Home,1583,1449,5,8,1.53,1.48,50.9,10,6.0,0,0,0,18,42,1
4853,2020,Bundesliga,Away,1447,1367,5,3,1.26,1.67,51.6,5,10.0,0,0,0,12,52,0
4854,2024,Premier League,Home,1756,1330,10,4,1.93,1.42,62.4,5,3.0,1,2,0,21,59,1
4855,2025,Premier League,Home,1396,1545,5,7,1.04,1.38,42.4,6,5.0,0,0,0,19,47,1
4856,2019,Ligue 1,Home,1303,1570,10,0,1.07,1.04,52.0,6,3.0,4,0,0,12,58,1
4857,2020,La Liga,Away,1620,1482,7,8,1.34,0.79,57.9,7,6.0,0,0,0,17,54,0
4858,2018,Serie A,Away,1199,1498,1,9,1.18,1.34,43.4,5,5.0,3,0,0,17,63,0
4859,2023,Premier League,Away,1709,1399,12,7,1.47,1.84,59.3,6,10.0,2,0,0,12,83,1
4860,2025,La Liga,Away,1514,1570,6,11,1.47,1.71,47.5,3,4.0,4,1,0,20,40,1
4861,2022,Serie A,Away,1300,1508,7,6,1.33,1.3,41.4,7,5.0,0,0,0,16,89,1
4862,2019,Ligue 1,Home,1367,1449,5,12,1.08,1.33,35.9,6,10.0,0,2,0,15,28,0
4863,2019,La Liga,Home,1271,1621,6,7,0.7,0.85,45.6,6,4.0,3,0,0,16,89,0
4864,2018,Bundesliga,Away,1554,1590,4,8,1.35,1.53,49.4,3,3.0,0,3,0,12,45,0
4865,2021,Serie A,Away,1314,1285,6,4,0.95,1.65,56.6,3,6.0,0,3,0,17,39,0
4866,2023,Premier League,Away,1570,1507,9,8,1.27,1.3,54.5,3,3.0,0,1,0,17,19,0
4867,2019,La Liga,Home,1457,1366,6,5,0.68,0.98,52.1,4,5.0,1,1,1,16,39,1
4868,2024,Premier League,Home,1433,1520,3,7,0.87,0.88,48.3,5,4.0,2,1,0,12,87,0
4869,2020,La Liga,Away,1571,1150,9,2,1.63,1.7,56.8,5,5.0,2,1,0,12,41,1
4870,2022,Serie A,Away,1587,1528,10,7,1.21,0.94,45.5,4,3.0,0,0,0,18,34,1
4871,2023,La Liga,Home,1660,1600,8,3,1.81,1.39,46.6,5,8.0,1,1,1,13,44,1
4872,2022,Premier League,Away,1411,1484,5,9,1.07,1.51,43.4,6,3.0,2,2,0,19,75,0
4873,2021,Bundesliga,Away,1496,1337,10,3,1.47,1.17,,3,8.0,0,0,0,16,5,0
4874,2020,Serie A,Home,1411,1774,11,10,1.19,1.12,44.8,4,7.0,0,1,0,16,19,0
4875,2021,Serie A,Away,1523,1662,10,7,1.54,0.97,49.9,7,7.0,0,2,0,21,63,0
4876,2019,Serie A,Home,1391,1426,7,8,1.17,1.65,41.5,10,7.0,1,1,0,17,52,1
4877,2020,Premier League,Home,1441,1463,6,6,1.34,2.21,53.8,4,10.0,4,1,0,18,24,0
4878,2024,Bundesliga,Home,1441,1223,7,0,1.59,1.57,56.2,5,7.0,4,1,0,17,12,0
4879,2025,La Liga,Away,1541,1566,5,9,1.51,1.66,52.9,4,5.0,2,1,1,19,20,0
4880,2024,La Liga,Away,1500,1308,7,3,1.18,1.78,57.4,3,7.0,0,2,0,17,39,1
4881,2020,Premier League,Home,1571,1593,11,9,0.96,1.25,41.1,4,8.0,4,2,0,18,71,0
4882,2020,Serie A,Away,1485,1644,7,11,1.31,1.35,47.0,5,8.0,2,0,0,19,26,0
4883,2018,Serie A,Home,1419,1490,5,5,1.37,1.04,55.6,6,6.0,4,2,0,12,45,1
4884,2020,La Liga,Home,1527,1351,6,6,1.42,1.52,48.5,6,8.0,4,0,0,19,37,0
4885,2022,Bundesliga,Away,1372,1675,6,8,0.99,1.12,37.8,5,6.0,1,1,0,17,53,0
4886,2020,Bundesliga,Away,1580,1500,5,10,1.48,1.69,42.1,5,4.0,0,2,0,19,65,1
4887,2023,Premier League,Home,1460,1513,5,8,1.47,1.18,46.4,5,4.0,1,3,0,15,27,0
4888,2018,Bundesliga,Home,1529,1370,12,6,1.73,1.2,46.6,3,6.0,3,1,0,17,20,0
4889,2021,La Liga,Home,1531,1527,5,5,1.33,1.07,45.8,4,5.0,0,0,0,12,31,1
4890,2020,Ligue 1,Away,1724,1472,8,9,2.21,1.59,57.5,4,3.0,1,1,0,15,94,1
4891,2021,Premier League,Away,1553,1314,9,8,1.77,1.47,60.1,6,3.0,0,2,0,19,76,1
4892,2018,La Liga,Away,1510,1688,6,8,1.4,0.76,35.8,5,4.0,1,2,0,15,40,1
4893,2021,La Liga,Home,1403,1746,7,11,1.31,1.38,39.1,4,7.0,2,0,0,19,49,0
4894,2024,La Liga,Away,1612,1643,11,11,1.82,0.84,48.1,4,3.0,0,1,1,20,19,1
4895,2024,Bundesliga,Home,1462,1622,3,15,1.07,1.1,45.4,6,7.0,4,1,0,18,25,0
4896,2020,Serie A,Away,1286,1747,7,11,0.91,1.08,42.5,8,3.0,0,2,1,20,1,0
4897,2021,Premier League,Away,1473,1353,6,6,1.0,1.21,57.0,4,3.0,1,0,0,15,34,1
4898,2023,Serie A,Away,1527,1352,7,5,1.32,1.06,58.8,6,8.0,1,4,0,15,48,0
4899,2021,Ligue 1,Away,1385,1442,11,7,1.01,1.61,49.8,4,7.0,0,1,0,16,13,0
4900,2022,Bundesliga,Home,1483,1542,4,10,1.24,1.48,47.3,4,6.0,0,0,0,13,48,1
4901,2020,Serie A,Away,1490,1459,9,5,1.33,1.4,48.2,4,4.0,0,0,0,20,21,0
4902,2024,La Liga,Home,1492,1357,10,8,1.0,1.57,56.4,6,3.0,2,1,0,16,25,1
4903,2023,Premier League,Away,1673,1501,8,4,1.88,0.92,50.1,3,5.0,0,0,0,16,42,1
4904,2025,Ligue 1,Away,1316,1487,4,9,1.45,1.49,41.5,5,7.0,2,0,0,20,44,1
4905,2024,Bundesliga,Home,1785,1618,10,11,1.55,1.35,56.7,8,6.0,0,3,0,13,20,0
4906,2020,Serie A,Home,1495,1506,6,10,1.71,1.46,53.5,4,7.0,3,0,0,20,85,0
4907,2020,Ligue 1,Home,1581,1233,9,5,1.54,1.7,58.7,6,6.0,2,0,0,19,25,1
4908,2018,Premier League,Away,1518,1554,10,9,1.64,1.55,52.3,3,8.0,0,0,0,13,13,0
4909,2022,Bundesliga,Away,1258,1721,4,9,0.74,1.12,37.1,6,7.0,1,2,0,12,23,0
4910,2023,Premier League,Away,1352,1504,8,5,1.1,1.36,45.5,7,4.0,0,1,0,13,71,0
4911,2020,Premier League,Away,1427,1638,10,10,1.43,0.89,46.6,4,4.0,0,3,0,15,8,0
4912,2018,La Liga,Home,1639,1429,10,7,1.46,1.59,51.3,5,4.0,0,4,0,13,92,1
4913,2024,La Liga,Away,1306,1579,7,11,1.09,1.11,46.8,5,4.0,1,2,0,12,92,0
4914,2019,Ligue 1,Home,1380,1396,5,6,1.19,1.29,48.4,8,4.0,0,1,0,19,87,1
4915,2022,La Liga,Away,1523,1465,1,7,1.47,1.28,50.6,3,7.0,1,1,0,15,66,0
4916,2018,Bundesliga,Home,1566,1467,10,8,1.45,1.11,52.9,5,,1,0,0,17,85,0
4917,2018,Bundesliga,Away,1562,1567,10,10,1.81,1.26,54.0,3,6.0,2,2,0,12,16,0
4918,2025,Serie A,Away,1362,1385,6,9,0.95,1.66,,6,,0,0,0,21,43,0
4919,2023,Ligue 1,Away,1276,1295,7,3,1.13,1.26,43.2,6,4.0,4,4,0,12,53,0
4920,2018,La Liga,Away,1575,1566,7,10,1.61,1.29,55.4,6,6.0,1,4,0,16,30,1
4921,2018,La Liga,Away,1701,1561,11,8,1.26,1.46,55.9,4,6.0,0,1,0,21,52,1
4922,2021,Premier League,Home,1452,1516,11,9,1.21,0.72,46.2,5,8.0,0,1,0,20,49,1
4923,2023,La Liga,Away,1340,1631,7,13,1.22,1.7,43.1,8,8.0,1,0,0,19,77,0
4924,2021,Ligue 1,Home,1440,1472,10,2,1.66,1.26,52.2,6,10.0,2,1,0,20,59,1
4925,2024,La Liga,Home,1555,1539,12,11,1.44,1.08,58.2,8,4.0,0,1,0,19,48,1
4926,2023,La Liga,Home,1467,1451,4,7,1.5,1.41,48.3,6,8.0,0,0,0,21,32,1
4927,2022,Premier League,Home,1697,1464,12,5,1.77,1.21,62.4,6,7.0,0,2,0,17,22,1
4928,2020,Serie A,Home,1629,1548,7,7,0.8,1.29,54.9,8,6.0,3,0,0,17,40,0
4929,2023,Bundesliga,Home,1526,1817,5,9,1.4,0.88,38.1,6,6.0,0,0,0,13,68,0
4930,2024,La Liga,Away,1226,1604,3,10,0.94,1.54,37.5,7,3.0,1,1,0,12,84,0
4931,2018,Bundesliga,Away,1403,1577,11,6,1.62,1.95,51.7,3,8.0,1,2,0,12,71,0
4932,2023,Serie A,Home,1423,1608,5,12,1.44,1.43,,4,4.0,0,4,0,21,24,1
4933,2025,Bundesliga,Away,1395,1171,2,5,1.45,1.7,55.4,5,6.0,2,1,0,17,54,1
4934,2021,Premier League,Home,1527,1545,4,9,1.51,1.17,55.1,5,6.0,1,2,0,16,91,1
4935,2024,Serie A,Home,1530,1627,9,4,1.41,1.5,49.3,4,7.0,2,0,0,21,53,0
4936,2020,Premier League,Away,1266,1512,3,4,1.3,1.15,43.5,5,7.0,2,0,0,21,19,0
4937,2019,La Liga,Away,1613,1494,4,7,1.47,1.44,53.9,6,6.0,0,1,0,19,6,0
4938,2024,Bundesliga,Away,1502,1368,4,6,1.67,1.34,46.4,6,5.0,0,3,0,17,20,1
4939,2020,Serie A,Away,1550,1439,9,9,1.14,1.09,51.4,3,7.0,0,0,0,15,41,0
4940,2024,Premier League,Home,1604,1383,11,0,1.72,1.4,52.9,10,4.0,1,4,0,16,68,1
4941,2020,Bundesliga,Home,1393,1640,5,7,1.14,0.98,48.8,6,7.0,1,2,0,21,29,0
4942,2021,Premier League,Away,1676,1710,11,12,1.71,1.53,50.4,4,4.0,2,0,0,12,30,1
4943,2023,Serie A,Away,1480,1771,10,10,0.94,0.92,41.5,3,5.0,0,2,0,13,58,1
4944,2020,Ligue 1,Home,1712,1381,8,5,1.65,1.42,63.8,8,5.0,0,1,0,19,37,1
4945,2024,Serie A,Away,1375,1406,6,2,1.17,1.27,41.7,5,6.0,1,0,0,20,57,1
4946,2018,Bundesliga,Home,1701,1395,8,9,1.56,1.14,52.9,4,6.0,1,3,0,19,16,1
4947,2018,Serie A,Home,1373,1357,7,5,0.77,1.65,56.7,4,4.0,2,3,1,19,22,1
4948,2018,Bundesliga,Away,1857,1360,10,9,1.75,1.45,65.6,4,5.0,0,3,0,21,32,1
4949,2020,Serie A,Away,1367,1428,3,10,1.24,2.0,40.6,7,7.0,0,2,0,12,33,1
4950,2018,Bundesliga,Home,1648,1622,9,12,1.07,1.5,51.7,6,3.0,3,2,0,17,34,1
4951,2021,Premier League,Away,1449,1400,10,6,1.01,1.46,44.9,5,8.0,0,2,0,20,27,0
4952,2018,Bundesliga,Home,1600,1647,10,8,1.5,1.31,46.7,5,8.0,1,2,0,20,72,1
4953,2024,Premier League,Away,1494,1691,10,8,1.45,1.16,47.4,10,3.0,0,1,0,21,53,0
4954,2019,Ligue 1,Away,1347,1540,8,13,1.17,1.06,45.0,6,7.0,0,2,0,19,17,0
4955,2025,Premier League,Away,1150,1672,3,9,0.98,0.84,36.6,7,3.0,4,0,0,20,56,0
4956,2024,Premier League,Home,1851,1309,10,8,1.74,1.26,59.4,4,5.0,0,0,1,18,33,1
4957,2023,Bundesliga,Away,1510,1422,5,8,1.22,1.75,58.0,10,4.0,2,2,0,16,85,0
4958,2024,Premier League,Away,1150,1527,0,7,0.92,1.39,43.1,7,7.0,2,1,0,19,48,0
4959,2024,La Liga,Home,1542,1531,11,7,1.05,1.46,46.2,4,4.0,2,1,0,16,7,0
4960,2024,Bundesliga,Home,1597,1700,8,13,1.31,1.37,48.0,8,4.0,0,3,0,16,65,0
4961,2022,Premier League,Home,1400,1360,2,6,1.23,1.43,49.5,5,7.0,1,2,0,19,42,0
4962,2022,Premier League,Away,1401,1425,10,5,1.55,1.27,46.7,3,3.0,0,0,0,20,47,0
4963,2021,Serie A,Home,1497,1488,8,5,1.32,1.87,50.9,5,4.0,1,0,0,12,13,1
4964,2022,Premier League,Away,1668,1427,12,7,2.05,1.55,64.4,7,,0,1,0,21,49,1
4965,2021,Premier League,Away,1514,1354,7,4,1.85,1.07,49.7,5,8.0,0,1,0,13,94,1
4966,2018,Premier League,Home,1705,1433,8,8,1.59,0.97,59.6,6,6.0,4,0,0,12,21,1
4967,2025,La Liga,Away,1658,1466,11,14,1.42,1.57,59.1,5,5.0,0,0,0,21,93,1
4968,2023,La Liga,Away,1468,1703,8,11,1.88,0.95,46.6,10,7.0,0,4,0,16,51,1
4969,2023,Premier League,Home,1280,1357,4,10,1.29,1.45,52.6,3,5.0,1,0,0,12,71,0
4970,2020,Serie A,Away,1468,1614,11,7,1.42,0.7,46.0,4,3.0,1,4,0,13,67,1
4971,2024,Serie A,Home,1574,1678,11,11,1.25,1.07,49.9,7,6.0,1,0,0,12,88,1
4972,2022,Premier League,Away,1508,1428,9,10,1.25,1.64,52.6,3,6.0,2,2,0,15,25,1
4973,2018,La Liga,Home,1589,1536,6,12,1.2,1.18,44.9,5,6.0,0,1,0,21,35,0
4974,2025,Ligue 1,Home,1621,1581,6,12,1.86,0.98,45.8,8,6.0,0,0,0,18,81,0
4975,2025,Serie A,Away,1574,1558,12,8,1.56,1.24,55.7,3,10.0,1,1,0,20,28,0
4976,2024,La Liga,Home,1461,1512,1,10,1.23,1.35,46.4,4,3.0,1,1,1,16,46,0
4977,2021,La Liga,Home,1573,1405,8,4,1.31,1.35,52.6,5,5.0,0,3,0,20,22,1
4978,2019,Premier League,Away,1813,1593,12,13,1.45,0.87,59.3,7,4.0,0,1,0,13,3,1
4979,2018,Bundesliga,Home,1291,1448,4,4,1.1,1.5,45.5,5,5.0,2,1,0,16,37,0
4980,2023,Ligue 1,Away,1568,1504,8,11,1.47,1.2,55.2,7,5.0,3,0,0,19,91,0
4981,2025,Ligue 1,Home,1756,1525,12,11,1.06,1.37,55.2,3,3.0,0,0,0,16,20,0
4982,2018,Premier League,Away,1336,1620,4,12,0.93,1.0,37.8,3,4.0,0,1,0,21,11,0
4983,2023,La Liga,Home,1640,1770,11,15,1.33,1.42,51.8,7,7.0,3,0,0,19,90,0
4984,2018,Premier League,Home,1659,1397,11,9,1.8,1.62,52.4,5,5.0,0,2,0,12,47,1
4985,2024,La Liga,Away,1293,1507,5,4,0.98,1.25,51.0,6,8.0,1,0,0,17,38,1
4986,2018,La Liga,Away,1600,1292,7,7,1.01,1.61,60.6,8,10.0,1,0,1,16,86,1
4987,2025,Serie A,Away,1462,1707,7,5,1.03,1.57,41.3,4,8.0,0,1,0,17,35,1
4988,2019,Premier League,Home,1492,1506,13,7,1.77,1.64,52.6,6,6.0,0,1,0,13,88,1
4989,2021,Ligue 1,Home,1455,1458,5,6,1.21,1.77,47.6,7,6.0,0,1,0,17,28,0
4990,2023,Premier League,Away,1684,1507,14,9,1.29,1.49,50.6,5,7.0,2,0,0,16,82,0
4991,2024,Premier League,Home,1484,1514,3,6,0.91,1.2,50.3,4,3.0,0,1,0,21,23,1
4992,2020,Bundesliga,Home,1435,1398,4,4,1.28,1.59,54.8,3,3.0,2,0,0,19,34,1
4993,2025,Bundesliga,Home,1438,1666,5,11,1.31,1.63,45.7,6,3.0,1,1,0,21,30,0
4994,2018,La Liga,Home,1452,1590,9,12,1.41,1.42,42.9,4,7.0,0,1,0,13,20,1
4995,2021,Serie A,Home,1349,1610,6,9,1.87,1.04,36.7,4,4.0,0,1,0,13,17,1
4996,2025,Premier League,Away,1434,1405,10,12,0.97,1.45,49.8,5,8.0,0,0,0,12,75,1
4997,2020,Premier League,Away,1516,1397,7,5,1.28,1.63,47.5,6,6.0,1,0,0,12,29,0
4998,2022,La Liga,Home,1557,1484,8,9,1.49,1.41,51.3,8,10.0,2,0,0,20,77,0
4999,2021,La Liga,Home,1669,1612,9,10,1.43,1.44,51.3,7,7.0,1,1,0,17,7,0
5000,2021,Serie A,Away,1534,1570,13,7,0.87,1.13,52.7,6,3.0,0,0,0,20,91,1
5001,2024,Premier League,Home,1434,1391,4,10,1.41,1.39,54.3,3,5.0,0,2,0,12,13,1
5002,2022,Serie A,Home,1358,1593,4,6,1.04,1.35,49.0,4,4.0,2,0,1,16,38,1
5003,2023,Bundesliga,Home,1541,1364,5,0,1.13,1.57,54.3,4,3.0,0,3,0,19,27,1
5004,2022,Premier League,Away,1484,1407,9,6,1.11,1.28,49.9,6,6.0,0,0,0,21,33,1
5005,2025,Premier League,Home,1488,1522,4,7,1.72,0.72,51.3,6,5.0,1,0,0,12,40,1
5006,2021,La Liga,Away,1537,1336,13,8,1.72,0.78,57.1,4,5.0,1,0,0,12,95,1
5007,2024,Bundesliga,Home,1573,1365,9,3,1.16,1.46,57.1,6,5.0,2,1,0,13,94,1
5008,2022,Serie A,Away,1538,1717,9,11,0.96,1.2,55.1,7,3.0,0,0,0,16,46,0
5009,2024,Bundesliga,Home,1476,1691,8,11,1.55,1.13,47.9,6,3.0,4,2,0,16,57,1
5010,2025,La Liga,Away,1388,1821,6,12,1.74,1.07,45.1,10,8.0,3,1,0,16,82,0
5011,2019,Premier League,Home,1414,1563,7,11,1.84,1.69,40.9,4,5.0,2,1,1,15,64,0
5012,2020,Serie A,Home,1619,1590,9,9,1.13,1.14,45.9,6,3.0,0,0,0,16,48,0
5013,2020,Premier League,Home,1441,1478,8,7,1.62,1.46,45.2,3,5.0,2,4,1,12,12,1
5014,2021,Bundesliga,Home,1312,1451,3,8,1.14,1.82,46.6,3,6.0,1,3,0,15,81,1
5015,2021,Premier League,Away,1662,1622,7,9,1.05,0.98,50.3,3,6.0,2,0,1,13,78,0
5016,2018,La Liga,Away,1368,1691,8,6,0.99,1.62,43.2,5,4.0,1,1,0,15,9,0
5017,2025,Serie A,Home,1505,1610,8,8,1.16,1.49,55.6,3,4.0,1,0,0,13,10,0
5018,2024,Serie A,Home,1569,1382,3,5,1.54,1.38,54.2,8,6.0,0,2,0,15,11,1
5019,2022,Serie A,Home,1500,1555,6,7,1.01,0.67,51.0,6,5.0,1,0,0,19,38,0
5020,2020,La Liga,Home,1153,1392,7,5,1.2,1.79,44.4,7,6.0,0,0,0,19,32,1
5021,2024,Ligue 1,Home,1555,1455,8,7,1.53,1.83,57.9,6,4.0,0,1,0,19,52,1
5022,2020,Bundesliga,Away,1686,1729,8,10,1.81,0.97,52.1,8,5.0,3,0,0,20,72,0
5023,2020,Ligue 1,Away,1610,1332,5,8,1.31,1.96,56.7,3,7.0,2,1,0,21,13,1
5024,2025,Serie A,Away,1203,1804,2,13,1.12,0.65,39.8,3,6.0,1,1,0,21,43,0
5025,2025,Serie A,Home,1798,1577,8,2,1.42,1.35,58.6,7,5.0,1,1,0,19,57,1
5026,2022,Serie A,Home,1314,1435,6,3,1.31,1.36,51.3,7,4.0,0,3,1,17,22,0
5027,2019,La Liga,Away,1349,1510,6,1,1.12,1.01,46.2,3,6.0,2,0,1,16,9,1
5028,2018,La Liga,Away,1609,1404,8,6,1.44,1.37,58.4,6,5.0,0,1,0,16,28,1
5029,2025,Serie A,Away,1563,1423,6,6,1.41,1.41,52.4,5,5.0,0,0,0,17,30,1
5030,2020,Premier League,Home,1511,1510,12,8,0.93,1.04,44.9,8,6.0,2,1,0,21,34,0
5031,2023,Premier League,Home,1420,1454,5,9,1.56,1.56,46.9,6,6.0,3,1,0,16,87,1
5032,2020,Bundesliga,Away,1686,1369,8,6,1.58,1.3,61.0,10,4.0,3,1,0,19,53,0
5033,2021,Premier League,Home,1494,1469,7,6,1.64,1.29,53.3,5,7.0,3,1,0,18,59,0
5034,2025,Serie A,Away,1281,1316,5,5,1.39,1.88,45.7,4,7.0,0,3,0,16,82,1
5035,2022,Serie A,Home,1673,1322,11,4,1.34,1.35,65.7,7,6.0,3,1,0,12,60,1
5036,2021,Premier League,Home,1531,1321,10,2,1.32,0.95,50.3,7,6.0,0,1,0,16,33,1
5037,2021,Ligue 1,Home,1656,1734,12,13,1.13,1.08,48.9,5,4.0,2,2,0,21,23,1
5038,2019,Premier League,Home,1580,1557,15,9,1.74,1.33,48.5,4,5.0,2,1,0,12,58,0
5039,2022,Ligue 1,Away,1835,1583,7,12,1.8,1.21,57.3,3,8.0,1,3,0,19,87,0
5040,2022,Bundesliga,Home,1457,1502,8,4,1.35,1.56,42.6,6,7.0,2,3,0,13,54,1
5041,2018,Premier League,Home,1502,1571,6,4,1.28,1.39,39.9,4,8.0,0,2,0,17,44,0
5042,2021,Premier League,Away,1601,1665,14,7,1.22,1.05,45.4,3,,0,3,0,21,95,1
5043,2023,La Liga,Home,1457,1557,7,9,1.62,1.47,50.9,6,7.0,0,0,0,15,33,0
5044,2018,La Liga,Home,1612,1730,4,12,1.97,1.26,48.0,6,5.0,2,0,0,20,80,1
5045,2025,Premier League,Away,1150,1495,4,8,1.3,1.46,34.6,6,5.0,0,0,0,20,55,0
5046,2024,Ligue 1,Home,1490,1584,8,9,1.3,1.23,52.5,7,10.0,0,2,0,16,80,1
5047,2023,Premier League,Away,1486,1599,9,11,1.43,1.33,48.3,5,7.0,1,2,0,16,3,0
5048,2018,Bundesliga,Home,1481,1370,5,5,1.6,1.49,56.5,6,3.0,1,0,0,18,29,0
5049,2022,Premier League,Home,1377,1506,7,10,1.24,1.27,45.1,10,4.0,0,1,0,15,39,0
5050,2025,Ligue 1,Home,1627,1242,8,10,1.98,1.7,50.7,4,6.0,2,0,0,12,43,1
5051,2018,Premier League,Home,1429,1482,5,5,1.58,1.51,56.1,4,7.0,0,1,0,17,7,0
5052,2024,La Liga,Home,1528,1461,9,6,2.08,1.52,50.8,5,3.0,0,0,0,21,86,1
5053,2024,Serie A,Away,1495,1453,8,3,1.39,1.55,56.0,6,6.0,1,1,0,16,34,1
5054,2018,Premier League,Home,1570,1443,11,4,0.82,0.84,51.3,7,6.0,0,3,0,17,51,1
5055,2019,Bundesliga,Away,1700,1572,10,9,1.59,1.51,53.7,5,5.0,2,1,1,20,21,0
5056,2023,La Liga,Home,1527,1376,9,2,1.28,1.22,45.6,6,6.0,1,1,0,19,46,1
5057,2025,Serie A,Home,1618,1760,6,9,1.52,1.4,42.3,6,3.0,1,1,0,12,74,0
5058,2024,Serie A,Home,1520,1579,11,11,1.82,0.94,55.9,5,5.0,1,3,0,18,35,1
5059,2022,Serie A,Away,1429,1388,5,7,1.14,1.85,55.4,7,4.0,2,3,0,18,74,0
5060,2022,Premier League,Away,1480,1591,10,11,1.12,0.72,53.1,3,6.0,1,0,0,18,74,0
5061,2022,Premier League,Away,1460,1639,8,6,1.14,1.31,48.0,7,6.0,4,0,0,19,81,0
5062,2022,Premier League,Home,1580,1552,9,8,1.98,1.21,52.0,6,,3,2,0,17,75,1
5063,2024,La Liga,Away,1515,1359,10,11,1.25,1.59,58.7,8,10.0,1,1,0,18,76,0
5064,2018,Premier League,Home,1389,1813,1,10,1.29,1.5,44.0,4,5.0,2,0,0,13,14,0
5065,2019,Ligue 1,Home,1469,1590,6,7,1.78,1.33,48.5,4,4.0,0,3,0,16,24,1
5066,2018,Serie A,Away,1286,1325,7,7,1.28,1.74,49.5,4,,2,2,1,17,8,0
5067,2024,Serie A,Home,1474,1529,12,6,0.76,1.71,53.4,4,6.0,0,0,0,16,52,0
5068,2023,La Liga,Away,1500,1469,7,9,1.23,1.22,,8,8.0,0,2,1,21,79,0
5069,2018,La Liga,Away,1753,1501,4,3,1.47,1.44,54.8,6,8.0,1,2,0,17,37,1
5070,2018,Serie A,Away,1689,1333,9,0,1.12,1.84,51.9,6,7.0,0,0,0,12,60,1
5071,2020,La Liga,Home,1355,1508,6,8,1.07,1.43,41.4,7,7.0,1,1,0,13,88,0
5072,2019,La Liga,Home,1528,1384,11,4,0.7,1.31,54.7,3,5.0,1,1,0,16,45,0
5073,2022,La Liga,Home,1531,1451,8,5,1.47,1.52,55.9,5,5.0,2,0,0,17,64,0
5074,2021,Serie A,Away,1468,1554,4,10,1.32,1.33,57.0,5,5.0,0,1,0,20,57,0
5075,2020,Ligue 1,Away,1477,1433,10,8,1.15,1.54,50.5,8,5.0,0,2,0,13,54,1
5076,2019,Premier League,Away,1450,1459,8,4,0.84,1.25,47.8,5,6.0,2,1,0,19,60,0
5077,2023,Serie A,Home,1762,1615,9,10,1.99,1.31,53.3,5,6.0,0,1,0,21,77,1
5078,2024,Premier League,Home,1442,1376,9,5,1.14,1.43,52.9,8,5.0,1,2,0,13,56,1
5079,2023,La Liga,Away,1548,1409,7,7,1.68,1.31,62.5,7,7.0,1,2,0,19,83,0
5080,2024,Bundesliga,Away,1150,1324,3,5,0.93,1.84,45.7,7,10.0,1,0,0,13,84,0
5081,2025,Premier League,Away,1615,1385,8,2,1.84,1.33,50.3,3,6.0,3,1,0,21,27,0
5082,2024,Serie A,Home,1666,1518,9,6,1.68,1.14,55.6,4,5.0,2,1,0,17,40,0
5083,2023,La Liga,Home,1353,1590,8,2,1.22,0.97,44.5,4,7.0,0,2,0,15,52,0
5084,2018,Premier League,Away,1428,1387,2,7,1.06,1.44,50.8,7,4.0,2,4,0,15,56,0
5085,2020,Ligue 1,Home,1563,1585,11,10,1.74,1.24,48.1,8,6.0,0,1,0,13,92,0
5086,2021,La Liga,Away,1503,1515,8,6,1.3,1.52,60.1,6,4.0,0,0,0,13,85,1
5087,2023,Bundesliga,Away,1565,1306,7,5,1.22,1.22,54.0,8,4.0,0,1,0,18,44,0
5088,2024,La Liga,Away,1460,1524,7,5,1.27,0.91,40.7,5,6.0,0,1,0,20,14,1
5089,2023,Ligue 1,Away,1761,1667,8,13,1.63,0.74,49.4,4,3.0,3,1,0,15,12,0
5090,2020,La Liga,Home,1406,1235,2,1,1.47,1.7,51.8,7,6.0,0,1,0,19,12,0
5091,2024,La Liga,Home,1877,1781,10,10,1.29,1.36,46.1,8,8.0,0,2,0,15,66,1
5092,2023,Bundesliga,Home,1674,1415,5,3,2.14,1.66,55.5,8,7.0,2,1,0,16,34,1
5093,2024,La Liga,Home,1616,1269,5,5,1.59,1.43,66.7,4,6.0,2,2,0,18,63,1
5094,2022,La Liga,Away,1354,1519,2,10,1.19,1.37,39.5,10,3.0,2,0,0,13,26,0
5095,2023,Ligue 1,Away,1627,1616,12,3,1.6,0.68,43.3,5,3.0,3,0,0,15,32,0
5096,2020,Serie A,Away,1585,1461,5,9,1.06,1.79,56.8,5,7.0,2,1,0,12,71,0
5097,2021,Bundesliga,Away,1203,1544,4,12,1.05,1.6,40.5,5,7.0,0,3,0,21,89,0
5098,2020,Serie A,Home,1303,1797,8,11,1.3,1.31,35.7,4,4.0,1,4,0,13,74,0
5099,2020,Bundesliga,Home,1550,1529,10,6,1.33,1.1,55.9,5,5.0,2,1,0,19,50,1
5100,2023,Ligue 1,Home,1481,1900,7,12,1.46,0.9,36.8,6,10.0,1,2,0,15,34,1
5101,2021,Serie A,Away,1428,1677,6,8,1.47,1.14,35.9,8,7.0,0,1,0,16,26,0
5102,2019,La Liga,Home,1651,1507,10,13,1.33,1.77,57.6,10,5.0,0,2,0,15,41,0
5103,2018,Premier League,Away,1376,1541,12,10,1.53,1.56,45.6,4,5.0,0,2,0,16,56,0
5104,2024,Serie A,Away,1436,1455,8,9,1.26,1.34,49.0,4,5.0,4,1,0,15,61,0
5105,2021,Bundesliga,Home,1409,1535,8,14,1.73,1.46,37.1,4,3.0,1,0,0,12,23,0
5106,2022,La Liga,Home,1571,1579,14,12,1.76,1.05,44.8,5,6.0,1,2,0,13,16,1
5107,2025,Premier League,Home,1259,1443,5,7,1.19,1.06,44.4,6,5.0,0,0,0,13,2,1
5108,2018,La Liga,Home,1430,1307,10,5,1.07,1.51,47.8,5,3.0,0,1,0,12,55,1
5109,2025,Serie A,Home,1259,1685,6,15,1.06,0.9,44.1,3,3.0,1,2,0,13,31,0
5110,2023,Bundesliga,Away,1456,1636,8,7,1.55,0.8,45.2,3,6.0,2,4,0,12,54,1
5111,2023,Premier League,Home,1601,1302,6,5,1.32,1.54,56.3,7,6.0,2,2,0,20,53,1
5112,2021,Serie A,Home,1604,1524,6,5,1.57,1.26,56.9,7,7.0,0,0,0,21,16,1
5113,2023,Bundesliga,Away,1398,1644,5,5,1.37,0.97,40.9,7,4.0,2,3,0,15,26,0
5114,2019,Ligue 1,Home,1575,1629,11,7,1.4,1.13,50.6,3,3.0,1,1,0,13,32,0
5115,2020,Premier League,Away,1474,1403,9,4,1.12,1.53,51.8,5,7.0,1,3,0,13,60,1
5116,2025,Ligue 1,Home,1691,1637,13,8,1.96,1.17,55.5,8,3.0,0,0,0,13,95,1
5117,2020,Serie A,Home,1482,1502,7,9,1.45,1.38,51.7,10,4.0,4,2,0,19,78,0
5118,2023,Bundesliga,Home,1150,1554,5,8,0.89,1.26,43.0,10,8.0,0,1,0,13,30,0
5119,2025,Premier League,Home,1625,1371,10,9,1.29,1.9,53.8,8,4.0,3,0,0,16,72,1
5120,2022,Serie A,Away,1436,1150,6,4,1.5,2.0,54.4,6,5.0,0,3,0,16,46,1
5121,2020,Serie A,Home,1462,1391,6,7,1.29,1.48,51.3,8,8.0,0,0,0,18,26,1
5122,2024,La Liga,Home,1547,1575,4,8,1.65,1.08,52.4,8,4.0,1,0,0,21,22,1
5123,2024,La Liga,Home,1301,1471,5,12,0.9,1.24,47.7,6,5.0,0,3,0,20,1,0
5124,2022,Serie A,Away,1510,1591,7,7,1.44,0.95,51.9,4,10.0,3,2,0,18,74,0
5125,2018,Serie A,Home,1575,1655,11,12,1.31,1.01,43.8,4,4.0,1,0,0,21,54,1
5126,2021,Premier League,Home,1551,1454,11,4,1.84,1.56,45.8,6,7.0,2,2,1,21,53,1
5127,2021,La Liga,Away,1416,1440,7,6,1.35,1.26,47.0,6,6.0,1,0,0,21,9,0
5128,2019,Premier League,Away,1639,1194,15,9,1.25,1.58,57.9,5,7.0,1,0,0,13,44,1
5129,2021,Ligue 1,Home,1360,1283,6,7,1.43,1.84,47.2,3,5.0,1,1,0,21,43,0
5130,2019,Ligue 1,Away,1412,1312,9,2,1.56,1.66,51.5,4,7.0,3,1,0,19,42,0
5131,2023,La Liga,Away,1481,1578,7,6,1.24,1.3,41.2,10,6.0,1,2,0,19,55,0
5132,2021,Premier League,Home,1541,1455,5,11,1.19,1.36,49.4,3,8.0,1,3,0,12,90,1
5133,2023,Premier League,Away,1455,1425,6,7,0.75,1.37,45.9,7,4.0,0,3,0,13,30,1
5134,2021,La Liga,Away,1672,1409,13,6,1.81,1.66,50.7,6,3.0,1,3,0,18,33,1
5135,2023,Ligue 1,Away,1541,1391,7,4,0.96,1.52,47.6,3,5.0,1,3,0,18,83,1
5136,2023,Serie A,Home,1511,1629,6,8,1.35,1.17,42.2,5,7.0,1,1,0,19,56,1
5137,2019,Premier League,Away,1536,1513,8,11,0.96,1.02,53.2,7,6.0,1,1,0,21,73,0
5138,2021,Premier League,Away,1603,1639,8,7,1.91,1.35,47.7,6,6.0,2,0,0,13,8,0
5139,2023,Premier League,Away,1534,1193,11,2,1.72,1.71,59.1,8,4.0,2,1,0,16,38,1
5140,2022,Bundesliga,Away,1247,1575,9,10,1.15,0.89,40.8,10,4.0,3,1,0,16,26,0
5141,2019,Serie A,Home,1653,1432,9,4,1.78,1.37,58.7,7,4.0,1,4,0,16,28,1
5142,2024,Serie A,Away,1517,1461,9,5,1.34,1.47,53.9,7,5.0,0,0,0,13,84,0
5143,2019,La Liga,Home,1596,1689,11,10,1.25,1.11,50.3,3,6.0,1,1,0,17,79,1
5144,2025,Ligue 1,Away,1443,1445,7,7,0.87,1.85,49.0,7,8.0,0,2,0,16,86,0
5145,2023,La Liga,Away,1244,1569,2,6,1.27,1.67,41.7,6,5.0,1,2,0,12,94,0
5146,2020,Bundesliga,Away,1181,1357,3,7,0.75,1.16,39.7,5,3.0,3,3,0,13,58,0
5147,2019,Ligue 1,Away,1368,1505,7,8,1.84,1.28,43.1,7,5.0,0,4,1,15,52,0
5148,2025,Serie A,Away,1572,1277,9,0,1.15,1.79,61.1,5,6.0,2,2,0,20,58,0
5149,2022,Ligue 1,Away,1682,1492,5,9,1.8,1.34,52.0,7,6.0,1,1,0,21,86,0
5150,2024,La Liga,Home,1542,1554,7,7,1.72,1.49,48.4,7,8.0,2,0,0,12,95,0
5151,2024,Serie A,Home,1353,1655,4,11,0.85,1.05,45.4,7,5.0,0,0,1,15,10,1
5152,2018,Premier League,Away,1390,1385,8,12,1.12,1.06,51.3,5,3.0,0,0,0,13,94,0
5153,2023,La Liga,Away,1691,1426,8,6,1.5,1.59,56.6,4,8.0,2,0,0,21,18,0
5154,2020,Premier League,Away,1316,1410,4,5,2.02,1.35,46.4,7,5.0,1,2,0,12,14,0
5155,2025,Premier League,Home,1794,1464,10,11,1.61,2.03,62.3,5,3.0,3,3,0,17,66,1
5156,2019,Premier League,Away,1763,1365,13,4,1.35,1.71,56.6,10,4.0,1,1,1,20,71,1
5157,2018,La Liga,Away,1799,1198,14,9,1.8,1.36,66.6,10,5.0,1,1,0,18,71,0
5158,2023,Serie A,Away,1553,1354,9,5,1.15,1.65,53.5,8,8.0,2,4,0,13,85,1
5159,2022,La Liga,Home,1452,1493,10,6,1.28,1.34,51.6,5,3.0,0,2,0,16,19,1
5160,2022,La Liga,Away,1550,1479,11,13,1.29,1.5,54.9,8,8.0,0,3,0,19,33,0
5161,2020,Ligue 1,Home,1627,1577,4,9,1.62,1.1,51.8,3,3.0,2,0,0,21,61,1
5162,2021,Ligue 1,Away,1409,1618,8,13,1.11,1.32,50.0,6,6.0,1,2,0,18,47,0
5163,2025,Premier League,Away,1346,1437,5,7,1.01,1.67,51.2,10,4.0,4,1,1,17,27,0
5164,2024,La Liga,Home,1460,1278,4,5,1.58,1.76,53.1,3,5.0,0,0,0,12,21,0
5165,2025,Serie A,Away,1392,1556,5,1,1.3,1.57,46.9,7,8.0,0,2,0,18,81,0
5166,2020,Bundesliga,Home,1674,1499,11,10,1.55,2.13,55.6,6,6.0,0,0,0,19,68,0
5167,2024,La Liga,Away,1414,1464,10,8,0.77,1.27,53.5,3,7.0,3,1,0,12,78,0
5168,2021,Bundesliga,Home,1513,1671,4,9,1.52,1.65,38.7,4,4.0,2,1,0,21,58,1
5169,2025,Premier League,Away,1638,1563,11,10,1.38,1.37,57.2,4,5.0,4,0,0,15,94,1
5170,2024,La Liga,Home,1679,1517,15,8,1.62,1.24,46.3,7,4.0,3,1,0,20,29,1
5171,2019,Bundesliga,Home,1529,1523,13,5,0.92,1.33,52.3,7,8.0,0,2,0,20,80,1
5172,2025,Serie A,Home,1554,1619,0,10,1.48,1.47,50.5,10,6.0,3,0,0,12,57,1
5173,2022,Bundesliga,Away,1358,1403,11,6,1.24,1.35,47.9,7,6.0,2,1,0,21,14,1
5174,2024,Premier League,Away,1643,1377,12,8,1.45,0.97,59.5,7,4.0,0,2,0,15,2,1
5175,2022,Premier League,Home,1677,1467,4,6,1.32,1.59,49.3,5,3.0,1,1,0,20,36,1
5176,2019,Premier League,Away,1238,1335,2,4,1.35,1.56,43.6,4,6.0,1,2,0,21,79,0
5177,2025,Premier League,Away,1747,1494,14,6,1.44,1.23,51.0,5,4.0,0,2,0,20,79,1
5178,2018,Premier League,Home,1402,1514,7,5,1.47,1.02,43.9,3,3.0,0,0,0,15,26,1
5179,2024,Serie A,Away,1583,1490,7,6,1.7,1.46,57.5,7,7.0,2,0,0,12,40,0
5180,2019,Serie A,Away,1511,1449,8,8,1.15,1.72,57.7,5,7.0,1,2,0,17,40,0
5181,2024,Serie A,Home,1492,1731,9,8,1.53,0.92,43.5,7,3.0,1,0,0,19,30,1
5182,2021,La Liga,Away,1471,1632,6,6,1.21,1.3,46.9,10,7.0,3,2,0,21,28,0
5183,2019,Premier League,Home,1361,1486,6,9,1.36,1.92,56.4,5,8.0,3,1,0,21,80,0
5184,2019,Serie A,Home,1573,1513,11,7,1.2,1.58,49.4,4,8.0,0,0,0,16,34,1
5185,2020,Premier League,Away,1460,1693,5,12,1.28,1.18,40.8,4,4.0,0,0,0,20,81,0
5186,2025,Ligue 1,Away,1317,1418,2,6,1.17,1.4,52.0,7,7.0,0,0,0,21,72,0
5187,2024,Premier League,Home,1355,1365,4,4,1.18,1.35,47.1,4,6.0,2,1,0,12,86,0
5188,2023,Serie A,Away,1319,1532,3,3,1.25,1.34,39.8,5,6.0,0,1,0,15,6,0
5189,2023,Ligue 1,Away,1427,1558,5,5,1.07,1.2,51.1,6,3.0,1,2,0,16,27,0
5190,2021,Serie A,Home,1568,1568,4,6,1.29,1.22,56.8,5,5.0,0,3,0,12,43,1
5191,2025,Serie A,Home,1400,1616,7,10,1.42,1.22,42.1,4,3.0,1,4,0,21,20,1
5192,2020,Bundesliga,Away,1637,1397,11,6,1.4,1.04,55.8,5,10.0,0,1,0,12,92,1
5193,2025,Premier League,Away,1483,1303,5,2,1.21,1.5,58.9,5,4.0,0,2,0,21,63,0
5194,2021,Serie A,Away,1459,1418,5,0,1.09,2.11,47.2,6,10.0,0,2,0,17,36,0
5195,2020,Ligue 1,Home,1502,1581,7,10,1.24,0.94,52.7,5,7.0,1,0,0,17,42,0
5196,2021,Ligue 1,Away,1695,1371,7,8,1.31,1.86,65.3,7,4.0,1,1,0,12,45,1
5197,2023,La Liga,Home,1308,1229,8,7,1.32,1.87,45.8,4,5.0,1,2,1,17,42,1
5198,2023,La Liga,Away,1732,1520,8,5,1.49,1.51,48.6,6,6.0,0,0,0,19,24,1
5199,2024,Bundesliga,Away,1634,1421,8,9,1.23,1.3,47.3,7,3.0,1,0,0,17,54,1
5200,2018,Serie A,Home,1497,1258,5,6,1.3,1.81,53.4,4,6.0,0,0,0,20,6,1
5201,2019,Premier League,Home,1666,1510,12,9,1.18,1.82,47.6,4,5.0,1,2,0,20,5,0
5202,2024,Premier League,Home,1455,1446,6,5,1.09,1.69,55.6,6,3.0,2,1,0,18,6,0
5203,2025,Premier League,Home,1540,1735,13,10,1.73,1.22,40.3,6,6.0,4,0,0,13,95,0
5204,2019,La Liga,Away,1424,1512,8,12,0.99,1.37,45.8,10,6.0,1,1,0,15,76,1
5205,2025,Premier League,Away,1635,1582,12,13,1.46,1.14,53.1,7,7.0,1,2,1,15,1,1
5206,2020,Premier League,Away,1401,1498,5,7,1.79,1.4,43.4,5,8.0,1,2,0,16,43,0
5207,2025,Premier League,Away,1493,1416,5,7,1.4,1.59,52.0,4,4.0,3,1,0,13,59,0
5208,2025,Ligue 1,Away,1595,1432,9,1,1.33,1.45,57.3,4,6.0,3,2,0,21,16,0
5209,2023,Premier League,Away,1647,1651,7,12,1.01,1.22,65.4,5,5.0,2,2,0,18,55,0
5210,2019,Premier League,Home,1385,1605,1,11,1.27,1.26,46.4,3,6.0,3,3,0,16,64,0
5211,2024,La Liga,Away,1605,1292,11,6,1.27,2.02,49.9,4,4.0,3,1,0,18,17,0
5212,2018,Premier League,Away,1363,1325,6,4,1.34,1.58,54.4,7,4.0,1,1,0,13,79,1
5213,2020,Ligue 1,Home,1199,1333,2,6,0.85,1.58,48.2,6,7.0,1,0,0,19,42,0
5214,2023,Ligue 1,Away,1395,1648,7,13,1.3,0.64,46.2,3,4.0,1,3,0,13,13,0
5215,2018,La Liga,Away,1617,1258,9,6,1.84,1.84,58.5,3,5.0,1,1,0,16,81,0
5216,2021,La Liga,Home,1498,1610,11,15,1.52,1.42,51.6,5,8.0,1,2,0,13,58,1
5217,2024,La Liga,Home,1425,1556,8,10,0.94,1.46,45.5,3,4.0,2,0,0,19,75,1
5218,2018,Premier League,Home,1508,1521,7,5,1.38,1.51,51.2,5,6.0,2,1,0,15,17,1
5219,2020,La Liga,Home,1503,1434,9,6,1.59,1.2,52.7,4,4.0,1,0,0,12,53,1
5220,2018,Premier League,Home,1587,1666,8,8,1.07,1.15,48.5,5,,1,1,0,16,12,0
5221,2023,Premier League,Home,1274,1516,5,10,1.52,1.8,42.3,6,4.0,1,0,0,15,8,0
5222,2018,Serie A,Home,1486,1298,11,8,1.37,1.21,60.3,6,4.0,2,1,0,19,61,0
5223,2020,Premier League,Away,1517,1330,5,10,1.51,1.19,61.6,5,3.0,1,1,0,13,45,1
5224,2022,Premier League,Home,1309,1270,3,4,1.05,1.22,60.6,6,6.0,2,2,0,17,66,1
5225,2019,Serie A,Home,1307,1668,4,11,1.15,1.18,41.6,6,5.0,0,0,1,19,55,0
5226,2019,La Liga,Home,1449,1699,6,13,1.07,1.6,44.9,5,3.0,1,2,0,13,63,0
5227,2024,Premier League,Away,1501,1652,11,13,1.74,1.31,47.7,4,3.0,3,3,0,21,37,0
5228,2024,Premier League,Home,1502,1480,4,4,1.8,1.67,46.6,6,7.0,1,2,0,15,39,1
5229,2018,Premier League,Away,1422,1300,6,7,1.8,1.06,57.5,4,7.0,0,1,1,15,16,1
5230,2024,Premier League,Away,1416,1352,5,3,0.82,1.3,50.3,3,10.0,2,1,0,20,6,0
5231,2021,Bundesliga,Home,1445,1362,11,4,1.37,1.33,55.0,3,3.0,2,2,0,16,16,1
5232,2019,Ligue 1,Away,1542,1494,10,4,1.5,1.78,45.5,5,5.0,1,4,0,18,38,1
5233,2025,La Liga,Away,1674,1694,10,8,1.37,1.24,52.4,10,3.0,0,2,0,12,7,0
5234,2020,La Liga,Away,1189,1694,6,6,1.1,1.19,43.8,5,6.0,0,0,0,17,31,0
5235,2020,Bundesliga,Away,1587,1432,5,4,1.09,1.49,50.7,5,,2,0,0,16,40,0
5236,2019,Serie A,Home,1484,1187,13,1,1.7,1.6,55.3,6,6.0,2,0,0,20,58,1
5237,2025,Premier League,Home,1574,1337,6,6,1.05,2.02,53.7,4,4.0,0,0,0,15,68,1
5238,2020,Premier League,Home,1666,1666,13,10,1.6,1.71,47.7,8,5.0,0,2,0,19,13,1
5239,2022,La Liga,Away,1394,1532,8,4,1.43,1.63,53.4,10,5.0,0,1,0,18,35,1
5240,2019,Serie A,Home,1632,1450,10,14,1.35,1.67,55.3,6,8.0,1,0,0,19,23,1
5241,2025,Premier League,Home,1324,1440,9,6,1.5,1.3,42.5,4,4.0,0,1,0,12,93,1
5242,2024,La Liga,Away,1518,1395,10,3,0.91,1.59,,8,6.0,1,3,0,15,90,0
5243,2022,La Liga,Home,1466,1331,7,7,1.3,1.03,43.3,3,,0,0,0,13,13,0
5244,2020,La Liga,Home,1506,1790,6,11,0.93,1.01,39.3,4,5.0,1,0,0,15,58,1
5245,2023,La Liga,Away,1362,1741,6,8,1.0,0.77,34.5,7,5.0,1,0,0,18,4,0
5246,2021,Serie A,Away,1561,1385,8,7,1.29,1.6,48.6,7,4.0,0,0,0,12,24,0
5247,2025,Serie A,Home,1722,1254,11,3,1.46,1.57,59.8,4,6.0,1,0,0,19,9,1
5248,2023,Premier League,Away,1364,1524,9,7,1.52,1.55,40.8,6,5.0,2,0,0,16,22,0
5249,2018,Premier League,Away,1527,1479,9,11,1.09,1.56,50.6,8,7.0,0,1,0,17,10,0
5250,2024,Bundesliga,Home,1620,1588,9,9,1.09,1.58,52.8,7,6.0,3,0,0,19,68,1
5251,2019,La Liga,Home,1458,1620,5,11,1.2,1.08,47.6,4,6.0,0,4,0,18,75,0
5252,2020,Premier League,Home,1690,1336,11,4,1.59,1.07,,5,6.0,2,0,0,13,76,1
5253,2021,Premier League,Home,1440,1679,2,10,1.41,1.7,31.5,10,3.0,1,2,0,18,10,0
5254,2019,Bundesliga,Home,1484,1451,5,5,1.62,1.28,48.5,5,4.0,2,1,0,17,68,1
5255,2025,Bundesliga,Away,1361,1585,7,6,0.66,1.29,50.8,8,5.0,1,0,0,16,81,0
5256,2025,Ligue 1,Away,1518,1463,10,6,1.79,1.68,62.1,3,7.0,0,0,0,12,27,0
5257,2019,Serie A,Home,1500,1629,7,7,1.15,1.19,50.8,3,3.0,2,1,0,16,89,0
5258,2020,La Liga,Away,1589,1169,9,6,1.38,1.39,60.8,4,5.0,3,2,0,21,86,0
5259,2020,La Liga,Home,1411,1603,7,10,1.26,1.81,41.0,4,6.0,2,3,0,19,79,0
5260,2023,Premier League,Away,1405,1384,8,0,0.7,1.34,56.8,8,6.0,1,0,0,17,5,0
5261,2022,Serie A,Away,1565,1510,8,12,1.31,1.83,50.6,4,7.0,0,2,0,18,61,0
5262,2023,Serie A,Away,1696,1674,7,11,1.81,1.31,49.3,7,5.0,0,1,0,18,29,1
5263,2018,Premier League,Home,1588,1388,10,9,1.6,1.73,60.7,6,4.0,2,3,0,16,67,1
5264,2022,Ligue 1,Home,1759,1366,15,5,1.51,1.74,44.4,5,5.0,0,1,0,20,37,1
5265,2019,La Liga,Home,1578,1448,6,3,1.49,1.32,52.9,6,5.0,1,1,0,16,80,1
5266,2019,Premier League,Away,1573,1439,8,3,1.55,1.58,,6,5.0,2,3,0,15,78,0
5267,2024,La Liga,Home,1595,1353,8,10,1.39,2.0,58.8,5,6.0,1,0,0,15,59,0
5268,2019,Ligue 1,Away,1708,1515,15,3,1.7,1.69,62.9,7,5.0,1,1,0,15,53,1
5269,2018,Ligue 1,Home,1673,1522,7,4,1.34,1.65,56.2,4,4.0,0,0,0,17,28,1
5270,2021,Serie A,Away,1348,1565,5,7,0.95,1.49,54.4,4,3.0,1,2,0,12,84,0
5271,2023,Ligue 1,Home,1612,1385,8,3,1.4,1.46,56.7,6,6.0,1,3,0,18,86,0
5272,2022,Ligue 1,Home,1537,1368,5,7,0.79,1.28,61.4,5,4.0,1,1,0,19,58,1
5273,2019,Bundesliga,Away,1473,1483,4,9,1.49,1.79,41.8,3,7.0,1,3,0,21,12,0
5274,2024,Bundesliga,Home,1252,1466,6,8,1.1,1.27,45.7,6,,1,4,0,16,69,1
5275,2021,La Liga,Home,1284,1468,7,6,1.06,1.29,38.8,7,7.0,0,0,0,21,5,0
5276,2023,Bundesliga,Away,1449,1401,5,7,1.49,1.47,53.1,6,5.0,1,1,0,13,31,1
5277,2019,Serie A,Away,1295,1546,9,13,1.22,0.97,,5,6.0,1,0,0,13,61,0
5278,2025,Bundesliga,Away,1452,1368,1,2,1.56,1.41,51.1,6,10.0,2,0,0,12,51,0
5279,2020,Premier League,Away,1600,1483,5,10,1.85,1.21,51.9,5,4.0,0,1,0,16,78,1
5280,2025,Bundesliga,Home,1419,1457,4,9,1.34,1.06,,6,8.0,4,0,1,13,10,0
5281,2021,Ligue 1,Home,1512,1495,8,7,1.18,1.07,51.4,5,4.0,3,1,0,17,29,0
5282,2023,La Liga,Home,1350,1666,5,10,1.37,1.22,43.0,7,4.0,2,0,0,18,37,0
5283,2022,Ligue 1,Away,1542,1316,7,6,1.22,1.8,55.7,10,7.0,0,1,0,15,66,0
5284,2018,La Liga,Away,1571,1165,10,1,1.24,1.66,63.7,7,10.0,1,0,0,20,29,0
5285,2018,Premier League,Home,1301,1417,9,2,1.06,1.18,46.0,6,,1,2,0,15,3,1
5286,2021,Premier League,Away,1395,1339,8,8,1.52,1.36,45.9,4,3.0,2,0,0,18,30,0
5287,2019,Bundesliga,Home,1323,1150,6,0,1.34,1.78,59.1,3,4.0,1,1,0,18,21,1
5288,2022,Serie A,Home,1571,1744,8,8,1.65,1.44,43.5,3,6.0,1,0,0,12,74,0
5289,2019,La Liga,Home,1523,1578,11,7,1.41,1.55,50.0,5,8.0,2,0,0,12,74,1
5290,2022,Serie A,Home,1493,1593,12,9,1.48,1.35,51.3,4,,1,0,0,17,58,1
5291,2019,La Liga,Home,1482,1460,9,6,1.48,1.79,45.2,4,6.0,2,0,0,16,44,0
5292,2019,La Liga,Away,1545,1559,7,6,1.23,1.19,45.6,4,5.0,2,2,0,13,87,1
5293,2020,Ligue 1,Home,1548,1441,9,9,1.55,1.14,45.5,10,5.0,1,1,0,21,84,1
5294,2022,Serie A,Away,1431,1614,8,8,1.27,1.2,43.7,4,7.0,1,1,0,21,29,0
5295,2021,Bundesliga,Away,1411,1526,5,6,1.15,1.67,52.4,6,7.0,2,0,0,12,28,0
5296,2020,Serie A,Away,1492,1495,10,8,1.25,1.56,49.8,10,6.0,2,2,0,13,9,0
5297,2020,Ligue 1,Home,1473,1505,8,8,1.18,1.65,56.3,4,4.0,2,0,0,16,14,1
5298,2020,Premier League,Away,1788,1705,14,10,1.6,1.17,53.7,4,5.0,1,0,0,17,5,0
5299,2021,La Liga,Home,1446,1523,4,9,1.29,1.39,45.2,6,6.0,0,0,0,18,44,0
5300,2024,Premier League,Away,1541,1356,3,5,1.56,1.45,51.2,7,3.0,0,1,0,15,42,1
5301,2022,Serie A,Home,1565,1547,7,10,1.8,1.12,58.4,8,6.0,1,3,0,12,66,1
5302,2021,Serie A,Away,1696,1568,10,5,1.71,1.33,57.1,6,6.0,2,1,0,13,46,0
5303,2023,Bundesliga,Home,1386,1480,1,10,1.25,1.34,46.7,3,6.0,1,0,0,16,68,0
5304,2022,La Liga,Away,1688,1493,8,5,1.06,1.26,55.6,4,5.0,2,2,0,20,84,0
5305,2025,Premier League,Home,1479,1351,11,1,1.93,1.67,51.0,6,5.0,0,0,1,16,60,0
5306,2022,Serie A,Away,1850,1514,13,6,1.56,1.4,45.8,4,6.0,4,1,0,15,51,1
5307,2019,Ligue 1,Home,1551,1330,8,5,1.24,1.87,56.0,4,5.0,0,1,0,15,64,0
5308,2022,La Liga,Away,1328,1465,3,5,1.48,1.19,,7,8.0,0,1,0,17,2,0
5309,2024,Premier League,Home,1472,1406,10,4,1.04,1.36,49.8,7,3.0,2,0,1,13,48,1
5310,2019,La Liga,Away,1687,1638,9,12,1.65,0.81,44.9,4,8.0,0,0,0,12,60,0
5311,2019,La Liga,Away,1511,1717,8,8,1.25,0.94,43.9,5,8.0,0,0,0,16,73,0
5312,2022,Premier League,Home,1492,1340,8,0,1.28,1.68,48.8,10,6.0,1,2,0,15,28,1
5313,2025,La Liga,Home,1601,1499,9,7,1.47,1.58,52.9,6,7.0,0,0,0,20,94,0
5314,2020,Serie A,Away,1452,1457,11,12,1.0,1.59,53.3,7,5.0,1,3,0,13,34,1
5315,2022,La Liga,Away,1470,1565,9,6,1.29,1.65,49.2,6,4.0,1,0,1,13,63,0
5316,2023,La Liga,Home,1368,1513,7,5,1.46,1.5,39.0,5,5.0,0,0,0,16,75,0
5317,2023,Premier League,Away,1742,1446,10,6,1.6,1.44,49.1,7,7.0,2,1,0,20,46,0
5318,2019,Ligue 1,Home,1329,1513,7,12,2.04,1.54,39.0,3,6.0,2,1,0,17,92,0
5319,2021,La Liga,Home,1524,1470,7,6,1.4,1.22,56.5,6,8.0,2,2,0,12,95,1
5320,2025,La Liga,Home,1567,1722,9,8,1.12,0.77,57.1,5,,3,2,0,13,54,1
5321,2025,Premier League,Home,1498,1389,7,7,1.22,1.38,49.4,8,4.0,0,1,0,18,80,1
5322,2024,Serie A,Away,1324,1536,4,9,0.67,1.28,39.6,6,7.0,0,0,0,13,20,0
5323,2018,Ligue 1,Away,1360,1571,3,10,1.47,1.35,51.7,4,3.0,2,0,0,16,42,0
5324,2021,Premier League,Away,1573,1561,8,5,1.83,1.13,48.2,7,10.0,0,3,0,19,59,1
5325,2018,Premier League,Away,1391,1458,5,6,1.44,1.27,47.9,5,4.0,4,1,1,19,16,0
5326,2020,Premier League,Home,1210,1692,9,13,0.82,1.41,38.8,7,4.0,0,2,0,15,65,0
5327,2024,Serie A,Home,1554,1208,11,5,1.19,1.34,55.2,3,5.0,0,2,0,19,55,1
5328,2021,Ligue 1,Away,1378,1347,6,8,1.4,1.5,46.9,5,8.0,1,1,0,12,59,0
5329,2019,La Liga,Home,1588,1593,7,8,1.32,1.14,49.5,6,6.0,0,1,0,17,80,0
5330,2023,La Liga,Away,1472,1377,9,9,1.1,1.07,50.3,4,4.0,2,2,0,15,93,1
5331,2024,Bundesliga,Away,1465,1369,12,7,1.07,1.4,43.5,6,5.0,2,0,0,13,31,1
5332,2023,Bundesliga,Away,1507,1435,10,5,1.82,1.22,47.3,8,7.0,1,2,0,18,17,1
5333,2024,Premier League,Away,1341,1390,1,8,1.06,1.38,48.1,3,3.0,0,2,1,13,62,1
5334,2023,Premier League,Home,1384,1589,8,6,1.43,1.32,42.1,5,7.0,2,1,0,16,2,0
5335,2023,La Liga,Home,1464,1627,10,13,1.45,0.73,48.4,7,7.0,1,2,0,21,60,0
5336,2025,Bundesliga,Home,1340,1512,11,10,0.96,1.63,41.8,3,5.0,1,0,0,13,5,0
5337,2020,Bundesliga,Home,1600,1648,8,9,1.47,2.0,57.9,3,6.0,1,2,0,15,24,0
5338,2021,Serie A,Away,1457,1306,7,5,1.05,1.32,54.0,5,7.0,3,0,0,12,20,0
5339,2022,Bundesliga,Home,1297,1511,6,8,1.49,1.23,45.0,8,4.0,0,1,0,19,11,0
5340,2023,La Liga,Home,1422,1689,5,9,1.04,1.01,40.8,6,8.0,1,2,0,15,38,1
5341,2021,La Liga,Home,1514,1637,5,13,1.46,0.99,45.6,8,,1,1,0,15,1,0
5342,2021,Premier League,Home,1438,1701,8,9,1.16,1.7,34.0,8,6.0,0,0,0,20,16,0
5343,2019,Ligue 1,Home,1556,1417,4,3,1.18,1.38,53.5,6,6.0,0,0,0,18,11,1
5344,2023,Serie A,Away,1580,1628,5,8,1.71,1.44,58.6,3,4.0,1,0,0,16,41,0
5345,2018,La Liga,Home,1836,1440,14,9,1.59,1.73,64.4,3,3.0,0,0,0,18,91,1
5346,2021,Premier League,Away,1661,1583,11,11,1.07,1.57,43.8,7,7.0,1,2,0,18,13,1
5347,2021,Bundesliga,Away,1271,1684,8,10,1.2,1.5,41.1,6,5.0,3,2,0,21,91,0
5348,2024,Bundesliga,Away,1450,1389,8,5,1.12,1.15,53.8,4,6.0,2,1,0,20,72,0
5349,2021,Serie A,Away,1463,1240,7,4,1.35,1.85,63.2,7,3.0,0,2,0,17,12,1
5350,2018,Premier League,Home,1581,1759,12,9,1.65,1.05,41.6,4,7.0,0,1,0,17,2,1
5351,2022,Ligue 1,Home,1369,1568,5,2,1.3,1.73,56.5,6,7.0,1,0,0,15,41,0
5352,2019,Bundesliga,Home,1426,1485,6,5,1.49,1.18,49.1,5,5.0,0,3,0,21,24,1
5353,2021,Serie A,Away,1326,1477,5,9,0.83,1.11,42.1,7,4.0,0,2,0,16,35,1
5354,2020,Serie A,Home,1416,1207,8,3,1.56,1.63,47.1,6,3.0,0,0,0,15,68,1
5355,2019,Ligue 1,Away,1421,1529,6,7,1.19,1.5,46.7,7,4.0,4,2,0,18,82,0
5356,2025,Ligue 1,Home,1456,1426,3,9,0.94,0.99,51.8,4,5.0,4,3,0,12,46,0
5357,2020,Serie A,Away,1334,1507,5,5,0.55,1.26,40.0,5,4.0,0,1,0,13,28,0
5358,2022,La Liga,Away,1637,1504,9,5,1.42,1.09,56.4,4,3.0,0,1,0,15,53,0
5359,2024,La Liga,Away,1566,1150,9,4,1.23,1.91,63.0,6,3.0,3,2,0,13,57,1
5360,2020,Bundesliga,Home,1297,1569,4,6,0.93,1.17,,3,6.0,2,1,0,19,84,0
5361,2025,Serie A,Home,1504,1526,9,6,1.44,1.63,45.2,8,4.0,2,0,0,16,64,1
5362,2021,Premier League,Home,1281,1545,1,12,1.54,1.15,43.5,5,7.0,1,0,1,17,94,0
5363,2025,Premier League,Away,1688,1474,11,4,1.33,1.47,64.6,5,4.0,1,0,0,19,58,1
5364,2021,Ligue 1,Home,1726,1507,15,6,1.62,1.02,50.9,5,4.0,0,0,0,19,48,1
5365,2018,Ligue 1,Away,1492,1524,6,9,1.2,1.32,40.4,5,5.0,3,1,0,21,76,1
5366,2024,Ligue 1,Away,1381,1538,6,8,0.97,1.06,44.2,6,6.0,3,1,1,19,42,0
5367,2024,La Liga,Home,1407,1567,6,5,0.99,1.69,41.9,8,8.0,1,4,0,20,51,0
5368,2025,Bundesliga,Away,1436,1540,6,13,1.69,1.6,38.1,6,7.0,0,2,0,19,72,0
5369,2018,Bundesliga,Home,1485,1759,5,9,1.34,1.19,45.2,7,6.0,1,1,0,18,54,0
5370,2024,La Liga,Away,1692,1398,15,6,1.51,1.72,50.8,5,5.0,4,0,0,13,2,1
5371,2020,Premier League,Away,1634,1448,10,8,1.33,1.29,47.5,5,10.0,1,0,0,20,60,0
5372,2024,Ligue 1,Away,1636,1737,7,15,1.52,1.31,51.6,8,4.0,3,0,0,13,90,0
5373,2025,Premier League,Home,1524,1478,6,6,1.22,1.37,58.2,3,4.0,1,0,1,18,55,0
5374,2019,Serie A,Home,1338,1630,6,7,1.65,1.38,55.6,6,6.0,1,0,1,20,17,1
5375,2020,Serie A,Home,1392,1519,1,9,1.29,1.38,39.0,7,7.0,2,1,0,19,54,0
5376,2020,Bundesliga,Home,1509,1468,10,13,1.39,1.38,53.0,6,10.0,4,1,0,18,86,1
5377,2020,Premier League,Home,1332,1638,4,10,1.19,0.79,35.3,3,5.0,2,1,0,17,33,0
5378,2022,Bundesliga,Home,1543,1573,9,8,1.72,1.14,49.6,3,5.0,3,2,0,20,89,1
5379,2021,Premier League,Away,1613,1285,10,6,1.47,2.02,57.4,8,7.0,1,2,0,20,17,1
5380,2023,Bundesliga,Away,1576,1524,11,2,1.31,1.32,40.6,5,8.0,0,0,0,20,10,0
5381,2023,Premier League,Away,1571,1361,10,4,1.47,1.32,57.9,5,6.0,0,0,0,19,71,0
5382,2019,Bundesliga,Away,1239,1678,6,5,1.26,1.22,39.0,4,3.0,0,1,0,12,63,0
5383,2018,Bundesliga,Home,1687,1746,12,10,1.85,0.77,51.5,5,6.0,2,3,1,15,31,1
5384,2023,Premier League,Away,1281,1762,4,9,1.16,1.02,31.7,5,5.0,0,0,0,15,12,0
5385,2019,Premier League,Home,1479,1550,13,1,1.38,1.37,58.8,7,5.0,0,2,0,15,80,1
5386,2019,Bundesliga,Home,1587,1435,9,7,1.69,1.55,55.1,3,4.0,3,0,0,21,17,1
5387,2022,Premier League,Away,1550,1545,8,10,0.72,1.42,51.8,6,6.0,3,1,0,13,26,1
5388,2020,Premier League,Home,1321,1368,3,5,1.18,1.87,55.7,10,10.0,0,0,0,21,10,0
5389,2019,La Liga,Home,1346,1828,5,7,1.03,0.91,37.9,4,6.0,1,0,0,13,59,1
5390,2020,Ligue 1,Away,1540,1667,9,13,1.41,0.84,42.4,7,4.0,1,0,0,18,74,0
5391,2022,Serie A,Home,1572,1543,9,13,1.52,1.24,56.2,3,5.0,0,1,0,20,65,0
5392,2024,La Liga,Home,1345,1640,10,10,1.49,1.1,41.9,5,6.0,1,2,0,16,35,0
5393,2025,Ligue 1,Away,1555,1431,7,6,1.06,1.48,57.9,5,7.0,1,2,0,17,49,1
5394,2023,La Liga,Home,1288,1345,7,5,0.94,1.44,48.0,7,8.0,3,3,0,17,61,1
5395,2025,La Liga,Away,1587,1190,6,5,1.22,1.68,70.8,10,5.0,1,1,0,13,54,1
5396,2022,La Liga,Away,1376,1512,12,8,1.06,1.38,46.3,7,8.0,2,1,0,20,94,0
5397,2021,La Liga,Home,1511,1471,5,8,1.02,1.62,47.8,4,8.0,0,0,0,15,73,0
5398,2024,La Liga,Away,1488,1573,13,10,1.87,1.3,49.5,7,7.0,0,2,0,15,41,0
5399,2020,Bundesliga,Home,1662,1502,9,6,1.75,1.42,51.6,3,8.0,2,2,0,15,66,1
5400,2024,Premier League,Away,1534,1566,2,6,1.19,1.76,44.8,6,6.0,1,0,0,21,55,0
5401,2025,Bundesliga,Away,1416,1614,10,8,1.26,0.86,51.7,3,3.0,0,0,0,18,10,0
5402,2021,Premier League,Away,1550,1296,8,6,1.3,1.6,49.9,7,5.0,3,1,0,13,88,0
5403,2023,La Liga,Home,1800,1622,10,5,1.72,1.23,59.5,8,5.0,0,0,0,20,72,1
5404,2024,Premier League,Home,1604,1443,10,6,1.27,1.43,62.0,6,3.0,2,4,0,21,35,1
5405,2024,Serie A,Home,1492,1572,9,8,0.96,1.45,46.2,4,5.0,1,2,0,20,1,0
5406,2019,Bundesliga,Away,1383,1643,7,8,1.08,1.03,44.8,4,5.0,0,2,0,18,15,0
5407,2025,La Liga,Home,1414,1644,9,13,1.6,1.1,40.0,4,6.0,4,1,0,19,17,0
5408,2022,Premier League,Home,1595,1518,9,11,1.08,1.54,57.6,5,6.0,1,0,0,15,42,0
5409,2018,Premier League,Home,1376,1525,8,9,1.49,1.31,39.7,6,3.0,3,2,0,15,95,1
5410,2018,Bundesliga,Home,1500,1625,6,14,1.49,1.02,51.8,3,10.0,1,0,0,12,45,0
5411,2023,La Liga,Away,1701,1290,12,7,1.47,1.75,60.2,7,5.0,2,1,0,21,38,1
5412,2021,Bundesliga,Home,1521,1367,6,6,1.56,1.65,49.5,5,5.0,0,2,1,18,66,0
5413,2018,La Liga,Home,1349,1461,3,6,1.24,1.44,43.6,6,6.0,1,1,0,18,15,0
5414,2022,Premier League,Home,1805,1313,11,4,1.15,1.64,64.6,6,10.0,1,0,0,21,26,1
5415,2022,Bundesliga,Away,1747,1462,10,8,1.52,1.54,51.1,4,5.0,1,1,0,15,91,1
5416,2018,La Liga,Away,1570,1454,11,6,1.33,1.39,55.5,6,5.0,1,3,0,20,40,0
5417,2020,Premier League,Home,1679,1512,6,4,1.91,1.43,54.9,5,6.0,0,0,0,18,23,0
5418,2021,Ligue 1,Home,1463,1492,10,6,1.21,1.08,47.2,5,4.0,1,0,0,15,67,1
5419,2024,Premier League,Away,1601,1650,7,12,1.41,1.18,51.1,6,4.0,0,4,0,19,94,1
5420,2023,La Liga,Away,1441,1580,0,2,0.99,1.54,42.4,4,6.0,0,0,0,19,74,0
5421,2018,La Liga,Home,1310,1490,2,11,1.13,1.93,44.0,3,10.0,1,0,0,12,35,0
5422,2022,Serie A,Home,1863,1453,11,8,1.45,1.44,58.2,5,5.0,3,3,1,19,75,1
5423,2025,Bundesliga,Home,1303,1493,6,7,1.4,1.15,38.8,4,5.0,2,1,0,20,15,0
5424,2018,Premier League,Home,1542,1496,8,8,1.29,1.28,49.3,3,3.0,0,1,0,12,57,1
5425,2025,Ligue 1,Home,1540,1853,5,14,1.1,0.69,34.2,7,6.0,4,2,0,20,32,0
5426,2018,Serie A,Away,1572,1296,6,5,1.74,1.72,54.0,6,6.0,0,0,0,13,39,0
5427,2022,Ligue 1,Away,1487,1370,4,8,1.01,1.5,44.1,4,5.0,0,0,0,12,38,0
5428,2020,Bundesliga,Away,1489,1350,8,8,1.4,1.26,48.2,5,,0,1,0,19,37,1
5429,2023,Ligue 1,Home,1519,1538,7,8,1.0,1.28,,8,4.0,1,4,0,21,8,0
5430,2024,Serie A,Home,1567,1532,10,5,1.5,1.51,52.8,8,7.0,3,0,1,20,51,0
5431,2024,La Liga,Home,1500,1420,3,6,1.62,1.45,47.1,5,7.0,2,4,0,18,28,1
5432,2024,La Liga,Home,1490,1625,6,4,1.18,1.08,40.2,8,3.0,1,1,0,17,35,1
5433,2024,Serie A,Home,1315,1552,11,9,0.85,1.58,42.0,7,10.0,1,1,1,18,23,1
5434,2020,La Liga,Home,1782,1631,13,8,1.37,1.33,63.1,4,4.0,0,0,0,20,51,1
5435,2021,Bundesliga,Home,1575,1668,8,8,1.42,1.02,39.2,4,6.0,0,0,0,12,56,0
5436,2023,Premier League,Away,1529,1202,5,6,1.86,1.64,61.5,4,5.0,1,0,0,18,86,0
5437,2019,Bundesliga,Home,1413,1596,9,5,1.52,0.75,47.1,3,6.0,0,2,0,13,31,0
5438,2022,Premier League,Home,1359,1319,10,6,1.49,1.59,61.3,6,6.0,1,3,0,15,74,1
5439,2022,Ligue 1,Home,1620,1535,6,7,1.21,2.03,53.5,6,10.0,2,2,0,19,47,1
5440,2025,Premier League,Home,1478,1490,4,7,1.6,1.65,49.8,3,8.0,0,2,0,15,12,0
5441,2018,Premier League,Home,1587,1496,9,8,1.69,1.33,52.4,6,4.0,1,1,0,21,10,1
5442,2018,Bundesliga,Away,1311,1331,6,10,1.22,1.58,49.2,4,5.0,1,0,0,15,35,0
5443,2018,Bundesliga,Away,1717,1644,11,10,1.43,1.37,55.2,4,8.0,1,1,1,21,63,1
5444,2022,Bundesliga,Home,1626,1319,14,9,1.73,1.68,54.9,3,6.0,0,1,0,20,2,1
5445,2022,Ligue 1,Home,1489,1605,5,12,1.17,1.24,62.2,3,7.0,2,0,0,13,34,0
5446,2022,La Liga,Home,1565,1300,8,7,1.59,1.0,60.8,6,6.0,2,0,0,15,58,1
5447,2019,Bundesliga,Away,1604,1498,11,3,1.37,1.28,51.6,4,8.0,0,0,0,21,24,1
5448,2020,La Liga,Home,1313,1753,7,10,0.9,0.99,37.7,10,6.0,1,1,0,20,41,0
5449,2021,Serie A,Home,1735,1831,9,9,1.51,1.04,47.4,8,6.0,3,2,0,16,52,0
5450,2018,La Liga,Away,1568,1273,7,12,1.92,1.38,57.1,3,4.0,1,1,0,17,89,0
5451,2024,Premier League,Home,1401,1401,5,4,0.95,1.61,53.1,7,4.0,4,1,1,17,94,1
5452,2018,Serie A,Away,1346,1427,10,3,1.43,1.94,49.4,6,10.0,3,3,0,17,1,0
5453,2023,Bundesliga,Away,1638,1816,7,4,1.71,1.32,52.8,5,6.0,4,2,0,17,70,1
5454,2021,Premier League,Home,1530,1490,7,5,1.34,1.36,46.1,4,5.0,0,2,0,17,26,1
5455,2025,Ligue 1,Away,1568,1650,10,10,1.29,1.61,47.7,6,7.0,3,1,0,20,38,1
5456,2023,Serie A,Home,1504,1542,5,11,1.04,1.56,44.1,8,8.0,1,1,0,13,20,0
5457,2021,Premier League,Home,1360,1332,6,3,1.52,1.7,48.3,3,6.0,0,0,0,16,11,1
5458,2023,Serie A,Away,1571,1240,3,7,1.13,1.46,,8,,1,4,0,12,21,1
5459,2018,Premier League,Away,1472,1414,8,6,0.62,1.41,,6,4.0,2,1,0,13,4,1
5460,2019,Premier League,Home,1497,1824,8,10,1.42,1.22,38.6,3,4.0,1,0,0,20,95,0
5461,2021,Bundesliga,Home,1833,1536,12,8,1.38,1.87,64.4,5,3.0,2,0,0,15,91,1
5462,2024,Premier League,Away,1622,1648,7,13,1.46,1.59,56.6,3,4.0,2,2,0,19,44,0
5463,2024,Premier League,Home,1630,1301,10,5,1.16,1.69,61.8,6,7.0,1,0,0,13,29,1
5464,2021,Bundesliga,Home,1881,1454,12,4,1.62,1.45,54.9,3,6.0,1,0,0,21,43,1
5465,2020,Premier League,Home,1554,1609,12,10,1.43,1.46,55.8,5,7.0,2,1,0,17,88,1
5466,2025,Bundesliga,Away,1517,1347,9,7,1.44,1.64,52.1,3,6.0,0,2,0,17,68,1
5467,2022,Bundesliga,Home,1405,1491,3,7,1.58,1.76,46.2,10,5.0,2,1,0,18,12,0
5468,2018,Premier League,Away,1437,1377,5,9,1.28,1.2,54.1,4,3.0,0,1,0,13,14,1
5469,2019,Serie A,Away,1213,1616,2,3,1.06,1.27,35.6,5,5.0,2,3,1,13,47,0
5470,2024,Premier League,Home,1611,1556,9,9,1.41,1.5,57.6,4,8.0,0,0,0,16,38,1
5471,2025,Serie A,Home,1323,1596,5,11,1.39,1.63,47.2,6,5.0,4,0,0,12,15,0
5472,2025,Premier League,Away,1626,1622,9,5,1.21,1.74,64.9,3,6.0,4,2,0,12,46,0
5473,2018,Ligue 1,Away,1494,1468,15,3,1.23,1.03,52.1,6,8.0,0,0,0,20,75,0
5474,2024,Premier League,Home,1518,1640,6,12,1.37,1.06,46.3,4,6.0,1,0,0,15,50,1
5475,2018,Bundesliga,Away,1494,1417,11,10,1.12,1.42,61.9,10,6.0,0,2,0,18,36,0
5476,2024,Premier League,Away,1694,1588,9,12,1.91,0.98,43.3,6,8.0,4,1,0,13,40,1
5477,2025,Premier League,Away,1669,1224,4,2,1.62,2.03,62.3,8,5.0,4,2,0,19,2,1
5478,2020,La Liga,Away,1496,1396,8,7,1.04,1.49,51.8,3,10.0,1,1,0,12,9,0
5479,2019,Serie A,Home,1374,1824,9,12,1.31,1.37,44.9,5,8.0,0,1,0,19,58,1
5480,2023,Ligue 1,Home,1629,1586,11,4,1.82,1.24,66.6,6,6.0,1,1,0,18,23,0
5481,2018,Premier League,Away,1364,1586,7,9,1.02,1.39,41.1,6,5.0,2,4,0,16,76,0
5482,2022,Premier League,Home,1282,1385,5,6,1.45,1.13,53.2,7,3.0,3,0,0,20,93,0
5483,2020,La Liga,Home,1570,1347,7,8,1.49,1.24,62.5,3,5.0,1,0,0,20,2,0
5484,2021,La Liga,Home,1671,1463,12,6,1.59,1.14,61.8,7,5.0,1,0,1,18,70,0
5485,2024,Ligue 1,Home,1443,1491,6,11,1.59,0.95,50.0,6,4.0,1,0,0,18,43,1
5486,2025,Ligue 1,Home,1557,1768,7,11,1.46,1.38,48.3,10,5.0,0,0,0,18,5,0
5487,2021,Ligue 1,Away,1442,1643,8,14,1.38,1.23,40.2,7,10.0,0,0,0,15,61,0
5488,2020,Premier League,Away,1601,1515,8,10,1.48,1.62,61.0,5,5.0,3,0,0,19,8,0
5489,2024,La Liga,Away,1653,1509,13,8,1.08,1.33,48.2,3,5.0,1,2,0,16,55,0
5490,2021,Bundesliga,Away,1463,1606,8,6,1.41,1.55,41.6,6,4.0,2,0,0,20,6,0
5491,2019,La Liga,Home,1356,1315,4,2,1.25,1.77,49.6,6,3.0,2,3,0,16,68,1
5492,2025,Serie A,Away,1296,1231,2,8,1.03,1.58,48.8,8,4.0,1,0,0,19,17,0
5493,2025,Premier League,Away,1630,1604,8,11,0.86,1.32,52.8,3,4.0,1,3,0,13,67,0
5494,2020,La Liga,Home,1341,1510,12,7,1.33,1.44,44.2,6,8.0,4,3,0,16,24,0
5495,2019,Ligue 1,Home,1552,1316,8,4,1.19,1.81,51.6,10,7.0,2,3,0,17,7,1
5496,2019,Premier League,Away,1609,1207,11,5,1.19,1.62,54.4,3,7.0,2,1,1,20,82,1
5497,2022,Ligue 1,Home,1430,1625,3,6,0.97,1.34,51.1,3,4.0,0,0,0,20,47,1
5498,2020,La Liga,Away,1477,1427,4,5,0.83,1.06,53.9,3,10.0,0,1,0,18,75,0
5499,2022,Premier League,Away,1640,1556,9,10,1.62,1.09,45.6,3,10.0,4,0,0,12,74,0
5500,2024,Premier League,Home,1387,1463,11,9,1.81,1.21,51.3,4,6.0,1,0,0,20,57,1
5501,2018,Premier League,Home,1373,1495,3,6,1.07,1.5,45.3,6,8.0,0,3,1,18,67,1
5502,2024,Serie A,Away,1467,1417,5,11,1.52,1.26,43.4,6,7.0,2,0,0,19,2,0
5503,2018,Premier League,Home,1679,1489,12,10,1.52,1.4,48.5,3,4.0,0,0,0,17,37,1
5504,2018,Serie A,Home,1726,1581,14,6,1.67,1.25,58.7,5,6.0,1,3,0,17,91,1
5505,2023,Ligue 1,Home,1486,1461,8,4,1.32,1.4,57.4,5,5.0,1,2,0,17,5,0
5506,2022,La Liga,Away,1400,1453,8,8,1.44,1.62,52.2,6,5.0,0,1,0,18,65,0
5507,2025,Premier League,Away,1649,1585,7,7,1.21,1.33,47.9,4,7.0,2,1,0,20,50,1
5508,2022,La Liga,Away,1266,1594,1,7,1.12,1.22,44.4,3,6.0,0,0,0,19,51,0
5509,2021,Bundesliga,Away,1535,1341,5,6,1.67,1.61,57.3,3,6.0,0,2,0,20,4,1
5510,2023,Serie A,Away,1494,1496,5,9,1.52,1.77,37.4,3,10.0,1,0,0,13,63,0
5511,2024,Premier League,Home,1681,1427,10,9,1.63,1.44,59.3,7,4.0,4,1,0,17,57,1
5512,2023,Serie A,Away,1695,1502,7,8,1.59,1.04,55.8,3,8.0,0,4,0,19,88,1
5513,2020,La Liga,Home,1368,1701,7,4,1.11,0.84,53.4,4,6.0,2,1,0,16,43,0
5514,2025,La Liga,Home,1523,1550,7,11,1.29,1.23,59.3,5,3.0,4,0,0,16,1,0
5515,2020,Premier League,Away,1420,1803,5,9,0.87,0.79,40.0,7,5.0,0,0,0,15,61,0
5516,2020,Ligue 1,Away,1459,1531,9,9,1.43,0.72,50.4,7,4.0,0,2,0,19,16,0
5517,2020,Premier League,Home,1586,1477,6,7,1.79,1.3,53.3,7,3.0,0,1,0,12,64,0
5518,2020,Premier League,Home,1453,1497,11,13,1.37,1.45,46.6,6,6.0,1,0,1,19,28,0
5519,2019,Premier League,Away,1527,1520,10,13,1.38,1.68,43.4,6,8.0,4,1,1,16,12,0
5520,2022,Serie A,Home,1634,1545,7,7,1.65,1.31,48.9,10,6.0,2,0,0,12,91,0
5521,2023,La Liga,Away,1712,1361,13,2,1.05,1.55,56.5,3,5.0,1,2,0,13,20,1
5522,2021,Premier League,Away,1540,1467,5,4,1.27,1.51,57.8,5,3.0,3,2,0,17,76,0
5523,2025,La Liga,Home,1516,1399,11,7,1.35,1.46,54.0,6,5.0,1,0,0,18,23,1
5524,2021,Serie A,Home,1345,1644,7,8,0.75,1.05,39.7,6,4.0,4,3,0,16,4,0
5525,2021,La Liga,Home,1722,1230,6,1,1.63,2.14,58.6,10,7.0,0,4,0,21,47,1
5526,2018,Ligue 1,Home,1569,1522,5,6,0.96,1.08,53.4,7,5.0,2,1,0,12,76,1
5527,2025,La Liga,Away,1519,1287,7,6,1.54,1.65,54.2,6,8.0,0,0,0,18,50,0
5528,2019,Premier League,Away,1512,1561,10,8,1.42,1.1,43.5,4,,0,1,0,15,19,0
5529,2019,Ligue 1,Home,1550,1444,8,6,1.36,1.43,48.0,8,3.0,1,2,0,20,17,1
5530,2025,Bundesliga,Home,1608,1246,8,4,1.66,1.68,67.9,5,,2,2,0,21,2,1
5531,2022,La Liga,Home,1625,1632,9,9,1.52,1.18,49.2,7,10.0,0,2,0,12,21,0
5532,2018,Bundesliga,Away,1726,1150,5,4,1.72,1.36,69.9,5,5.0,2,2,1,17,47,1
5533,2021,Serie A,Away,1534,1496,10,8,1.46,1.27,42.1,6,7.0,3,2,0,19,49,1
5534,2022,La Liga,Home,1746,1597,14,4,1.41,1.54,59.6,5,3.0,0,1,1,18,1,0
5535,2018,Bundesliga,Home,1648,1693,11,10,1.9,0.8,52.8,5,3.0,0,1,0,17,36,1
5536,2024,Bundesliga,Away,1492,1275,6,4,1.65,1.96,59.9,5,4.0,2,1,0,12,36,0
5537,2023,La Liga,Home,1267,1428,2,4,1.2,1.44,38.0,7,3.0,0,2,0,15,18,0
5538,2018,Serie A,Home,1512,1652,5,8,1.4,1.39,46.7,6,3.0,0,1,0,20,47,0
5539,2022,La Liga,Away,1718,1661,7,12,1.78,0.94,47.3,6,3.0,1,1,0,21,15,0
5540,2019,Premier League,Home,1391,1679,12,12,1.55,1.15,36.9,5,5.0,1,0,0,13,93,1
5541,2023,Ligue 1,Home,1512,1859,7,12,1.84,0.86,31.9,5,5.0,0,0,0,12,54,0
5542,2021,Serie A,Home,1523,1429,10,4,1.24,1.49,47.0,7,5.0,1,3,0,13,10,1
5543,2019,Serie A,Away,1632,1552,11,5,1.76,1.03,46.3,5,6.0,0,0,0,15,82,0
5544,2022,Serie A,Home,1446,1452,7,4,1.27,1.24,53.8,5,,0,1,0,15,27,1
5545,2021,Serie A,Away,1378,1223,4,4,0.81,2.12,50.8,4,6.0,0,4,0,16,62,0
5546,2020,La Liga,Away,1580,1487,10,7,1.65,1.52,51.5,4,10.0,1,1,0,19,26,1
5547,2025,Ligue 1,Away,1396,1221,3,2,1.6,1.7,60.4,7,6.0,0,1,0,20,8,0
5548,2023,Serie A,Home,1243,1427,6,9,1.31,1.51,45.8,7,7.0,1,0,0,17,86,0
5549,2021,Serie A,Away,1758,1294,8,6,1.59,1.9,58.0,5,8.0,1,0,0,15,32,0
5550,2019,La Liga,Away,1630,1561,8,1,1.59,1.26,52.7,4,4.0,1,2,0,13,54,0
5551,2022,La Liga,Away,1764,1391,10,6,1.82,1.68,55.4,7,4.0,0,1,0,15,84,0
5552,2018,Premier League,Away,1622,1250,13,6,1.63,0.98,50.5,8,4.0,3,0,0,20,28,0
5553,2025,La Liga,Away,1595,1621,2,9,1.76,1.21,51.2,7,5.0,3,2,0,19,60,0
5554,2018,Premier League,Away,1552,1415,14,8,1.64,1.35,56.7,5,8.0,1,1,0,18,94,1
5555,2023,Serie A,Home,1474,1440,5,6,1.18,1.27,49.9,5,8.0,1,1,0,13,75,1
5556,2020,Ligue 1,Home,1572,1363,8,6,1.44,1.66,54.6,8,5.0,1,0,0,12,19,1
5557,2023,La Liga,Home,1423,1661,8,9,1.14,1.17,41.9,4,5.0,1,0,0,21,1,0
5558,2020,La Liga,Home,1350,1538,7,8,1.23,1.28,53.0,3,8.0,1,1,0,13,71,0
5559,2018,Serie A,Away,1453,1414,9,5,0.83,1.23,52.5,8,6.0,1,1,0,18,95,0
5560,2025,Premier League,Away,1681,1232,11,7,2.03,1.49,60.6,6,5.0,1,0,0,20,52,1
5561,2024,Ligue 1,Away,1327,1851,11,15,0.96,0.53,41.7,6,3.0,1,1,0,20,92,0
5562,2018,La Liga,Home,1330,1777,7,9,1.03,1.02,44.1,4,5.0,0,2,0,21,6,0
5563,2018,Premier League,Away,1583,1702,8,7,1.46,0.81,49.2,7,4.0,1,0,0,19,90,0
5564,2022,Premier League,Home,1442,1402,5,3,0.94,1.82,55.8,6,3.0,0,0,0,18,33,1
5565,2025,Ligue 1,Away,1568,1430,7,8,1.34,1.6,56.2,5,3.0,0,2,0,20,65,1
5566,2022,Premier League,Away,1639,1556,13,10,1.55,1.53,52.3,6,6.0,1,1,0,21,47,1
5567,2018,Serie A,Home,1565,1375,13,7,1.83,1.13,59.7,8,5.0,1,2,0,15,28,0
5568,2023,Premier League,Away,1411,1361,9,7,1.29,1.68,46.6,8,7.0,0,2,0,15,3,1
5569,2021,Premier League,Home,1680,1704,1,8,1.45,1.0,44.6,3,6.0,4,0,1,17,5,0
5570,2023,Ligue 1,Home,1604,1492,3,2,1.18,1.43,55.3,3,3.0,3,2,0,18,57,0
5571,2020,Premier League,Home,1504,1343,8,4,1.89,1.44,50.6,6,5.0,0,0,0,15,58,1
5572,2018,Premier League,Home,1497,1633,7,13,1.37,0.89,50.7,6,6.0,3,2,0,21,71,1
5573,2018,Serie A,Home,1552,1420,8,7,1.43,1.16,54.6,8,7.0,0,0,0,13,94,1
5574,2023,Ligue 1,Away,1456,1223,10,5,0.96,1.76,66.2,6,10.0,2,3,0,21,54,1
5575,2023,La Liga,Away,1272,1341,8,8,1.23,1.65,43.3,7,5.0,0,0,0,21,33,1
5576,2020,Premier League,Home,1605,1428,9,4,1.32,1.07,59.1,7,4.0,0,2,1,19,44,1
5577,2018,Ligue 1,Away,1597,1531,5,8,1.82,1.61,49.2,5,5.0,2,0,0,16,26,0
5578,2024,Serie A,Away,1178,1524,0,9,1.11,1.23,42.8,5,4.0,1,0,0,17,89,0
5579,2019,Bundesliga,Away,1571,1672,9,7,1.46,0.87,51.1,6,4.0,0,0,0,18,43,0
5580,2019,Bundesliga,Home,1746,1467,12,8,1.29,1.24,59.0,6,,3,0,0,18,64,0
5581,2021,Bundesliga,Home,1342,1435,2,10,1.15,1.07,50.2,5,,1,1,0,12,70,0
5582,2023,La Liga,Away,1490,1674,9,9,1.29,1.01,47.5,5,6.0,1,1,0,12,80,0
5583,2025,La Liga,Home,1475,1637,3,5,1.35,1.11,44.8,3,5.0,2,0,0,13,55,0
5584,2023,Bundesliga,Away,1732,1470,3,8,1.11,1.51,60.8,3,3.0,1,3,1,16,78,1
5585,2025,Bundesliga,Home,1657,1541,7,6,1.3,1.52,57.5,3,6.0,0,2,0,18,93,1
5586,2023,Ligue 1,Away,1377,1433,10,7,1.09,1.68,46.9,6,4.0,4,0,0,17,92,0
5587,2024,Serie A,Home,1548,1337,12,3,1.53,1.69,51.4,6,3.0,0,0,0,15,45,1
5588,2019,La Liga,Home,1822,1808,7,11,1.22,0.6,51.7,8,5.0,1,2,0,15,51,1
5589,2018,Serie A,Home,1413,1424,3,10,1.6,1.06,50.8,3,5.0,1,0,0,21,61,1
5590,2023,Serie A,Away,1498,1541,9,8,1.66,1.59,40.9,10,5.0,0,2,0,15,13,0
5591,2025,La Liga,Home,1572,1288,7,1,1.18,1.42,58.3,5,7.0,0,1,0,13,68,1
5592,2023,Bundesliga,Away,1415,1603,10,10,1.87,1.22,41.3,7,8.0,3,3,0,17,89,1
5593,2020,Serie A,Home,1747,1331,12,6,1.68,1.66,50.8,4,7.0,2,4,0,17,14,1
5594,2021,Premier League,Away,1434,1735,9,11,1.25,1.46,44.4,5,6.0,1,0,0,19,57,0
5595,2018,Serie A,Home,1306,1752,3,13,1.29,1.24,32.8,4,4.0,2,1,0,16,39,0
5596,2020,Serie A,Home,1427,1579,8,7,1.37,1.06,52.7,5,5.0,1,0,0,19,41,0
5597,2023,Ligue 1,Away,1591,1516,14,7,1.48,1.03,55.8,5,5.0,4,2,0,17,27,0
5598,2019,La Liga,Away,1388,1474,7,5,0.96,1.11,49.1,5,6.0,0,2,0,19,42,0
5599,2021,Serie A,Home,1542,1493,8,8,1.29,1.66,58.2,8,4.0,4,3,0,19,54,0
5600,2020,La Liga,Away,1579,1557,7,9,1.53,1.51,55.4,7,4.0,3,0,0,17,72,0
5601,2021,Serie A,Home,1331,1513,1,7,1.37,1.35,41.0,3,7.0,3,0,0,15,27,0
5602,2024,Premier League,Away,1421,1637,4,11,1.62,0.87,49.7,5,10.0,0,2,0,16,4,0
5603,2025,Ligue 1,Away,1549,1371,6,3,1.29,1.69,51.0,5,4.0,0,0,0,20,86,0
5604,2021,Ligue 1,Home,1598,1714,4,10,1.48,1.2,51.7,8,7.0,2,2,0,18,44,1
5605,2024,Serie A,Home,1425,1441,3,8,1.1,1.21,47.5,6,4.0,1,2,0,21,11,1
5606,2023,Serie A,Away,1521,1396,1,5,1.65,1.43,46.8,8,4.0,2,1,1,20,46,0
5607,2025,Premier League,Away,1460,1551,5,5,1.23,1.43,49.9,5,4.0,1,0,0,16,28,0
5608,2023,Serie A,Away,1602,1560,10,4,1.32,1.18,48.6,6,7.0,0,0,0,18,29,0
5609,2022,La Liga,Home,1573,1257,8,5,1.45,1.31,63.3,4,5.0,0,1,0,12,6,1
5610,2023,Bundesliga,Home,1448,1433,6,11,0.87,1.46,56.9,3,6.0,3,1,0,17,90,0
5611,2020,Premier League,Home,1567,1196,10,2,1.56,1.69,50.6,6,8.0,1,1,0,12,60,1
5612,2023,Bundesliga,Home,1442,1405,11,8,1.21,0.96,50.9,6,6.0,1,3,1,15,39,0
5613,2023,La Liga,Away,1564,1411,14,0,2.11,1.41,57.1,8,3.0,2,3,0,18,91,1
5614,2022,Serie A,Home,1566,1542,9,9,1.27,1.1,51.2,6,6.0,3,1,0,18,25,1
5615,2018,Serie A,Home,1832,1390,11,3,1.65,1.57,61.8,4,3.0,0,0,0,13,24,1
5616,2022,Premier League,Away,1453,1423,6,6,1.55,0.99,52.1,6,5.0,0,0,0,15,42,0
5617,2023,La Liga,Home,1480,1683,9,10,1.52,0.87,36.9,3,7.0,0,0,1,21,20,1
5618,2019,Bundesliga,Home,1409,1789,6,7,1.51,0.5,48.5,6,7.0,3,0,0,15,34,0
5619,2024,Serie A,Away,1355,1371,5,14,1.12,1.57,52.9,4,5.0,1,1,0,17,37,1
5620,2024,Premier League,Home,1436,1643,7,8,0.99,0.85,41.6,5,6.0,1,0,0,20,59,0
5621,2022,La Liga,Home,1593,1554,6,10,2.12,0.97,47.2,3,7.0,1,0,0,15,2,1
5622,2025,La Liga,Home,1603,1257,3,8,1.59,1.55,63.0,6,4.0,2,1,0,21,1,1
5623,2024,Serie A,Away,1541,1389,6,7,1.45,1.41,55.1,6,6.0,0,0,0,15,54,1
5624,2021,Serie A,Home,1459,1150,11,0,1.51,1.82,59.5,4,4.0,2,1,0,15,86,1
5625,2025,Premier League,Home,1431,1545,10,8,0.95,1.49,49.9,4,4.0,1,0,0,20,63,1
5626,2025,Serie A,Home,1372,1349,8,1,1.1,1.77,51.7,5,4.0,1,1,0,19,83,1
5627,2018,Bundesliga,Home,1422,1519,5,7,1.0,1.74,38.2,10,5.0,1,2,0,20,80,1
5628,2025,Bundesliga,Home,1319,1860,3,15,1.19,1.29,34.4,8,3.0,2,2,0,13,28,0
5629,2018,Premier League,Away,1690,1723,14,7,1.21,1.23,52.0,5,7.0,1,0,0,21,33,0
5630,2021,La Liga,Away,1757,1393,8,4,1.8,1.5,62.3,7,5.0,2,0,0,13,54,1
5631,2025,La Liga,Away,1229,1359,4,11,1.35,1.63,44.4,3,7.0,0,1,0,19,66,0
5632,2023,Premier League,Home,1540,1681,12,9,1.68,0.68,46.3,3,3.0,0,1,0,19,23,0
5633,2020,La Liga,Home,1538,1359,8,3,1.5,1.44,60.3,7,6.0,1,4,1,12,50,1
5634,2023,Premier League,Home,1529,1639,7,10,1.43,0.77,54.3,8,8.0,1,1,0,13,43,1
5635,2019,Premier League,Home,1417,1883,10,11,1.15,0.82,40.0,3,8.0,3,1,1,17,82,1
5636,2019,Serie A,Home,1643,1595,9,2,1.62,0.9,55.6,7,8.0,1,1,0,21,16,1
5637,2025,La Liga,Away,1557,1666,9,6,1.39,1.3,49.1,3,4.0,1,1,0,13,51,1
5638,2018,Bundesliga,Away,1645,1650,13,15,1.04,1.37,53.4,5,6.0,2,0,1,15,21,0
5639,2025,Premier League,Away,1397,1422,0,7,1.08,1.72,49.3,7,10.0,3,1,0,16,50,0
5640,2021,Serie A,Away,1306,1541,6,12,1.33,1.07,41.1,5,3.0,1,0,0,21,68,0
5641,2018,La Liga,Home,1561,1366,6,3,1.14,1.31,64.1,7,8.0,1,0,0,21,37,1
5642,2024,Bundesliga,Home,1365,1681,5,10,0.92,1.46,51.1,4,6.0,0,1,0,19,2,0
5643,2018,Bundesliga,Away,1648,1348,10,5,1.46,1.36,57.6,6,4.0,1,2,0,17,34,0
5644,2020,La Liga,Home,1202,1598,2,7,0.48,1.08,42.1,7,4.0,1,4,0,16,21,1
5645,2019,Serie A,Away,1434,1658,7,10,1.46,1.39,45.3,4,10.0,0,3,0,13,10,0
5646,2024,Premier League,Away,1414,1431,7,4,1.42,1.54,49.8,4,3.0,2,4,1,20,83,0
5647,2021,Serie A,Home,1453,1399,7,9,1.54,1.68,51.8,3,6.0,0,0,1,18,32,0
5648,2023,Premier League,Home,1537,1476,8,8,1.45,1.49,57.4,5,5.0,2,2,0,15,94,1
5649,2018,La Liga,Away,1555,1375,8,6,1.2,1.36,49.2,3,7.0,0,2,0,18,80,1
5650,2023,Premier League,Away,1590,1522,8,8,1.14,1.67,48.6,6,8.0,2,0,0,20,11,0
5651,2023,Ligue 1,Away,1606,1372,9,5,1.6,1.69,60.5,4,7.0,3,1,0,15,62,1
5652,2020,La Liga,Away,1476,1382,5,2,1.5,1.45,53.3,10,7.0,0,0,0,15,56,0
5653,2025,Serie A,Away,1795,1577,14,6,1.4,1.5,61.9,8,8.0,2,3,0,19,36,0
5654,2021,La Liga,Home,1694,1586,10,8,1.25,1.27,53.3,6,7.0,0,3,0,12,63,1
5655,2023,La Liga,Away,1456,1459,6,6,1.3,1.16,51.9,8,6.0,1,0,1,15,40,0
5656,2019,Premier League,Home,1481,1270,8,6,1.36,1.58,54.4,10,4.0,1,2,0,17,4,1
5657,2025,Ligue 1,Away,1453,1664,7,11,1.53,1.68,51.7,6,4.0,4,4,0,18,40,0
5658,2019,Bundesliga,Away,1551,1437,11,5,1.57,1.67,57.4,5,4.0,1,0,0,20,32,0
5659,2023,Premier League,Away,1364,1789,8,8,1.18,1.19,33.9,8,6.0,0,2,1,20,37,0
5660,2018,Bundesliga,Away,1389,1481,6,9,1.49,1.14,51.0,4,3.0,3,1,1,12,89,0
5661,2018,La Liga,Away,1197,1519,6,8,0.93,1.04,47.3,5,3.0,0,0,0,13,64,0
5662,2019,Premier League,Away,1444,1440,7,5,1.21,1.34,50.1,6,6.0,2,1,0,20,36,0
5663,2025,Serie A,Home,1649,1534,6,5,1.73,1.17,56.6,3,5.0,4,1,0,18,71,0
5664,2019,Premier League,Home,1479,1900,10,11,1.57,0.99,46.2,3,8.0,3,0,0,13,86,0
5665,2025,Premier League,Away,1487,1451,2,8,1.58,1.43,50.6,6,7.0,0,0,0,19,79,0
5666,2022,Bundesliga,Home,1539,1679,0,14,1.35,0.83,48.4,4,5.0,0,1,1,20,37,0
5667,2018,Premier League,Home,1360,1513,8,7,1.21,1.13,44.0,8,8.0,3,1,0,18,46,0
5668,2021,Ligue 1,Home,1504,1664,9,7,1.14,1.11,48.9,8,6.0,3,2,0,19,77,1
5669,2021,Serie A,Home,1625,1230,10,10,1.71,1.7,55.4,6,5.0,0,1,0,21,40,1
5670,2020,Bundesliga,Home,1543,1772,12,10,1.25,1.22,47.8,3,7.0,1,3,0,16,40,1
5671,2022,Serie A,Home,1637,1548,9,6,1.0,1.05,60.2,4,10.0,0,2,0,12,34,0
5672,2024,Ligue 1,Away,1677,1463,9,6,1.43,1.08,51.2,6,7.0,1,1,0,17,22,0
5673,2025,La Liga,Home,1593,1626,11,8,1.24,1.0,56.1,3,6.0,2,1,0,12,32,1
5674,2022,Serie A,Away,1400,1520,4,11,0.56,1.53,47.2,5,7.0,0,0,0,17,42,0
5675,2025,Serie A,Away,1452,1339,6,1,1.15,1.38,50.0,4,5.0,0,0,0,18,53,0
5676,2025,Ligue 1,Home,1770,1161,11,5,1.84,1.68,64.5,6,7.0,1,2,0,16,78,1
5677,2018,Premier League,Away,1544,1756,9,11,1.5,1.22,45.2,8,6.0,4,0,0,13,29,0
5678,2023,Serie A,Home,1525,1469,7,6,1.48,1.68,49.8,8,8.0,0,0,0,19,85,0
5679,2024,Bundesliga,Away,1380,1414,5,6,1.57,1.12,55.2,3,8.0,0,0,0,18,50,0
5680,2018,La Liga,Away,1487,1425,4,6,1.19,1.72,50.6,3,3.0,0,3,0,21,33,1
5681,2022,Ligue 1,Away,1600,1705,7,10,1.17,1.31,49.4,7,5.0,1,2,0,13,89,1
5682,2025,La Liga,Home,1502,1431,12,5,1.48,1.83,62.8,3,7.0,4,2,0,20,37,1
5683,2020,Premier League,Home,1427,1590,6,8,1.36,1.62,45.5,5,3.0,3,2,0,20,71,0
5684,2024,Serie A,Home,1460,1453,8,5,0.99,1.42,48.1,6,5.0,1,2,0,15,90,0
5685,2025,La Liga,Away,1667,1324,6,11,1.49,1.32,57.1,5,5.0,0,4,0,15,11,1
5686,2023,Premier League,Away,1593,1626,15,12,1.59,1.4,55.1,5,6.0,0,0,0,19,25,0
5687,2023,Premier League,Away,1575,1654,6,11,1.5,0.93,47.9,5,3.0,0,0,0,17,20,0
5688,2022,Premier League,Away,1562,1405,5,5,1.6,1.49,55.6,4,7.0,2,4,0,18,36,1
5689,2021,Bundesliga,Away,1334,1495,5,10,1.0,1.17,42.8,5,5.0,1,1,0,13,7,0
5690,2021,Ligue 1,Home,1538,1514,6,8,1.04,1.28,49.5,7,3.0,1,3,0,21,10,1
5691,2022,Serie A,Away,1650,1562,10,9,1.29,0.75,57.4,7,8.0,3,1,0,18,85,1
5692,2021,Premier League,Away,1463,1776,3,9,1.53,1.08,35.2,6,6.0,0,2,1,21,75,0
5693,2024,Serie A,Away,1637,1455,12,8,1.76,1.42,46.0,5,4.0,1,1,0,21,28,1
5694,2024,Bundesliga,Away,1576,1454,11,11,1.39,1.26,50.9,5,7.0,1,3,0,17,46,1
5695,2020,Bundesliga,Away,1616,1475,9,7,1.86,1.35,51.8,7,7.0,3,0,0,19,14,0
5696,2022,La Liga,Home,1507,1368,3,5,1.32,1.2,52.4,5,8.0,2,0,0,12,84,1
5697,2019,Premier League,Home,1624,1259,7,5,1.36,1.76,58.2,4,6.0,4,3,0,19,9,0
5698,2019,Ligue 1,Home,1295,1519,5,8,0.77,1.34,44.7,6,6.0,1,0,1,16,68,1
5699,2020,Bundesliga,Away,1505,1574,4,7,1.34,1.84,46.5,3,7.0,0,3,0,16,52,0
5700,2018,Premier League,Away,1600,1500,6,6,1.73,1.42,59.6,10,6.0,0,0,0,12,21,0
5701,2024,Bundesliga,Away,1541,1491,11,9,1.71,1.45,55.6,5,3.0,1,4,0,12,20,1
5702,2019,Premier League,Away,1653,1374,10,9,1.79,1.35,56.7,4,6.0,0,0,0,20,52,1
5703,2020,Premier League,Home,1478,1535,8,14,1.45,1.62,53.4,6,8.0,1,0,0,13,67,0
5704,2020,Bundesliga,Away,1423,1524,8,9,1.66,1.22,34.8,7,6.0,2,0,0,16,24,0
5705,2019,Serie A,Home,1271,1566,4,9,0.86,1.72,44.6,7,4.0,0,2,0,17,18,1
5706,2020,La Liga,Away,1462,1545,7,10,1.6,1.73,52.5,4,10.0,4,1,0,17,54,0
5707,2023,Ligue 1,Away,1572,1555,10,6,1.5,1.17,47.9,6,5.0,0,1,0,20,43,1
5708,2025,Bundesliga,Home,1607,1685,11,11,1.52,1.11,51.0,6,,4,0,0,13,19,0
5709,2019,Premier League,Home,1304,1580,6,11,0.78,1.1,40.2,7,8.0,0,1,0,18,61,0
5710,2019,Serie A,Home,1665,1567,13,11,1.62,0.96,54.4,5,6.0,0,1,0,19,4,0
5711,2021,Bundesliga,Home,1364,1256,6,9,1.49,1.64,46.4,3,,2,2,0,21,77,1
5712,2020,Serie A,Away,1483,1647,4,8,0.8,1.22,50.7,5,5.0,0,1,0,18,4,0
5713,2024,Ligue 1,Away,1420,1458,9,6,1.46,1.55,49.3,6,8.0,1,2,0,12,26,0
5714,2019,Bundesliga,Home,1558,1511,8,7,0.84,1.33,52.6,4,5.0,2,1,1,17,94,1
5715,2021,Premier League,Away,1513,1322,6,2,1.01,1.73,54.7,8,5.0,2,0,0,16,64,0
5716,2022,Premier League,Away,1595,1793,10,12,1.43,1.07,50.7,4,5.0,3,3,0,21,61,0
5717,2021,Bundesliga,Away,1758,1154,12,5,2.03,1.61,66.6,4,10.0,0,0,0,19,11,1
5718,2022,Ligue 1,Home,1556,1708,5,11,1.38,1.18,51.2,3,8.0,1,0,0,12,66,0
5719,2024,Premier League,Home,1419,1560,8,9,1.38,1.49,44.0,4,6.0,1,1,0,12,35,0
5720,2022,Premier League,Home,1565,1233,13,7,1.19,1.5,61.4,7,6.0,1,2,1,16,88,1
5721,2021,Bundesliga,Home,1772,1785,12,12,1.6,1.32,57.8,7,6.0,2,0,0,13,22,0
5722,2025,Premier League,Away,1592,1572,8,7,1.44,1.1,58.8,4,3.0,1,0,0,21,86,0
5723,2025,Premier League,Home,1632,1170,5,0,1.9,1.57,49.0,8,8.0,0,2,0,13,76,1
5724,2025,Ligue 1,Away,1277,1441,10,6,0.92,0.94,47.0,6,10.0,4,1,0,21,26,0
5725,2018,Bundesliga,Away,1554,1575,7,9,1.24,1.2,42.4,6,7.0,1,0,0,21,33,0
5726,2024,Ligue 1,Home,1462,1740,3,11,1.58,0.85,41.4,4,4.0,3,2,0,19,65,0
5727,2025,Serie A,Away,1405,1443,7,6,1.18,1.54,46.6,8,5.0,1,3,1,16,78,0
5728,2024,La Liga,Away,1497,1150,10,2,1.37,1.79,61.9,6,7.0,1,1,0,12,69,0
5729,2023,Ligue 1,Home,1515,1704,11,8,1.48,1.47,44.8,4,7.0,3,2,0,13,29,0
5730,2020,La Liga,Away,1413,1570,5,6,1.1,1.7,42.6,5,5.0,2,1,0,12,23,0
5731,2023,La Liga,Home,1526,1187,8,5,0.87,1.59,61.4,3,6.0,0,3,0,19,81,0
5732,2022,Ligue 1,Away,1476,1548,7,11,1.59,1.12,43.3,3,8.0,0,0,0,18,4,0
5733,2024,Bundesliga,Home,1598,1563,11,5,1.49,1.41,47.3,4,7.0,1,4,0,15,11,1
5734,2020,Ligue 1,Away,1532,1455,9,7,1.07,1.29,50.3,5,5.0,2,2,0,13,1,1
5735,2023,Premier League,Home,1553,1384,9,8,1.6,1.3,53.5,7,6.0,1,2,0,18,21,1
5736,2024,Ligue 1,Home,1637,1415,12,6,2.0,1.42,56.7,6,7.0,1,4,0,21,52,1
5737,2024,Serie A,Away,1578,1454,5,9,1.73,1.24,54.3,6,3.0,2,2,0,13,61,0
5738,2019,Serie A,Away,1499,1550,9,11,1.87,1.82,45.9,3,8.0,0,0,0,17,76,0
5739,2024,Ligue 1,Away,1208,1610,5,10,0.72,1.19,41.4,4,4.0,1,3,0,18,67,0
5740,2019,La Liga,Away,1572,1199,8,3,1.49,1.61,60.0,5,8.0,1,1,0,19,53,1
5741,2025,Bundesliga,Away,1372,1536,5,11,1.3,1.52,46.2,8,10.0,4,3,0,20,85,0
5742,2018,Serie A,Away,1488,1568,8,8,1.31,1.84,40.5,6,3.0,2,0,0,21,24,1
5743,2019,Bundesliga,Away,1552,1524,7,7,1.33,1.27,53.1,4,10.0,0,0,0,12,78,0
5744,2022,Ligue 1,Home,1687,1443,15,8,0.82,0.93,59.2,3,4.0,4,0,0,19,83,0
5745,2022,Bundesliga,Home,1758,1699,14,9,2.06,1.15,55.4,3,5.0,0,1,0,21,95,0
5746,2023,Premier League,Home,1371,1688,9,9,0.8,0.75,42.9,4,3.0,1,0,1,19,77,0
5747,2021,Premier League,Home,1316,1449,4,6,1.37,1.27,52.1,6,4.0,2,1,0,18,18,0
5748,2018,Ligue 1,Home,1546,1488,6,7,1.4,1.74,54.0,4,4.0,1,1,1,15,53,0
5749,2022,Ligue 1,Away,1534,1608,7,9,1.38,1.05,46.2,3,4.0,3,4,0,21,14,1
5750,2022,Ligue 1,Home,1332,1680,6,5,1.11,0.93,41.1,6,7.0,1,0,0,15,95,0
5751,2022,Premier League,Away,1498,1386,4,6,1.4,1.67,50.0,4,10.0,2,1,0,18,78,0
5752,2021,La Liga,Home,1584,1354,10,1,1.6,1.43,50.9,4,5.0,1,4,0,15,11,1
5753,2025,Bundesliga,Home,1328,1538,8,7,1.4,1.62,48.3,10,7.0,2,2,0,19,4,0
5754,2024,Bundesliga,Away,1361,1343,0,6,1.17,1.42,49.2,7,4.0,1,0,0,15,52,0
5755,2019,Premier League,Away,1410,1228,4,3,0.95,1.76,58.1,7,8.0,0,3,0,20,47,1
5756,2018,Serie A,Away,1470,1385,10,8,1.01,1.07,61.5,3,6.0,1,2,0,12,2,1
5757,2019,Premier League,Away,1597,1558,10,9,1.72,1.06,56.3,10,6.0,1,0,1,15,35,1
5758,2018,Serie A,Away,1454,1718,5,5,1.23,1.11,38.6,5,4.0,0,0,0,19,24,0
5759,2023,Premier League,Away,1508,1401,10,9,1.1,1.34,49.9,3,6.0,2,2,0,18,12,1
5760,2022,Premier League,Away,1814,1483,10,8,1.51,1.99,61.2,5,5.0,2,3,0,19,30,0
5761,2021,Premier League,Away,1366,1522,5,6,1.18,1.58,48.2,3,8.0,0,3,0,16,73,1
5762,2022,Ligue 1,Home,1409,1409,3,5,0.93,1.68,56.7,5,6.0,2,2,0,17,48,1
5763,2024,Bundesliga,Away,1595,1398,9,1,1.45,1.4,53.2,4,4.0,3,1,0,17,74,1
5764,2024,Ligue 1,Away,1638,1547,12,9,1.82,0.96,46.0,4,3.0,3,1,0,13,93,1
5765,2021,La Liga,Home,1558,1332,7,7,1.38,1.92,51.1,3,7.0,0,1,0,21,51,0
5766,2022,La Liga,Home,1753,1393,12,4,1.19,1.04,65.0,4,3.0,4,4,1,16,64,1
5767,2022,La Liga,Away,1544,1472,8,5,1.62,1.24,52.7,5,5.0,0,2,0,17,37,1
5768,2025,Serie A,Away,1223,1545,7,8,1.32,1.45,46.2,8,6.0,2,0,0,15,36,0
5769,2024,La Liga,Away,1514,1288,6,8,1.66,2.19,54.0,4,6.0,1,2,0,18,86,0
5770,2020,Bundesliga,Away,1420,1482,11,10,1.28,1.8,44.9,7,3.0,3,0,0,17,36,0
5771,2025,Bundesliga,Home,1694,1319,12,7,2.15,1.67,62.7,7,6.0,0,3,0,21,22,1
5772,2021,Ligue 1,Away,1635,1404,10,12,1.68,1.97,49.2,6,4.0,3,2,0,17,85,1
5773,2024,Premier League,Away,1277,1610,6,11,1.85,1.13,44.2,5,6.0,1,0,0,13,65,0
5774,2025,Serie A,Away,1689,1490,9,10,1.9,1.47,63.1,5,4.0,1,1,0,20,42,1
5775,2024,Premier League,Home,1632,1734,8,11,1.79,1.5,36.2,8,5.0,1,1,1,15,59,1
5776,2018,Premier League,Away,1455,1490,8,6,1.14,1.01,44.5,10,7.0,0,2,0,19,44,0
5777,2019,Bundesliga,Away,1489,1636,4,12,1.1,1.32,46.3,7,4.0,3,1,0,19,55,1
5778,2024,Serie A,Home,1695,1611,8,6,1.59,1.36,49.8,8,8.0,0,2,1,12,66,1
5779,2018,Bundesliga,Home,1224,1498,2,9,1.0,1.45,42.6,7,5.0,1,1,0,20,7,0
5780,2018,Premier League,Away,1562,1316,10,4,1.28,1.25,67.3,7,10.0,1,3,1,15,20,1
5781,2020,Ligue 1,Home,1653,1485,11,8,1.49,1.47,51.0,4,6.0,1,2,0,16,50,1
5782,2021,Ligue 1,Home,1488,1425,11,7,1.29,1.49,50.6,5,4.0,1,1,0,13,90,1
5783,2019,La Liga,Away,1591,1420,8,7,1.29,1.28,49.4,4,7.0,1,1,0,18,70,0
5784,2019,Ligue 1,Home,1514,1522,6,8,1.53,1.53,42.8,7,6.0,1,2,0,16,79,1
5785,2020,Premier League,Away,1390,1297,2,6,1.04,1.87,,5,3.0,3,2,0,17,87,1
5786,2022,Bundesliga,Away,1387,1378,7,8,1.21,1.28,42.1,7,3.0,1,0,0,17,16,0
5787,2022,Ligue 1,Home,1600,1358,12,2,1.16,1.6,49.6,5,7.0,2,0,0,18,27,1
5788,2024,Bundesliga,Home,1411,1464,6,7,1.28,1.73,48.9,3,5.0,0,0,0,17,4,0
5789,2025,Bundesliga,Away,1287,1392,5,5,1.17,1.8,50.3,8,6.0,2,1,1,13,72,0
5790,2018,La Liga,Away,1517,1402,8,7,1.13,1.4,48.5,5,6.0,3,0,1,13,55,0
5791,2023,Bundesliga,Away,1428,1519,7,7,1.29,1.6,44.0,4,7.0,0,4,0,16,70,0
5792,2019,Bundesliga,Away,1332,1438,8,10,1.14,1.35,39.2,6,4.0,0,0,0,15,80,1
5793,2020,Premier League,Away,1510,1501,13,7,1.25,1.55,52.8,4,3.0,0,4,0,12,55,1
5794,2020,Premier League,Away,1607,1344,10,8,1.35,1.31,56.8,3,5.0,1,2,0,12,89,1
5795,2023,Bundesliga,Away,1503,1384,9,4,1.47,1.07,53.0,3,6.0,0,0,0,12,14,1
5796,2020,Serie A,Home,1351,1786,5,10,1.19,1.23,32.6,10,6.0,1,0,0,15,79,1
5797,2025,Serie A,Home,1567,1402,8,5,1.66,1.66,58.2,7,4.0,3,1,0,16,75,1
5798,2021,Ligue 1,Home,1645,1205,9,5,1.25,1.79,58.5,7,7.0,0,2,0,21,27,1
5799,2024,Serie A,Away,1810,1548,10,5,1.64,1.1,61.0,5,7.0,0,1,0,15,22,1
5800,2025,La Liga,Home,1702,1401,10,2,1.42,0.82,54.2,6,5.0,2,1,0,13,18,1
5801,2022,La Liga,Home,1359,1534,7,6,1.21,1.54,47.3,4,5.0,0,2,0,20,26,0
5802,2018,Serie A,Home,1620,1487,9,9,1.55,1.73,49.6,5,7.0,0,1,0,17,41,1
5803,2023,Bundesliga,Home,1536,1577,7,6,1.09,0.81,53.8,6,10.0,1,1,0,17,91,0
5804,2021,Serie A,Away,1339,1486,6,8,1.32,1.29,40.3,7,5.0,0,3,0,21,77,0
5805,2020,Serie A,Home,1540,1468,5,5,1.93,1.14,53.3,8,4.0,0,0,0,12,68,1
5806,2021,Bundesliga,Home,1769,1661,13,5,1.69,1.27,46.6,7,5.0,2,2,0,17,17,0
5807,2020,Bundesliga,Away,1667,1189,8,6,1.32,1.96,59.8,10,4.0,2,0,0,13,65,1
5808,2020,Bundesliga,Home,1358,1314,3,7,1.12,1.46,54.3,8,3.0,3,3,0,12,51,1
5809,2025,Premier League,Away,1502,1384,9,6,1.27,1.33,47.2,4,10.0,0,3,0,21,55,1
5810,2020,Bundesliga,Away,1569,1263,10,5,1.26,1.66,60.0,4,5.0,0,0,0,19,32,1
5811,2021,Serie A,Away,1258,1433,2,6,1.26,0.88,49.4,5,6.0,0,4,0,19,60,0
5812,2023,Premier League,Away,1263,1419,6,4,0.63,1.63,36.1,3,3.0,1,0,0,16,15,0
5813,2019,Serie A,Home,1522,1636,9,13,1.44,1.49,49.5,7,7.0,0,1,0,12,83,0
5814,2022,Bundesliga,Away,1523,1488,13,7,1.7,1.36,,5,5.0,1,0,1,18,90,1
5815,2025,Serie A,Away,1243,1470,4,8,1.37,1.27,40.6,4,4.0,2,1,0,12,70,0
5816,2024,Bundesliga,Away,1554,1447,8,6,1.67,1.33,48.4,5,4.0,4,1,0,15,2,0
5817,2018,La Liga,Home,1652,1353,8,7,1.35,1.41,49.3,6,6.0,1,1,0,19,86,0
5818,2021,Premier League,Home,1469,1625,8,12,1.68,1.22,41.3,5,8.0,1,3,0,15,79,1
5819,2018,La Liga,Away,1508,1669,8,10,1.45,0.81,51.1,5,3.0,0,1,0,13,76,1
5820,2022,La Liga,Away,1580,1330,11,6,1.79,1.61,54.2,5,4.0,3,0,0,12,76,1
5821,2020,Bundesliga,Away,1561,1727,7,13,1.69,1.05,48.3,4,8.0,0,2,0,16,81,1
5822,2025,Bundesliga,Away,1266,1406,6,8,1.17,1.44,43.4,5,7.0,0,1,0,17,41,0
5823,2019,Bundesliga,Away,1373,1395,5,9,1.15,1.3,48.9,7,8.0,0,0,0,19,39,0
5824,2024,Premier League,Home,1445,1566,2,9,1.88,1.39,53.2,8,4.0,2,0,0,21,26,0
5825,2020,La Liga,Home,1379,1579,8,9,0.77,1.61,51.7,3,6.0,2,2,0,12,70,1
5826,2025,Premier League,Home,1705,1490,5,8,1.53,1.41,56.1,10,4.0,0,3,0,16,90,0
5827,2019,Bundesliga,Away,1589,1452,8,9,1.1,0.98,52.4,5,5.0,0,1,0,18,70,1
5828,2020,Premier League,Home,1345,1664,5,8,1.21,1.2,38.1,7,,2,2,0,20,51,0
5829,2020,Serie A,Away,1470,1413,7,8,1.41,1.48,55.4,6,5.0,2,0,0,15,53,0
5830,2025,Bundesliga,Home,1658,1490,10,13,1.36,1.35,53.6,7,6.0,1,1,1,19,88,0
5831,2023,Serie A,Home,1410,1737,7,11,1.11,0.95,48.3,4,5.0,0,1,0,21,22,1
5832,2024,La Liga,Home,1619,1313,10,2,1.15,1.51,49.2,4,7.0,0,0,0,13,8,1
5833,2022,La Liga,Away,1694,1436,10,6,1.68,1.62,54.3,3,4.0,0,0,0,15,64,1
5834,2024,Serie A,Away,1670,1644,15,11,1.42,1.15,49.9,4,3.0,3,2,0,20,40,0
5835,2023,Serie A,Away,1525,1574,7,7,1.48,1.63,51.3,6,7.0,2,1,0,12,14,0
5836,2023,Premier League,Home,1675,1625,6,6,1.41,1.07,44.8,6,8.0,0,1,0,21,48,1
5837,2024,Ligue 1,Home,1427,1315,3,2,1.33,1.26,52.1,6,7.0,1,4,0,20,55,0
5838,2025,Serie A,Away,1848,1545,13,7,1.92,1.25,62.4,10,5.0,0,0,0,21,12,1
5839,2022,La Liga,Home,1534,1460,4,11,1.51,0.88,53.4,4,5.0,0,2,0,13,89,0
5840,2021,Premier League,Away,1661,1818,6,10,1.58,1.06,47.7,4,5.0,3,3,0,15,25,0
5841,2023,La Liga,Away,1449,1613,3,11,1.27,1.17,41.8,4,5.0,2,2,0,12,30,0
5842,2023,La Liga,Home,1570,1497,10,7,1.55,1.52,50.7,7,3.0,0,0,0,13,31,1
5843,2025,La Liga,Home,1576,1540,12,7,1.28,0.89,45.8,3,6.0,1,1,0,19,15,1
5844,2023,Serie A,Home,1370,1508,3,9,1.16,1.53,51.6,5,7.0,2,0,0,13,59,1
5845,2025,La Liga,Home,1366,1598,7,5,1.29,1.3,46.3,6,7.0,1,0,1,19,66,1
5846,2023,Ligue 1,Home,1471,1380,0,10,1.7,1.85,52.9,3,6.0,0,0,0,20,30,0
5847,2025,Ligue 1,Home,1655,1691,7,11,1.37,1.14,50.0,8,4.0,1,0,0,18,92,1
5848,2024,Premier League,Away,1244,1315,6,8,0.85,1.6,54.3,10,8.0,3,0,1,17,69,0
5849,2025,Premier League,Home,1449,1529,6,7,1.37,1.48,58.1,7,5.0,0,2,0,15,42,0
5850,2019,Bundesliga,Home,1683,1385,12,7,1.85,0.95,57.9,5,6.0,1,1,0,18,4,1
5851,2025,Ligue 1,Home,1328,1506,0,10,1.36,1.62,46.0,6,4.0,0,0,0,20,94,0
5852,2020,Ligue 1,Away,1676,1638,8,9,1.55,1.19,52.9,3,5.0,2,0,0,12,3,0
5853,2024,Premier League,Home,1342,1260,7,2,1.48,1.25,59.3,7,6.0,2,4,0,21,74,1
5854,2021,Premier League,Away,1372,1476,7,5,0.76,1.35,51.3,3,6.0,1,1,0,17,88,1
5855,2021,Premier League,Away,1479,1298,9,4,1.58,1.82,56.5,6,5.0,0,0,0,18,22,1
5856,2023,Bundesliga,Away,1762,1461,11,8,1.56,1.3,61.4,3,6.0,2,0,0,13,25,0
5857,2022,Serie A,Away,1410,1298,3,5,1.41,1.56,54.9,7,3.0,1,2,0,12,72,1
5858,2023,Serie A,Away,1257,1523,3,7,1.33,0.83,36.4,6,6.0,1,3,1,17,53,0
5859,2018,Serie A,Away,1304,1440,11,9,1.18,1.19,52.0,4,8.0,0,3,0,17,48,1
5860,2024,Premier League,Away,1630,1605,6,8,1.51,1.43,46.6,3,6.0,0,1,0,18,29,1
5861,2021,Serie A,Away,1310,1672,2,8,1.04,1.46,40.5,4,5.0,0,0,0,15,5,0
5862,2024,Premier League,Home,1666,1501,11,10,1.96,1.4,50.3,10,5.0,1,0,0,21,35,0
5863,2020,Serie A,Home,1510,1625,5,10,1.45,1.38,45.8,4,3.0,0,0,0,16,33,1
5864,2022,Bundesliga,Away,1495,1694,12,7,1.4,1.08,46.2,5,5.0,2,0,0,20,94,0
5865,2022,Serie A,Away,1542,1371,15,2,1.77,1.47,61.1,4,7.0,0,3,0,16,83,1
5866,2019,La Liga,Home,1388,1701,6,7,1.1,0.9,40.1,6,8.0,3,3,0,18,6,0
5867,2021,Bundesliga,Home,1519,1495,9,7,1.31,1.23,57.9,7,4.0,0,1,0,13,14,1
5868,2023,Bundesliga,Home,1333,1363,1,9,1.4,1.47,41.2,8,6.0,0,0,0,13,46,0
5869,2024,Premier League,Away,1689,1542,12,12,2.0,0.92,47.5,5,,1,1,0,17,70,1
5870,2025,Premier League,Away,1356,1490,0,9,1.2,1.96,42.4,5,8.0,2,0,0,12,84,1
5871,2021,Serie A,Away,1561,1303,5,10,1.51,1.35,60.3,4,5.0,0,3,0,15,80,1
5872,2023,La Liga,Home,1355,1346,6,6,0.79,1.54,45.6,7,4.0,0,1,0,16,32,0
5873,2019,Premier League,Away,1425,1729,8,13,1.59,0.83,36.2,10,3.0,0,3,0,21,40,1
5874,2025,Premier League,Away,1448,1539,3,6,1.02,0.56,56.7,5,7.0,1,0,0,17,95,0
5875,2024,Premier League,Away,1900,1707,11,6,1.66,1.59,,7,7.0,0,0,0,12,26,1
5876,2025,La Liga,Home,1498,1442,3,6,1.39,1.42,58.8,7,8.0,0,1,0,17,62,1
5877,2021,Serie A,Home,1385,1388,5,6,1.06,0.91,55.1,7,3.0,4,2,0,15,94,0
5878,2020,Premier League,Away,1438,1264,5,11,0.8,1.31,58.4,6,10.0,0,1,0,18,28,1
5879,2024,Bundesliga,Home,1289,1636,3,9,0.81,1.74,47.6,5,4.0,0,1,0,12,9,1
5880,2023,La Liga,Away,1477,1557,9,6,1.35,1.42,46.7,6,6.0,1,2,0,19,84,0
5881,2019,La Liga,Home,1759,1443,11,9,2.01,0.76,,3,6.0,0,0,0,21,42,1
5882,2022,Premier League,Away,1547,1389,10,4,1.76,1.32,56.5,10,3.0,0,0,0,18,38,1
5883,2023,Bundesliga,Home,1626,1658,9,10,1.58,1.16,47.4,4,6.0,1,0,0,20,26,1
5884,2021,Ligue 1,Home,1373,1475,8,9,1.25,1.5,50.5,4,5.0,0,2,0,21,20,0
5885,2020,Serie A,Away,1472,1477,7,5,1.52,1.37,54.4,6,7.0,1,2,1,17,3,0
5886,2019,Premier League,Away,1529,1416,7,10,1.71,0.99,48.8,6,6.0,2,0,0,12,51,0
5887,2021,La Liga,Away,1398,1443,8,10,1.27,1.24,,3,3.0,2,0,0,12,39,0
5888,2019,Premier League,Home,1556,1577,7,9,1.45,1.05,49.0,6,6.0,2,3,0,21,25,1
5889,2020,Bundesliga,Home,1586,1302,8,10,1.5,1.72,63.4,6,10.0,0,2,0,16,74,0
5890,2019,Premier League,Away,1576,1511,11,7,1.69,1.2,47.7,5,7.0,1,1,0,16,25,0
5891,2021,Ligue 1,Away,1479,1634,10,11,0.98,1.09,55.3,6,7.0,2,1,0,12,31,0
5892,2023,Serie A,Home,1653,1488,9,8,1.52,1.3,45.9,3,8.0,1,3,0,18,52,1
5893,2021,Serie A,Home,1464,1648,9,8,1.41,1.0,53.5,8,7.0,0,0,0,17,14,0
5894,2019,Bundesliga,Away,1451,1688,4,8,0.82,1.56,45.3,10,4.0,0,0,0,16,4,1
5895,2024,Premier League,Away,1702,1627,9,14,1.8,1.52,54.5,6,5.0,0,1,0,17,79,0
5896,2021,Bundesliga,Away,1345,1425,4,9,1.45,1.71,50.9,6,3.0,0,1,0,20,70,0
5897,2022,Premier League,Away,1262,1495,5,10,0.6,1.05,32.6,7,5.0,3,0,0,21,9,0
5898,2022,Bundesliga,Away,1379,1548,8,6,1.11,1.39,44.4,8,4.0,1,2,0,13,47,0
5899,2022,Serie A,Away,1554,1434,10,9,1.31,1.61,52.3,4,7.0,0,0,0,15,3,1
5900,2021,Premier League,Away,1680,1430,11,6,1.33,1.16,,5,3.0,2,1,0,17,84,0
5901,2024,Bundesliga,Away,1408,1421,7,11,1.06,1.13,49.3,5,3.0,1,0,0,17,52,1
5902,2024,Premier League,Home,1754,1856,10,15,1.5,0.78,54.6,4,10.0,2,3,0,17,38,1
5903,2025,Premier League,Away,1504,1462,11,9,1.51,1.02,60.2,5,8.0,0,1,0,15,39,1
5904,2021,Bundesliga,Home,1484,1650,3,11,1.64,1.48,48.8,8,5.0,1,2,0,13,8,0
5905,2020,La Liga,Home,1381,1378,4,6,1.36,1.7,51.0,3,3.0,3,2,0,21,78,0
5906,2018,Ligue 1,Away,1773,1738,12,12,1.42,1.05,45.8,4,4.0,2,2,0,19,91,1
5907,2021,Serie A,Home,1479,1447,11,11,1.52,1.38,54.0,6,4.0,0,0,0,20,37,1
5908,2025,Serie A,Away,1314,1507,4,9,1.3,1.17,43.7,4,7.0,2,3,1,15,26,0
5909,2020,La Liga,Home,1844,1243,11,2,1.0,2.16,72.0,4,5.0,0,1,0,18,8,1
5910,2024,Premier League,Away,1555,1656,5,13,1.72,1.1,40.2,8,6.0,0,0,0,21,52,0
5911,2024,Ligue 1,Home,1612,1687,7,8,1.51,1.05,44.9,5,8.0,0,1,1,17,16,1
5912,2023,Premier League,Home,1735,1334,12,5,1.65,1.47,64.8,4,5.0,4,2,0,13,90,1
5913,2022,Serie A,Away,1586,1664,13,8,1.01,0.87,56.8,6,3.0,0,1,1,15,51,1
5914,2024,La Liga,Home,1636,1313,8,0,1.9,1.59,61.8,3,10.0,1,1,0,18,55,1
5915,2018,La Liga,Home,1508,1588,6,9,1.44,1.63,54.5,4,6.0,2,0,0,19,24,0
5916,2019,Serie A,Home,1603,1460,9,13,1.66,1.34,54.6,6,3.0,0,3,0,12,3,1
5917,2019,Bundesliga,Away,1495,1687,3,11,1.01,1.38,53.9,4,7.0,0,1,0,17,35,0
5918,2024,Bundesliga,Home,1497,1535,11,15,1.47,0.83,50.5,8,4.0,0,1,0,19,90,1
5919,2021,Ligue 1,Home,1517,1630,5,9,1.5,0.99,50.0,4,7.0,1,2,0,13,18,1
5920,2019,La Liga,Away,1444,1673,8,10,1.25,1.22,45.6,4,5.0,0,1,0,12,44,0
5921,2018,La Liga,Away,1571,1459,9,7,1.1,0.92,51.7,7,8.0,0,1,0,19,69,0
5922,2021,Premier League,Away,1570,1496,10,8,1.41,1.44,54.3,8,6.0,0,4,0,21,71,1
5923,2021,Bundesliga,Away,1615,1344,10,7,1.24,1.41,58.3,3,4.0,0,0,1,17,76,1
5924,2019,La Liga,Home,1590,1458,9,11,1.27,1.46,55.9,6,5.0,0,0,0,13,38,1
5925,2018,Serie A,Home,1780,1770,12,9,1.95,1.05,39.3,7,5.0,0,2,0,18,20,1
5926,2024,Premier League,Away,1647,1606,11,9,1.53,1.21,47.0,8,8.0,1,1,0,18,49,1
5927,2024,Bundesliga,Away,1471,1354,12,7,1.3,0.83,50.6,3,,0,0,0,12,59,1
5928,2019,Bundesliga,Away,1563,1728,5,14,1.13,0.87,38.7,10,6.0,0,0,0,13,86,1
5929,2021,Ligue 1,Home,1698,1554,5,3,1.56,1.43,49.2,3,4.0,2,1,0,21,13,1
5930,2020,Premier League,Away,1367,1616,2,5,1.17,0.89,47.6,7,4.0,0,3,0,18,19,1
5931,2021,Ligue 1,Home,1782,1569,6,8,1.41,1.04,57.2,4,4.0,3,4,0,19,36,1
5932,2018,Premier League,Home,1392,1559,3,11,1.5,1.19,51.0,6,4.0,0,2,0,12,58,0
5933,2025,La Liga,Away,1626,1220,6,3,1.75,1.52,65.0,5,5.0,4,0,0,20,49,0
5934,2023,Premier League,Home,1501,1655,6,11,1.16,1.39,51.4,5,5.0,1,2,0,19,19,1
5935,2025,La Liga,Home,1493,1184,10,9,1.44,1.69,58.2,5,7.0,1,0,0,21,4,1
5936,2020,Serie A,Home,1318,1642,7,9,0.69,1.06,48.9,7,6.0,0,0,0,19,51,0
5937,2024,Premier League,Home,1627,1514,7,7,1.57,0.91,50.2,5,4.0,0,0,0,21,24,0
5938,2022,La Liga,Away,1320,1617,4,10,1.35,2.01,49.3,8,4.0,2,0,0,18,49,0
5939,2019,Serie A,Home,1298,1522,10,8,0.85,1.34,49.1,4,4.0,0,0,0,16,2,0
5940,2020,Bundesliga,Away,1662,1646,11,10,1.53,1.45,53.9,3,5.0,1,1,0,18,49,1
5941,2024,Bundesliga,Home,1751,1502,11,7,1.66,0.75,56.4,4,6.0,2,0,0,17,22,1
5942,2024,Serie A,Away,1407,1539,7,7,1.97,1.22,43.5,10,6.0,0,3,0,16,26,1
5943,2023,Premier League,Home,1640,1557,8,6,2.15,1.2,52.3,6,6.0,0,3,0,19,52,1
5944,2019,Bundesliga,Home,1612,1763,14,12,1.55,1.0,38.9,6,5.0,1,0,0,20,38,1
5945,2023,Premier League,Home,1487,1584,7,6,1.17,1.47,53.0,10,6.0,1,1,0,13,68,0
5946,2025,La Liga,Away,1687,1316,10,3,1.62,1.45,57.1,5,,3,1,0,16,60,1
5947,2018,Premier League,Away,1477,1421,3,3,1.61,1.31,49.5,5,6.0,1,1,0,13,91,1
5948,2020,Serie A,Home,1572,1584,7,8,1.01,1.27,40.8,3,3.0,2,1,0,21,92,1
5949,2018,La Liga,Home,1324,1676,4,10,0.63,1.2,36.2,4,6.0,0,0,0,17,80,0
5950,2018,Serie A,Home,1330,1399,7,3,0.88,1.14,61.6,5,10.0,1,1,0,19,55,0
5951,2025,La Liga,Home,1664,1814,7,11,1.72,1.31,43.2,3,6.0,1,1,0,18,5,0
5952,2019,La Liga,Home,1577,1525,9,8,1.64,1.18,56.6,8,4.0,3,1,0,17,2,1
5953,2019,La Liga,Away,1480,1559,6,4,1.44,1.27,41.7,6,7.0,1,3,0,16,16,0
5954,2018,Premier League,Home,1767,1324,8,3,1.92,1.88,54.5,8,4.0,1,3,0,18,7,1
5955,2025,La Liga,Home,1766,1656,8,14,1.6,1.94,,7,5.0,3,1,0,12,66,0
5956,2021,Serie A,Away,1561,1438,8,5,1.35,1.52,53.4,6,10.0,3,1,0,13,75,0
5957,2024,Serie A,Away,1296,1396,5,8,1.22,1.01,44.5,7,4.0,1,1,1,21,93,0
5958,2020,Premier League,Home,1484,1456,7,6,1.76,1.32,50.7,7,5.0,1,1,0,18,11,1
5959,2023,Serie A,Away,1383,1694,4,10,1.32,1.6,38.4,5,10.0,4,3,0,18,63,0
5960,2025,La Liga,Away,1513,1565,7,6,1.34,1.23,54.8,7,8.0,3,1,0,18,18,0
5961,2023,Premier League,Home,1369,1376,5,1,1.31,1.67,,8,3.0,0,3,0,17,41,1
5962,2022,Premier League,Home,1333,1426,3,5,1.52,1.62,52.9,7,7.0,1,2,0,18,51,0
5963,2019,Serie A,Away,1183,1697,4,11,0.91,1.0,30.4,6,3.0,0,0,0,18,73,0
5964,2019,La Liga,Home,1523,1467,12,9,1.26,1.85,53.7,7,6.0,1,1,0,13,85,1
5965,2022,Bundesliga,Away,1178,1578,3,9,0.88,1.39,37.1,4,7.0,1,1,0,20,37,0
5966,2021,Premier League,Home,1455,1613,3,7,1.5,1.24,43.2,5,5.0,1,0,0,16,54,0
5967,2018,Bundesliga,Home,1597,1150,12,6,1.26,1.62,64.8,6,10.0,0,0,0,19,91,1
5968,2019,La Liga,Away,1399,1677,10,8,1.4,0.9,43.6,4,6.0,1,1,0,15,32,0
5969,2021,Serie A,Away,1348,1381,9,4,0.82,1.26,49.8,6,4.0,0,2,0,15,53,1
5970,2019,Bundesliga,Home,1491,1450,7,4,1.28,1.14,51.3,7,3.0,2,3,0,15,60,1
5971,2022,La Liga,Away,1384,1716,4,9,1.21,1.72,37.2,3,6.0,2,1,0,12,35,0
5972,2020,Premier League,Home,1526,1703,5,9,1.83,1.43,40.5,6,5.0,1,0,0,17,89,1
5973,2020,Serie A,Away,1355,1569,9,9,1.43,1.04,43.3,3,6.0,1,3,0,21,15,1
5974,2018,Ligue 1,Home,1485,1602,11,5,1.24,1.72,46.1,3,6.0,2,1,0,12,87,0
5975,2022,Ligue 1,Home,1452,1637,5,8,1.17,1.57,47.5,4,5.0,1,3,0,19,20,0
5976,2019,Premier League,Home,1498,1700,1,8,1.18,1.01,49.4,4,5.0,4,0,0,13,81,0
5977,2023,Bundesliga,Home,1729,1718,10,11,1.32,1.29,49.4,8,5.0,2,2,0,15,54,0
5978,2025,La Liga,Home,1528,1515,5,8,1.78,1.17,51.2,6,5.0,1,0,0,16,87,1
5979,2025,Premier League,Away,1571,1397,7,4,1.24,1.7,58.9,3,4.0,1,3,0,13,84,1
5980,2023,Serie A,Away,1413,1464,6,8,1.68,1.51,47.5,10,3.0,1,4,0,19,69,1
5981,2024,Serie A,Away,1531,1518,9,8,1.41,1.23,52.5,5,,1,1,0,21,92,0
5982,2025,Serie A,Away,1462,1493,5,9,1.29,1.05,50.3,6,7.0,0,1,0,17,47,1
5983,2023,Bundesliga,Home,1504,1358,8,4,1.38,1.46,52.1,7,7.0,1,1,0,20,8,1
5984,2020,La Liga,Away,1591,1561,8,10,1.75,1.42,44.4,7,5.0,0,2,0,19,91,0
5985,2022,Serie A,Home,1430,1281,1,7,1.06,1.87,49.0,6,6.0,1,2,0,19,32,0
5986,2024,La Liga,Home,1444,1512,8,8,1.42,1.5,53.5,6,3.0,0,0,0,19,41,1
5987,2023,Premier League,Home,1432,1521,6,13,1.27,1.56,39.7,3,10.0,3,0,0,12,51,0
5988,2020,La Liga,Home,1429,1516,3,9,1.37,1.15,56.7,3,5.0,0,1,0,19,56,1
5989,2019,Ligue 1,Away,1524,1619,6,14,1.33,0.75,44.2,4,6.0,3,1,0,15,17,0
5990,2019,Serie A,Away,1449,1601,7,15,1.2,0.84,37.4,6,5.0,1,0,0,12,21,0
5991,2021,Premier League,Away,1710,1811,10,7,1.71,1.0,44.8,8,3.0,2,1,0,13,40,0
5992,2024,Bundesliga,Away,1875,1428,14,10,1.42,1.22,49.9,4,6.0,3,4,0,12,89,1
5993,2022,Ligue 1,Away,1420,1539,8,9,1.61,1.28,38.5,8,4.0,0,1,0,21,28,1
5994,2018,Ligue 1,Home,1541,1530,5,8,1.42,1.51,50.8,4,6.0,0,1,1,16,12,1
5995,2025,Serie A,Away,1645,1524,2,6,1.37,1.49,45.2,7,7.0,3,1,0,21,56,1
5996,2021,La Liga,Home,1463,1323,7,3,1.4,0.92,45.9,4,5.0,0,1,0,18,36,1
5997,2021,Serie A,Away,1361,1334,7,3,1.02,2.14,50.9,5,8.0,0,0,0,13,8,0
5998,2024,Bundesliga,Home,1743,1501,10,13,1.64,1.45,56.4,7,5.0,1,0,0,13,43,1
5999,2021,Ligue 1,Away,1596,1279,10,6,1.48,1.62,60.4,8,5.0,0,2,0,17,32,1
6000,2022,Bundesliga,Away,1545,1453,5,3,1.71,1.36,53.5,4,8.0,0,3,0,12,14,0
6001,2025,La Liga,Away,1703,1409,9,4,1.64,1.36,57.1,7,7.0,1,1,0,15,61,1
6002,2022,Premier League,Home,1608,1458,6,2,1.19,1.66,56.6,10,6.0,3,3,0,20,66,1
6003,2022,Serie A,Home,1493,1659,9,13,1.49,0.96,50.4,5,4.0,0,0,0,18,1,0
6004,2020,Premier League,Away,1363,1349,3,6,1.38,1.56,50.7,3,3.0,3,0,0,21,58,1
6005,2025,Premier League,Home,1431,1622,12,10,0.87,1.62,47.8,6,7.0,1,1,0,15,48,0
6006,2018,Serie A,Away,1669,1420,8,7,1.24,1.47,43.1,4,5.0,2,0,0,20,83,0
6007,2020,Serie A,Away,1595,1437,11,9,1.96,1.54,51.7,3,3.0,3,0,1,19,44,0
6008,2025,Bundesliga,Home,1474,1565,6,7,1.24,0.94,54.9,6,3.0,1,1,0,16,6,0
6009,2021,Bundesliga,Home,1747,1462,14,8,1.54,1.59,54.3,5,3.0,3,0,1,13,8,0
6010,2019,Bundesliga,Away,1478,1375,11,7,1.32,1.55,55.1,5,6.0,0,0,0,17,9,0
6011,2021,Bundesliga,Home,1638,1448,8,4,1.34,1.37,55.9,8,7.0,3,0,0,18,75,1
6012,2020,Bundesliga,Home,1531,1251,9,3,0.94,1.75,53.8,3,7.0,3,1,1,15,72,1
6013,2022,Premier League,Home,1771,1553,14,7,1.37,1.02,57.7,5,4.0,1,3,0,18,52,1
6014,2019,Serie A,Away,1605,1150,10,4,1.31,2.12,59.1,7,6.0,1,2,0,13,72,0
6015,2021,Premier League,Home,1506,1624,5,13,1.23,1.96,44.6,6,10.0,2,1,0,18,87,0
6016,2025,Premier League,Away,1475,1586,7,9,1.13,1.12,44.7,6,7.0,4,0,1,17,70,0
6017,2018,Premier League,Home,1498,1724,6,10,0.97,1.44,40.0,7,5.0,1,1,0,13,71,0
6018,2024,Bundesliga,Home,1398,1805,7,12,1.1,1.04,34.8,5,7.0,1,1,0,20,73,0
6019,2018,Bundesliga,Home,1309,1631,3,9,1.42,0.92,39.5,5,4.0,0,0,0,20,37,0
6020,2021,Ligue 1,Away,1543,1412,9,6,1.23,1.75,53.6,5,7.0,0,2,1,16,26,0
6021,2023,Ligue 1,Home,1425,1804,2,15,1.22,1.01,38.6,4,4.0,0,1,0,17,75,1
6022,2025,Ligue 1,Away,1425,1333,4,5,1.63,1.65,50.1,5,5.0,2,4,0,17,83,1
6023,2020,Premier League,Home,1488,1234,5,5,1.16,2.07,69.2,5,6.0,0,0,0,20,68,0
6024,2018,Ligue 1,Away,1507,1759,7,9,2.12,1.25,47.3,5,6.0,2,0,1,16,77,0
6025,2024,Bundesliga,Home,1501,1584,4,12,1.57,1.33,39.7,8,6.0,3,2,0,21,32,0
6026,2025,Ligue 1,Away,1743,1237,8,2,1.64,1.35,63.9,5,7.0,0,1,0,17,55,1
6027,2022,Premier League,Home,1593,1310,11,5,1.39,1.28,58.5,5,4.0,0,0,0,20,79,1
6028,2018,Premier League,Home,1795,1577,13,11,2.01,1.25,72.0,5,8.0,3,1,1,18,7,0
6029,2022,Ligue 1,Home,1439,1378,0,4,1.11,1.37,53.2,4,3.0,4,4,0,12,40,0
6030,2021,Premier League,Away,1610,1398,7,9,1.36,1.61,65.8,5,4.0,2,0,0,15,16,0
6031,2021,La Liga,Away,1446,1775,10,5,1.69,0.83,39.8,8,10.0,0,1,0,13,15,1
6032,2018,La Liga,Home,1421,1801,8,8,1.17,0.89,36.6,4,7.0,1,0,0,18,58,0
6033,2020,Premier League,Home,1800,1521,12,8,1.56,1.29,51.2,5,4.0,2,2,0,13,52,0
6034,2025,Premier League,Home,1392,1479,8,14,1.07,1.39,52.2,5,5.0,1,1,0,13,21,0
6035,2018,Ligue 1,Away,1188,1626,1,9,0.52,1.25,34.5,6,3.0,0,0,0,12,85,0
6036,2025,Ligue 1,Home,1401,1421,7,7,1.49,1.37,46.3,6,6.0,0,0,0,13,64,1
6037,2022,Ligue 1,Away,1219,1188,5,7,1.03,1.43,53.3,4,10.0,1,2,0,13,15,0
6038,2022,La Liga,Away,1367,1150,6,0,1.47,1.81,53.8,5,6.0,2,1,0,15,18,0
6039,2025,Premier League,Away,1380,1490,5,0,1.18,1.65,,4,6.0,0,4,0,21,44,1
6040,2019,La Liga,Home,1505,1623,7,13,1.25,1.32,40.8,3,7.0,1,1,1,19,34,0
6041,2025,La Liga,Home,1213,1502,1,9,0.87,1.2,30.9,4,6.0,2,1,0,18,32,0
6042,2020,Premier League,Home,1667,1613,11,8,1.7,0.77,57.8,3,6.0,2,0,0,13,38,1
6043,2020,Bundesliga,Away,1237,1627,1,9,0.86,1.65,46.0,3,4.0,0,3,0,17,76,0
6044,2021,Ligue 1,Away,1482,1694,5,13,1.43,1.13,43.5,4,6.0,2,2,0,15,8,0
6045,2022,Serie A,Away,1455,1526,9,7,1.31,1.66,48.8,5,7.0,0,0,0,12,90,1
6046,2020,La Liga,Home,1616,1539,10,8,1.22,1.73,47.2,4,6.0,2,0,0,20,80,1
6047,2024,La Liga,Home,1549,1495,7,13,1.29,1.56,50.0,5,5.0,0,1,0,21,10,1
6048,2018,Premier League,Away,1666,1464,5,4,1.54,1.62,67.2,4,4.0,0,2,0,13,8,0
6049,2023,La Liga,Home,1449,1280,7,6,1.22,1.77,63.2,7,4.0,1,2,0,19,36,1
6050,2023,Serie A,Away,1435,1664,5,6,1.75,1.15,45.7,3,8.0,0,0,0,21,44,0
6051,2022,La Liga,Away,1558,1446,9,11,1.47,1.11,43.3,7,4.0,2,2,0,17,70,1
6052,2022,Serie A,Home,1644,1438,8,8,1.46,1.61,57.8,3,6.0,2,4,0,21,23,1
6053,2023,Bundesliga,Home,1616,1424,4,5,1.39,1.04,53.5,10,7.0,0,1,0,21,24,1
6054,2025,Premier League,Away,1545,1312,4,1,1.34,1.42,53.8,7,4.0,1,1,0,21,57,1
6055,2019,Premier League,Home,1533,1488,7,6,1.23,1.2,51.1,8,4.0,0,1,1,17,60,1
6056,2021,Premier League,Away,1495,1572,8,9,1.14,1.43,57.7,3,4.0,1,1,0,18,37,0
6057,2022,Premier League,Home,1557,1401,5,9,1.56,1.5,54.6,6,6.0,0,0,1,17,73,1
6058,2020,Serie A,Away,1785,1645,9,6,2.05,1.06,58.5,3,4.0,3,1,0,13,60,0
6059,2025,Bundesliga,Away,1466,1448,9,5,1.2,1.29,52.6,5,4.0,1,2,0,18,55,0
6060,2022,Ligue 1,Away,1449,1285,10,4,1.4,2.03,56.1,10,5.0,4,1,0,19,35,1
6061,2022,Serie A,Home,1438,1692,7,8,1.12,0.98,,5,3.0,0,1,0,12,86,1
6062,2019,La Liga,Home,1555,1528,7,6,1.44,1.28,48.6,6,3.0,0,2,0,13,10,1
6063,2021,Premier League,Home,1203,1621,2,6,0.7,1.39,32.8,6,3.0,0,3,1,13,95,0
6064,2023,La Liga,Away,1481,1624,9,10,1.12,1.26,54.4,5,8.0,4,0,0,17,73,0
6065,2021,La Liga,Home,1623,1368,8,5,1.26,1.62,48.8,3,8.0,2,3,0,16,25,1
6066,2024,Ligue 1,Home,1426,1427,9,7,1.23,1.69,51.4,8,,0,1,0,12,18,1
6067,2019,Serie A,Away,1526,1645,10,10,1.09,1.58,56.1,6,3.0,3,1,0,18,30,0
6068,2019,Premier League,Home,1795,1757,12,7,1.11,1.13,52.7,10,6.0,1,2,0,15,64,1
6069,2020,La Liga,Away,1546,1509,7,9,1.06,1.44,54.0,6,8.0,0,4,1,12,14,0
6070,2020,Premier League,Away,1187,1412,3,7,0.96,1.48,47.4,3,8.0,1,0,0,21,54,0
6071,2024,Ligue 1,Away,1303,1736,1,11,0.94,0.91,45.0,5,6.0,2,2,0,18,92,0
6072,2024,Premier League,Away,1465,1412,7,6,1.17,1.48,58.1,4,3.0,1,3,0,18,57,0
6073,2021,Premier League,Home,1387,1546,6,7,1.29,0.9,38.9,8,5.0,0,0,0,15,84,0
6074,2022,Premier League,Away,1514,1440,4,7,1.16,1.5,58.4,4,10.0,0,3,0,16,87,0
6075,2020,Bundesliga,Home,1459,1538,13,8,1.28,0.78,47.7,5,,0,3,0,21,26,1
6076,2022,Serie A,Home,1663,1368,11,3,2.06,1.22,53.6,8,7.0,2,1,0,20,26,1
6077,2023,Serie A,Home,1347,1448,3,11,1.09,1.61,42.1,3,5.0,0,0,0,12,66,1
6078,2023,La Liga,Away,1471,1412,12,5,1.27,1.55,52.8,7,4.0,0,0,0,19,52,1
6079,2025,Premier League,Away,1530,1593,7,9,1.48,1.26,45.6,6,5.0,2,1,0,18,77,1
6080,2022,Bundesliga,Away,1548,1523,10,11,1.2,1.22,51.0,5,4.0,4,0,0,13,93,0
6081,2020,Premier League,Home,1521,1623,8,8,1.23,1.02,,3,5.0,0,0,0,13,54,1
6082,2018,Premier League,Home,1162,1384,2,7,0.95,1.31,45.9,7,7.0,2,1,0,17,87,0
6083,2023,Serie A,Home,1512,1471,7,1,1.41,1.55,55.0,3,4.0,1,1,0,19,25,1
6084,2024,Premier League,Away,1479,1588,11,3,1.09,1.21,53.2,7,4.0,1,0,0,17,90,1
6085,2022,Premier League,Home,1621,1620,11,9,1.62,0.72,55.8,6,4.0,0,2,0,17,44,0
6086,2025,Bundesliga,Away,1601,1298,8,6,1.85,1.22,65.2,4,8.0,4,1,0,18,94,0
6087,2020,Serie A,Away,1534,1544,3,11,0.91,1.11,48.4,6,3.0,0,1,0,12,69,1
6088,2018,Premier League,Home,1544,1386,9,8,1.5,1.39,50.3,6,5.0,4,0,0,15,68,0
6089,2023,La Liga,Away,1689,1627,7,5,1.54,1.16,51.1,5,8.0,2,3,0,21,51,1
6090,2018,Bundesliga,Home,1661,1760,11,14,1.45,0.85,45.1,7,8.0,2,0,0,16,18,0
6091,2018,Premier League,Away,1539,1150,6,0,1.47,1.82,53.2,10,6.0,0,2,0,20,79,1
6092,2023,Premier League,Away,1800,1408,10,9,2.02,0.94,58.5,7,6.0,1,0,0,21,18,1
6093,2021,Serie A,Away,1412,1537,5,7,1.32,1.13,50.3,3,,2,2,1,21,4,0
6094,2022,Serie A,Away,1334,1499,8,15,1.41,1.55,51.9,5,4.0,3,0,0,17,58,0
6095,2023,Ligue 1,Home,1498,1632,3,8,1.34,1.37,46.2,8,3.0,0,0,1,12,20,1
6096,2021,La Liga,Away,1448,1511,9,7,1.38,1.27,,5,3.0,1,0,0,17,64,0
6097,2022,Premier League,Home,1155,1426,4,7,0.83,1.65,43.3,4,5.0,0,1,0,12,75,0
6098,2022,Serie A,Away,1409,1357,6,5,1.26,1.54,39.4,4,7.0,2,0,1,13,19,1
6099,2022,Serie A,Away,1548,1334,7,3,1.33,1.52,48.6,7,5.0,2,0,0,19,59,0
6100,2023,Premier League,Away,1492,1396,9,12,1.37,1.59,54.4,4,3.0,2,3,0,12,75,0
6101,2021,Serie A,Home,1391,1421,5,5,0.82,1.52,40.2,5,7.0,0,1,0,12,48,1
6102,2022,Premier League,Away,1506,1554,6,6,1.08,1.63,42.1,6,5.0,0,1,0,21,53,0
6103,2022,Bundesliga,Away,1517,1478,8,7,1.67,1.3,43.4,10,,2,0,0,17,49,0
6104,2019,Bundesliga,Home,1600,1409,13,7,1.81,1.37,53.7,6,8.0,0,0,0,17,12,1
6105,2019,La Liga,Away,1410,1359,2,4,0.82,1.53,52.5,10,,1,1,0,16,7,0
6106,2018,Ligue 1,Home,1622,1402,10,9,1.34,1.44,47.0,4,5.0,1,4,0,12,65,1
6107,2019,Ligue 1,Away,1347,1421,5,7,0.99,1.89,51.9,8,5.0,1,0,0,16,81,0
6108,2021,Premier League,Home,1430,1395,6,6,1.34,1.58,,4,5.0,2,0,0,15,3,0
6109,2025,La Liga,Away,1738,1594,6,10,1.59,1.08,47.0,4,6.0,3,4,0,19,20,0
6110,2025,Serie A,Home,1357,1692,1,8,1.36,0.8,41.8,10,7.0,1,4,0,17,1,1
6111,2024,Premier League,Away,1408,1335,7,4,0.91,1.89,48.0,5,5.0,2,1,0,21,50,1
6112,2022,La Liga,Away,1325,1657,2,9,1.24,1.11,37.8,5,4.0,4,1,0,19,81,0
6113,2019,La Liga,Home,1384,1597,9,11,1.14,1.35,38.3,6,3.0,1,1,0,21,19,0
6114,2020,Ligue 1,Away,1519,1525,5,7,1.19,1.32,49.8,7,7.0,2,0,0,13,24,1
6115,2024,La Liga,Away,1599,1714,10,9,1.57,1.36,45.9,5,5.0,1,0,0,17,46,0
6116,2025,Bundesliga,Home,1497,1476,6,2,1.28,1.23,49.2,7,7.0,0,0,0,15,53,1
6117,2025,La Liga,Home,1455,1556,5,6,1.28,1.33,,6,5.0,0,0,1,15,15,1
6118,2021,Premier League,Away,1326,1517,3,3,1.49,1.2,46.4,8,6.0,1,1,0,21,15,0
6119,2021,Ligue 1,Home,1398,1507,7,4,1.26,2.04,46.3,8,,1,0,0,18,16,1
6120,2022,Premier League,Away,1284,1564,7,9,1.6,1.1,33.1,6,8.0,0,0,0,16,58,0
6121,2018,Premier League,Away,1603,1506,8,15,0.88,1.48,52.2,7,5.0,2,0,1,13,68,1
6122,2018,La Liga,Home,1613,1565,10,9,1.47,2.0,46.4,3,6.0,0,3,0,20,53,1
6123,2018,Bundesliga,Away,1494,1406,7,7,1.07,1.71,57.8,7,6.0,0,0,0,21,9,1
6124,2023,La Liga,Away,1562,1411,5,4,1.19,1.42,55.9,10,7.0,1,0,1,13,22,0
6125,2019,Premier League,Home,1623,1406,10,4,1.32,1.48,60.4,5,7.0,0,3,0,13,79,1
6126,2023,La Liga,Away,1514,1449,7,12,1.6,1.19,48.9,5,5.0,0,1,0,12,1,1
6127,2021,Premier League,Home,1695,1642,3,7,1.46,1.64,55.8,6,4.0,2,0,0,12,57,0
6128,2024,Premier League,Home,1357,1435,5,2,0.91,1.35,42.4,4,5.0,1,2,0,19,18,1
6129,2018,Serie A,Away,1451,1591,3,9,1.46,1.25,46.4,3,8.0,1,1,1,15,48,0
6130,2020,Premier League,Home,1435,1537,4,7,0.98,1.1,42.9,8,7.0,1,0,0,17,9,1
6131,2019,La Liga,Home,1591,1438,8,8,1.87,1.33,56.8,3,5.0,1,1,0,12,45,1
6132,2021,Serie A,Home,1299,1683,5,14,0.81,1.2,49.0,6,5.0,2,0,0,17,70,0
6133,2022,Bundesliga,Away,1703,1603,8,10,1.5,1.53,54.2,5,3.0,0,0,0,12,56,0
6134,2019,La Liga,Away,1579,1500,10,8,1.92,1.42,44.5,3,5.0,2,2,0,15,42,0
6135,2023,La Liga,Away,1745,1489,10,9,1.54,1.63,53.0,4,6.0,3,2,0,20,9,1
6136,2025,Premier League,Home,1494,1513,6,15,1.45,0.77,64.8,7,8.0,2,1,0,21,77,1
6137,2018,Ligue 1,Home,1423,1286,7,11,1.24,1.89,57.5,3,6.0,1,0,0,13,38,0
6138,2018,Premier League,Home,1592,1385,12,5,1.45,1.12,51.3,4,3.0,0,0,0,13,27,0
6139,2025,Premier League,Home,1644,1565,4,11,1.3,1.48,,7,5.0,3,2,0,12,27,0
6140,2023,La Liga,Away,1400,1278,10,9,1.35,0.77,53.7,10,7.0,1,2,0,12,7,1
6141,2025,Premier League,Home,1220,1395,3,8,1.37,1.46,58.8,6,7.0,1,2,0,20,90,0
6142,2023,Premier League,Home,1244,1445,2,7,0.58,1.64,,6,3.0,3,0,0,21,37,0
6143,2023,Premier League,Home,1537,1900,7,11,1.16,0.78,39.6,5,4.0,0,0,1,16,60,0
6144,2019,Serie A,Home,1716,1594,8,9,1.45,1.27,52.7,7,5.0,0,0,0,21,9,1
6145,2022,Serie A,Home,1318,1654,3,6,0.93,1.44,39.7,4,8.0,0,2,0,19,31,0
6146,2020,Serie A,Home,1462,1387,9,8,1.47,1.64,48.3,3,6.0,4,0,0,16,92,0
6147,2024,Bundesliga,Away,1451,1551,7,12,1.14,0.91,41.9,7,4.0,2,1,0,20,55,1
6148,2018,La Liga,Away,1769,1254,6,4,1.67,1.82,60.5,8,6.0,3,1,0,12,66,0
6149,2018,Ligue 1,Away,1816,1454,13,6,2.07,1.82,62.9,8,7.0,1,2,0,20,22,0
6150,2022,Bundesliga,Home,1559,1571,10,6,0.97,1.59,48.4,5,5.0,2,0,0,16,57,1
6151,2025,Bundesliga,Away,1626,1302,5,6,1.57,1.22,55.2,8,8.0,2,1,0,16,27,1
6152,2025,Bundesliga,Away,1622,1555,9,8,1.45,1.03,45.0,3,,0,3,0,12,35,1
6153,2022,La Liga,Away,1321,1567,7,5,1.12,1.31,47.4,3,6.0,0,1,1,12,71,0
6154,2021,La Liga,Away,1598,1416,5,14,1.23,1.57,62.6,6,5.0,0,2,0,17,44,0
6155,2020,La Liga,Home,1357,1383,7,1,1.1,1.67,45.1,6,3.0,0,1,0,17,50,0
6156,2025,Premier League,Away,1476,1400,5,3,1.32,1.24,48.7,4,3.0,0,0,0,20,11,0
6157,2019,La Liga,Away,1660,1451,11,9,1.48,1.38,50.6,6,7.0,2,0,1,15,41,0
6158,2019,Premier League,Away,1511,1456,5,9,1.54,1.19,55.5,3,8.0,1,2,0,15,62,0
6159,2022,Premier League,Away,1654,1571,12,6,1.25,1.03,57.3,8,4.0,0,0,0,21,24,0
6160,2021,Ligue 1,Away,1682,1425,9,5,1.2,1.52,57.2,6,3.0,3,1,0,18,29,1
6161,2021,Bundesliga,Away,1254,1724,3,11,0.58,1.13,32.3,8,6.0,1,0,0,13,14,0
6162,2025,Serie A,Home,1195,1723,2,11,1.05,1.26,38.8,6,6.0,3,3,0,16,24,0
6163,2020,La Liga,Away,1663,1533,12,6,1.72,1.18,54.4,7,5.0,0,3,0,20,21,1
6164,2025,Serie A,Home,1668,1452,8,10,1.24,1.56,57.1,10,5.0,0,1,0,18,61,1
6165,2019,Ligue 1,Away,1536,1425,11,8,1.07,1.14,47.6,5,4.0,3,1,0,20,44,1
6166,2020,Serie A,Away,1555,1544,9,12,1.88,1.2,44.7,5,4.0,0,2,0,17,10,1
6167,2018,Serie A,Away,1625,1569,5,8,1.81,1.01,43.3,5,4.0,1,3,0,12,42,1
6168,2023,La Liga,Home,1622,1472,9,9,1.82,1.45,59.5,5,5.0,1,1,0,18,92,1
6169,2024,La Liga,Away,1457,1445,7,6,1.39,1.85,56.2,4,6.0,3,3,1,13,83,0
6170,2025,Bundesliga,Home,1634,1549,5,9,1.67,1.4,44.0,8,10.0,0,1,0,18,3,1
6171,2019,Ligue 1,Home,1451,1510,7,9,1.22,1.32,44.5,6,3.0,0,0,0,16,19,0
6172,2024,La Liga,Away,1534,1420,9,9,1.03,1.37,48.9,6,7.0,1,4,0,12,44,0
6173,2019,La Liga,Away,1528,1516,11,9,1.04,1.19,54.8,3,3.0,4,3,1,16,60,1
6174,2023,La Liga,Home,1380,1415,9,2,1.22,1.7,49.6,8,6.0,0,2,1,17,57,1
6175,2023,La Liga,Away,1396,1395,12,5,1.47,1.55,57.7,3,4.0,0,3,0,21,87,0
6176,2019,Ligue 1,Home,1813,1499,11,8,1.65,0.93,56.4,6,3.0,2,0,0,12,67,1
6177,2018,Bundesliga,Away,1375,1420,7,8,1.36,1.69,42.2,8,4.0,0,4,0,21,39,1
6178,2018,La Liga,Home,1552,1397,7,8,1.38,1.23,50.2,3,4.0,1,1,0,21,38,1
6179,2023,La Liga,Home,1581,1646,13,11,1.52,1.05,43.8,7,,2,0,0,17,15,1
6180,2022,La Liga,Home,1492,1445,5,5,1.53,1.5,56.4,7,4.0,1,1,0,15,53,0
6181,2018,Premier League,Home,1594,1758,13,13,1.79,0.97,55.5,6,5.0,2,0,0,12,77,1
6182,2022,Serie A,Home,1546,1588,13,6,1.47,1.83,51.4,5,4.0,0,0,0,18,89,1
6183,2024,Bundesliga,Home,1378,1385,4,9,1.7,1.39,46.3,7,8.0,2,0,0,20,10,1
6184,2019,Serie A,Home,1575,1662,11,13,1.37,1.36,49.1,8,7.0,1,3,1,16,62,0
6185,2022,Premier League,Away,1424,1400,8,6,1.6,1.05,42.4,4,4.0,1,2,0,18,16,1
6186,2020,Bundesliga,Away,1744,1776,9,9,1.76,0.95,48.2,3,6.0,2,4,0,19,91,1
6187,2020,Bundesliga,Home,1560,1532,8,6,0.96,1.29,42.3,3,5.0,1,0,0,16,79,0
6188,2021,La Liga,Away,1402,1576,7,6,1.6,1.53,48.1,10,5.0,0,2,0,12,57,0
6189,2020,Serie A,Away,1548,1504,9,5,1.17,1.08,50.3,6,5.0,1,0,0,12,62,0
6190,2021,Serie A,Home,1371,1537,10,7,1.15,1.62,49.9,6,6.0,0,0,0,20,16,1
6191,2019,Bundesliga,Away,1536,1468,9,6,1.61,1.41,55.4,4,3.0,2,3,0,13,25,0
6192,2021,Premier League,Away,1468,1370,5,2,1.13,1.55,49.7,5,5.0,3,0,0,16,79,0
6193,2022,Premier League,Home,1384,1548,8,7,1.2,1.12,51.0,6,7.0,0,4,0,21,1,0
6194,2021,Serie A,Away,1382,1643,2,9,1.38,0.98,37.6,4,10.0,1,1,0,21,93,0
6195,2023,Premier League,Home,1841,1333,11,5,1.52,0.96,,6,4.0,0,1,0,19,78,1
6196,2018,La Liga,Away,1513,1716,7,8,1.31,1.23,38.2,3,5.0,0,4,0,19,4,0
6197,2019,Bundesliga,Away,1440,1584,8,2,1.2,1.43,50.1,7,5.0,0,1,0,20,5,0
6198,2024,Premier League,Home,1415,1439,11,10,1.5,1.31,55.6,4,6.0,1,0,0,16,15,0
6199,2021,La Liga,Away,1566,1436,9,7,1.81,1.01,54.2,10,5.0,3,2,0,17,83,0
6200,2022,Ligue 1,Home,1411,1761,5,11,0.98,0.98,36.1,10,7.0,1,0,0,19,34,1
6201,2023,Serie A,Home,1347,1631,4,10,1.2,1.33,39.0,3,6.0,4,3,0,16,73,0
6202,2019,Serie A,Away,1495,1660,10,11,1.21,1.25,40.8,5,7.0,1,1,0,19,10,0
6203,2025,Serie A,Home,1494,1465,7,8,1.35,1.55,50.7,4,7.0,2,1,0,13,42,1
6204,2021,Premier League,Away,1442,1578,5,9,1.73,0.88,50.6,6,8.0,0,1,0,16,14,0
6205,2025,Premier League,Home,1375,1549,8,10,1.31,1.2,48.1,6,7.0,0,2,0,18,18,0
6206,2021,Serie A,Away,1445,1476,10,10,1.15,1.35,49.5,7,3.0,1,2,0,18,11,0
6207,2021,La Liga,Home,1434,1515,4,11,0.94,1.49,41.0,6,6.0,1,1,0,19,68,0
6208,2022,La Liga,Away,1415,1655,3,7,1.51,1.06,52.5,4,3.0,1,1,0,12,68,0
6209,2019,Premier League,Home,1539,1724,8,11,1.28,1.28,44.5,6,4.0,3,1,0,16,41,0
6210,2022,Bundesliga,Home,1812,1465,8,3,1.5,1.14,56.8,8,8.0,1,3,0,21,81,1
6211,2025,Premier League,Away,1686,1316,6,4,1.63,1.57,60.4,3,10.0,3,3,0,18,70,1
6212,2023,Bundesliga,Away,1772,1730,8,10,1.79,1.07,42.8,3,3.0,0,2,0,13,90,1
6213,2018,La Liga,Away,1421,1732,9,12,1.17,1.05,41.9,4,5.0,3,4,0,21,88,0
6214,2023,Serie A,Home,1734,1556,12,8,1.37,1.9,53.4,7,10.0,0,4,0,19,42,1
6215,2018,Premier League,Home,1532,1751,14,12,1.73,1.04,43.7,10,3.0,1,1,0,15,13,1
6216,2018,Premier League,Away,1638,1546,7,7,1.67,1.2,58.4,4,8.0,2,1,1,21,6,0
6217,2020,Serie A,Away,1564,1373,12,4,1.67,1.11,48.5,4,10.0,3,1,0,16,80,0
6218,2020,Bundesliga,Away,1452,1316,8,3,1.21,1.76,53.2,8,8.0,0,1,0,18,60,1
6219,2018,Premier League,Away,1601,1315,7,7,1.25,1.38,54.1,6,7.0,0,2,0,17,47,1
6220,2018,La Liga,Home,1568,1501,8,7,1.29,1.34,50.6,5,6.0,3,2,1,18,29,0
6221,2024,La Liga,Home,1252,1435,3,0,0.7,1.2,49.6,6,8.0,1,1,0,21,57,1
6222,2021,Premier League,Away,1483,1419,8,8,1.25,1.53,51.0,4,3.0,2,2,0,16,26,0
6223,2019,Serie A,Away,1622,1485,12,5,1.32,1.6,52.1,7,3.0,0,1,0,16,13,0
6224,2021,Premier League,Away,1539,1620,7,9,1.37,1.57,36.2,3,6.0,0,3,1,18,62,0
6225,2023,Serie A,Away,1566,1423,10,4,1.43,1.39,57.5,6,3.0,2,0,0,16,85,0
6226,2023,Premier League,Away,1395,1400,10,6,1.26,1.29,41.8,5,6.0,0,1,0,17,84,1
6227,2020,Serie A,Home,1536,1433,12,0,1.24,1.25,50.2,5,6.0,0,2,0,20,42,1
6228,2019,La Liga,Home,1487,1629,4,9,1.04,1.24,42.2,6,6.0,0,2,0,12,58,1
6229,2025,La Liga,Home,1472,1490,7,5,0.96,1.42,,10,4.0,1,1,0,12,42,0
6230,2023,La Liga,Away,1405,1539,8,5,1.29,1.45,47.3,6,8.0,0,0,0,16,54,0
6231,2025,Ligue 1,Away,1628,1717,6,12,1.52,0.94,45.7,4,,0,0,0,19,22,0
6232,2020,Serie A,Home,1548,1898,5,12,1.05,1.03,43.8,4,4.0,3,1,0,15,82,0
6233,2018,Bundesliga,Away,1534,1590,8,8,1.74,1.01,51.3,4,6.0,0,3,0,19,65,1
6234,2021,Premier League,Home,1787,1576,10,7,1.87,1.25,58.4,7,5.0,0,1,0,12,59,1
6235,2020,La Liga,Home,1566,1334,8,8,1.17,1.85,,4,7.0,1,2,0,16,16,1
6236,2023,Premier League,Home,1668,1552,8,7,1.6,1.25,55.4,4,5.0,0,1,0,18,63,1
6237,2023,La Liga,Away,1538,1509,14,11,1.36,1.12,55.5,10,4.0,2,2,0,20,20,1
6238,2018,Serie A,Home,1451,1625,6,12,1.36,1.33,47.4,7,7.0,2,4,0,13,68,0
6239,2022,Bundesliga,Away,1352,1445,7,11,1.23,1.62,48.7,5,5.0,4,1,0,12,9,0
6240,2020,Serie A,Home,1534,1528,9,10,1.56,1.13,49.3,6,10.0,2,4,1,16,27,1
6241,2022,Serie A,Away,1150,1585,0,7,1.33,0.93,40.4,5,,2,2,0,21,63,0
6242,2021,Premier League,Home,1538,1766,12,11,1.47,0.91,46.9,6,6.0,0,0,0,12,91,0
6243,2022,Premier League,Away,1544,1719,10,10,1.53,1.04,48.1,10,5.0,0,0,0,21,91,0
6244,2023,Bundesliga,Away,1470,1677,8,12,1.68,1.57,43.9,7,6.0,1,3,1,19,88,0
6245,2020,Premier League,Away,1487,1602,10,9,1.2,0.91,57.7,6,10.0,2,0,0,20,13,0
6246,2019,Premier League,Home,1325,1440,5,6,0.92,0.98,54.8,4,3.0,0,0,0,13,17,1
6247,2023,Ligue 1,Away,1694,1602,12,13,1.73,1.33,48.2,3,7.0,3,1,0,17,20,1
6248,2025,Ligue 1,Home,1453,1392,2,5,0.99,1.27,51.5,5,8.0,1,2,0,18,66,1
6249,2021,Serie A,Away,1364,1471,8,6,1.0,1.13,55.4,3,,0,0,0,12,33,0
6250,2025,La Liga,Away,1576,1749,9,9,1.81,1.29,41.2,10,5.0,2,2,0,17,11,0
6251,2019,Bundesliga,Home,1516,1575,8,11,0.94,1.31,42.3,6,6.0,0,0,0,20,82,0
6252,2024,Premier League,Home,1450,1532,5,8,1.37,1.57,61.3,4,6.0,0,3,0,21,13,1
6253,2025,La Liga,Home,1435,1550,6,9,0.92,1.49,44.7,4,10.0,0,0,0,21,64,0
6254,2020,La Liga,Away,1499,1487,7,8,1.45,1.06,40.2,4,5.0,1,0,0,15,3,0
6255,2019,Ligue 1,Home,1688,1198,7,0,2.01,1.2,58.1,6,8.0,2,0,0,16,29,1
6256,2023,Ligue 1,Home,1566,1323,9,3,1.17,1.79,53.9,5,4.0,0,2,0,16,26,1
6257,2024,Serie A,Away,1495,1586,12,8,0.82,1.24,51.8,6,5.0,0,0,0,16,4,0
6258,2018,Premier League,Away,1619,1371,5,7,1.57,2.22,56.4,5,5.0,1,1,0,12,58,1
6259,2023,Serie A,Away,1504,1485,9,5,1.2,1.61,43.4,6,4.0,1,2,0,12,54,1
6260,2024,Premier League,Away,1556,1328,7,3,1.37,1.85,41.0,5,,1,0,0,16,42,0
6261,2018,Ligue 1,Home,1521,1399,6,5,1.46,1.2,55.5,5,8.0,1,1,0,21,65,1
6262,2022,Premier League,Away,1583,1499,9,11,1.58,1.33,52.4,3,10.0,1,0,0,18,7,0
6263,2018,Premier League,Away,1438,1629,7,3,1.42,1.44,51.2,7,8.0,3,1,0,15,30,0
6264,2019,Bundesliga,Away,1340,1657,6,2,1.17,1.19,38.9,6,4.0,3,2,0,18,30,0
6265,2021,La Liga,Away,1627,1397,6,11,1.6,1.46,54.4,4,4.0,1,2,0,20,16,0
6266,2020,Bundesliga,Away,1711,1543,13,4,1.54,1.37,51.5,5,4.0,0,0,0,16,36,0
6267,2018,Premier League,Home,1347,1300,6,4,1.1,1.35,48.1,5,6.0,0,0,0,18,66,1
6268,2024,Bundesliga,Away,1525,1508,9,4,1.37,1.12,52.3,4,3.0,1,0,0,20,95,1
6269,2019,Premier League,Home,1437,1633,10,8,1.43,1.18,42.8,6,6.0,2,1,1,15,12,0
6270,2024,Premier League,Home,1624,1491,4,7,1.32,1.25,44.9,5,4.0,1,1,0,12,62,1
6271,2019,La Liga,Away,1535,1684,10,14,1.44,0.97,52.8,5,7.0,3,0,0,18,38,0
6272,2022,Premier League,Away,1900,1617,12,11,1.68,1.21,58.1,5,4.0,0,2,0,21,53,1
6273,2023,Serie A,Away,1458,1534,10,5,1.12,0.99,51.4,6,8.0,0,0,0,21,95,0
6274,2021,Premier League,Home,1715,1465,8,2,1.85,1.57,62.8,7,3.0,1,0,1,21,55,1
6275,2021,Premier League,Home,1729,1425,13,8,1.69,1.56,56.5,5,3.0,0,0,0,18,2,1
6276,2024,Bundesliga,Home,1575,1296,6,4,1.53,1.7,55.9,6,3.0,1,1,0,17,21,1
6277,2018,Premier League,Away,1505,1319,9,3,1.12,1.3,49.2,6,4.0,2,0,0,13,20,1
6278,2024,Serie A,Away,1513,1639,8,12,1.3,0.98,51.1,4,6.0,0,0,0,13,21,0
6279,2023,Bundesliga,Away,1501,1712,7,5,1.5,1.49,36.9,7,5.0,1,4,0,21,92,0
6280,2024,Premier League,Away,1659,1349,7,5,1.62,1.44,58.7,3,5.0,3,0,0,19,40,1
6281,2021,Bundesliga,Home,1378,1510,5,9,1.86,1.48,49.3,4,6.0,0,0,1,20,31,0
6282,2021,La Liga,Away,1477,1280,10,2,1.38,1.26,48.3,10,6.0,2,1,0,16,28,1
6283,2022,La Liga,Home,1460,1363,11,9,1.14,1.4,58.6,6,7.0,1,0,0,18,52,1
6284,2023,Premier League,Away,1258,1536,10,5,0.98,1.62,33.1,5,5.0,1,0,0,17,38,0
6285,2025,Bundesliga,Away,1620,1427,10,6,1.27,1.45,48.2,7,4.0,0,2,0,16,83,1
6286,2024,Serie A,Away,1649,1232,10,2,1.35,1.53,60.3,5,3.0,0,0,0,20,78,1
6287,2018,Serie A,Away,1411,1741,8,3,1.28,1.27,45.3,5,4.0,2,0,0,13,76,0
6288,2019,Ligue 1,Home,1644,1493,14,6,1.39,1.44,46.9,7,4.0,1,0,0,17,58,0
6289,2025,La Liga,Away,1278,1345,6,8,1.44,2.01,51.9,5,,0,1,0,16,2,0
6290,2021,Ligue 1,Home,1503,1518,8,5,1.57,1.34,53.7,5,10.0,1,3,0,13,13,0
6291,2022,Bundesliga,Away,1482,1489,7,6,1.55,1.52,47.8,3,5.0,2,0,1,20,36,1
6292,2018,Ligue 1,Away,1512,1559,7,7,1.3,1.26,49.5,7,8.0,1,1,0,21,41,0
6293,2018,Ligue 1,Home,1512,1452,9,8,1.59,1.15,57.3,5,6.0,1,2,0,18,9,1
6294,2021,Ligue 1,Home,1489,1544,5,7,1.59,1.42,56.3,6,3.0,0,0,0,12,47,1
6295,2023,Premier League,Home,1446,1632,5,9,1.69,0.86,42.8,5,7.0,1,1,0,21,83,0
6296,2024,Bundesliga,Away,1485,1315,7,5,1.2,1.76,50.1,6,7.0,0,0,0,16,11,1
6297,2025,Bundesliga,Home,1691,1403,9,5,1.56,1.11,56.4,6,7.0,0,0,0,15,66,1
6298,2019,Serie A,Home,1419,1617,8,13,1.07,1.02,39.6,10,4.0,1,2,0,16,43,1
6299,2019,La Liga,Home,1816,1423,13,4,2.36,1.18,66.1,10,3.0,0,0,0,12,50,1
6300,2022,Ligue 1,Home,1411,1489,7,9,1.2,1.52,50.5,4,7.0,1,4,0,17,3,1
6301,2022,Premier League,Home,1534,1434,9,10,1.71,1.13,52.5,8,7.0,2,1,0,21,70,0
6302,2018,Serie A,Away,1580,1443,9,6,1.48,1.53,59.0,5,6.0,2,0,0,17,66,1
6303,2021,Serie A,Home,1459,1431,0,7,1.52,1.24,54.6,5,7.0,3,1,0,19,7,0
6304,2025,Premier League,Home,1694,1324,8,7,1.56,1.48,64.1,7,6.0,2,0,0,13,40,0
6305,2019,Bundesliga,Away,1576,1564,10,7,1.66,1.16,53.1,6,6.0,0,0,0,20,51,0
6306,2024,Premier League,Home,1471,1649,5,4,1.39,1.8,52.6,7,10.0,0,1,1,15,85,0
6307,2021,Bundesliga,Home,1692,1475,12,7,1.99,0.96,48.6,5,4.0,1,2,0,20,39,1
6308,2022,Bundesliga,Away,1358,1633,8,13,1.27,1.35,45.7,7,4.0,2,0,0,17,17,0
6309,2023,La Liga,Home,1421,1431,6,8,1.08,1.41,57.6,5,3.0,0,0,0,18,65,0
6310,2023,Bundesliga,Away,1579,1423,7,7,1.57,1.22,52.3,3,4.0,2,0,0,12,76,1
6311,2023,Premier League,Home,1612,1557,9,10,1.48,1.4,48.5,6,7.0,2,1,1,18,8,0
6312,2018,Bundesliga,Home,1545,1560,8,8,1.15,1.06,47.8,6,,1,1,0,15,14,1
6313,2020,Ligue 1,Away,1482,1484,9,7,1.43,1.1,50.0,4,6.0,0,1,0,13,53,1
6314,2024,Premier League,Away,1465,1595,1,8,1.16,0.98,52.2,6,4.0,1,0,0,12,24,0
6315,2018,Bundesliga,Home,1658,1320,7,7,1.46,1.53,58.5,10,5.0,0,0,0,20,91,1
6316,2023,Serie A,Away,1534,1457,5,6,1.4,1.24,57.6,5,6.0,0,1,0,15,44,1
6317,2022,Serie A,Home,1378,1635,0,8,0.71,1.01,46.0,5,4.0,1,2,0,17,10,0
6318,2018,Bundesliga,Home,1370,1635,5,11,1.1,1.31,48.1,4,3.0,0,1,0,15,49,0
6319,2018,Serie A,Away,1712,1617,6,8,1.81,1.51,52.6,4,4.0,0,1,0,15,32,0
6320,2025,Serie A,Away,1399,1643,5,11,1.19,0.87,42.7,4,7.0,1,1,0,17,90,0
6321,2018,Premier League,Away,1538,1448,7,9,0.92,1.48,45.6,5,6.0,0,0,0,21,20,0
6322,2018,La Liga,Away,1689,1261,11,4,1.54,1.7,48.5,3,6.0,2,3,0,19,81,1
6323,2018,Ligue 1,Home,1576,1464,8,6,1.55,1.7,50.8,5,3.0,3,0,0,19,72,1
6324,2023,Premier League,Home,1394,1589,2,5,1.16,1.2,32.5,8,5.0,0,2,0,18,70,1
6325,2025,Serie A,Away,1358,1612,7,6,1.13,1.64,43.2,5,4.0,2,1,0,19,35,1
6326,2019,Premier League,Away,1762,1426,15,8,1.53,1.56,61.7,6,7.0,3,1,0,21,92,0
6327,2024,Bundesliga,Home,1354,1364,9,7,1.34,1.0,49.9,6,4.0,0,0,1,18,53,0
6328,2023,Serie A,Home,1423,1378,8,3,1.06,1.53,37.0,10,4.0,1,2,0,12,2,1
6329,2019,La Liga,Away,1552,1424,8,8,1.54,1.41,51.1,4,6.0,1,2,0,20,7,0
6330,2018,Premier League,Home,1469,1234,6,5,1.25,1.84,58.5,10,6.0,0,2,0,17,63,0
6331,2021,La Liga,Away,1580,1426,7,9,1.75,1.71,60.1,7,8.0,4,0,0,17,94,0
6332,2018,Ligue 1,Away,1295,1507,6,13,1.0,1.1,47.2,5,7.0,2,0,0,16,58,1
6333,2018,Serie A,Away,1471,1486,4,9,1.04,1.59,49.5,7,7.0,0,2,0,16,86,0
6334,2021,La Liga,Home,1595,1454,9,5,1.61,1.36,55.8,10,7.0,1,0,0,21,66,0
6335,2024,Bundesliga,Home,1595,1404,7,8,1.58,1.26,63.9,8,4.0,0,4,0,16,84,1
6336,2025,La Liga,Home,1420,1420,2,4,1.36,1.78,50.0,5,6.0,1,0,1,16,26,0
6337,2023,La Liga,Away,1357,1422,4,12,1.4,1.3,40.8,8,3.0,2,1,0,21,91,0
6338,2020,La Liga,Away,1530,1599,11,5,1.13,1.27,45.8,7,5.0,1,2,0,20,37,1
6339,2020,Premier League,Home,1316,1500,6,9,0.95,1.33,41.6,3,7.0,0,1,0,17,10,0
6340,2022,Bundesliga,Home,1680,1900,0,12,1.88,1.12,38.6,3,6.0,1,1,0,18,29,0
6341,2019,Ligue 1,Away,1522,1453,6,6,1.48,1.72,48.1,5,5.0,0,1,0,18,60,1
6342,2022,Ligue 1,Home,1402,1561,9,7,1.13,1.7,59.7,6,10.0,0,0,0,20,90,1
6343,2024,Ligue 1,Away,1352,1457,5,11,0.75,1.61,42.1,8,5.0,0,2,0,19,85,0
6344,2024,La Liga,Home,1411,1453,8,8,0.94,0.97,46.3,3,4.0,0,2,0,15,94,1
6345,2018,La Liga,Home,1281,1719,4,10,0.87,1.52,52.9,4,6.0,4,2,0,21,51,0
6346,2020,Serie A,Away,1569,1640,9,14,1.29,1.37,50.9,7,5.0,1,2,0,15,6,1
6347,2020,Ligue 1,Away,1388,1254,6,4,1.3,1.85,54.9,5,5.0,0,0,0,21,62,0
6348,2022,Bundesliga,Away,1556,1357,6,8,1.07,1.4,57.5,6,4.0,2,0,0,17,39,0
6349,2019,Serie A,Home,1575,1481,10,4,1.3,1.36,53.1,5,10.0,0,0,1,20,87,1
6350,2025,Bundesliga,Home,1635,1428,13,3,1.18,1.65,52.7,4,5.0,1,0,0,16,15,1
6351,2025,Bundesliga,Away,1535,1289,9,7,1.28,2.04,57.6,3,6.0,2,3,0,12,27,1
6352,2020,Ligue 1,Home,1658,1516,10,8,2.12,1.38,56.1,6,3.0,1,0,0,18,28,1
6353,2021,Bundesliga,Away,1694,1237,8,10,1.86,1.27,52.8,4,5.0,0,3,0,19,20,1
6354,2021,La Liga,Home,1536,1518,10,6,1.53,1.48,48.0,3,6.0,3,0,0,15,30,1
6355,2018,La Liga,Home,1545,1602,7,10,1.27,1.21,39.9,5,5.0,1,2,0,21,71,1
6356,2025,Serie A,Away,1422,1622,8,8,0.99,0.98,40.3,8,3.0,3,0,0,19,58,0
6357,2024,La Liga,Away,1362,1480,8,9,1.18,1.34,49.5,6,6.0,0,2,0,21,22,1
6358,2020,Ligue 1,Home,1679,1712,12,12,1.16,1.28,46.8,4,3.0,1,0,0,15,19,0
6359,2022,Serie A,Home,1585,1546,11,8,1.61,1.57,49.6,6,4.0,1,0,0,12,82,1
6360,2021,La Liga,Away,1596,1618,11,7,1.41,1.12,35.6,7,8.0,0,0,0,18,23,0
6361,2019,La Liga,Away,1417,1397,3,5,1.25,1.33,43.5,8,5.0,1,1,0,16,59,0
6362,2020,Serie A,Away,1727,1713,8,7,1.18,1.13,44.3,10,5.0,2,1,0,15,63,0
6363,2018,Serie A,Away,1468,1500,4,8,1.33,1.79,40.4,6,6.0,1,1,0,16,95,1
6364,2024,Premier League,Home,1388,1721,2,3,1.17,1.49,42.4,5,8.0,1,2,0,19,58,1
6365,2023,Ligue 1,Home,1420,1690,11,8,1.02,1.32,43.5,6,4.0,2,0,1,12,87,0
6366,2025,La Liga,Away,1720,1536,8,10,1.65,1.45,58.6,3,10.0,4,1,0,15,76,0
6367,2018,La Liga,Home,1344,1557,3,10,1.08,1.22,51.0,7,7.0,0,0,0,13,44,1
6368,2023,Premier League,Home,1395,1475,6,3,1.31,1.57,54.9,4,4.0,3,1,0,13,30,0
6369,2022,Serie A,Away,1900,1385,10,8,1.94,1.21,64.6,6,7.0,1,0,0,16,64,1
6370,2022,Bundesliga,Away,1632,1583,15,6,1.22,1.4,52.2,5,7.0,0,1,0,17,20,1
6371,2025,Ligue 1,Home,1397,1576,6,7,1.26,0.77,46.9,4,6.0,1,1,0,15,63,1
6372,2021,Premier League,Home,1349,1273,7,7,1.21,1.14,46.8,7,5.0,1,3,0,15,17,0
6373,2019,Ligue 1,Home,1266,1488,3,5,1.4,0.88,45.8,8,,3,0,0,13,34,1
6374,2018,Bundesliga,Home,1514,1622,3,13,1.58,1.71,44.7,6,8.0,2,0,0,16,94,0
6375,2021,La Liga,Away,1602,1705,7,11,1.38,1.13,41.3,7,3.0,4,1,0,13,9,0
6376,2019,Premier League,Away,1713,1602,8,10,1.48,0.92,43.8,7,5.0,0,4,0,12,74,1
6377,2019,La Liga,Away,1235,1288,2,8,1.1,2.15,36.6,4,6.0,0,2,0,18,85,0
6378,2019,Ligue 1,Home,1314,1352,1,8,0.86,1.29,47.8,6,10.0,2,0,0,20,73,1
6379,2020,La Liga,Home,1483,1452,8,9,1.09,1.52,47.4,10,5.0,3,2,0,12,60,1
6380,2018,La Liga,Home,1890,1696,11,8,1.66,0.98,51.1,3,5.0,2,0,0,18,81,0
6381,2021,Bundesliga,Home,1624,1415,5,4,0.89,1.62,49.4,6,3.0,0,4,0,20,40,1
6382,2023,Ligue 1,Away,1552,1648,8,9,1.16,1.21,44.8,5,6.0,0,0,0,15,21,1
6383,2020,Serie A,Home,1329,1413,7,8,1.08,1.24,42.4,5,7.0,0,0,0,18,31,1
6384,2019,Bundesliga,Home,1203,1575,7,5,1.71,0.95,41.2,3,10.0,1,0,1,16,77,0
6385,2022,Premier League,Home,1505,1368,1,7,1.19,1.29,57.1,4,6.0,0,0,0,18,26,0
6386,2018,Ligue 1,Home,1486,1473,5,8,1.5,1.12,47.9,8,6.0,4,0,0,21,78,0
6387,2023,La Liga,Away,1463,1342,3,5,1.26,1.05,58.5,3,6.0,1,3,1,12,64,0
6388,2021,Premier League,Away,1447,1702,5,10,1.4,1.35,,5,7.0,1,1,0,15,85,1
6389,2021,Ligue 1,Home,1395,1403,10,7,0.96,1.72,40.1,10,6.0,2,1,0,15,50,0
6390,2019,Premier League,Home,1363,1283,4,6,0.81,1.38,58.8,4,4.0,3,0,1,15,18,0
6391,2020,Premier League,Home,1695,1272,9,7,1.91,1.03,50.3,7,5.0,0,0,0,12,47,1
6392,2019,Serie A,Away,1376,1488,4,15,0.88,1.45,44.4,10,7.0,2,0,0,16,30,0
6393,2022,La Liga,Home,1461,1436,11,7,1.68,1.45,54.5,8,7.0,1,1,0,21,91,0
6394,2019,Premier League,Away,1495,1591,1,7,1.25,1.02,53.8,8,6.0,0,0,0,19,33,0
6395,2023,Serie A,Home,1599,1467,7,2,1.25,1.36,52.5,10,7.0,0,1,0,17,18,0
6396,2020,Bundesliga,Away,1381,1663,4,6,1.09,0.51,40.1,4,3.0,2,3,0,17,68,0
6397,2022,Bundesliga,Home,1637,1446,5,5,1.9,1.4,65.3,10,10.0,3,4,0,20,45,1
6398,2022,Premier League,Home,1419,1644,9,11,1.09,1.18,49.0,6,4.0,2,3,0,16,25,0
6399,2023,Serie A,Away,1477,1367,3,5,1.23,1.8,58.1,3,4.0,2,0,0,15,66,0
6400,2024,Bundesliga,Home,1730,1290,9,6,1.85,1.6,63.4,8,4.0,1,0,0,16,8,0
6401,2022,Premier League,Home,1364,1385,6,4,1.32,1.48,52.5,4,4.0,0,1,0,13,68,1
6402,2024,Premier League,Away,1601,1342,7,7,1.98,1.98,57.8,4,4.0,3,1,1,17,14,0
6403,2020,Premier League,Away,1641,1326,5,8,1.8,1.31,57.2,3,3.0,3,0,0,18,30,0
6404,2024,Serie A,Away,1543,1558,8,7,1.22,0.92,40.4,5,8.0,1,2,0,16,52,0
6405,2020,Premier League,Home,1484,1463,5,8,1.66,1.61,43.8,5,5.0,0,0,0,15,90,0
6406,2023,Bundesliga,Away,1798,1520,13,7,1.2,1.59,60.3,4,4.0,0,0,0,13,54,0
6407,2021,Ligue 1,Home,1498,1574,9,5,1.54,1.55,54.1,7,5.0,1,3,0,13,8,1
6408,2025,Premier League,Home,1529,1264,13,6,1.22,1.5,57.5,8,6.0,3,2,0,16,43,0
6409,2020,Serie A,Home,1453,1580,7,10,1.45,1.1,41.3,4,7.0,0,2,0,20,52,1
6410,2022,Premier League,Away,1521,1331,9,7,1.86,1.19,55.8,6,6.0,4,3,0,17,67,0
6411,2019,Premier League,Home,1635,1419,8,9,1.08,1.2,57.3,8,6.0,3,0,0,18,40,0
6412,2023,Bundesliga,Away,1461,1235,11,4,1.54,1.21,46.1,4,4.0,2,1,0,18,22,0
6413,2018,La Liga,Away,1205,1592,4,8,1.24,1.16,47.8,4,8.0,3,2,0,20,50,0
6414,2021,Ligue 1,Away,1572,1264,8,4,1.59,1.98,62.0,5,8.0,1,2,0,20,54,1
6415,2018,Serie A,Home,1349,1332,7,6,0.94,1.37,45.1,4,3.0,2,0,0,16,51,0
6416,2020,Premier League,Away,1604,1342,7,5,1.44,1.52,56.1,3,5.0,0,0,0,21,31,1
6417,2021,La Liga,Away,1500,1482,6,8,1.11,1.5,48.8,8,7.0,0,1,0,19,31,1
6418,2020,Premier League,Home,1632,1478,10,5,1.6,1.28,60.3,3,4.0,1,3,0,13,39,0
6419,2021,Ligue 1,Home,1367,1614,8,6,0.88,1.16,41.0,5,3.0,1,1,0,16,87,1
6420,2019,Bundesliga,Home,1425,1485,8,5,1.16,1.68,42.5,3,3.0,3,1,0,21,90,0
6421,2023,La Liga,Away,1452,1635,7,10,1.45,1.28,44.8,5,4.0,0,1,0,21,39,0
6422,2024,Serie A,Away,1292,1553,6,8,0.94,1.58,38.2,3,4.0,0,1,0,13,43,0
6423,2021,Serie A,Home,1656,1368,12,5,1.42,2.07,62.0,3,7.0,2,4,0,21,93,1
6424,2018,Bundesliga,Away,1272,1407,2,8,0.87,1.22,46.1,6,3.0,0,0,0,20,24,1
6425,2018,Premier League,Home,1654,1711,9,14,1.58,1.12,42.6,5,6.0,0,1,0,19,79,1
6426,2023,Premier League,Away,1559,1672,1,8,1.38,1.15,43.5,4,8.0,2,4,0,15,13,1
6427,2025,Premier League,Home,1472,1615,9,6,1.14,1.12,44.1,10,8.0,0,1,0,21,40,0
6428,2024,La Liga,Home,1548,1634,6,12,1.25,1.12,46.2,10,6.0,1,1,0,19,72,1
6429,2021,La Liga,Home,1544,1565,6,8,1.44,1.64,41.2,6,5.0,1,2,0,15,87,0
6430,2021,Premier League,Away,1444,1547,7,8,1.02,1.33,41.5,4,5.0,1,2,0,18,86,1
6431,2019,La Liga,Home,1542,1507,10,10,1.39,1.97,52.1,8,6.0,3,1,0,12,94,0
6432,2018,La Liga,Away,1602,1738,15,10,1.47,1.03,,5,7.0,0,2,0,13,42,1
6433,2024,Premier League,Home,1368,1435,2,8,1.24,1.79,45.6,5,4.0,2,0,0,16,39,0
6434,2021,Ligue 1,Home,1548,1534,6,8,1.27,1.76,50.7,7,4.0,4,0,0,12,60,0
6435,2021,Serie A,Home,1150,1261,4,13,1.12,1.54,58.8,7,4.0,0,1,0,20,82,1
6436,2020,La Liga,Away,1230,1300,2,5,1.29,1.64,49.4,5,5.0,0,1,0,19,87,0
6437,2020,Serie A,Away,1579,1754,11,13,1.6,1.34,35.8,6,5.0,2,0,0,13,17,0
6438,2025,La Liga,Home,1442,1586,6,8,1.34,1.13,49.1,10,8.0,2,0,0,16,22,0
6439,2024,Bundesliga,Away,1381,1470,8,8,0.86,1.79,48.8,5,5.0,3,1,0,16,85,0
6440,2023,Serie A,Away,1493,1511,7,7,1.76,1.14,47.3,7,6.0,3,1,0,17,26,0
6441,2021,Serie A,Away,1445,1310,8,7,1.3,1.39,47.6,4,7.0,4,2,1,16,82,0
6442,2023,Ligue 1,Away,1362,1440,3,7,1.28,1.28,52.1,6,7.0,1,1,0,12,21,1
6443,2020,Bundesliga,Away,1271,1296,10,6,0.92,1.59,35.7,4,4.0,4,2,0,13,30,0
6444,2022,Bundesliga,Home,1224,1459,0,5,0.99,1.47,41.9,5,7.0,0,2,1,20,88,0
6445,2019,Premier League,Home,1603,1595,7,7,1.76,1.11,48.3,5,6.0,1,0,0,21,39,1
6446,2023,Premier League,Away,1441,1563,3,3,1.48,1.27,43.3,6,5.0,0,2,0,17,22,0
6447,2018,Bundesliga,Away,1636,1722,11,11,1.42,0.87,47.2,3,7.0,0,0,0,20,45,0
6448,2023,La Liga,Away,1439,1541,8,6,1.66,1.6,,3,5.0,2,1,0,18,78,0
6449,2022,Bundesliga,Home,1550,1153,5,9,1.15,1.84,62.6,3,3.0,0,0,0,18,60,1
6450,2018,Bundesliga,Home,1482,1773,10,10,0.91,1.02,57.2,5,3.0,2,1,0,12,61,0
6451,2022,La Liga,Home,1506,1382,6,9,0.87,1.41,48.5,4,6.0,0,1,0,12,33,0
6452,2019,La Liga,Away,1513,1523,9,11,1.56,1.16,51.7,7,5.0,3,1,0,12,6,0
6453,2021,Serie A,Home,1438,1514,8,7,1.11,1.11,48.8,7,,3,1,0,19,15,0
6454,2018,La Liga,Home,1328,1534,5,6,1.13,1.05,45.8,4,8.0,3,1,0,15,86,0
6455,2023,Serie A,Home,1607,1507,11,7,1.74,1.11,50.1,6,6.0,2,2,0,13,66,1
6456,2022,Bundesliga,Away,1723,1509,10,11,1.68,1.58,55.4,5,6.0,0,2,0,13,37,0
6457,2020,La Liga,Away,1732,1315,11,11,1.31,1.78,61.5,4,4.0,1,1,0,13,84,1
6458,2025,Bundesliga,Home,1423,1862,6,9,1.67,0.68,43.0,6,6.0,1,3,0,15,43,1
6459,2023,Serie A,Home,1397,1591,1,9,1.16,1.44,48.8,7,6.0,0,1,0,12,40,0
6460,2022,Bundesliga,Home,1422,1507,6,6,1.25,1.04,54.3,7,6.0,0,1,0,16,55,1
6461,2019,Premier League,Home,1475,1758,5,10,1.14,1.31,39.2,5,5.0,3,0,0,13,91,0
6462,2022,Bundesliga,Away,1493,1350,11,10,1.06,1.51,54.5,4,6.0,2,2,0,13,57,0
6463,2023,Bundesliga,Home,1360,1622,2,7,1.25,1.11,42.7,8,7.0,1,0,0,12,12,0
6464,2025,La Liga,Home,1293,1422,8,2,0.76,1.53,51.0,8,8.0,0,1,0,19,85,1
6465,2022,Serie A,Away,1507,1556,7,9,1.34,1.64,40.9,4,6.0,1,3,0,19,27,1
6466,2019,Bundesliga,Home,1150,1559,4,9,1.36,0.83,45.2,3,8.0,4,0,0,18,58,0
6467,2023,Premier League,Away,1486,1173,4,2,1.52,1.93,59.4,7,6.0,0,0,0,12,47,1
6468,2018,Bundesliga,Away,1368,1300,5,3,1.26,1.33,57.7,5,5.0,0,1,0,17,78,0
6469,2020,Ligue 1,Away,1609,1722,7,11,1.2,1.51,47.4,7,5.0,2,3,0,13,18,0
6470,2025,Ligue 1,Away,1647,1465,15,4,1.5,1.6,53.6,3,7.0,1,3,0,20,36,1
6471,2024,La Liga,Home,1650,1780,8,12,1.32,0.82,43.4,5,5.0,1,0,0,15,81,1
6472,2025,Serie A,Home,1451,1683,10,9,1.66,1.04,42.2,5,7.0,1,4,0,17,91,1
6473,2020,Ligue 1,Home,1341,1469,9,11,1.06,1.5,36.6,6,6.0,0,1,0,19,1,0
6474,2023,Serie A,Home,1386,1457,9,8,1.03,1.63,47.4,7,3.0,0,1,1,17,87,1
6475,2023,Premier League,Away,1540,1731,6,10,1.34,1.26,42.6,8,5.0,1,0,0,17,30,0
6476,2019,Premier League,Home,1270,1794,9,10,0.9,1.18,37.3,5,5.0,1,1,0,13,23,1
6477,2025,Bundesliga,Home,1695,1460,15,2,1.62,1.23,52.3,4,7.0,0,0,0,21,22,1
6478,2025,La Liga,Home,1454,1715,8,10,1.75,1.16,45.2,10,7.0,3,2,0,17,64,0
6479,2018,Premier League,Home,1570,1644,7,9,1.43,1.2,47.5,6,3.0,2,1,0,19,72,0
6480,2024,La Liga,Home,1251,1668,2,10,0.85,0.82,30.4,8,6.0,3,1,0,12,8,0
6481,2021,Bundesliga,Home,1370,1514,7,7,1.17,1.42,46.6,7,6.0,1,2,1,13,65,1
6482,2023,La Liga,Home,1233,1406,4,10,0.74,1.34,49.8,5,7.0,2,1,0,19,39,0
6483,2022,Ligue 1,Home,1643,1352,10,5,2.23,1.83,61.7,3,5.0,1,0,0,12,9,1
6484,2019,Bundesliga,Home,1478,1317,4,3,1.78,1.81,49.5,4,3.0,0,0,0,21,55,0
6485,2018,Ligue 1,Away,1580,1768,9,6,1.75,1.15,37.7,6,3.0,0,1,0,19,86,0
6486,2022,Ligue 1,Home,1509,1502,11,6,1.55,1.62,55.6,7,5.0,0,1,0,20,51,1
6487,2024,Premier League,Home,1566,1340,10,3,1.38,1.65,57.7,4,7.0,1,0,0,12,50,1
6488,2024,Serie A,Home,1453,1640,6,6,1.26,1.22,40.5,6,8.0,1,0,0,19,24,0
6489,2020,Premier League,Home,1472,1433,7,6,1.26,1.06,46.8,3,5.0,0,0,0,18,58,0
6490,2024,Ligue 1,Away,1487,1409,4,9,1.93,1.39,52.1,4,6.0,1,1,0,20,31,0
6491,2020,La Liga,Home,1557,1790,6,13,1.36,1.01,48.4,4,7.0,0,3,0,16,83,1
6492,2022,Serie A,Home,1560,1314,7,2,1.27,1.49,54.5,4,3.0,4,0,0,20,17,0
6493,2020,Bundesliga,Home,1894,1533,14,8,1.76,1.26,51.5,4,6.0,2,0,0,16,53,1
6494,2022,Premier League,Away,1735,1417,8,8,1.74,1.7,48.4,7,3.0,4,0,0,18,91,0
6495,2022,Bundesliga,Away,1251,1395,2,8,0.4,1.75,42.3,8,5.0,3,1,0,20,50,0
6496,2023,Premier League,Home,1480,1295,9,9,1.43,1.41,50.4,10,8.0,2,0,0,21,86,0
6497,2021,La Liga,Home,1443,1508,6,5,0.65,1.01,42.8,5,7.0,0,0,1,19,10,0
6498,2022,La Liga,Home,1679,1378,7,4,1.91,1.22,64.6,8,6.0,2,2,0,21,83,1
6499,2023,La Liga,Away,1456,1583,9,7,0.87,1.59,39.0,3,8.0,1,1,0,16,36,0
6500,2021,Serie A,Home,1565,1493,9,8,1.22,1.6,48.1,6,5.0,1,3,0,17,31,1
6501,2022,Ligue 1,Home,1173,1456,3,0,0.51,1.1,53.6,6,5.0,2,2,0,13,91,1
6502,2018,La Liga,Away,1288,1378,4,5,1.57,1.09,43.7,5,4.0,1,0,0,19,71,0
6503,2024,Serie A,Home,1793,1700,12,5,1.67,1.02,52.2,3,5.0,1,1,0,20,32,1
6504,2019,Ligue 1,Home,1507,1603,9,9,1.91,1.71,54.7,5,6.0,1,0,0,19,79,1
6505,2024,Bundesliga,Away,1360,1405,6,12,1.69,1.54,48.3,3,6.0,2,0,0,19,23,0
6506,2024,Premier League,Away,1534,1310,8,8,1.7,1.46,57.5,7,4.0,1,1,0,13,3,0
6507,2025,Ligue 1,Home,1353,1236,4,1,0.84,1.56,49.6,10,8.0,2,4,0,13,21,0
6508,2018,Premier League,Home,1460,1659,6,8,1.35,0.74,40.7,4,4.0,2,2,0,20,55,0
6509,2019,Serie A,Away,1297,1627,5,7,1.47,1.16,33.7,7,4.0,0,0,0,15,43,0
6510,2018,Serie A,Home,1390,1647,4,13,1.33,1.53,42.5,8,5.0,2,1,0,17,55,0
6511,2021,Bundesliga,Away,1442,1483,4,2,1.19,1.27,50.9,4,5.0,4,2,0,19,34,1
6512,2025,Premier League,Away,1657,1613,9,8,1.61,1.19,60.8,6,6.0,0,2,1,15,3,1
6513,2024,Premier League,Home,1565,1644,11,7,1.53,1.3,45.3,4,6.0,1,0,1,17,35,0
6514,2023,Bundesliga,Away,1589,1490,3,4,1.08,1.08,58.4,3,,1,1,0,17,29,0
6515,2024,Premier League,Away,1496,1450,6,11,1.2,1.48,55.8,6,6.0,1,2,0,18,57,0
6516,2018,La Liga,Home,1615,1363,10,2,1.64,1.27,52.6,4,4.0,2,4,0,21,79,1
6517,2024,Bundesliga,Home,1378,1560,9,5,1.43,1.17,45.6,8,4.0,0,0,0,17,93,0
6518,2020,Serie A,Away,1397,1578,11,13,1.3,1.19,45.7,10,8.0,3,0,0,16,90,0
6519,2023,Premier League,Home,1557,1443,8,7,1.31,1.31,45.9,4,4.0,1,1,0,13,94,1
6520,2024,La Liga,Home,1461,1460,12,7,1.26,1.41,48.8,4,5.0,2,1,0,20,23,0
6521,2023,Ligue 1,Home,1498,1470,9,6,1.16,1.36,46.5,4,7.0,0,1,0,20,30,0
6522,2021,La Liga,Home,1477,1611,9,9,1.3,1.2,45.5,5,6.0,3,0,0,16,87,0
6523,2022,Premier League,Away,1675,1308,7,4,1.76,1.55,58.4,5,10.0,1,1,0,21,95,1
6524,2021,Premier League,Home,1683,1345,11,4,2.16,1.26,58.2,6,10.0,1,0,0,15,89,1
6525,2023,La Liga,Away,1412,1348,9,2,0.95,0.95,48.6,5,7.0,0,0,1,18,37,1
6526,2021,Ligue 1,Away,1254,1479,3,7,1.4,1.37,39.1,3,5.0,3,3,0,12,42,0
6527,2021,La Liga,Home,1400,1544,0,6,1.34,1.14,37.5,7,8.0,3,0,0,19,45,1
6528,2019,Premier League,Away,1374,1350,6,4,0.81,1.6,55.2,5,6.0,2,1,1,12,6,0
6529,2021,Serie A,Home,1616,1627,8,11,1.45,1.1,49.8,6,8.0,2,1,0,16,16,1
6530,2023,Premier League,Home,1629,1705,13,9,1.45,0.69,53.2,7,4.0,1,1,0,15,50,1
6531,2024,La Liga,Away,1356,1558,4,8,1.19,1.27,44.2,3,3.0,1,3,0,17,9,0
6532,2018,Ligue 1,Home,1394,1657,4,14,1.5,1.47,43.3,6,6.0,2,1,0,15,39,0
6533,2019,Bundesliga,Away,1293,1372,2,7,1.62,1.54,46.6,8,5.0,0,1,1,20,15,0
6534,2022,Premier League,Away,1519,1375,6,5,1.69,1.11,51.7,4,6.0,1,1,0,15,62,0
6535,2023,La Liga,Home,1494,1572,14,6,1.4,1.13,49.2,6,8.0,2,2,1,16,36,1
6536,2019,Premier League,Home,1610,1495,5,7,1.55,1.23,51.3,4,7.0,1,4,0,15,7,1
6537,2020,Premier League,Home,1570,1375,5,8,1.95,1.42,59.7,5,3.0,3,3,0,18,74,1
6538,2018,Serie A,Away,1585,1700,8,8,1.18,1.02,54.0,7,4.0,2,3,1,16,32,0
6539,2018,Serie A,Home,1284,1542,10,8,1.42,0.87,50.0,7,6.0,0,2,0,12,60,1
6540,2019,Bundesliga,Away,1412,1598,8,7,0.97,1.23,53.1,8,6.0,1,1,1,18,7,0
6541,2023,Ligue 1,Home,1633,1406,13,5,1.11,1.79,49.9,7,4.0,1,1,0,21,57,1
6542,2024,Premier League,Home,1425,1735,6,7,1.43,0.98,48.2,8,3.0,0,1,0,18,3,0
6543,2021,Ligue 1,Home,1272,1478,1,8,0.68,1.06,45.3,3,4.0,2,0,0,17,29,0
6544,2019,Serie A,Home,1613,1643,8,9,1.38,1.58,49.8,7,4.0,2,2,0,12,33,1
6545,2025,Premier League,Away,1419,1418,6,10,1.6,1.9,46.4,6,3.0,2,2,0,13,74,0
6546,2020,Bundesliga,Home,1649,1524,9,8,1.29,1.23,51.2,3,10.0,1,2,0,19,50,0
6547,2019,Premier League,Home,1497,1578,7,6,1.8,1.34,36.9,5,8.0,2,2,0,21,60,1
6548,2019,Serie A,Away,1461,1779,9,14,0.74,1.15,,5,4.0,1,2,1,12,86,0
6549,2020,Bundesliga,Away,1691,1438,8,8,1.82,1.63,55.3,6,6.0,2,0,0,13,49,0
6550,2023,La Liga,Away,1318,1528,3,8,0.8,1.05,42.2,6,7.0,2,3,1,16,7,0
6551,2021,Ligue 1,Away,1701,1583,7,8,1.52,1.27,59.6,8,6.0,0,0,0,17,4,0
6552,2021,Premier League,Home,1410,1302,7,5,1.3,1.26,52.7,4,6.0,2,1,0,16,52,1
6553,2020,Bundesliga,Away,1523,1196,8,1,1.3,1.71,53.6,6,4.0,0,1,0,13,17,0
6554,2025,Premier League,Home,1524,1361,11,5,1.31,1.85,54.0,4,7.0,0,0,0,12,89,0
6555,2023,Premier League,Home,1440,1635,11,8,0.92,1.31,53.7,8,3.0,1,3,0,16,55,1
6556,2023,La Liga,Away,1393,1740,3,11,1.59,0.92,40.7,5,6.0,1,1,0,12,93,1
6557,2021,Bundesliga,Home,1448,1371,7,9,0.99,1.72,56.0,4,5.0,1,2,0,20,21,1
6558,2022,Premier League,Home,1358,1330,5,8,0.89,1.35,47.1,4,7.0,2,1,0,16,30,1
6559,2025,Ligue 1,Home,1775,1715,7,11,1.63,1.27,54.0,3,7.0,2,3,0,17,14,0
6560,2023,Premier League,Away,1433,1421,5,2,1.1,1.23,51.3,4,6.0,0,0,0,16,64,0
6561,2024,La Liga,Away,1662,1448,14,6,1.74,1.06,55.4,5,4.0,0,3,1,13,46,1
6562,2018,La Liga,Home,1644,1704,8,5,1.38,0.98,46.1,3,6.0,1,3,1,20,1,1
6563,2024,Premier League,Away,1551,1681,6,12,1.41,0.51,45.3,6,6.0,3,2,0,21,81,1
6564,2025,Ligue 1,Home,1481,1631,7,9,1.36,0.96,36.8,4,6.0,0,1,0,19,78,0
6565,2023,La Liga,Home,1527,1260,10,4,1.62,2.1,48.6,6,5.0,1,4,0,12,59,1
6566,2025,Bundesliga,Away,1580,1324,8,3,1.31,0.8,48.6,4,4.0,0,0,1,15,93,1
6567,2022,Serie A,Away,1514,1657,8,12,0.95,0.82,38.8,4,6.0,0,2,0,16,32,1
6568,2020,Serie A,Away,1281,1545,0,8,0.91,1.74,42.0,7,5.0,2,1,0,17,46,0
6569,2022,Serie A,Home,1245,1391,6,6,1.35,1.21,43.8,10,5.0,1,0,0,19,9,0
6570,2023,Ligue 1,Home,1711,1452,11,7,1.67,1.29,51.2,5,7.0,1,1,0,20,13,1
6571,2019,Bundesliga,Away,1150,1656,6,10,0.87,1.21,43.3,5,6.0,0,1,0,17,54,1
6572,2019,Serie A,Home,1527,1714,3,10,1.39,0.75,44.0,5,8.0,0,0,0,17,26,1
6573,2020,Serie A,Away,1467,1499,6,11,1.25,1.61,53.6,5,5.0,1,0,0,19,10,0
6574,2022,Serie A,Away,1523,1404,10,9,1.57,1.41,45.6,4,5.0,2,0,0,19,5,1
6575,2019,La Liga,Away,1340,1461,4,7,1.26,1.23,49.1,6,5.0,0,4,0,13,70,0
6576,2024,Serie A,Away,1549,1688,8,8,1.33,1.42,51.4,4,4.0,0,0,0,15,4,1
6577,2018,La Liga,Home,1529,1685,7,10,1.61,0.85,48.1,5,,0,1,0,15,1,0
6578,2025,Bundesliga,Home,1887,1527,11,6,2.07,1.34,56.7,5,8.0,1,0,0,17,45,1
6579,2023,Ligue 1,Away,1518,1426,11,10,1.14,1.16,50.8,7,8.0,3,1,0,17,65,1
6580,2020,Ligue 1,Away,1689,1652,6,13,1.33,0.9,52.6,7,4.0,1,2,0,12,51,0
6581,2020,Bundesliga,Away,1290,1727,5,12,1.72,1.65,39.3,3,3.0,2,1,1,20,20,0
6582,2023,Serie A,Home,1643,1297,10,2,1.66,1.56,64.1,6,4.0,1,1,0,17,26,1
6583,2018,Bundesliga,Home,1532,1467,10,6,1.8,1.62,46.9,3,7.0,4,0,0,15,41,1
6584,2023,Premier League,Home,1538,1662,8,9,1.61,1.07,51.7,3,7.0,1,1,0,18,69,1
6585,2022,La Liga,Away,1540,1510,10,5,1.51,1.08,52.2,5,10.0,0,0,0,20,85,0
6586,2019,Premier League,Away,1739,1432,10,6,1.08,0.63,58.6,3,10.0,3,1,1,18,45,0
6587,2025,Premier League,Home,1536,1526,8,8,1.08,1.25,49.3,8,5.0,3,0,0,15,23,0
6588,2023,Ligue 1,Home,1390,1552,6,9,1.39,0.89,51.2,6,4.0,1,1,0,18,24,0
6589,2019,Ligue 1,Home,1414,1342,8,9,1.03,1.52,47.3,6,3.0,0,0,0,18,92,0
6590,2023,Serie A,Home,1614,1513,10,7,1.44,1.02,46.8,4,6.0,0,0,0,19,30,0
6591,2021,Premier League,Home,1563,1551,5,7,1.65,1.42,50.4,8,7.0,1,1,0,21,5,1
6592,2024,Bundesliga,Home,1286,1431,5,3,1.15,1.93,42.9,4,7.0,0,0,0,16,5,1
6593,2021,La Liga,Home,1572,1391,10,7,1.53,2.15,56.0,4,4.0,1,1,0,15,8,1
6594,2025,Bundesliga,Home,1348,1425,9,5,1.53,1.5,57.5,8,,1,3,0,20,89,1
6595,2025,Ligue 1,Away,1561,1364,6,5,1.79,1.47,55.3,6,7.0,0,0,0,21,70,1
6596,2018,La Liga,Away,1387,1619,8,7,1.21,1.07,45.2,6,5.0,0,2,0,21,31,0
6597,2021,Premier League,Away,1461,1362,6,4,1.63,1.28,60.4,10,5.0,1,1,0,20,72,0
6598,2019,La Liga,Away,1424,1526,7,10,1.03,1.1,49.3,5,7.0,2,4,0,16,55,0
6599,2021,Premier League,Away,1713,1448,7,7,1.64,1.77,61.9,4,5.0,1,4,0,19,75,0
6600,2019,La Liga,Away,1556,1401,8,10,1.55,1.34,52.5,4,3.0,2,2,0,17,67,0
6601,2022,Premier League,Home,1677,1692,10,7,1.52,1.72,49.3,4,8.0,0,3,0,19,68,1
6602,2019,Premier League,Away,1900,1482,10,10,1.73,1.13,57.1,7,8.0,0,1,0,20,17,1
6603,2022,La Liga,Home,1507,1406,11,5,1.08,1.4,54.8,4,7.0,3,1,0,16,74,0
6604,2021,Premier League,Away,1710,1393,6,6,1.57,1.13,60.3,3,6.0,2,2,0,18,58,1
6605,2025,Bundesliga,Home,1402,1547,8,9,0.84,1.44,49.9,7,7.0,3,0,0,20,70,0
6606,2025,Premier League,Away,1676,1616,3,11,1.51,1.19,53.6,10,7.0,1,2,0,13,29,0
6607,2022,Ligue 1,Home,1387,1678,5,12,1.24,1.18,42.0,7,5.0,0,1,0,20,59,0
6608,2021,Premier League,Home,1497,1477,9,10,1.53,1.29,53.2,5,5.0,2,0,0,17,71,0
6609,2023,Premier League,Home,1575,1468,10,6,1.14,1.52,60.0,4,10.0,1,0,0,20,95,1
6610,2023,Premier League,Away,1597,1518,8,12,1.54,1.5,52.6,7,5.0,1,0,0,13,16,1
6611,2019,Bundesliga,Home,1322,1523,5,9,1.3,1.54,38.3,6,4.0,2,0,0,16,16,0
6612,2021,Premier League,Home,1379,1392,8,0,1.21,1.21,44.7,4,4.0,1,1,0,16,43,0
6613,2025,Serie A,Away,1586,1705,11,10,1.56,1.25,48.2,8,5.0,1,3,0,20,20,1
6614,2020,Premier League,Home,1449,1503,10,6,1.36,1.22,44.3,6,5.0,1,0,0,21,46,1
6615,2018,Ligue 1,Home,1304,1575,2,7,0.48,1.61,40.7,6,4.0,0,0,0,17,31,0
6616,2024,Premier League,Away,1490,1559,7,10,1.11,1.36,45.6,5,5.0,0,4,0,15,20,0
6617,2025,La Liga,Home,1483,1557,2,9,1.87,1.37,50.1,4,4.0,1,1,0,17,61,1
6618,2023,Bundesliga,Home,1525,1359,4,4,1.54,1.41,62.1,6,8.0,2,0,0,15,4,1
6619,2023,Premier League,Away,1574,1499,7,11,1.28,1.15,44.4,5,6.0,2,1,0,17,45,0
6620,2020,La Liga,Away,1565,1819,11,8,1.51,1.08,48.8,4,5.0,0,3,0,13,41,1
6621,2020,Bundesliga,Home,1392,1722,5,7,1.41,1.46,46.6,3,7.0,4,2,0,12,84,0
6622,2025,La Liga,Home,1442,1522,6,5,1.67,1.14,,8,8.0,2,0,0,13,32,0
6623,2024,Premier League,Away,1630,1449,10,8,1.4,1.73,53.5,8,3.0,2,1,0,19,48,1
6624,2021,La Liga,Home,1424,1190,5,5,1.12,1.77,59.7,3,6.0,0,1,1,12,58,1
6625,2020,Premier League,Home,1445,1430,2,4,1.17,0.91,50.7,4,5.0,1,1,0,15,20,1
6626,2019,Ligue 1,Home,1289,1489,3,6,0.98,1.13,44.2,7,6.0,2,0,0,21,78,0
6627,2018,Serie A,Away,1496,1456,7,7,1.19,1.96,42.0,6,6.0,0,2,0,16,43,1
6628,2021,Serie A,Home,1548,1465,9,4,1.45,1.35,54.4,5,,2,2,0,13,25,0
6629,2022,Premier League,Away,1223,1587,4,11,0.94,1.05,47.9,5,6.0,1,1,0,21,29,0
6630,2023,Bundesliga,Home,1350,1360,7,10,1.17,1.26,42.8,10,4.0,3,0,0,20,35,1
6631,2024,Serie A,Home,1301,1538,8,7,1.6,1.28,39.6,3,7.0,2,3,0,18,49,1
6632,2020,Premier League,Home,1610,1485,12,8,1.23,1.59,50.8,7,4.0,1,2,0,16,1,1
6633,2019,Ligue 1,Away,1232,1376,5,6,1.14,1.38,45.0,5,5.0,3,0,1,12,16,0
6634,2024,Serie A,Home,1489,1734,4,14,1.05,0.95,40.3,3,7.0,3,1,0,12,67,0
6635,2024,Bundesliga,Away,1601,1605,5,14,1.69,0.69,56.2,7,4.0,3,1,1,20,63,0
6636,2022,La Liga,Away,1526,1390,5,5,1.66,1.22,63.4,10,6.0,0,1,0,13,78,1
6637,2018,Premier League,Home,1438,1572,4,8,1.06,1.11,47.7,7,3.0,1,1,0,19,46,1
6638,2021,Bundesliga,Home,1549,1305,8,7,1.23,1.61,52.8,6,3.0,2,0,1,17,7,1
6639,2022,Bundesliga,Away,1645,1407,14,7,1.68,1.54,56.7,7,8.0,1,1,0,21,86,0
6640,2024,La Liga,Home,1485,1686,8,7,1.26,1.54,39.4,4,3.0,2,1,0,19,66,0
6641,2022,Premier League,Home,1187,1549,4,3,1.36,1.01,39.9,4,4.0,1,1,0,21,84,0
6642,2021,Bundesliga,Away,1661,1538,12,6,1.23,1.35,55.8,8,7.0,0,1,0,16,69,0
6643,2021,Premier League,Home,1556,1638,6,10,1.68,1.27,51.2,6,6.0,1,0,0,16,50,0
6644,2021,La Liga,Home,1495,1586,10,7,1.9,1.02,50.5,5,4.0,0,3,0,21,40,1
6645,2018,Serie A,Home,1223,1463,7,4,1.14,1.61,41.6,6,4.0,2,1,0,18,54,0
6646,2018,Premier League,Home,1458,1631,7,7,1.14,1.66,46.3,5,4.0,0,2,0,12,66,0
6647,2024,Premier League,Away,1377,1264,11,9,1.02,1.57,51.0,8,5.0,3,1,0,20,7,1
6648,2020,Premier League,Home,1330,1407,8,3,1.12,1.31,,4,5.0,0,3,0,20,78,1
6649,2024,Ligue 1,Home,1481,1486,7,6,1.5,1.74,51.9,4,5.0,2,2,0,19,9,1
6650,2021,La Liga,Away,1425,1577,6,7,0.89,1.39,54.5,4,5.0,2,2,0,20,54,0
6651,2025,Serie A,Away,1434,1455,6,12,1.2,1.09,51.1,8,7.0,3,1,0,17,48,0
6652,2019,Ligue 1,Home,1604,1250,8,1,1.5,1.53,54.6,5,7.0,1,1,0,12,94,1
6653,2019,Serie A,Home,1536,1231,8,2,1.78,1.5,51.6,10,6.0,0,0,0,21,22,1
6654,2022,Serie A,Home,1431,1490,6,7,1.74,1.15,49.3,3,3.0,1,0,0,16,26,0
6655,2024,Serie A,Home,1413,1433,6,7,1.22,1.21,37.8,3,6.0,1,0,0,17,63,0
6656,2019,La Liga,Away,1436,1373,4,9,1.0,1.3,49.5,7,5.0,0,1,1,15,36,0
6657,2022,Serie A,Away,1465,1349,6,8,1.35,1.69,50.0,5,4.0,0,2,0,17,31,0
6658,2019,Ligue 1,Home,1582,1519,4,6,1.48,1.26,47.5,7,6.0,3,1,0,18,1,1
6659,2023,Bundesliga,Home,1354,1682,7,10,1.49,1.21,42.5,6,10.0,1,1,0,13,49,0
6660,2022,La Liga,Home,1704,1519,10,7,1.46,1.57,49.4,6,5.0,1,2,0,17,22,1
6661,2023,La Liga,Away,1582,1684,8,8,1.19,1.11,39.5,6,3.0,2,2,0,13,71,0
6662,2020,Ligue 1,Away,1150,1448,6,9,0.96,1.1,45.0,7,3.0,1,1,1,20,87,0
6663,2020,Premier League,Away,1512,1562,5,9,1.28,1.53,46.9,6,,0,0,0,18,5,1
6664,2023,Bundesliga,Home,1646,1689,7,14,1.42,1.08,50.6,5,6.0,1,4,0,21,85,1
6665,2020,Premier League,Home,1554,1478,4,8,1.19,1.82,52.7,6,4.0,1,0,0,13,64,1
6666,2023,Bundesliga,Away,1442,1504,9,10,0.97,1.6,51.1,4,7.0,2,2,0,17,49,0
6667,2019,Bundesliga,Away,1491,1448,9,0,1.49,1.53,52.1,4,8.0,1,0,0,15,76,0
6668,2020,La Liga,Home,1525,1583,11,9,1.44,1.33,51.4,4,10.0,0,2,0,19,33,0
6669,2018,Premier League,Home,1608,1626,13,10,1.27,1.52,58.0,7,6.0,0,2,0,18,67,0
6670,2018,Bundesliga,Home,1302,1549,4,9,1.34,1.37,45.5,6,3.0,2,1,0,19,53,1
6671,2020,La Liga,Home,1415,1468,5,11,0.8,0.84,51.4,3,7.0,0,0,0,16,35,0
6672,2021,La Liga,Away,1729,1290,6,6,1.5,1.51,61.5,7,8.0,0,3,0,21,65,1
6673,2019,Serie A,Home,1505,1493,5,4,1.41,1.5,40.8,4,4.0,2,1,0,20,71,0
6674,2018,La Liga,Home,1714,1473,9,8,1.86,1.12,55.3,3,6.0,4,0,0,12,38,0
6675,2025,Bundesliga,Away,1900,1533,7,10,1.65,1.97,65.9,3,5.0,0,0,0,20,2,1
6676,2022,Premier League,Away,1431,1516,4,6,1.56,1.3,50.3,6,6.0,0,1,0,13,35,0
6677,2023,La Liga,Home,1332,1720,5,9,1.0,1.29,37.9,4,7.0,0,2,0,18,55,0
6678,2023,Ligue 1,Away,1463,1403,9,8,1.51,1.73,53.3,6,5.0,0,0,0,17,6,1
6679,2018,Premier League,Away,1654,1279,7,5,1.94,1.7,53.8,8,3.0,0,1,0,13,26,1
6680,2022,La Liga,Home,1673,1340,10,8,1.29,1.47,61.8,5,5.0,0,3,1,21,33,1
6681,2024,Serie A,Away,1818,1411,15,7,1.74,1.53,57.7,8,4.0,0,2,0,21,20,1
6682,2021,Ligue 1,Away,1495,1651,3,4,1.48,1.17,46.9,4,5.0,0,0,0,12,9,1
6683,2024,Serie A,Away,1568,1318,11,5,1.11,1.49,51.1,6,10.0,1,1,0,15,20,0
6684,2025,Bundesliga,Away,1400,1337,7,4,1.35,1.21,52.6,8,3.0,0,0,0,18,8,1
6685,2022,Premier League,Home,1150,1558,7,10,0.82,1.23,30.0,6,5.0,0,0,0,20,32,1
6686,2018,La Liga,Away,1494,1619,10,10,1.13,0.94,44.7,7,,0,2,0,17,61,1
6687,2022,Ligue 1,Away,1338,1283,4,2,1.07,1.54,47.5,6,5.0,3,0,0,20,75,1
6688,2025,Ligue 1,Home,1590,1252,9,5,1.32,1.47,54.8,4,4.0,0,2,0,12,76,1
6689,2022,Serie A,Home,1237,1390,1,8,1.26,1.57,30.0,8,7.0,0,3,0,13,37,0
6690,2024,La Liga,Home,1396,1592,5,10,1.24,0.89,41.6,4,4.0,0,0,0,16,27,0
6691,2022,La Liga,Away,1537,1520,8,10,1.97,1.1,51.7,7,4.0,2,0,0,19,13,0
6692,2021,Premier League,Away,1552,1395,9,4,1.27,1.21,49.4,3,8.0,1,0,0,21,90,1
6693,2025,Ligue 1,Home,1493,1604,9,8,1.46,1.25,49.5,5,7.0,0,1,0,19,66,1
6694,2019,Bundesliga,Away,1761,1517,15,2,1.6,1.27,60.6,6,,0,0,0,12,39,0
6695,2021,La Liga,Away,1720,1485,9,10,1.27,1.64,57.3,6,4.0,1,1,0,20,90,1
6696,2019,La Liga,Away,1404,1274,9,5,1.64,1.56,55.1,7,8.0,0,2,0,17,1,1
6697,2023,La Liga,Home,1725,1392,11,6,1.63,1.45,59.6,3,4.0,3,1,0,13,24,1
6698,2025,Premier League,Away,1747,1774,7,10,1.43,0.84,52.0,5,5.0,1,0,0,18,68,0
6699,2025,Bundesliga,Away,1483,1453,7,8,1.43,1.32,47.3,6,8.0,1,0,1,13,89,1
6700,2019,Serie A,Away,1506,1366,8,9,1.61,1.14,,5,7.0,1,1,0,21,83,1
6701,2023,Premier League,Away,1493,1446,5,6,1.13,1.52,47.0,5,5.0,0,0,0,19,20,0
6702,2024,Serie A,Home,1410,1517,4,9,1.26,1.54,50.6,3,5.0,1,2,0,15,63,0
6703,2024,Ligue 1,Home,1424,1624,4,10,1.53,0.86,40.7,6,4.0,2,0,0,18,19,0
6704,2022,Premier League,Home,1685,1587,8,3,1.59,1.28,50.9,5,7.0,2,0,0,18,62,0
6705,2019,La Liga,Away,1561,1405,6,5,1.56,1.41,51.7,3,8.0,1,2,0,13,30,1
6706,2021,Serie A,Away,1422,1678,10,11,1.2,1.49,44.4,6,8.0,1,2,0,18,52,0
6707,2024,Premier League,Away,1370,1614,0,12,0.81,1.0,47.0,5,5.0,1,0,0,13,69,0
6708,2022,Serie A,Home,1394,1438,7,10,1.17,1.22,52.0,6,10.0,2,1,0,20,47,1
6709,2021,Serie A,Home,1477,1482,9,4,1.18,1.43,40.9,4,3.0,0,1,0,20,58,0
6710,2019,Premier League,Home,1628,1584,7,11,1.46,1.15,52.8,4,5.0,0,1,0,19,6,1
6711,2023,Premier League,Home,1380,1650,5,12,1.08,1.11,43.0,5,7.0,2,3,0,20,82,0
6712,2021,Bundesliga,Away,1626,1287,8,6,1.53,1.43,59.3,8,10.0,0,1,0,18,47,1
6713,2021,La Liga,Away,1528,1510,8,2,1.29,1.47,48.7,4,10.0,1,1,0,19,67,1
6714,2025,Serie A,Away,1520,1496,9,6,1.57,1.64,46.5,4,6.0,0,2,0,19,82,1
6715,2018,Serie A,Home,1644,1420,11,7,1.66,1.4,60.4,7,10.0,1,1,0,17,60,1
6716,2019,Bundesliga,Home,1618,1419,7,6,1.25,1.36,53.9,7,6.0,1,2,0,20,16,1
6717,2025,Bundesliga,Home,1303,1648,1,4,1.45,1.38,47.4,5,7.0,1,0,0,18,11,0
6718,2025,Bundesliga,Away,1348,1575,6,8,1.0,1.33,44.1,7,6.0,0,2,0,12,8,0
6719,2020,Serie A,Home,1468,1795,5,9,1.03,1.12,41.7,7,4.0,0,0,0,15,68,1
6720,2025,La Liga,Home,1550,1420,7,8,1.67,1.71,49.7,4,4.0,0,0,0,15,28,1
6721,2019,La Liga,Away,1691,1519,10,9,1.41,1.07,54.2,6,6.0,0,2,0,20,12,1
6722,2018,La Liga,Home,1509,1543,6,9,1.38,1.25,53.7,4,8.0,2,1,1,13,69,0
6723,2020,La Liga,Home,1739,1625,11,8,1.29,0.99,52.2,6,6.0,0,1,0,17,6,0
6724,2022,Premier League,Home,1401,1690,13,10,1.15,1.04,43.8,5,6.0,1,1,0,18,90,1
6725,2018,La Liga,Home,1425,1513,8,7,1.24,1.02,55.9,5,5.0,1,3,0,16,92,1
6726,2019,La Liga,Away,1457,1347,10,8,1.2,1.39,46.7,10,5.0,2,0,0,16,23,0
6727,2024,Premier League,Home,1386,1400,7,5,1.1,1.53,45.0,7,8.0,1,0,0,16,24,1
6728,2022,La Liga,Away,1662,1520,10,6,1.54,0.67,55.0,6,3.0,0,0,0,16,13,0
6729,2022,Bundesliga,Away,1150,1657,5,12,1.21,1.13,30.0,3,6.0,0,0,0,17,1,0
6730,2025,Serie A,Home,1430,1298,8,7,1.04,1.51,55.8,4,,0,4,0,19,89,1
6731,2019,Bundesliga,Home,1661,1336,12,7,0.9,1.43,54.1,6,6.0,1,3,0,21,78,1
6732,2025,Serie A,Away,1456,1606,7,13,1.61,0.84,44.0,8,5.0,1,2,0,19,85,0
6733,2020,Bundesliga,Away,1650,1319,6,11,1.35,1.75,62.5,3,3.0,1,2,0,17,21,0
6734,2025,Bundesliga,Away,1808,1342,7,9,1.55,1.73,55.4,10,3.0,2,0,0,18,53,1
6735,2024,Premier League,Away,1511,1659,9,7,1.23,1.49,36.3,5,7.0,2,1,0,21,2,0
6736,2019,Ligue 1,Home,1664,1469,7,9,1.2,1.24,44.3,5,3.0,1,0,0,21,61,0
6737,2019,Premier League,Away,1839,1458,13,7,1.62,1.43,60.9,6,,1,0,1,21,93,1
6738,2022,Serie A,Away,1556,1692,12,8,1.34,0.99,50.8,10,5.0,4,2,0,19,52,0
6739,2022,Bundesliga,Home,1493,1351,7,4,1.45,1.22,48.2,4,10.0,1,3,0,18,19,1
6740,2019,La Liga,Home,1626,1323,12,6,1.35,1.23,62.9,10,5.0,1,2,1,19,7,0
6741,2020,Serie A,Home,1666,1728,10,12,0.92,1.19,48.1,4,7.0,1,0,0,19,23,1
6742,2025,La Liga,Home,1495,1533,8,11,1.01,1.53,49.2,7,4.0,0,3,1,15,66,1
6743,2024,Premier League,Home,1432,1595,7,10,1.55,1.59,50.5,7,4.0,0,2,0,17,10,1
6744,2019,Premier League,Home,1740,1456,8,8,1.4,1.38,48.1,5,6.0,0,0,1,21,65,1
6745,2023,Premier League,Away,1462,1485,5,7,1.44,1.19,52.6,6,8.0,2,2,0,12,14,0
6746,2019,Premier League,Away,1667,1401,5,7,1.36,1.41,47.4,10,8.0,1,0,0,15,86,0
6747,2021,Serie A,Away,1537,1545,6,4,1.59,1.55,41.6,7,7.0,2,0,0,12,63,0
6748,2018,Serie A,Home,1756,1616,15,10,1.66,1.65,46.1,10,7.0,0,0,0,20,53,1
6749,2023,La Liga,Away,1381,1527,2,9,0.86,1.62,49.2,3,10.0,1,2,0,15,21,0
6750,2019,Bundesliga,Home,1381,1649,3,14,0.93,1.49,46.4,5,7.0,2,1,0,17,76,0
6751,2019,Premier League,Home,1620,1593,7,9,1.11,1.61,54.8,4,5.0,4,1,0,21,53,0
6752,2019,La Liga,Away,1342,1353,4,9,1.4,1.5,49.3,5,,0,2,0,16,85,0
6753,2019,Bundesliga,Home,1516,1480,8,6,1.05,1.44,48.7,10,6.0,0,2,0,21,30,1
6754,2018,Ligue 1,Home,1717,1437,9,11,1.5,1.67,59.2,6,8.0,0,1,0,13,5,1
6755,2022,La Liga,Away,1250,1605,4,13,1.05,1.38,40.1,7,3.0,1,0,0,21,25,0
6756,2024,Premier League,Away,1556,1565,6,11,1.47,1.51,50.5,3,8.0,2,4,0,16,20,0
6757,2020,Bundesliga,Home,1670,1518,8,8,1.42,1.18,53.1,6,8.0,0,3,0,13,86,1
6758,2024,Ligue 1,Away,1496,1642,7,9,0.95,1.57,45.7,10,4.0,3,1,0,16,35,0
6759,2022,La Liga,Away,1370,1239,6,3,0.91,1.46,63.1,5,3.0,3,3,0,19,6,1
6760,2020,Premier League,Home,1463,1416,12,4,1.05,1.7,55.4,5,6.0,0,0,0,20,53,1
6761,2018,Premier League,Away,1383,1427,6,8,0.56,1.39,51.0,4,3.0,0,0,0,12,79,0
6762,2024,Serie A,Away,1510,1535,7,7,1.47,1.19,47.1,7,7.0,1,0,0,19,48,1
6763,2018,Ligue 1,Home,1461,1577,1,9,1.43,0.78,47.1,3,5.0,1,2,0,15,86,0
6764,2021,Serie A,Away,1428,1500,7,8,1.0,1.3,52.8,6,4.0,1,0,0,13,70,0
6765,2018,La Liga,Home,1565,1316,3,3,1.75,1.2,56.8,3,4.0,1,3,0,20,44,1
6766,2024,Serie A,Home,1721,1557,12,11,1.57,1.07,51.8,5,7.0,2,3,0,20,29,1
6767,2025,Bundesliga,Away,1546,1518,8,8,1.61,1.46,42.0,6,8.0,3,0,0,19,40,0
6768,2020,La Liga,Away,1688,1294,12,7,1.75,1.16,57.7,5,3.0,1,1,0,20,71,0
6769,2020,Bundesliga,Away,1721,1459,9,4,1.56,1.69,59.6,3,4.0,1,2,0,13,39,0
6770,2022,La Liga,Home,1418,1552,7,6,0.75,1.93,40.0,6,7.0,3,4,0,13,84,1
6771,2022,La Liga,Home,1538,1731,10,9,1.44,1.02,52.2,4,8.0,2,2,0,12,70,0
6772,2021,Serie A,Away,1441,1348,4,6,1.42,1.79,53.2,5,,0,0,0,20,90,1
6773,2020,La Liga,Home,1292,1611,7,9,0.96,0.9,48.7,3,8.0,0,0,0,21,3,0
6774,2019,Ligue 1,Home,1550,1349,10,9,1.45,1.59,54.3,4,5.0,1,1,0,16,22,1
6775,2020,Serie A,Away,1353,1322,5,8,1.18,1.6,39.4,6,3.0,1,0,0,20,63,1
6776,2022,La Liga,Home,1568,1330,12,4,1.19,2.27,53.6,10,3.0,0,1,0,17,71,1
6777,2023,La Liga,Home,1282,1585,6,15,1.09,1.18,38.7,10,3.0,0,1,0,13,53,0
6778,2024,Serie A,Away,1524,1518,3,7,1.25,1.45,45.5,3,6.0,3,1,0,19,65,0
6779,2022,La Liga,Away,1280,1456,7,10,1.2,1.34,47.6,6,4.0,0,0,0,21,73,1
6780,2024,Bundesliga,Home,1594,1564,7,8,1.31,1.2,45.8,8,10.0,2,0,0,20,90,1
6781,2022,La Liga,Home,1445,1506,9,9,1.11,1.31,40.9,5,6.0,2,2,0,20,95,1
6782,2020,La Liga,Away,1431,1515,7,10,0.86,1.29,44.3,7,7.0,1,4,0,16,61,0
6783,2020,Serie A,Home,1658,1458,3,3,2.08,1.23,58.7,4,8.0,2,1,0,19,5,0
6784,2022,Premier League,Away,1455,1356,9,10,1.19,1.55,50.7,10,5.0,1,2,0,15,50,0
6785,2020,Serie A,Away,1516,1737,7,8,1.08,0.91,39.5,6,3.0,1,0,0,15,7,0
6786,2024,Serie A,Away,1472,1696,6,9,1.47,1.07,41.9,6,3.0,0,0,0,17,41,0
6787,2019,La Liga,Home,1571,1723,7,9,1.47,1.63,51.2,6,7.0,0,3,0,21,52,1
6788,2018,Bundesliga,Away,1646,1424,11,5,1.65,1.39,57.5,8,3.0,2,3,0,13,78,1
6789,2021,Bundesliga,Home,1617,1405,7,5,1.64,1.66,57.5,5,6.0,2,1,0,15,65,1
6790,2018,Bundesliga,Away,1435,1442,10,4,1.55,1.38,51.7,4,6.0,2,4,0,19,20,1
6791,2019,La Liga,Away,1669,1650,6,11,1.27,1.41,41.7,6,5.0,2,2,0,13,79,1
6792,2021,La Liga,Home,1372,1500,7,8,1.25,1.31,45.7,10,10.0,1,1,0,21,73,0
6793,2018,Bundesliga,Away,1396,1424,8,6,0.84,0.77,,10,3.0,2,0,0,15,47,0
6794,2019,Serie A,Home,1482,1551,9,11,1.25,1.3,36.8,3,6.0,1,1,0,12,67,0
6795,2022,Serie A,Home,1647,1397,10,11,1.68,1.19,46.0,3,4.0,1,1,0,12,82,0
6796,2020,Serie A,Home,1336,1310,5,1,0.95,1.45,44.7,7,3.0,0,0,0,16,81,1
6797,2025,Bundesliga,Away,1625,1518,8,12,2.05,1.51,48.4,6,6.0,2,0,0,16,76,1
6798,2018,Premier League,Home,1492,1428,4,7,1.35,1.87,51.2,6,5.0,1,1,0,15,16,1
6799,2023,Serie A,Home,1439,1498,5,4,0.83,1.0,41.5,6,3.0,3,0,0,15,42,1
6800,2022,Premier League,Away,1654,1150,7,4,1.7,1.61,64.6,3,6.0,0,1,0,20,42,1
6801,2023,La Liga,Away,1388,1375,3,6,1.78,1.47,60.9,5,10.0,1,3,0,19,53,0
6802,2023,Serie A,Away,1820,1494,15,10,1.14,1.37,54.7,5,3.0,2,2,0,19,76,0
6803,2018,Serie A,Home,1475,1288,3,5,1.5,1.55,47.1,6,4.0,3,2,0,12,39,1
6804,2024,La Liga,Away,1521,1292,11,6,1.13,1.68,53.0,6,6.0,2,2,0,18,34,0
6805,2020,Ligue 1,Away,1716,1505,7,6,1.57,1.24,57.4,7,7.0,2,1,0,18,43,0
6806,2023,Bundesliga,Home,1525,1598,5,6,1.05,1.21,48.4,6,6.0,0,1,0,20,34,1
6807,2020,Serie A,Home,1666,1375,7,8,1.75,1.56,60.4,6,5.0,0,0,0,15,16,1
6808,2021,Ligue 1,Home,1227,1463,1,6,0.97,1.21,42.2,3,4.0,0,4,0,13,46,0
6809,2023,La Liga,Home,1438,1467,9,8,1.57,1.23,50.4,6,4.0,0,2,0,18,49,0
6810,2025,Bundesliga,Away,1556,1281,10,9,1.15,1.53,69.2,6,8.0,2,2,0,12,73,1
6811,2025,Premier League,Away,1651,1666,9,9,1.46,1.05,47.1,5,3.0,4,0,0,20,61,0
6812,2023,La Liga,Away,1608,1474,15,9,0.89,1.13,52.8,6,6.0,0,0,0,15,45,1
6813,2022,La Liga,Away,1595,1476,9,7,2.1,1.1,54.7,3,6.0,2,2,0,13,73,0
6814,2022,Premier League,Away,1649,1552,9,7,1.99,1.29,64.4,7,7.0,2,1,0,19,9,0
6815,2025,Serie A,Home,1567,1282,7,1,1.97,1.89,60.9,8,,0,1,0,16,75,1
6816,2019,Premier League,Home,1200,1629,2,9,1.4,1.33,39.3,3,6.0,2,0,0,16,40,0
6817,2025,Serie A,Home,1702,1647,9,9,1.42,0.98,48.5,5,6.0,4,2,1,15,74,0
6818,2023,Premier League,Away,1383,1520,8,5,1.21,1.72,52.8,8,7.0,0,2,0,18,49,0
6819,2022,Premier League,Home,1544,1565,10,3,1.47,1.17,48.5,3,10.0,1,2,0,17,16,1
6820,2022,Ligue 1,Home,1525,1454,11,3,1.47,1.79,58.9,4,6.0,0,2,0,15,41,1
6821,2024,Serie A,Away,1507,1621,6,14,1.08,1.22,45.3,7,6.0,2,0,0,13,9,1
6822,2023,Ligue 1,Away,1345,1385,7,6,0.89,1.52,45.5,5,4.0,2,0,0,12,68,0
6823,2018,Serie A,Home,1229,1495,5,4,0.72,1.26,35.5,5,5.0,1,1,0,19,20,0
6824,2024,Premier League,Away,1360,1504,7,6,1.09,1.27,48.4,5,7.0,1,1,0,13,1,1
6825,2023,Serie A,Away,1616,1495,7,7,1.4,1.7,43.4,10,,2,1,0,13,7,1
6826,2025,Serie A,Away,1297,1650,2,10,1.01,1.17,46.9,3,4.0,0,1,0,21,41,0
6827,2025,Premier League,Away,1377,1806,7,11,1.28,1.31,31.5,5,3.0,3,1,0,13,45,0
6828,2025,Ligue 1,Home,1559,1485,10,13,1.07,1.38,42.2,5,7.0,1,1,0,18,53,0
6829,2018,Serie A,Home,1356,1566,4,14,0.98,1.26,44.0,10,4.0,1,2,0,19,89,0
6830,2023,Bundesliga,Home,1424,1388,8,7,1.08,1.61,55.1,4,6.0,1,3,0,19,75,1
6831,2025,Serie A,Home,1511,1644,11,8,1.57,1.19,45.5,8,4.0,2,0,0,18,79,1
6832,2025,Serie A,Away,1540,1428,7,8,1.44,1.22,56.1,5,8.0,0,1,0,18,41,1
6833,2022,Premier League,Away,1353,1900,2,9,1.27,0.8,37.4,5,7.0,0,1,1,12,93,0
6834,2025,Ligue 1,Away,1520,1266,4,7,1.14,1.71,59.2,6,6.0,1,1,0,12,94,1
6835,2025,La Liga,Home,1556,1801,6,12,1.42,0.53,51.2,5,3.0,2,0,0,15,62,1
6836,2018,Premier League,Away,1322,1639,4,6,0.96,1.32,38.0,4,6.0,0,0,0,13,64,0
6837,2025,Premier League,Home,1530,1343,8,4,1.2,1.13,54.9,7,3.0,0,0,0,19,36,1
6838,2023,Serie A,Away,1400,1825,6,13,1.33,1.1,30.0,4,3.0,0,1,0,21,44,0
6839,2022,Ligue 1,Away,1517,1370,7,2,1.21,1.8,60.0,8,6.0,2,0,0,20,7,1
6840,2019,Ligue 1,Away,1601,1456,10,5,1.43,1.17,51.4,10,4.0,1,1,0,18,37,1
6841,2025,Bundesliga,Away,1475,1318,5,4,1.26,1.64,53.7,6,3.0,3,0,0,15,21,0
6842,2020,Ligue 1,Away,1628,1479,12,10,1.2,1.65,51.6,4,5.0,0,1,1,21,49,1
6843,2021,Bundesliga,Home,1611,1493,11,12,1.33,1.21,49.0,4,10.0,0,0,0,18,18,1
6844,2020,La Liga,Home,1627,1616,11,10,1.35,1.08,53.5,8,7.0,0,2,0,19,76,1
6845,2025,Serie A,Away,1556,1841,6,3,1.32,1.14,45.2,4,6.0,2,1,0,21,46,0
6846,2021,Premier League,Home,1654,1428,9,4,1.07,1.73,52.3,5,4.0,2,0,0,21,94,0
6847,2018,Premier League,Away,1554,1150,10,12,1.23,2.24,68.2,7,4.0,2,0,1,21,70,1
6848,2018,La Liga,Home,1267,1591,4,9,1.32,1.08,45.6,3,7.0,1,0,0,16,10,0
6849,2025,Premier League,Home,1389,1423,4,0,1.34,1.58,56.7,5,3.0,1,1,0,21,4,1
6850,2019,Ligue 1,Home,1470,1755,5,15,1.22,1.0,,6,6.0,0,3,0,15,34,0
6851,2024,Ligue 1,Home,1488,1495,6,4,1.04,1.07,46.2,6,8.0,1,1,0,20,19,0
6852,2018,La Liga,Home,1550,1394,5,8,1.43,1.39,58.2,5,5.0,0,1,1,16,55,1
6853,2025,Bundesliga,Home,1387,1358,14,3,1.47,1.42,44.1,5,8.0,1,3,0,16,47,1
6854,2023,La Liga,Home,1781,1587,6,14,2.04,1.29,52.3,3,7.0,0,2,0,17,49,0
6855,2019,Premier League,Home,1486,1461,5,3,1.2,1.49,45.0,6,7.0,3,0,0,20,19,0
6856,2025,La Liga,Away,1499,1705,9,8,1.08,1.22,46.3,3,5.0,1,1,0,16,29,0
6857,2020,Premier League,Home,1406,1471,5,10,1.37,1.68,46.2,6,4.0,2,0,0,13,29,0
6858,2025,La Liga,Away,1360,1698,5,8,1.29,1.64,36.0,4,4.0,1,1,0,16,27,0
6859,2022,Premier League,Away,1482,1307,8,6,1.33,1.53,62.6,3,4.0,1,1,0,17,73,0
6860,2021,Premier League,Away,1504,1257,10,7,1.2,1.45,58.9,5,7.0,2,0,0,18,50,0
6861,2018,Premier League,Home,1488,1616,7,9,1.01,1.2,49.5,5,6.0,0,1,0,13,73,1
6862,2020,Ligue 1,Home,1732,1435,13,4,1.77,1.35,57.9,5,6.0,0,2,0,15,78,1
6863,2018,Premier League,Home,1482,1463,3,5,1.55,1.24,54.3,4,5.0,3,1,0,18,33,0
6864,2024,La Liga,Away,1488,1358,6,5,1.25,1.1,55.6,10,4.0,0,2,0,18,73,1
6865,2018,Serie A,Away,1614,1348,10,7,1.9,1.15,47.1,3,7.0,3,4,0,16,4,0
6866,2018,La Liga,Away,1476,1589,12,11,1.38,1.44,56.5,4,4.0,0,0,0,16,39,0
6867,2018,Serie A,Away,1576,1497,6,8,1.39,1.54,60.5,7,3.0,1,3,0,21,30,1
6868,2025,Premier League,Home,1321,1352,2,8,0.86,1.56,46.7,8,5.0,2,1,0,17,31,0
6869,2025,Serie A,Away,1322,1611,6,5,0.73,1.19,34.2,3,7.0,2,3,0,12,17,1
6870,2023,Serie A,Home,1517,1664,8,10,1.24,1.08,,3,3.0,2,3,0,19,32,1
6871,2018,Bundesliga,Home,1468,1485,5,7,1.41,1.02,44.1,6,4.0,1,2,0,17,29,1
6872,2022,Serie A,Home,1387,1640,3,10,1.81,1.06,45.0,5,6.0,3,1,0,20,57,0
6873,2025,La Liga,Home,1517,1360,6,8,1.39,1.29,51.7,4,,1,1,0,13,9,1
6874,2018,La Liga,Home,1529,1581,9,6,1.53,0.92,45.5,4,3.0,0,1,0,20,25,0
6875,2024,Premier League,Away,1401,1523,5,7,1.03,1.38,49.9,8,7.0,3,2,0,19,49,0
6876,2018,Serie A,Home,1427,1389,10,10,1.32,1.27,50.2,4,4.0,2,1,0,20,21,0
6877,2024,Premier League,Home,1530,1787,8,12,1.4,1.1,48.2,6,4.0,1,3,0,13,60,1
6878,2022,La Liga,Home,1357,1533,7,8,0.96,0.95,45.2,7,5.0,1,0,0,19,13,0
6879,2025,Serie A,Home,1415,1417,7,3,1.59,1.57,58.3,3,8.0,2,2,0,21,64,0
6880,2021,Premier League,Away,1575,1503,7,9,1.4,1.45,62.9,7,,2,2,0,18,55,1
6881,2024,Premier League,Away,1497,1378,10,2,1.62,1.33,54.0,6,3.0,1,1,0,15,3,1
6882,2024,Serie A,Home,1433,1338,4,5,1.28,1.84,,6,5.0,0,3,1,15,61,0
6883,2020,La Liga,Away,1374,1437,5,5,1.13,1.39,48.0,3,5.0,2,0,0,21,83,0
6884,2023,Bundesliga,Home,1358,1447,5,8,1.0,1.43,53.0,8,3.0,2,1,0,20,71,0
6885,2021,Ligue 1,Home,1482,1387,8,5,1.24,1.06,56.6,8,4.0,0,0,0,18,4,1
6886,2021,Ligue 1,Away,1784,1675,13,9,2.03,1.0,43.1,5,6.0,0,0,0,13,12,1
6887,2024,La Liga,Away,1579,1393,6,4,1.21,1.28,57.3,5,10.0,2,2,0,20,47,0
6888,2019,La Liga,Home,1313,1369,3,5,1.31,1.66,46.6,6,8.0,3,1,0,16,4,1
6889,2018,Serie A,Home,1599,1334,9,6,1.38,1.74,57.9,8,7.0,0,1,0,13,55,1
6890,2021,Serie A,Home,1394,1321,2,4,1.38,1.37,51.7,8,4.0,1,1,0,21,63,1
6891,2024,Serie A,Away,1499,1644,10,8,1.4,1.26,44.3,4,6.0,0,2,0,15,15,1
6892,2019,La Liga,Home,1418,1536,6,8,0.93,1.53,38.6,6,4.0,2,1,0,12,80,0
6893,2020,Premier League,Home,1783,1597,8,11,1.7,1.18,46.6,5,5.0,2,2,0,15,95,0
6894,2023,Premier League,Home,1341,1643,2,11,1.72,0.86,40.9,4,7.0,0,1,0,17,48,0
6895,2021,Premier League,Away,1544,1453,9,4,1.48,1.57,51.5,3,4.0,2,3,0,17,73,0
6896,2022,Premier League,Away,1404,1706,7,12,1.48,1.27,42.0,4,8.0,1,2,0,13,40,1
6897,2022,Ligue 1,Away,1603,1412,7,10,1.54,1.5,56.0,5,7.0,1,0,0,20,14,1
6898,2024,Premier League,Away,1541,1347,8,7,1.59,1.73,50.6,6,6.0,3,0,0,15,12,0
6899,2025,Serie A,Away,1676,1552,7,2,1.36,1.56,46.0,6,8.0,3,0,0,20,48,0
6900,2021,Ligue 1,Away,1601,1520,8,8,1.43,1.49,56.9,10,4.0,1,2,0,15,19,0
6901,2021,La Liga,Away,1403,1520,10,11,1.46,1.04,,6,8.0,2,1,1,18,74,0
6902,2020,Serie A,Home,1900,1642,15,8,1.7,0.84,52.8,4,5.0,0,2,0,20,75,0
6903,2021,Bundesliga,Away,1578,1515,8,15,1.7,1.42,55.8,6,,0,2,0,17,59,1
6904,2024,La Liga,Home,1423,1544,8,2,1.01,1.33,41.9,4,7.0,1,2,0,12,27,0
6905,2022,La Liga,Home,1529,1690,9,10,1.4,1.21,47.0,4,8.0,1,1,0,21,27,0
6906,2023,Bundesliga,Home,1588,1537,4,10,1.38,1.74,52.4,8,,1,2,0,19,75,0
6907,2021,Bundesliga,Home,1583,1569,6,9,2.1,1.52,47.1,4,5.0,0,3,0,20,45,1
6908,2023,Bundesliga,Home,1569,1302,2,6,1.33,1.48,59.1,5,8.0,1,2,0,17,38,0
6909,2023,Ligue 1,Away,1635,1900,10,10,1.6,0.81,36.8,8,7.0,0,0,0,15,14,0
6910,2022,La Liga,Home,1622,1277,14,3,0.99,1.71,58.4,6,5.0,1,0,1,15,89,1
6911,2025,Bundesliga,Home,1381,1424,9,8,0.93,1.53,48.7,5,5.0,1,1,0,19,9,0
6912,2025,Serie A,Away,1795,1420,11,1,1.75,1.37,53.8,5,6.0,1,1,0,18,49,1
6913,2019,Serie A,Away,1776,1795,11,13,1.59,0.4,52.6,4,8.0,0,2,0,16,19,0
6914,2019,Bundesliga,Away,1612,1416,8,6,1.41,1.19,60.5,8,7.0,2,0,1,13,21,1
6915,2025,Bundesliga,Home,1505,1562,10,10,1.27,1.51,48.2,7,3.0,1,2,0,20,87,0
6916,2021,Ligue 1,Away,1508,1421,8,9,1.31,1.1,52.5,8,6.0,0,2,0,20,7,0
6917,2020,La Liga,Away,1455,1354,7,15,0.87,1.63,51.1,7,5.0,0,2,0,12,63,0
6918,2024,Serie A,Home,1473,1580,4,12,1.3,1.39,46.8,5,4.0,1,1,0,19,62,1
6919,2022,La Liga,Away,1194,1399,5,3,0.96,1.19,42.2,4,3.0,3,2,1,15,22,0
6920,2019,Serie A,Away,1714,1529,10,13,1.85,1.55,54.6,8,5.0,1,2,0,15,41,1
6921,2018,Bundesliga,Away,1665,1588,11,2,1.74,1.25,50.6,4,4.0,4,0,0,20,39,0
6922,2024,Bundesliga,Home,1265,1767,7,10,0.4,1.07,45.5,5,4.0,2,1,0,13,66,0
6923,2024,La Liga,Home,1625,1323,5,6,1.3,1.22,56.3,6,6.0,4,0,1,13,9,0
6924,2020,Serie A,Home,1499,1479,7,6,1.8,1.69,45.6,7,5.0,3,4,0,21,57,1
6925,2024,La Liga,Home,1472,1484,6,8,1.55,1.07,40.9,7,4.0,2,0,0,15,22,0
6926,2019,Premier League,Away,1569,1500,7,7,1.55,1.05,56.6,5,8.0,0,0,0,20,41,1
6927,2024,La Liga,Away,1256,1860,2,15,0.96,1.06,,4,6.0,0,2,0,18,60,0
6928,2018,Ligue 1,Home,1498,1476,6,6,1.53,1.13,44.5,5,3.0,2,0,0,17,38,0
6929,2023,La Liga,Home,1511,1150,5,3,0.98,2.18,61.9,8,4.0,0,0,0,16,30,1
6930,2024,Ligue 1,Home,1511,1472,10,12,1.22,1.13,,4,10.0,1,1,0,19,8,1
6931,2022,Premier League,Away,1309,1483,6,10,1.23,1.56,45.6,6,5.0,0,0,0,16,56,0
6932,2024,Bundesliga,Home,1563,1466,9,7,1.57,1.79,46.7,4,7.0,1,0,0,19,7,0
6933,2020,Serie A,Away,1648,1399,4,8,1.57,1.62,58.6,7,10.0,2,0,0,16,15,0
6934,2020,Bundesliga,Away,1557,1315,13,10,1.51,1.33,62.5,6,5.0,2,1,0,15,31,1
6935,2020,Serie A,Home,1468,1802,6,8,1.36,1.16,48.5,7,3.0,1,4,0,16,63,0
6936,2018,Bundesliga,Away,1876,1545,15,5,1.68,1.65,60.7,4,6.0,2,0,0,17,94,1
6937,2020,Ligue 1,Home,1371,1473,8,6,1.54,1.0,51.7,6,3.0,1,0,0,15,1,0
6938,2019,Serie A,Away,1608,1798,8,12,1.93,1.36,36.0,4,5.0,0,2,0,13,57,0
6939,2024,Premier League,Away,1534,1378,13,9,1.37,1.58,56.8,5,4.0,0,2,0,21,30,1
6940,2019,La Liga,Home,1782,1584,12,7,1.37,1.75,57.9,7,8.0,0,0,0,20,76,0
6941,2019,Bundesliga,Home,1554,1325,8,3,1.35,1.61,54.0,6,3.0,0,1,0,20,45,1
6942,2023,Serie A,Home,1584,1605,7,5,1.46,1.29,49.8,8,8.0,2,3,0,15,52,1
6943,2022,Serie A,Away,1571,1341,11,3,0.88,1.66,53.0,7,5.0,0,0,0,17,5,0
6944,2019,Serie A,Home,1352,1566,4,7,1.52,0.98,36.8,6,5.0,1,2,0,19,28,1
6945,2023,La Liga,Away,1378,1773,5,5,1.06,0.9,43.1,5,3.0,0,3,0,20,76,0
6946,2019,Bundesliga,Home,1461,1513,5,6,1.1,1.36,58.0,7,7.0,2,3,0,17,51,0
6947,2024,Bundesliga,Away,1634,1193,7,1,1.41,1.5,56.6,7,7.0,0,0,0,20,39,1
6948,2018,Bundesliga,Away,1533,1505,6,7,1.27,1.19,51.0,6,6.0,1,2,0,16,6,0
6949,2022,Bundesliga,Away,1471,1567,12,13,1.33,1.8,40.9,4,4.0,2,0,0,20,37,0
6950,2022,Ligue 1,Home,1692,1626,12,5,1.76,1.69,52.7,5,5.0,0,2,0,12,3,1
6951,2020,Serie A,Home,1222,1706,5,13,1.36,0.53,34.6,5,,0,1,0,12,38,0
6952,2023,Ligue 1,Away,1319,1713,4,14,1.35,1.17,39.4,8,3.0,4,1,0,13,57,1
6953,2021,Premier League,Home,1150,1482,2,10,0.73,1.07,46.6,7,7.0,0,0,0,12,40,0
6954,2023,Serie A,Away,1669,1408,9,7,1.51,1.72,57.9,7,7.0,2,2,0,19,25,1
6955,2019,Bundesliga,Away,1486,1343,12,9,1.36,1.55,52.9,4,8.0,2,0,0,12,72,1
6956,2022,La Liga,Home,1635,1424,10,8,1.58,1.78,50.6,4,6.0,0,2,0,21,87,1
6957,2024,La Liga,Away,1485,1567,9,11,1.46,1.07,,10,5.0,3,2,0,13,88,0
6958,2025,Serie A,Home,1643,1311,10,6,1.53,1.28,52.7,4,3.0,0,0,0,21,14,1
6959,2020,La Liga,Home,1482,1370,5,3,1.31,1.41,59.4,6,8.0,1,1,0,17,54,0
6960,2021,Ligue 1,Home,1557,1579,8,11,1.64,1.13,50.0,7,6.0,0,2,0,15,45,1
6961,2021,La Liga,Home,1537,1409,5,13,1.36,1.41,48.0,6,,1,2,0,13,57,1
6962,2024,Premier League,Home,1547,1552,11,7,1.64,1.6,42.3,3,8.0,1,3,0,12,84,0
6963,2025,Serie A,Away,1736,1386,8,6,1.81,1.57,57.1,5,7.0,0,3,0,18,2,1
6964,2023,La Liga,Away,1273,1540,3,8,1.46,1.24,41.5,8,3.0,2,3,0,15,31,0
6965,2024,Premier League,Away,1490,1392,9,2,1.39,1.46,54.7,6,6.0,0,2,0,16,14,0
6966,2018,Serie A,Away,1528,1234,6,2,1.74,1.19,52.2,10,7.0,0,0,0,17,16,1
6967,2024,Serie A,Home,1507,1634,7,10,1.28,0.74,50.8,4,4.0,2,0,0,15,57,0
6968,2024,Premier League,Away,1444,1403,0,6,1.37,1.74,38.4,3,4.0,0,2,0,21,83,1
6969,2023,Serie A,Away,1425,1465,6,7,1.46,1.19,49.4,6,8.0,4,0,0,19,13,1
6970,2022,Serie A,Home,1714,1403,12,6,1.33,1.8,54.2,4,7.0,3,0,0,15,4,1
6971,2025,Bundesliga,Home,1490,1576,6,8,1.24,1.2,,6,8.0,0,2,0,18,58,1
6972,2023,La Liga,Away,1841,1547,13,6,1.56,1.34,63.4,5,5.0,1,1,1,17,90,1
6973,2024,Premier League,Away,1574,1576,8,10,1.42,1.49,54.5,4,8.0,1,1,0,17,8,0
6974,2019,Ligue 1,Away,1459,1423,10,7,1.17,1.66,52.6,3,6.0,0,2,0,21,32,1
6975,2023,Serie A,Home,1577,1493,7,5,1.46,1.23,58.7,6,6.0,3,3,1,21,43,1
6976,2021,Premier League,Away,1515,1558,7,9,1.35,1.32,55.8,3,4.0,0,1,0,12,7,0
6977,2024,Bundesliga,Home,1688,1716,6,8,1.49,1.15,57.0,7,3.0,0,1,0,20,11,1
6978,2025,Premier League,Home,1337,1543,5,10,1.21,1.41,41.8,4,6.0,4,2,0,12,45,0
6979,2024,Bundesliga,Away,1248,1360,3,6,0.9,1.52,50.9,4,,0,1,0,13,41,0
6980,2019,Bundesliga,Home,1551,1538,11,9,1.19,1.13,54.2,7,5.0,1,0,0,15,30,1
6981,2021,Ligue 1,Away,1617,1477,7,8,1.18,1.41,53.5,8,8.0,1,0,0,19,45,1
6982,2018,Ligue 1,Away,1540,1220,7,4,0.95,1.24,63.2,4,3.0,0,1,0,19,14,1
6983,2025,La Liga,Home,1594,1242,7,5,1.28,1.58,,10,4.0,3,2,0,16,40,1
6984,2020,Bundesliga,Away,1574,1491,8,10,1.57,1.39,44.6,5,4.0,1,1,0,15,17,1
6985,2022,La Liga,Home,1293,1502,10,8,1.07,1.1,51.1,3,5.0,1,0,0,12,82,0
6986,2021,Serie A,Home,1539,1459,0,7,1.4,1.32,48.9,5,6.0,2,2,0,19,54,1
6987,2025,Serie A,Away,1684,1624,10,8,1.45,1.11,42.7,6,7.0,3,1,0,13,41,0
6988,2024,Premier League,Home,1524,1369,11,1,1.86,1.34,69.8,4,6.0,2,0,0,19,65,1
6989,2024,Premier League,Home,1317,1306,4,5,1.19,1.71,44.9,7,4.0,0,1,0,21,18,1
6990,2023,Premier League,Away,1453,1384,8,3,1.16,1.57,54.9,3,3.0,2,2,0,12,94,0
6991,2018,Premier League,Home,1578,1415,11,5,1.17,1.67,48.8,8,6.0,1,1,0,19,45,0
6992,2025,Premier League,Away,1751,1492,10,5,2.05,1.88,54.4,5,7.0,3,0,0,19,81,0
6993,2018,Ligue 1,Away,1226,1388,3,4,0.7,1.73,42.5,10,3.0,4,3,0,12,67,0
6994,2021,Serie A,Home,1551,1200,11,2,1.21,1.24,53.8,5,3.0,3,2,0,13,72,1
6995,2021,Bundesliga,Home,1369,1150,7,5,1.01,1.5,59.8,3,8.0,1,0,0,15,50,1
6996,2021,Bundesliga,Home,1571,1517,8,9,1.42,1.67,62.7,5,6.0,2,2,0,21,14,1
6997,2025,Bundesliga,Home,1582,1342,10,6,1.53,1.39,56.0,5,5.0,1,1,0,20,66,0
6998,2019,La Liga,Away,1467,1219,10,7,1.33,1.49,47.3,5,3.0,2,0,0,18,6,1
6999,2022,Ligue 1,Away,1588,1587,8,15,1.36,1.36,44.8,7,4.0,0,1,0,20,49,0
7000,2019,Bundesliga,Home,1660,1716,10,11,1.18,1.08,44.4,6,7.0,1,0,0,20,53,0
7001,2025,Bundesliga,Away,1477,1487,9,10,1.79,1.79,50.3,8,6.0,3,4,0,20,60,1
7002,2023,Ligue 1,Home,1313,1538,4,9,1.21,1.28,42.3,6,6.0,3,2,1,12,52,0
7003,2021,Serie A,Away,1700,1539,13,10,1.71,1.92,64.6,6,7.0,3,3,0,16,14,1
7004,2018,Serie A,Away,1616,1176,6,0,1.31,1.5,60.5,4,7.0,0,1,0,12,76,1
7005,2019,Ligue 1,Away,1579,1624,8,2,1.36,1.07,52.9,6,4.0,2,3,0,19,37,0
7006,2019,La Liga,Away,1403,1674,8,4,1.54,0.98,42.4,7,8.0,1,0,0,18,74,0
7007,2021,Bundesliga,Away,1638,1757,6,9,0.95,0.92,46.8,3,6.0,0,1,0,13,16,0
7008,2025,Premier League,Home,1786,1439,13,10,1.86,1.59,56.9,3,4.0,0,0,0,15,67,0
7009,2018,Premier League,Home,1483,1341,8,6,1.27,1.16,53.5,4,6.0,0,3,0,15,74,1
7010,2022,Serie A,Home,1513,1690,11,9,1.47,0.93,43.1,6,5.0,1,0,1,20,17,0
7011,2020,Premier League,Away,1351,1570,7,10,1.6,1.42,,6,7.0,2,1,0,12,9,1
7012,2018,Ligue 1,Away,1399,1622,6,10,1.12,0.7,41.6,5,8.0,2,1,0,12,16,0
7013,2022,Premier League,Home,1350,1409,6,3,0.51,1.06,59.9,4,4.0,0,0,0,19,6,0
7014,2023,Bundesliga,Home,1518,1538,8,9,1.1,1.3,51.5,4,7.0,1,1,0,17,53,1
7015,2025,Premier League,Home,1452,1353,12,8,1.3,1.58,55.4,5,,1,1,0,21,60,1
7016,2022,Ligue 1,Away,1552,1499,8,13,1.82,1.27,50.5,5,8.0,1,0,0,19,13,0
7017,2020,La Liga,Away,1375,1451,6,7,1.12,1.5,40.7,6,3.0,2,2,0,20,80,0
7018,2024,Premier League,Home,1477,1828,7,15,1.71,0.84,34.5,8,7.0,3,0,0,19,74,0
7019,2019,Premier League,Away,1367,1577,6,7,0.62,1.66,43.9,6,10.0,0,0,0,16,11,0
7020,2023,Serie A,Away,1526,1199,5,10,1.25,1.85,57.1,6,6.0,0,0,0,18,94,1
7021,2025,Ligue 1,Away,1271,1500,4,6,1.36,1.15,46.2,5,5.0,3,2,0,19,27,0
7022,2018,Ligue 1,Away,1521,1552,5,10,1.61,1.26,50.2,5,6.0,1,1,0,18,8,0
7023,2025,La Liga,Home,1461,1434,5,7,0.82,0.92,48.3,6,3.0,2,4,0,17,68,1
7024,2019,Serie A,Away,1525,1346,10,10,1.17,1.72,67.7,6,6.0,1,4,0,13,8,1
7025,2021,Premier League,Home,1269,1592,5,12,1.06,0.95,43.7,4,5.0,0,0,0,15,13,1
7026,2020,Serie A,Home,1592,1365,7,3,1.29,1.34,53.5,7,3.0,1,0,0,21,89,1
7027,2019,Serie A,Away,1458,1581,7,8,1.6,1.2,45.0,7,8.0,0,1,0,20,39,0
7028,2023,Premier League,Home,1530,1354,7,11,1.39,1.14,58.0,10,5.0,0,0,0,17,83,0
7029,2021,Serie A,Away,1238,1425,4,7,0.7,1.21,44.2,8,8.0,1,1,0,13,34,0
7030,2022,Ligue 1,Home,1326,1634,1,11,1.27,1.32,47.1,3,4.0,1,0,1,12,12,0
7031,2021,Premier League,Home,1445,1568,4,6,1.42,1.16,46.5,5,5.0,1,1,0,17,3,0
7032,2023,Premier League,Away,1693,1504,6,7,1.27,1.56,52.8,3,10.0,1,0,0,13,12,1
7033,2025,Premier League,Home,1574,1496,6,6,1.21,1.54,44.8,7,6.0,1,4,0,13,10,1
7034,2022,Premier League,Home,1518,1513,6,10,1.19,1.13,55.3,8,5.0,2,0,0,16,14,0
7035,2019,Premier League,Home,1371,1389,3,8,1.55,1.34,44.1,5,7.0,1,0,0,19,50,0
7036,2020,Serie A,Away,1345,1288,8,8,1.16,1.43,55.2,4,3.0,2,0,0,19,14,0
7037,2021,Premier League,Home,1539,1580,13,6,0.84,1.18,,5,7.0,2,1,0,17,57,1
7038,2018,Bundesliga,Home,1598,1714,11,11,1.16,1.53,51.4,4,4.0,3,0,0,12,32,1
7039,2019,Ligue 1,Home,1529,1585,6,9,1.56,1.32,55.0,3,3.0,0,1,0,15,63,1
7040,2019,Ligue 1,Away,1739,1536,11,2,1.51,0.9,51.3,4,10.0,2,1,0,13,86,1
7041,2025,Serie A,Away,1404,1331,6,7,0.94,1.34,47.6,3,4.0,0,2,0,19,51,0
7042,2021,Premier League,Home,1525,1623,6,12,1.28,1.12,58.6,8,8.0,1,2,0,15,30,1
7043,2025,Premier League,Home,1263,1567,8,12,1.33,1.4,44.7,3,6.0,1,3,0,16,37,0
7044,2022,Premier League,Away,1530,1606,13,9,1.93,1.71,51.7,4,4.0,0,3,0,13,19,1
7045,2022,Ligue 1,Away,1706,1645,6,11,1.56,1.42,44.8,4,6.0,1,0,0,21,65,0
7046,2025,Ligue 1,Away,1354,1722,9,12,1.31,1.12,35.7,5,4.0,0,0,0,21,24,0
7047,2023,La Liga,Away,1618,1344,7,4,1.45,1.28,57.9,4,3.0,0,2,0,19,55,1
7048,2019,La Liga,Home,1702,1320,9,3,1.63,1.87,57.7,4,5.0,1,0,0,21,66,1
7049,2020,Serie A,Home,1403,1521,7,8,1.01,1.26,42.0,8,5.0,2,2,0,20,88,1
7050,2023,La Liga,Away,1565,1371,12,5,1.78,1.11,56.2,6,6.0,3,4,0,16,53,1
7051,2018,Ligue 1,Home,1721,1347,11,6,1.48,1.58,50.8,4,5.0,2,1,0,21,46,0
7052,2019,Premier League,Away,1532,1671,9,8,1.11,0.89,48.0,5,4.0,2,3,0,20,70,0
7053,2018,La Liga,Away,1610,1359,11,6,1.28,1.64,51.8,5,5.0,2,1,0,21,15,1
7054,2023,La Liga,Home,1252,1498,7,5,1.24,1.25,47.4,5,5.0,0,1,0,15,39,1
7055,2021,Premier League,Away,1584,1272,10,9,1.27,1.48,58.3,4,7.0,1,2,0,17,8,0
7056,2018,La Liga,Away,1572,1509,11,3,1.81,0.66,54.2,5,3.0,1,2,0,12,21,1
7057,2023,Bundesliga,Away,1314,1666,4,9,1.31,1.47,47.9,8,3.0,1,0,0,19,53,0
7058,2023,Premier League,Home,1365,1670,1,9,1.42,0.9,39.0,7,6.0,2,0,0,13,58,0
7059,2023,Serie A,Home,1585,1646,13,9,1.34,1.04,43.6,3,6.0,1,2,0,21,19,0
7060,2019,La Liga,Home,1458,1489,4,5,1.15,1.41,55.2,7,4.0,0,1,0,15,61,1
7061,2024,Premier League,Home,1656,1656,8,5,1.53,1.17,58.5,5,4.0,0,1,0,18,95,0
7062,2019,Premier League,Home,1544,1560,7,9,1.1,1.87,56.0,7,8.0,2,1,1,15,86,0
7063,2022,La Liga,Away,1508,1439,6,6,1.48,0.97,40.1,5,4.0,3,3,0,16,39,0
7064,2022,Premier League,Away,1476,1553,5,9,1.55,1.21,51.1,7,6.0,4,1,0,13,18,0
7065,2019,La Liga,Home,1541,1624,9,5,1.22,1.43,43.3,6,7.0,2,1,0,15,8,1
7066,2021,Bundesliga,Home,1612,1314,10,10,1.65,1.41,61.9,6,6.0,2,3,0,15,49,0
7067,2018,Bundesliga,Away,1575,1352,10,6,1.5,1.48,54.3,8,5.0,0,0,0,13,70,1
7068,2021,Ligue 1,Home,1441,1480,8,0,1.56,2.01,47.3,7,7.0,2,2,0,21,39,1
7069,2023,La Liga,Away,1674,1329,9,6,1.95,1.52,56.7,5,5.0,1,0,0,20,23,0
7070,2020,Bundesliga,Away,1592,1327,8,4,1.65,1.86,53.6,6,3.0,2,0,0,15,69,0
7071,2022,Serie A,Away,1554,1441,11,4,1.4,1.57,46.4,5,3.0,0,1,0,13,37,0
7072,2025,Premier League,Home,1513,1639,6,12,1.67,1.41,44.9,6,,1,2,0,18,63,1
7073,2019,La Liga,Away,1570,1636,7,12,1.44,1.18,,4,7.0,0,1,0,12,53,0
7074,2020,Serie A,Home,1244,1545,7,9,1.0,0.9,50.0,6,8.0,1,0,1,20,53,0
7075,2018,Bundesliga,Away,1534,1525,8,8,1.23,1.6,52.8,7,4.0,3,1,1,20,46,0
7076,2022,La Liga,Away,1730,1792,9,12,1.63,1.23,47.0,6,4.0,1,1,0,15,52,0
7077,2019,Premier League,Home,1531,1424,7,2,1.64,1.55,50.9,6,6.0,1,1,0,16,23,1
7078,2024,Ligue 1,Away,1512,1534,11,8,1.11,1.28,34.5,4,8.0,0,1,0,20,65,1
7079,2020,Premier League,Home,1417,1418,8,10,0.95,1.26,48.0,7,8.0,3,1,0,20,47,0
7080,2023,Ligue 1,Home,1569,1320,9,8,1.12,1.84,56.9,5,5.0,0,3,0,20,55,1
7081,2019,Bundesliga,Away,1473,1666,4,7,1.58,1.28,42.1,5,8.0,0,1,0,13,75,1
7082,2020,Bundesliga,Away,1683,1457,10,7,1.65,0.93,53.0,3,5.0,3,2,0,16,11,0
7083,2019,Bundesliga,Home,1379,1597,5,6,1.59,1.25,32.1,3,4.0,2,0,0,16,84,1
7084,2022,Premier League,Home,1437,1466,4,8,1.15,1.3,42.3,4,4.0,0,1,0,21,38,0
7085,2018,Serie A,Home,1416,1675,5,8,0.95,0.54,38.0,5,6.0,1,0,0,13,53,1
7086,2018,Bundesliga,Away,1757,1360,12,4,2.02,1.29,56.3,3,3.0,2,1,0,17,47,1
7087,2022,Bundesliga,Home,1473,1663,10,10,1.14,1.85,30.0,6,6.0,4,0,0,12,21,0
7088,2022,La Liga,Away,1423,1625,4,7,1.43,0.65,44.0,4,3.0,2,3,0,17,10,0
7089,2020,Premier League,Away,1207,1249,2,2,0.69,1.29,48.5,6,4.0,1,0,0,18,93,0
7090,2021,La Liga,Home,1372,1428,8,8,1.25,0.81,50.7,6,8.0,2,0,0,21,51,1
7091,2021,La Liga,Away,1574,1643,7,5,1.39,0.83,46.1,4,8.0,2,0,0,19,31,0
7092,2024,Serie A,Home,1573,1729,10,9,1.07,0.68,50.2,5,6.0,0,0,0,12,12,0
7093,2021,Bundesliga,Home,1409,1600,5,5,1.72,0.96,54.1,5,3.0,3,0,0,19,23,0
7094,2024,Bundesliga,Away,1417,1444,8,3,1.04,1.83,42.3,4,8.0,1,3,0,20,17,0
7095,2019,Serie A,Home,1760,1364,7,9,1.4,1.7,53.7,5,4.0,0,0,0,16,36,1
7096,2019,La Liga,Home,1877,1579,13,7,1.6,1.21,59.1,6,3.0,3,1,0,12,95,1
7097,2021,La Liga,Away,1661,1440,4,5,0.98,1.82,58.5,6,5.0,2,1,0,16,64,1
7098,2018,La Liga,Away,1718,1446,13,9,1.51,1.28,50.7,8,4.0,2,0,0,12,32,0
7099,2023,Premier League,Home,1748,1469,10,11,1.46,1.14,65.4,7,7.0,1,4,0,20,57,1
7100,2021,Premier League,Away,1810,1623,12,10,1.94,1.13,50.0,6,5.0,1,3,0,18,83,1
7101,2020,La Liga,Away,1458,1753,8,13,1.38,0.73,41.4,4,6.0,4,0,0,19,88,0
7102,2022,Premier League,Home,1377,1644,2,8,0.9,0.75,46.7,5,10.0,2,3,0,12,79,0
7103,2018,Serie A,Home,1757,1501,14,8,1.47,1.51,63.6,10,5.0,3,4,0,17,62,1
7104,2021,Premier League,Away,1365,1374,7,6,1.74,1.55,44.8,8,5.0,3,1,0,18,69,0
7105,2025,La Liga,Home,1356,1593,8,9,0.96,0.94,47.8,7,,1,0,0,16,78,0
7106,2023,Premier League,Home,1359,1733,4,13,1.4,1.26,40.1,3,6.0,4,0,0,13,42,1
7107,2022,Serie A,Away,1482,1640,8,5,1.16,1.35,38.7,3,,2,1,0,17,29,0
7108,2022,Serie A,Away,1222,1529,1,6,0.79,1.17,39.3,10,,0,1,0,12,79,0
7109,2021,La Liga,Home,1299,1432,5,5,0.99,1.17,40.7,7,3.0,1,3,0,21,29,1
7110,2025,Premier League,Away,1413,1548,4,6,1.62,1.5,50.0,5,8.0,1,2,0,17,79,0
7111,2025,Ligue 1,Away,1333,1662,15,10,0.8,1.32,34.7,5,4.0,1,1,0,12,8,1
7112,2021,Serie A,Away,1649,1533,11,8,1.68,1.76,,4,3.0,1,2,0,20,18,1
7113,2025,Serie A,Home,1501,1486,11,7,1.66,1.47,50.3,6,,2,2,0,15,37,1
7114,2018,Serie A,Home,1581,1404,8,5,1.3,0.99,56.1,6,4.0,1,1,0,12,26,1
7115,2020,Bundesliga,Away,1565,1863,9,15,1.67,0.64,42.5,4,10.0,3,1,0,18,56,1
7116,2020,Ligue 1,Home,1471,1375,10,7,1.53,1.41,48.0,5,6.0,1,1,0,13,43,1
7117,2023,La Liga,Home,1638,1362,6,5,1.3,1.68,58.8,5,10.0,1,0,0,15,74,1
7118,2022,Bundesliga,Away,1563,1523,7,8,1.18,1.41,51.6,8,7.0,2,0,0,16,85,0
7119,2021,Premier League,Home,1455,1472,9,9,1.26,1.22,,7,5.0,0,1,1,16,1,0
7120,2020,Serie A,Away,1264,1643,4,10,1.12,0.8,53.3,8,6.0,1,3,0,15,23,0
7121,2022,La Liga,Home,1573,1648,6,7,1.34,1.58,42.2,5,5.0,2,2,1,17,58,1
7122,2020,Premier League,Home,1323,1330,4,10,1.3,1.86,52.3,4,4.0,3,0,0,17,41,0
7123,2021,Ligue 1,Home,1553,1394,5,7,1.21,1.09,56.9,7,6.0,0,0,0,17,86,0
7124,2020,Ligue 1,Away,1511,1377,3,3,1.13,1.63,51.9,5,8.0,3,3,0,12,34,1
7125,2025,La Liga,Away,1310,1610,1,4,1.14,1.31,43.7,6,3.0,1,0,1,16,53,0
7126,2023,Ligue 1,Home,1536,1560,8,10,1.45,1.47,51.6,7,8.0,0,1,0,21,62,1
7127,2019,La Liga,Home,1527,1448,10,10,1.71,1.78,51.6,6,4.0,0,0,0,21,44,1
7128,2025,La Liga,Home,1527,1530,14,9,1.49,1.68,47.1,7,3.0,1,1,0,13,56,1
7129,2023,Bundesliga,Away,1521,1342,8,7,1.55,1.62,54.1,4,10.0,1,0,0,12,57,0
7130,2020,La Liga,Home,1409,1396,3,8,1.16,1.38,47.3,3,3.0,0,4,0,20,65,0
7131,2022,La Liga,Away,1583,1318,8,5,1.36,1.44,63.5,5,10.0,0,0,0,19,20,1
7132,2019,Serie A,Away,1404,1520,8,3,1.09,1.28,51.5,6,6.0,1,0,0,21,20,0
7133,2018,Premier League,Away,1350,1520,8,6,1.23,2.01,46.1,7,8.0,3,2,0,19,33,0
7134,2021,La Liga,Away,1594,1362,11,8,1.49,1.49,52.1,7,6.0,3,1,1,15,54,0
7135,2024,La Liga,Away,1631,1559,11,10,1.52,1.49,50.2,6,3.0,1,2,0,21,76,1
7136,2020,Serie A,Away,1585,1648,9,9,1.39,1.32,45.5,7,7.0,3,0,0,18,20,0
7137,2021,Premier League,Home,1471,1356,9,4,1.31,1.23,52.4,6,7.0,0,1,0,17,56,1
7138,2025,Premier League,Away,1228,1454,1,7,1.47,1.51,36.3,4,4.0,2,0,1,20,44,1
7139,2025,Bundesliga,Away,1707,1572,5,7,1.65,1.12,50.6,7,3.0,1,0,1,21,69,1
7140,2021,Premier League,Away,1226,1499,10,7,1.19,1.11,37.7,6,5.0,0,0,0,21,88,0
7141,2018,La Liga,Home,1582,1308,8,6,1.56,1.67,53.3,6,3.0,0,0,0,18,64,1
7142,2023,Bundesliga,Home,1795,1438,12,5,1.63,1.09,68.0,7,3.0,0,1,0,18,50,1
7143,2023,Bundesliga,Home,1521,1434,0,9,1.51,1.63,50.5,3,7.0,0,4,0,20,53,1
7144,2025,Premier League,Away,1541,1476,12,7,1.4,1.51,52.6,4,7.0,1,3,0,17,37,1
7145,2025,Bundesliga,Home,1553,1482,11,9,1.1,1.68,50.6,6,5.0,2,1,0,17,40,1
7146,2023,Bundesliga,Away,1528,1719,4,10,1.24,1.27,48.3,4,5.0,1,1,0,18,65,0
7147,2018,La Liga,Away,1829,1471,11,11,2.21,1.14,57.0,4,5.0,1,3,0,17,70,0
7148,2019,Bundesliga,Away,1382,1259,7,6,1.51,1.85,50.3,10,4.0,0,1,0,18,46,0
7149,2023,Bundesliga,Home,1364,1513,3,9,1.13,1.63,42.8,8,6.0,1,2,0,15,90,0
7150,2022,Serie A,Away,1454,1745,8,11,1.47,1.35,39.0,5,5.0,4,1,0,21,71,0
7151,2021,Serie A,Home,1744,1477,13,13,1.67,1.55,64.2,3,4.0,3,0,0,16,52,1
7152,2021,Bundesliga,Home,1419,1439,7,7,1.7,1.04,51.4,7,3.0,1,0,0,15,74,1
7153,2023,Ligue 1,Home,1560,1457,4,7,1.38,1.6,49.5,7,6.0,1,3,0,16,34,1
7154,2021,Serie A,Away,1650,1582,7,9,1.57,0.96,55.9,5,10.0,1,1,0,21,71,0
7155,2019,Bundesliga,Home,1609,1457,8,2,1.27,1.23,59.5,7,8.0,1,0,0,18,65,1
7156,2025,Bundesliga,Home,1643,1288,9,5,1.47,1.33,55.3,3,4.0,1,0,0,16,47,1
7157,2020,Bundesliga,Home,1699,1406,9,9,0.88,1.04,55.9,5,5.0,0,1,0,13,62,1
7158,2020,Ligue 1,Home,1543,1491,7,9,1.46,1.4,51.3,3,5.0,0,0,0,16,27,1
7159,2018,Premier League,Away,1436,1575,2,12,1.53,1.27,42.7,8,5.0,2,1,1,21,95,0
7160,2021,Premier League,Away,1521,1418,10,9,1.8,1.76,50.1,5,4.0,1,1,0,20,69,0
7161,2025,Serie A,Away,1453,1459,9,8,1.42,1.69,47.4,4,7.0,0,1,0,12,30,0
7162,2019,La Liga,Home,1853,1506,13,10,1.65,1.39,57.9,4,5.0,1,3,0,16,3,1
7163,2019,Serie A,Away,1425,1391,8,7,1.06,1.65,66.1,3,7.0,2,1,0,13,15,0
7164,2019,Bundesliga,Away,1568,1487,8,7,1.31,1.34,,3,3.0,0,3,0,18,81,0
7165,2018,Ligue 1,Home,1290,1565,3,8,0.72,1.26,35.8,5,8.0,4,4,0,18,36,0
7166,2022,La Liga,Away,1519,1334,5,0,1.31,1.53,59.5,4,7.0,0,0,0,12,83,0
7167,2020,Bundesliga,Home,1460,1543,11,12,1.0,1.27,48.8,7,5.0,1,0,1,16,48,0
7168,2024,Premier League,Home,1595,1347,9,5,1.31,1.54,54.7,6,7.0,0,3,0,17,38,1
7169,2021,Serie A,Away,1598,1350,4,3,1.41,1.65,60.5,8,6.0,2,0,0,17,31,1
7170,2023,Premier League,Home,1698,1407,10,5,1.65,1.13,51.2,7,4.0,0,0,0,15,33,1
7171,2018,Serie A,Home,1687,1691,4,14,1.14,1.08,51.5,7,5.0,2,0,0,19,38,0
7172,2020,Serie A,Away,1491,1260,8,5,1.25,1.76,54.8,4,6.0,0,1,0,19,17,0
7173,2021,Bundesliga,Home,1368,1435,6,7,1.38,1.27,48.5,5,6.0,1,1,0,12,48,0
7174,2018,Serie A,Away,1384,1496,5,13,1.57,1.22,47.5,8,4.0,2,0,0,12,81,0
7175,2021,La Liga,Away,1542,1663,6,12,1.38,1.46,58.9,7,8.0,4,1,0,17,55,0
7176,2021,Premier League,Away,1522,1773,9,10,1.92,0.92,41.2,6,8.0,0,0,0,17,4,0
7177,2021,Premier League,Home,1536,1441,8,2,1.56,1.51,48.2,6,6.0,2,2,0,13,22,1
7178,2022,Ligue 1,Home,1425,1576,2,10,1.28,1.32,48.9,5,6.0,0,0,0,19,40,0
7179,2024,Ligue 1,Home,1701,1487,13,6,1.88,1.58,60.5,7,7.0,0,0,0,18,41,1
7180,2024,La Liga,Home,1294,1486,3,9,1.0,1.35,38.4,8,4.0,2,2,0,16,51,0
7181,2018,Premier League,Away,1417,1538,3,8,1.0,1.12,48.9,6,4.0,0,1,0,15,60,1
7182,2023,La Liga,Away,1349,1278,9,6,1.42,1.39,45.9,10,3.0,2,2,0,18,40,1
7183,2025,Bundesliga,Away,1471,1493,10,10,1.45,1.77,42.7,7,3.0,3,0,0,12,56,0
7184,2024,La Liga,Home,1675,1563,9,4,1.8,1.16,51.7,7,4.0,1,1,1,19,81,1
7185,2020,Premier League,Away,1460,1380,4,6,1.56,1.31,48.7,6,4.0,1,0,0,18,79,0
7186,2024,La Liga,Home,1514,1564,5,8,1.87,1.18,42.3,5,5.0,0,4,0,13,15,1
7187,2024,La Liga,Home,1593,1258,7,5,1.09,1.5,54.1,5,4.0,0,2,0,19,10,1
7188,2020,La Liga,Away,1453,1513,10,9,1.21,1.24,45.9,5,7.0,1,4,0,12,29,1
7189,2024,Premier League,Away,1554,1688,12,10,1.34,1.32,49.8,6,10.0,1,1,1,20,29,0
7190,2023,Serie A,Home,1535,1469,8,5,1.68,1.4,46.7,6,4.0,2,2,0,18,73,1
7191,2024,Serie A,Away,1342,1363,7,3,1.27,1.33,49.8,4,4.0,0,0,0,20,44,1
7192,2023,La Liga,Home,1435,1300,6,1,1.57,1.71,44.2,5,4.0,0,0,0,16,20,1
7193,2024,Serie A,Home,1550,1555,6,8,1.48,1.37,48.8,5,3.0,0,1,0,18,44,1
7194,2025,Serie A,Away,1680,1630,6,10,1.54,1.56,54.9,6,6.0,3,2,0,18,28,0
7195,2024,Bundesliga,Away,1679,1492,10,7,1.72,1.44,52.3,3,7.0,0,1,0,19,45,0
7196,2021,Ligue 1,Home,1793,1435,13,9,1.74,1.38,61.6,7,5.0,0,3,0,20,83,1
7197,2022,Premier League,Home,1568,1230,7,4,1.52,1.54,48.9,10,7.0,0,1,0,20,61,1
7198,2023,Ligue 1,Home,1442,1517,10,7,1.45,1.37,42.5,4,8.0,1,0,0,18,18,0
7199,2024,Bundesliga,Home,1491,1404,6,3,1.45,1.53,55.0,8,3.0,0,0,0,19,38,0
7200,2021,Bundesliga,Home,1484,1412,8,5,1.58,1.43,55.0,4,6.0,0,0,1,19,2,1
7201,2020,La Liga,Away,1443,1726,6,13,1.3,1.04,52.3,3,4.0,1,1,0,16,95,0
7202,2023,La Liga,Away,1554,1248,11,8,1.45,1.73,61.2,7,6.0,0,0,0,16,16,1
7203,2025,Premier League,Away,1560,1267,10,4,1.17,1.67,63.1,8,3.0,1,1,0,16,60,1
7204,2025,Ligue 1,Home,1336,1532,5,10,1.42,1.33,40.3,7,3.0,2,1,0,21,57,1
7205,2019,Serie A,Away,1652,1446,10,11,1.95,1.57,55.1,3,3.0,2,1,0,16,56,0
7206,2025,La Liga,Home,1243,1427,1,4,0.62,1.4,38.5,3,7.0,0,1,0,15,7,0
7207,2024,Serie A,Home,1469,1538,1,9,1.48,1.32,53.7,8,5.0,0,2,0,17,18,0
7208,2019,Premier League,Home,1661,1536,8,8,1.49,1.48,51.7,4,8.0,3,1,0,20,85,0
7209,2018,Premier League,Home,1585,1364,8,9,1.4,1.67,58.0,4,4.0,2,4,0,21,63,1
7210,2019,Serie A,Away,1450,1417,8,4,1.45,1.59,39.3,7,4.0,1,1,0,20,31,1
7211,2025,Serie A,Home,1776,1507,10,8,1.65,1.15,44.1,4,4.0,2,0,0,19,49,1
7212,2024,Bundesliga,Home,1438,1523,6,7,1.38,1.42,56.7,5,8.0,0,2,0,17,54,0
7213,2022,Serie A,Home,1220,1568,0,9,0.95,1.3,58.6,8,7.0,0,0,0,15,7,0
7214,2023,Serie A,Home,1563,1418,10,10,1.8,1.52,55.4,6,3.0,1,1,0,12,56,1
7215,2021,Bundesliga,Home,1251,1549,5,12,1.02,1.76,50.3,5,7.0,1,0,0,12,45,0
7216,2025,Premier League,Away,1384,1633,8,12,1.03,1.18,40.1,6,7.0,1,2,0,15,55,0
7217,2019,Bundesliga,Home,1587,1507,9,5,1.53,1.35,44.1,5,3.0,2,1,0,16,64,0
7218,2020,Bundesliga,Away,1435,1486,10,6,1.07,1.22,57.0,8,3.0,1,0,0,20,85,0
7219,2019,La Liga,Away,1581,1467,7,10,1.5,1.33,52.2,6,6.0,0,2,0,17,83,0
7220,2024,Premier League,Home,1338,1414,5,8,1.58,1.26,47.0,7,4.0,1,0,1,17,82,1
7221,2022,Premier League,Home,1620,1369,10,5,1.47,1.2,64.6,10,3.0,4,1,0,13,81,1
7222,2023,Premier League,Home,1263,1458,6,5,0.75,0.9,43.4,5,7.0,1,0,0,17,60,0
7223,2025,Serie A,Away,1685,1563,11,0,1.45,1.12,47.2,3,7.0,0,2,0,19,25,1
7224,2019,Premier League,Home,1433,1376,8,2,1.48,1.3,44.5,8,3.0,2,2,0,19,8,0
7225,2025,Serie A,Home,1714,1489,11,7,1.61,1.35,55.6,4,4.0,1,2,0,15,16,1
7226,2019,Premier League,Away,1382,1473,6,6,1.4,1.24,52.1,4,4.0,0,0,0,15,9,1
7227,2024,Premier League,Home,1769,1749,13,12,1.49,1.38,49.1,5,6.0,0,1,0,20,65,1
7228,2023,La Liga,Home,1366,1601,2,10,1.1,1.32,43.6,10,4.0,3,0,0,20,71,1
7229,2024,Premier League,Home,1249,1599,3,15,1.23,1.45,37.4,6,4.0,3,4,0,13,89,0
7230,2019,Ligue 1,Away,1506,1629,12,7,1.76,1.48,44.3,7,5.0,2,1,0,19,58,0
7231,2025,La Liga,Home,1673,1424,8,2,1.44,1.77,64.1,4,4.0,0,3,0,12,41,1
7232,2024,Premier League,Home,1611,1693,9,7,1.48,1.42,47.3,5,6.0,2,1,0,12,88,1
7233,2018,Premier League,Home,1663,1522,13,12,1.8,1.11,49.6,4,3.0,1,0,0,21,74,1
7234,2022,La Liga,Away,1613,1494,9,7,1.51,1.57,61.2,3,6.0,0,3,0,18,9,0
7235,2024,Serie A,Away,1385,1330,4,8,1.38,1.58,50.0,6,4.0,2,1,0,13,44,0
7236,2021,Bundesliga,Away,1607,1444,12,5,1.28,1.74,53.2,3,3.0,2,0,0,17,67,1
7237,2021,La Liga,Home,1513,1253,7,3,1.37,1.58,55.2,8,5.0,3,1,0,21,67,1
7238,2020,Serie A,Home,1401,1465,6,3,1.09,1.67,40.2,6,7.0,3,4,0,17,43,1
7239,2022,Serie A,Home,1525,1419,3,6,0.96,1.45,50.5,6,,2,0,0,19,75,1
7240,2025,Bundesliga,Home,1492,1444,7,7,1.12,1.44,52.2,5,4.0,2,0,0,13,17,0
7241,2022,Serie A,Home,1698,1306,12,7,1.68,1.69,57.6,5,6.0,0,0,0,19,66,1
7242,2023,La Liga,Away,1428,1599,6,10,1.41,1.18,50.6,5,6.0,0,1,0,20,41,0
7243,2024,Bundesliga,Home,1421,1583,3,14,1.46,1.41,40.9,6,6.0,0,2,0,12,84,0
7244,2024,Bundesliga,Away,1402,1737,5,10,1.37,0.76,43.0,6,6.0,0,0,0,18,6,0
7245,2021,La Liga,Away,1766,1733,9,11,1.59,1.26,48.2,5,6.0,0,2,0,12,73,1
7246,2024,Ligue 1,Home,1410,1522,6,8,0.79,1.01,51.8,10,4.0,0,0,0,19,10,1
7247,2020,Ligue 1,Home,1682,1643,8,7,1.26,1.36,58.6,5,6.0,4,1,0,16,72,0
7248,2022,Premier League,Home,1356,1537,10,9,1.47,0.54,,7,4.0,2,2,1,20,63,0
7249,2020,Bundesliga,Away,1571,1440,9,6,1.22,0.95,53.6,5,5.0,0,3,0,16,56,1
7250,2025,Serie A,Away,1537,1461,3,11,1.37,1.4,51.7,3,4.0,0,4,0,20,47,0
7251,2023,Serie A,Away,1673,1589,10,7,1.56,1.29,51.5,8,6.0,2,0,0,13,30,1
7252,2022,Serie A,Home,1652,1900,9,11,1.17,0.93,38.3,7,7.0,0,4,0,20,62,1
7253,2021,Bundesliga,Home,1511,1663,11,6,1.45,1.38,50.6,4,8.0,3,2,0,18,60,0
7254,2022,Serie A,Away,1425,1534,6,9,1.65,1.55,36.6,5,8.0,4,1,1,13,63,1
7255,2024,Serie A,Home,1727,1568,10,5,1.6,1.92,51.9,8,4.0,2,1,0,18,27,0
7256,2020,Premier League,Home,1411,1566,11,8,1.18,1.3,54.1,7,5.0,0,1,0,12,90,0
7257,2024,La Liga,Away,1183,1487,1,4,0.71,1.62,34.2,6,3.0,2,3,1,21,73,0
7258,2020,Ligue 1,Away,1240,1606,6,6,1.0,1.05,43.2,7,5.0,0,1,0,12,3,0
7259,2019,Bundesliga,Home,1274,1478,5,5,1.24,1.23,48.6,5,,1,2,0,15,77,1
7260,2023,Premier League,Away,1583,1358,7,8,1.44,1.27,52.7,7,7.0,0,2,0,15,29,1
7261,2023,Ligue 1,Away,1810,1567,10,8,1.58,1.26,50.8,8,4.0,1,0,0,17,82,0
7262,2020,Bundesliga,Home,1214,1586,8,8,1.29,1.33,32.2,3,5.0,0,1,1,15,60,0
7263,2023,Serie A,Away,1390,1480,7,9,1.16,1.63,45.3,8,8.0,2,2,0,21,73,0
7264,2023,Premier League,Away,1512,1543,9,6,1.26,1.4,45.2,10,6.0,1,4,0,19,70,1
7265,2024,Serie A,Home,1716,1635,12,4,1.62,1.56,44.7,5,6.0,1,0,0,21,4,1
7266,2025,Premier League,Home,1390,1493,7,5,1.56,1.69,52.3,8,5.0,2,4,0,13,8,1
7267,2024,La Liga,Home,1583,1437,6,6,1.4,1.42,49.2,3,6.0,0,3,0,18,15,0
7268,2021,Serie A,Away,1465,1401,3,6,1.09,1.41,53.8,6,5.0,0,2,0,20,33,1
7269,2019,Ligue 1,Home,1865,1464,15,9,1.89,1.0,55.6,5,3.0,1,1,0,19,26,1
7270,2018,La Liga,Away,1520,1715,8,10,1.29,1.02,47.7,5,6.0,1,3,0,21,53,0
7271,2022,Ligue 1,Away,1550,1472,8,10,1.54,1.17,52.9,8,,0,0,0,18,12,1
7272,2023,Ligue 1,Home,1512,1550,12,9,0.85,1.11,54.1,6,10.0,1,0,0,15,49,1
7273,2023,Premier League,Away,1442,1455,4,3,1.3,1.28,41.6,8,3.0,2,0,0,17,17,0
7274,2018,Premier League,Home,1633,1443,3,0,1.43,1.53,50.8,4,4.0,3,1,0,13,88,1
7275,2023,Bundesliga,Away,1338,1377,1,3,0.93,1.53,53.5,7,7.0,0,1,0,17,12,1
7276,2024,Bundesliga,Away,1220,1514,3,8,0.74,1.58,39.3,4,,1,0,0,16,93,0
7277,2023,La Liga,Home,1479,1428,8,8,1.26,1.51,49.2,4,8.0,0,0,0,13,43,1
7278,2022,Serie A,Home,1614,1678,12,9,1.21,1.04,51.0,8,5.0,1,0,0,12,53,0
7279,2018,Serie A,Home,1419,1485,9,8,0.52,1.55,46.7,6,6.0,0,2,0,17,78,0
7280,2021,Bundesliga,Away,1526,1494,1,11,1.08,1.01,51.2,4,8.0,0,1,0,21,19,1
7281,2023,Bundesliga,Home,1329,1475,13,7,0.86,1.62,45.6,6,6.0,1,1,0,20,54,0
7282,2022,Premier League,Home,1649,1552,8,9,1.52,1.11,50.6,6,4.0,0,0,0,12,47,1
7283,2022,Premier League,Home,1591,1709,12,14,1.15,0.59,40.1,8,7.0,1,0,0,18,29,0
7284,2022,Premier League,Away,1503,1354,9,1,1.35,1.62,51.3,4,4.0,1,0,0,21,85,0
7285,2022,Ligue 1,Away,1524,1539,8,12,1.14,1.24,52.2,4,3.0,1,0,0,17,81,0
7286,2020,Ligue 1,Home,1305,1280,5,0,1.33,1.84,48.9,7,5.0,0,1,0,13,48,1
7287,2022,Bundesliga,Away,1311,1671,2,7,1.24,1.44,43.4,5,5.0,3,0,0,12,70,0
7288,2020,Premier League,Away,1483,1485,4,6,1.26,1.12,48.2,7,6.0,0,4,0,16,34,1
7289,2021,Serie A,Home,1572,1291,8,1,1.47,1.92,59.3,4,7.0,1,1,0,17,52,0
7290,2021,Premier League,Home,1579,1321,5,5,1.58,1.04,53.3,6,6.0,1,3,0,13,26,1
7291,2023,La Liga,Home,1449,1614,11,9,1.31,1.36,39.9,4,7.0,2,0,0,16,60,1
7292,2025,La Liga,Home,1604,1267,9,7,1.5,1.92,62.7,5,10.0,0,0,0,12,9,1
7293,2023,Bundesliga,Away,1699,1539,15,10,1.04,1.06,48.4,8,3.0,0,1,0,18,92,0
7294,2019,Premier League,Home,1488,1440,6,7,1.21,1.93,47.6,4,8.0,2,2,0,18,47,1
7295,2023,Serie A,Away,1543,1473,6,10,1.2,1.41,51.7,4,6.0,2,2,0,13,59,1
7296,2020,Ligue 1,Away,1471,1406,9,8,1.58,1.53,42.5,7,5.0,0,0,0,13,66,0
7297,2018,Bundesliga,Away,1482,1367,7,5,1.23,1.76,49.9,4,4.0,2,1,0,17,72,0
7298,2019,Premier League,Away,1524,1432,10,7,1.21,1.52,48.9,6,10.0,1,1,0,19,1,1
7299,2025,Ligue 1,Home,1738,1580,14,7,1.76,0.95,52.5,6,6.0,2,0,0,16,39,1
7300,2021,Serie A,Away,1628,1459,12,4,1.11,0.58,52.9,8,6.0,0,0,0,18,4,1
7301,2019,La Liga,Home,1616,1559,12,9,1.46,1.05,48.9,3,4.0,1,1,0,18,73,1
7302,2019,Serie A,Home,1436,1466,9,3,0.79,1.16,48.3,8,7.0,1,1,0,18,35,1
7303,2023,Ligue 1,Home,1374,1586,5,8,1.03,1.04,51.9,6,5.0,3,0,0,13,23,0
7304,2024,La Liga,Away,1555,1558,11,2,1.29,1.14,61.5,8,3.0,3,1,0,19,25,0
7305,2020,Serie A,Home,1674,1424,11,7,1.91,0.71,58.7,5,3.0,1,0,0,18,21,1
7306,2018,La Liga,Home,1741,1366,9,4,1.58,1.17,57.6,4,10.0,1,1,0,13,95,1
7307,2020,Premier League,Away,1157,1634,2,11,0.75,1.37,33.4,8,3.0,1,2,0,15,41,0
7308,2023,Bundesliga,Away,1842,1386,11,6,1.69,1.71,57.6,5,8.0,0,0,0,21,37,1
7309,2018,Premier League,Away,1558,1570,11,8,1.77,1.1,48.4,6,4.0,1,3,1,16,64,1
7310,2020,La Liga,Home,1627,1504,9,8,0.98,1.52,58.6,5,6.0,2,0,0,19,49,0
7311,2018,La Liga,Away,1256,1435,5,5,1.27,0.76,40.3,3,4.0,3,4,0,16,92,1
7312,2021,La Liga,Home,1467,1560,7,7,1.41,1.36,49.3,4,6.0,2,4,0,17,87,0
7313,2019,La Liga,Away,1615,1692,8,8,1.45,1.47,45.3,10,3.0,0,1,0,19,56,0
7314,2019,Serie A,Home,1336,1588,3,8,1.09,1.4,48.4,6,7.0,1,2,0,19,65,1
7315,2018,La Liga,Away,1150,1518,5,6,1.32,1.33,38.8,6,4.0,2,2,0,19,17,0
7316,2023,Premier League,Home,1547,1727,5,11,1.58,0.51,41.6,3,7.0,4,0,0,18,68,1
7317,2021,Ligue 1,Away,1493,1266,8,0,1.08,2.03,52.1,8,8.0,0,0,0,21,49,0
7318,2025,Ligue 1,Home,1702,1344,9,2,1.58,1.98,67.5,10,5.0,0,0,0,16,42,1
7319,2021,La Liga,Away,1478,1435,9,12,1.64,1.58,50.7,3,10.0,0,0,0,12,79,1
7320,2019,La Liga,Home,1488,1699,6,9,1.47,1.5,50.0,7,6.0,3,0,0,16,34,0
7321,2019,Premier League,Home,1598,1632,6,6,1.52,1.23,50.7,10,4.0,1,2,0,20,65,1
7322,2025,Premier League,Home,1645,1260,12,5,1.18,1.76,62.5,8,5.0,0,1,0,15,85,1
7323,2022,La Liga,Away,1401,1439,4,9,1.82,1.61,47.0,6,4.0,1,0,0,13,71,1
7324,2020,Ligue 1,Home,1632,1315,9,7,1.68,1.5,57.2,6,7.0,0,2,0,15,38,1
7325,2023,Bundesliga,Away,1427,1494,10,5,1.72,1.15,42.9,3,7.0,2,2,0,13,54,0
7326,2022,La Liga,Away,1502,1626,6,8,1.43,1.46,41.7,6,3.0,1,0,0,18,12,0
7327,2018,Ligue 1,Away,1594,1637,8,8,1.45,1.7,47.6,8,4.0,1,1,0,18,52,1
7328,2023,La Liga,Away,1618,1538,8,9,1.32,1.63,50.1,4,3.0,2,0,0,17,12,1
7329,2018,La Liga,Home,1545,1440,8,7,1.64,1.49,51.7,4,,0,1,0,12,35,1
7330,2019,La Liga,Home,1349,1487,6,5,1.56,1.43,50.2,7,6.0,0,1,0,21,95,1
7331,2023,Premier League,Home,1238,1596,7,7,1.32,1.34,50.1,10,4.0,0,1,0,18,84,0
7332,2021,Ligue 1,Home,1474,1829,6,11,1.89,0.48,36.0,3,6.0,0,2,0,12,76,1
7333,2019,La Liga,Home,1636,1334,12,9,1.53,1.47,59.3,4,5.0,0,1,0,18,95,1
7334,2018,Serie A,Away,1563,1722,12,10,1.26,1.1,42.9,5,6.0,2,1,0,17,54,0
7335,2022,La Liga,Home,1534,1534,9,15,1.45,1.02,41.5,8,7.0,2,0,0,12,61,1
7336,2023,Ligue 1,Away,1499,1615,5,8,1.55,1.51,58.7,3,4.0,0,0,0,15,60,0
7337,2019,Serie A,Away,1543,1526,8,3,1.33,1.4,49.9,3,6.0,0,0,0,16,15,1
7338,2021,Serie A,Home,1361,1697,6,11,1.19,0.52,39.5,8,,0,0,0,17,21,1
7339,2020,Premier League,Home,1609,1546,13,11,1.52,1.37,55.8,5,5.0,3,1,0,17,91,0
7340,2025,Ligue 1,Away,1618,1409,9,8,1.6,1.75,67.1,6,5.0,0,2,0,18,69,1
7341,2024,Serie A,Home,1450,1563,10,9,1.33,1.14,48.5,5,10.0,2,1,0,16,7,0
7342,2020,La Liga,Home,1561,1658,9,8,1.47,0.95,60.1,6,3.0,0,1,0,16,83,1
7343,2022,Ligue 1,Away,1260,1500,5,7,1.24,1.03,43.7,6,6.0,0,1,0,21,52,0
7344,2025,Premier League,Home,1525,1210,7,0,1.57,1.64,62.8,3,8.0,1,0,0,17,1,1
7345,2020,La Liga,Home,1481,1484,7,10,1.21,1.18,45.7,4,8.0,1,2,0,19,52,1
7346,2019,Serie A,Away,1676,1514,12,7,1.08,0.97,49.9,3,7.0,1,1,0,19,14,0
7347,2020,La Liga,Away,1472,1494,5,10,1.06,1.76,50.8,3,5.0,0,1,0,16,35,1
7348,2022,La Liga,Away,1622,1431,11,5,1.6,1.46,61.2,4,3.0,0,1,0,17,94,1
7349,2025,La Liga,Home,1445,1685,11,10,1.11,1.05,41.4,8,6.0,0,1,0,16,60,0
7350,2020,Premier League,Away,1180,1168,2,7,1.06,2.07,54.8,4,,2,0,0,15,92,0
7351,2018,Premier League,Home,1468,1513,10,11,1.3,1.41,50.7,10,5.0,0,1,0,12,1,1
7352,2019,Premier League,Away,1528,1515,11,10,1.4,1.3,48.9,8,5.0,4,2,0,21,72,0
7353,2021,Ligue 1,Home,1521,1793,10,6,1.5,1.14,,5,4.0,0,4,0,20,59,1
7354,2018,Serie A,Home,1523,1498,6,4,1.67,1.22,46.6,3,4.0,2,2,0,21,5,0
7355,2018,Serie A,Away,1429,1562,6,10,1.27,1.26,51.8,10,7.0,2,0,0,12,81,1
7356,2023,La Liga,Home,1455,1518,7,6,1.04,1.48,47.2,7,4.0,1,0,0,20,74,0
7357,2024,Bundesliga,Home,1342,1513,11,8,1.25,1.76,49.3,5,6.0,1,3,1,13,68,1
7358,2019,Premier League,Home,1220,1747,4,11,1.22,0.99,37.9,4,5.0,1,2,0,15,13,0
7359,2022,La Liga,Home,1485,1344,7,6,0.77,1.65,54.0,8,5.0,0,2,0,19,48,0
7360,2022,Serie A,Away,1396,1407,3,4,1.06,1.06,32.8,7,6.0,1,0,0,13,66,1
7361,2023,La Liga,Home,1651,1606,7,11,1.52,1.38,48.3,4,7.0,0,0,0,21,31,0
7362,2025,Bundesliga,Home,1195,1536,2,7,0.89,1.77,36.5,4,5.0,1,1,0,20,6,0
7363,2025,Ligue 1,Away,1541,1460,9,9,1.43,1.39,54.8,7,4.0,2,0,0,18,44,1
7364,2020,Bundesliga,Away,1797,1490,7,7,1.52,1.21,56.5,8,5.0,0,1,0,20,13,1
7365,2025,Premier League,Away,1474,1628,5,14,1.56,1.1,37.8,6,7.0,1,4,0,18,4,1
7366,2018,Premier League,Home,1500,1568,3,12,1.36,1.41,51.1,4,4.0,4,1,0,17,77,0
7367,2025,Premier League,Home,1560,1400,12,12,0.97,1.46,53.2,4,3.0,0,3,0,19,62,0
7368,2019,Bundesliga,Away,1571,1533,9,12,1.61,1.22,50.7,6,4.0,3,2,1,12,52,0
7369,2018,Ligue 1,Home,1443,1493,8,7,1.49,1.52,51.1,4,10.0,0,1,0,16,29,0
7370,2018,Ligue 1,Home,1359,1566,3,7,1.19,1.07,46.1,3,4.0,1,3,0,12,22,0
7371,2018,La Liga,Away,1591,1455,12,4,0.99,1.61,63.5,4,7.0,0,1,0,21,5,0
7372,2021,Bundesliga,Home,1233,1331,8,6,1.28,1.42,52.1,6,10.0,0,1,0,12,37,0
7373,2023,Serie A,Home,1617,1594,9,9,1.22,1.43,50.9,5,5.0,0,0,1,15,91,0
7374,2023,Bundesliga,Away,1445,1577,6,8,1.2,1.49,48.4,10,5.0,1,1,0,20,56,0
7375,2018,Serie A,Home,1500,1698,9,8,1.21,0.69,44.0,4,6.0,0,0,0,19,42,1
7376,2020,Premier League,Home,1426,1316,9,6,0.91,1.5,50.3,8,8.0,1,1,0,17,12,0
7377,2019,Premier League,Away,1700,1490,12,6,1.57,0.98,59.7,5,4.0,3,3,0,16,71,1
7378,2019,Ligue 1,Away,1535,1468,10,6,1.44,0.95,59.8,8,7.0,3,2,0,20,19,1
7379,2023,La Liga,Away,1455,1445,9,7,1.33,1.34,49.4,4,5.0,3,0,0,15,9,0
7380,2023,La Liga,Away,1451,1284,5,5,1.24,1.62,56.9,4,5.0,1,2,0,19,65,1
7381,2019,La Liga,Away,1479,1351,10,2,1.14,1.1,48.7,5,4.0,0,1,0,17,73,0
7382,2020,La Liga,Home,1836,1538,10,6,2.09,1.38,60.7,4,6.0,1,2,0,18,82,1
7383,2025,Ligue 1,Away,1316,1430,0,8,1.19,1.19,42.5,4,3.0,1,0,0,20,26,0
7384,2022,Premier League,Home,1652,1384,8,6,1.28,1.47,57.7,5,6.0,4,1,0,12,37,1
7385,2019,Premier League,Home,1580,1700,7,5,1.55,1.8,49.2,6,8.0,1,0,0,19,74,0
7386,2025,Bundesliga,Away,1716,1832,11,13,1.68,0.97,53.7,6,4.0,2,2,0,19,84,0
7387,2019,Serie A,Home,1588,1492,11,7,1.6,1.07,42.1,3,5.0,4,0,0,13,79,1
7388,2020,Premier League,Away,1500,1290,8,2,1.34,1.53,63.3,7,5.0,2,0,0,12,32,1
7389,2023,Premier League,Home,1643,1555,14,6,1.35,1.25,58.3,5,7.0,3,0,0,20,57,1
7390,2022,Premier League,Away,1532,1208,7,4,1.04,1.53,60.8,7,7.0,4,1,0,13,85,0
7391,2018,La Liga,Away,1606,1311,4,0,1.33,1.53,55.8,4,5.0,2,1,0,20,24,1
7392,2024,Premier League,Home,1700,1558,11,9,1.16,1.25,58.9,4,6.0,2,1,1,12,35,1
7393,2019,Premier League,Home,1513,1306,6,8,1.44,1.22,64.6,6,3.0,1,1,0,17,95,1
7394,2023,Bundesliga,Home,1441,1459,4,9,0.88,1.59,48.2,3,6.0,1,2,0,19,42,1
7395,2020,Bundesliga,Home,1410,1292,6,8,1.16,1.87,60.2,3,5.0,4,1,0,18,6,0
7396,2024,Ligue 1,Away,1563,1508,6,6,1.6,1.25,56.3,10,,0,1,0,19,12,1
7397,2025,La Liga,Home,1377,1657,4,12,1.15,1.3,49.3,5,8.0,0,3,0,12,67,1
7398,2024,La Liga,Away,1451,1414,11,7,1.28,0.92,54.9,7,5.0,2,0,0,21,50,1
7399,2025,Ligue 1,Away,1365,1497,6,5,1.31,1.35,46.8,7,7.0,0,2,0,16,93,0
7400,2022,Bundesliga,Home,1571,1386,8,7,1.56,1.93,48.8,3,5.0,2,0,1,20,92,0
7401,2018,Serie A,Away,1395,1396,10,7,1.49,1.64,47.6,5,5.0,1,2,0,12,41,0
7402,2022,Premier League,Home,1320,1384,5,10,1.29,1.49,51.9,6,5.0,1,0,0,12,31,0
7403,2021,La Liga,Away,1344,1610,2,12,1.27,1.24,42.4,7,,1,2,0,19,57,0
7404,2023,Serie A,Away,1420,1302,3,3,0.77,1.45,,10,4.0,0,0,0,19,66,0
7405,2019,Serie A,Away,1433,1454,6,8,1.34,1.5,46.6,4,,1,0,0,18,11,0
7406,2023,Premier League,Home,1535,1557,4,9,1.8,1.56,43.9,7,3.0,0,2,0,21,89,1
7407,2021,Ligue 1,Home,1477,1627,4,10,1.49,1.11,47.6,5,3.0,1,0,1,19,71,1
7408,2023,Serie A,Away,1552,1562,7,7,1.65,1.48,54.1,5,5.0,2,3,0,12,65,1
7409,2021,Serie A,Away,1563,1490,11,12,1.25,1.16,53.0,3,6.0,0,1,0,20,94,0
7410,2021,Premier League,Away,1604,1420,12,5,1.45,1.31,47.2,10,8.0,0,1,0,13,52,1
7411,2019,Bundesliga,Home,1233,1630,6,13,1.2,0.96,38.2,6,4.0,0,1,0,20,43,0
7412,2024,Bundesliga,Home,1342,1379,6,2,1.29,1.5,43.9,6,6.0,1,3,0,19,94,1
7413,2018,Premier League,Away,1578,1381,7,5,1.63,1.48,54.3,8,8.0,2,0,0,16,71,1
7414,2019,Serie A,Home,1530,1689,9,12,1.1,1.28,,4,3.0,0,1,0,20,18,1
7415,2021,Serie A,Away,1637,1550,14,5,1.3,1.38,52.7,7,5.0,0,0,0,13,11,1
7416,2019,Bundesliga,Away,1284,1555,5,6,0.79,1.48,43.5,5,4.0,3,3,0,17,3,0
7417,2025,Premier League,Away,1433,1584,5,10,1.34,1.8,54.2,5,6.0,0,4,0,12,5,0
7418,2020,Ligue 1,Home,1459,1487,7,3,1.26,1.54,44.9,7,10.0,3,1,0,19,54,1
7419,2019,La Liga,Home,1523,1299,7,8,1.33,1.04,61.3,4,6.0,0,2,0,20,11,1
7420,2020,Premier League,Home,1505,1535,9,12,1.19,1.26,47.8,8,8.0,1,2,0,15,27,1
7421,2019,Premier League,Away,1566,1497,6,11,1.21,1.34,64.4,5,7.0,3,1,0,19,56,0
7422,2023,Premier League,Home,1484,1380,8,7,1.33,1.06,54.1,6,6.0,3,3,0,13,61,1
7423,2021,La Liga,Home,1692,1348,11,5,1.84,1.69,49.7,5,5.0,1,1,0,21,54,1
7424,2019,Serie A,Home,1737,1493,11,6,2.0,1.8,,3,7.0,4,2,0,12,3,1
7425,2024,Bundesliga,Home,1343,1310,3,6,1.57,1.3,44.5,6,3.0,4,1,0,12,14,0
7426,2023,Premier League,Home,1506,1480,7,8,1.24,1.68,61.4,6,3.0,0,2,0,17,25,1
7427,2021,Ligue 1,Home,1612,1463,7,6,1.18,1.65,50.2,3,6.0,0,1,0,12,55,1
7428,2022,Premier League,Home,1582,1483,8,11,1.66,1.43,58.8,4,8.0,2,1,1,16,68,0
7429,2023,Serie A,Home,1443,1556,5,8,1.61,1.51,52.0,7,7.0,1,3,0,13,86,0
7430,2019,Ligue 1,Away,1536,1587,11,12,1.49,1.08,43.0,5,4.0,2,1,0,15,89,0
7431,2024,Bundesliga,Away,1278,1400,5,7,1.1,1.73,39.4,6,7.0,0,0,0,16,30,0
7432,2020,Serie A,Home,1497,1622,3,9,1.19,1.56,51.9,5,6.0,0,2,0,20,33,0
7433,2018,Bundesliga,Home,1296,1469,2,8,1.28,1.5,44.0,3,4.0,1,2,1,15,68,0
7434,2022,Premier League,Away,1571,1745,11,12,1.57,1.21,45.7,6,6.0,0,3,0,15,17,0
7435,2025,Premier League,Away,1344,1418,5,6,1.25,1.23,49.0,4,4.0,1,1,0,19,66,0
7436,2023,La Liga,Home,1523,1274,7,6,1.1,1.79,41.6,7,4.0,1,0,0,15,52,1
7437,2020,Premier League,Home,1545,1617,11,11,1.15,1.25,47.9,5,7.0,1,1,0,20,53,1
7438,2021,La Liga,Away,1511,1560,7,13,1.34,1.26,54.5,6,10.0,1,0,0,19,25,0
7439,2022,Premier League,Away,1412,1668,3,10,1.51,1.43,34.8,6,5.0,2,1,0,16,44,0
7440,2019,Ligue 1,Away,1471,1543,4,6,1.55,1.24,52.3,7,4.0,0,0,0,12,69,1
7441,2024,Ligue 1,Home,1665,1828,11,10,1.43,0.88,44.8,7,4.0,0,0,0,21,9,1
7442,2020,Bundesliga,Home,1441,1474,12,13,0.83,1.65,43.5,3,6.0,1,2,0,16,8,0
7443,2019,Bundesliga,Away,1503,1646,10,4,1.69,0.84,48.2,3,3.0,2,1,0,15,4,0
7444,2018,Premier League,Away,1422,1426,6,4,1.57,1.6,49.8,4,7.0,2,1,0,16,21,0
7445,2023,Premier League,Away,1643,1569,9,8,1.54,0.98,58.7,6,6.0,0,2,1,12,6,1
7446,2018,Serie A,Away,1511,1595,8,7,1.25,0.81,45.1,4,6.0,2,0,0,17,57,0
7447,2024,Serie A,Away,1393,1617,1,11,1.16,1.41,50.8,7,5.0,0,0,0,19,15,0
7448,2025,La Liga,Away,1501,1609,8,11,1.58,1.33,47.1,5,3.0,1,0,0,18,17,0
7449,2018,La Liga,Away,1466,1150,9,2,1.45,1.51,60.1,5,10.0,0,0,0,21,32,1
7450,2018,Serie A,Home,1695,1490,14,11,1.46,1.07,53.4,6,7.0,1,0,0,16,25,0
7451,2025,Premier League,Home,1494,1419,10,4,1.89,1.51,47.1,6,6.0,3,0,0,15,29,1
7452,2018,La Liga,Away,1306,1447,10,5,0.75,1.28,51.2,3,4.0,1,2,0,21,65,0
7453,2021,La Liga,Away,1570,1460,13,11,1.28,1.58,52.5,5,10.0,0,0,0,20,80,1
7454,2024,Serie A,Away,1750,1637,14,6,1.48,1.08,51.2,7,5.0,1,3,0,18,46,1
7455,2019,Ligue 1,Away,1668,1528,10,9,1.56,1.22,,6,8.0,0,1,0,16,65,1
7456,2023,Serie A,Home,1346,1429,7,11,1.46,1.69,55.4,4,4.0,0,1,0,13,31,1
7457,2021,Bundesliga,Away,1462,1294,3,0,1.52,1.28,51.5,8,4.0,2,0,0,15,83,0
7458,2021,Bundesliga,Home,1496,1715,8,9,1.38,0.79,52.7,10,5.0,0,1,0,12,8,1
7459,2025,Premier League,Away,1497,1409,9,9,1.01,1.2,48.3,5,5.0,0,0,0,17,71,0
7460,2023,Serie A,Home,1553,1482,7,7,1.65,1.43,52.8,5,8.0,1,0,0,17,69,0
7461,2020,Serie A,Away,1452,1799,3,11,1.01,1.56,45.6,8,8.0,1,1,0,18,23,0
7462,2025,Serie A,Away,1372,1413,10,7,1.11,1.47,31.8,4,3.0,0,1,0,18,72,0
7463,2022,Premier League,Away,1633,1461,10,8,1.48,1.17,49.4,7,7.0,4,3,0,13,46,0
7464,2018,Ligue 1,Home,1343,1533,10,6,0.98,1.11,43.1,6,5.0,2,2,0,12,8,0
7465,2021,Ligue 1,Away,1388,1275,8,7,1.02,1.66,54.2,6,6.0,1,2,0,21,45,1
7466,2019,Premier League,Home,1342,1259,9,5,1.4,1.13,52.1,4,4.0,1,1,0,18,11,1
7467,2023,Premier League,Home,1586,1433,12,4,1.81,0.94,41.5,4,3.0,1,1,0,15,37,1
7468,2024,Premier League,Home,1515,1437,6,6,1.35,1.46,50.0,5,5.0,1,3,0,15,37,1
7469,2018,Bundesliga,Home,1624,1519,8,4,1.04,1.55,44.8,6,6.0,0,0,0,17,93,1
7470,2024,Serie A,Home,1390,1363,5,6,1.3,1.7,47.6,5,8.0,2,0,0,16,27,1
7471,2025,Premier League,Home,1325,1561,3,10,0.98,1.38,42.3,7,10.0,4,3,0,13,18,0
7472,2025,Bundesliga,Away,1438,1198,11,4,1.37,1.92,57.0,4,7.0,1,3,1,19,89,0
7473,2023,La Liga,Home,1474,1490,7,9,1.4,1.31,47.3,6,7.0,4,0,0,18,49,0
7474,2020,La Liga,Home,1529,1550,9,8,0.91,1.21,49.6,4,4.0,1,1,1,16,79,0
7475,2019,La Liga,Away,1264,1546,1,10,0.99,1.3,40.2,5,5.0,0,0,0,20,13,0
7476,2025,Serie A,Home,1567,1477,10,7,1.58,1.44,53.9,5,7.0,3,1,0,12,41,0
7477,2021,Serie A,Home,1375,1408,5,8,1.19,2.41,42.6,6,6.0,1,1,0,16,46,0
7478,2020,La Liga,Away,1409,1473,10,4,0.98,1.33,48.0,7,4.0,1,2,0,15,73,1
7479,2023,La Liga,Away,1664,1673,8,6,1.69,1.24,44.0,5,4.0,0,0,0,15,87,1
7480,2023,Ligue 1,Away,1194,1416,7,7,0.6,1.86,42.4,6,6.0,1,2,1,13,30,0
7481,2024,Serie A,Away,1545,1637,10,11,1.46,1.37,48.7,8,8.0,1,0,0,18,69,1
7482,2025,Ligue 1,Away,1545,1659,7,9,1.26,0.79,42.6,5,4.0,2,4,0,12,90,1
7483,2025,Serie A,Away,1385,1257,10,6,1.33,2.0,52.5,6,4.0,1,1,0,20,11,0
7484,2019,Bundesliga,Home,1437,1482,10,8,1.22,1.45,47.0,5,8.0,3,1,0,15,22,0
7485,2019,La Liga,Away,1671,1363,11,1,1.66,0.76,67.9,7,4.0,3,1,0,16,35,0
7486,2019,Bundesliga,Away,1775,1290,8,11,1.99,1.44,63.8,4,3.0,2,3,0,21,80,0
7487,2023,La Liga,Away,1649,1611,11,6,1.69,1.07,53.4,10,5.0,1,0,0,15,62,0
7488,2022,Premier League,Home,1764,1566,11,6,1.81,1.17,50.5,3,7.0,2,1,0,15,42,1
7489,2024,Premier League,Home,1403,1537,6,11,1.39,1.31,34.0,8,10.0,1,1,0,21,69,0
7490,2024,Premier League,Home,1279,1348,5,6,0.68,1.67,45.1,7,5.0,3,3,0,15,30,1
7491,2024,Ligue 1,Home,1493,1529,7,6,1.36,1.64,40.9,4,3.0,0,1,0,15,42,1
7492,2018,Ligue 1,Away,1613,1317,7,4,1.54,1.84,58.4,6,5.0,0,1,0,21,71,1
7493,2023,Bundesliga,Home,1240,1511,0,5,1.2,1.74,44.5,3,6.0,2,1,0,16,47,0
7494,2024,Premier League,Away,1370,1407,1,4,1.19,1.38,50.0,3,4.0,4,0,0,18,3,0
7495,2025,Ligue 1,Away,1386,1647,7,11,1.4,0.7,43.0,6,6.0,0,3,0,20,67,1
7496,2020,Bundesliga,Away,1550,1449,2,6,1.17,0.77,47.9,6,4.0,2,1,0,19,87,0
7497,2024,La Liga,Away,1532,1532,10,5,1.88,1.51,46.2,5,10.0,3,1,0,17,6,0
7498,2021,Serie A,Away,1391,1533,8,6,1.37,1.31,48.4,8,4.0,1,3,0,20,48,0
7499,2019,Serie A,Away,1525,1489,7,7,1.15,1.73,60.7,6,7.0,2,0,0,12,45,0
7500,2020,Premier League,Home,1340,1515,8,6,1.51,1.45,46.7,6,7.0,2,1,0,17,57,0
7501,2020,Serie A,Home,1440,1543,6,7,1.01,0.87,49.1,6,6.0,2,0,0,18,39,0
7502,2025,Bundesliga,Home,1323,1375,6,7,1.16,1.31,58.1,5,4.0,0,3,0,16,31,1
7503,2019,Premier League,Away,1479,1556,2,7,1.36,1.41,,3,5.0,4,1,0,16,43,1
7504,2019,La Liga,Home,1388,1621,0,7,1.12,0.96,,6,7.0,1,2,0,15,81,1
7505,2022,Serie A,Away,1597,1556,8,6,1.43,1.68,52.8,7,5.0,0,1,0,18,54,0
7506,2022,Bundesliga,Home,1496,1450,9,11,1.36,1.28,59.3,8,5.0,1,3,0,12,21,0
7507,2022,Ligue 1,Home,1468,1524,10,13,1.05,1.25,53.0,4,6.0,1,1,0,20,35,1
7508,2019,Bundesliga,Away,1748,1449,10,7,1.69,0.99,58.4,7,6.0,1,0,0,21,19,1
7509,2021,Serie A,Away,1554,1483,9,9,1.41,1.87,,4,7.0,2,1,0,19,27,0
7510,2025,Serie A,Home,1448,1334,9,3,1.78,1.45,45.1,4,8.0,1,0,1,13,81,1
7511,2018,Serie A,Home,1418,1693,6,8,1.63,1.25,44.8,3,3.0,0,1,0,13,36,0
7512,2024,Serie A,Away,1335,1771,7,12,0.99,0.91,37.3,10,7.0,1,0,0,21,89,0
7513,2019,Premier League,Away,1491,1401,4,0,1.3,1.34,51.8,7,6.0,0,4,0,19,5,0
7514,2019,Bundesliga,Away,1543,1610,4,11,1.22,1.33,53.2,5,8.0,0,3,0,17,70,1
7515,2025,Bundesliga,Away,1232,1704,3,8,0.99,1.27,31.9,8,5.0,1,0,0,18,30,0
7516,2020,Serie A,Away,1309,1366,7,3,1.35,1.61,45.4,4,8.0,4,2,0,18,17,0
7517,2022,Ligue 1,Home,1428,1198,5,5,1.25,1.87,61.8,5,3.0,0,0,0,16,50,0
7518,2021,Serie A,Away,1346,1712,7,14,1.06,1.33,34.6,3,5.0,1,1,0,15,9,0
7519,2022,La Liga,Away,1506,1499,5,7,1.51,1.49,56.0,5,5.0,0,1,0,19,23,0
7520,2021,Premier League,Home,1526,1427,6,7,0.89,1.25,54.2,4,3.0,0,1,0,12,80,0
7521,2021,Premier League,Home,1483,1507,8,9,1.23,1.29,48.8,10,5.0,0,3,0,20,32,1
7522,2024,La Liga,Home,1577,1448,7,8,1.78,1.09,54.0,4,5.0,2,1,0,18,35,1
7523,2022,La Liga,Home,1418,1900,5,10,1.61,0.87,39.8,4,7.0,1,0,0,17,2,0
7524,2022,Premier League,Away,1494,1426,1,7,1.67,1.52,55.0,3,6.0,1,1,0,21,77,0
7525,2024,Premier League,Away,1360,1546,8,9,0.89,1.41,35.2,6,3.0,0,1,0,19,92,0
7526,2021,Premier League,Away,1540,1681,8,3,1.08,1.35,52.8,3,5.0,0,0,0,13,51,0
7527,2024,Bundesliga,Away,1511,1680,5,12,1.24,1.56,47.0,7,4.0,0,0,0,17,51,0
7528,2023,Bundesliga,Home,1332,1653,10,5,1.17,0.88,47.7,5,4.0,4,2,0,18,40,0
7529,2025,La Liga,Away,1478,1440,5,7,1.14,0.94,53.2,10,5.0,1,0,0,18,19,0
7530,2021,Premier League,Home,1495,1479,6,11,0.92,1.3,61.3,3,5.0,0,2,0,17,57,1
7531,2022,Premier League,Home,1539,1196,5,3,1.62,1.99,55.0,5,5.0,3,0,1,16,90,0
7532,2019,Premier League,Home,1545,1490,11,5,1.59,1.72,59.5,10,5.0,1,0,0,20,47,1
7533,2018,La Liga,Away,1399,1505,10,9,1.09,1.4,43.0,5,4.0,3,0,0,15,86,0
7534,2018,Premier League,Away,1607,1604,12,12,1.65,1.19,52.8,5,4.0,0,3,0,20,80,1
7535,2023,La Liga,Away,1573,1751,12,8,1.67,1.19,50.9,4,6.0,0,2,0,17,47,0
7536,2020,Ligue 1,Away,1399,1600,5,3,0.64,1.54,45.1,6,6.0,3,0,0,18,24,0
7537,2020,Serie A,Away,1340,1650,10,12,1.33,1.02,32.5,5,4.0,1,0,0,17,77,0
7538,2022,Bundesliga,Home,1409,1498,6,10,1.23,1.21,48.4,6,3.0,1,0,0,19,2,0
7539,2021,Premier League,Away,1294,1680,1,11,0.5,1.21,38.0,8,7.0,0,1,0,12,25,0
7540,2019,La Liga,Home,1529,1502,7,3,1.64,1.63,55.2,6,7.0,4,1,0,15,1,0
7541,2022,Ligue 1,Away,1666,1660,10,11,1.55,1.41,45.7,3,6.0,3,2,0,21,44,0
7542,2022,La Liga,Away,1699,1613,8,12,1.17,0.76,49.4,5,6.0,1,1,0,12,80,0
7543,2019,Serie A,Away,1347,1555,6,14,1.28,1.51,,7,4.0,1,2,0,17,51,0
7544,2020,Ligue 1,Away,1610,1284,10,4,1.52,1.54,56.6,6,7.0,1,0,0,19,66,0
7545,2019,Serie A,Away,1512,1653,9,10,1.5,1.37,46.9,4,5.0,1,3,0,16,31,0
7546,2023,La Liga,Away,1165,1553,5,3,0.5,1.25,43.2,5,4.0,0,1,0,12,3,0
7547,2019,Serie A,Home,1453,1598,6,11,1.22,1.39,48.8,6,5.0,0,0,0,18,10,0
7548,2018,Premier League,Home,1438,1544,5,10,1.04,1.32,41.0,5,4.0,0,3,0,21,79,1
7549,2020,Premier League,Home,1670,1568,6,9,1.5,1.15,48.2,8,4.0,1,2,0,20,95,1
7550,2021,Premier League,Away,1378,1682,6,13,0.79,1.0,39.5,10,5.0,2,0,0,12,78,0
7551,2024,Ligue 1,Away,1579,1434,7,5,1.16,1.36,,7,4.0,0,1,0,15,49,0
7552,2018,Serie A,Home,1485,1565,7,8,1.72,0.97,43.7,8,4.0,1,1,0,16,41,0
7553,2025,La Liga,Home,1298,1391,0,6,1.42,1.34,43.9,8,5.0,0,3,0,15,16,0
7554,2020,Premier League,Home,1423,1581,3,11,1.51,1.2,52.5,5,7.0,1,1,0,19,38,0
7555,2020,Bundesliga,Away,1714,1535,11,11,1.95,1.58,56.0,5,5.0,1,0,0,19,45,1
7556,2018,Ligue 1,Away,1476,1412,3,7,0.86,1.6,46.1,3,10.0,1,0,0,17,3,0
7557,2020,La Liga,Home,1627,1513,9,8,1.48,1.84,54.8,4,3.0,0,0,0,20,19,0
7558,2021,La Liga,Away,1619,1420,7,8,1.54,1.0,52.9,4,6.0,1,2,0,18,88,1
7559,2023,Bundesliga,Home,1437,1447,4,6,1.18,1.33,59.0,4,5.0,0,1,0,18,52,0
7560,2024,Ligue 1,Away,1320,1550,6,12,0.69,1.61,41.1,4,4.0,2,4,0,16,35,0
7561,2022,Ligue 1,Away,1339,1538,6,7,1.39,1.38,42.6,5,3.0,2,4,0,18,26,1
7562,2018,La Liga,Away,1703,1231,11,5,1.73,1.54,60.3,6,3.0,2,2,0,16,88,1
7563,2021,Premier League,Away,1521,1552,5,7,1.22,1.07,43.7,8,7.0,0,1,0,18,49,0
7564,2023,La Liga,Home,1257,1458,2,9,1.29,1.56,47.3,4,6.0,2,1,0,12,73,0
7565,2023,La Liga,Away,1617,1442,12,7,1.51,1.45,54.6,6,6.0,0,1,0,16,39,0
7566,2022,Ligue 1,Home,1250,1342,4,11,1.23,1.41,49.4,6,4.0,2,2,0,16,65,0
7567,2022,Premier League,Home,1384,1494,7,7,0.99,1.61,47.4,6,6.0,0,1,1,15,20,0
7568,2022,Serie A,Away,1511,1427,6,9,1.42,1.98,53.0,3,5.0,0,4,0,13,20,1
7569,2025,Ligue 1,Away,1853,1678,13,8,1.8,0.97,62.5,7,8.0,1,1,1,18,17,0
7570,2022,Ligue 1,Home,1614,1255,2,4,1.42,1.72,61.7,5,3.0,1,2,0,16,65,1
7571,2022,Serie A,Home,1432,1365,10,6,0.61,1.51,42.7,7,10.0,2,3,0,17,35,1
7572,2020,Ligue 1,Away,1504,1356,6,7,1.4,1.64,55.3,5,10.0,0,3,0,18,18,1
7573,2021,Premier League,Home,1629,1536,6,6,1.55,1.65,58.2,10,,2,1,0,16,13,1
7574,2023,La Liga,Home,1699,1664,7,8,1.33,1.56,39.3,6,8.0,3,0,0,19,21,1
7575,2024,Premier League,Home,1465,1570,6,9,1.45,1.16,41.6,8,5.0,1,2,0,15,25,0
7576,2024,Ligue 1,Home,1469,1347,7,7,1.38,1.07,56.1,5,8.0,1,1,0,20,78,0
7577,2023,Ligue 1,Away,1384,1440,6,7,1.32,1.38,53.5,4,4.0,2,0,0,12,34,0
7578,2024,Premier League,Away,1593,1387,6,6,1.36,1.43,56.0,5,5.0,1,1,0,20,3,1
7579,2018,Premier League,Away,1644,1571,11,5,1.08,0.6,54.0,4,10.0,1,0,0,12,59,0
7580,2020,La Liga,Home,1229,1437,3,8,0.63,1.66,,4,4.0,1,0,0,12,48,0
7581,2019,Premier League,Home,1444,1302,5,7,1.46,1.4,51.0,5,5.0,0,2,0,16,14,1
7582,2023,Bundesliga,Home,1330,1582,5,11,0.89,1.26,39.0,5,7.0,0,0,0,19,29,1
7583,2024,Premier League,Home,1521,1677,9,10,1.17,1.05,44.8,3,7.0,0,1,0,16,8,0
7584,2019,Bundesliga,Away,1327,1475,5,6,1.37,1.32,47.2,4,5.0,1,0,0,17,27,1
7585,2019,Serie A,Home,1315,1517,4,7,0.61,1.65,46.5,6,7.0,0,0,1,19,39,0
7586,2021,La Liga,Home,1657,1289,9,5,1.12,1.56,63.1,8,6.0,4,0,0,13,25,0
7587,2025,Premier League,Away,1477,1212,10,4,1.52,2.14,65.0,4,6.0,0,1,0,19,62,0
7588,2018,Ligue 1,Away,1492,1241,10,2,1.36,1.74,57.2,4,8.0,2,2,0,18,53,1
7589,2025,Serie A,Home,1560,1494,9,3,0.92,1.53,45.4,7,5.0,2,0,0,18,80,0
7590,2019,La Liga,Away,1636,1457,10,6,1.39,1.34,50.6,6,4.0,4,1,0,15,33,0
7591,2020,La Liga,Away,1441,1576,13,8,1.33,1.27,47.3,8,8.0,0,0,0,21,68,1
7592,2023,Ligue 1,Home,1445,1472,8,8,1.01,1.63,56.6,4,6.0,2,2,0,13,24,1
7593,2023,Bundesliga,Away,1445,1638,7,8,0.93,1.52,48.4,8,8.0,1,1,0,20,43,1
7594,2024,Bundesliga,Away,1651,1622,9,8,1.09,1.31,46.3,4,6.0,0,1,0,20,38,1
7595,2018,Serie A,Away,1490,1455,8,7,1.55,1.53,47.6,4,3.0,1,0,0,19,50,0
7596,2018,Ligue 1,Away,1459,1360,0,10,1.57,1.44,51.0,5,5.0,1,0,0,12,53,0
7597,2021,La Liga,Away,1555,1232,11,4,1.6,1.65,58.4,10,7.0,0,1,0,20,39,1
7598,2022,Bundesliga,Away,1756,1701,7,6,1.94,1.19,50.0,3,4.0,2,2,0,19,64,0
7599,2020,La Liga,Home,1510,1368,6,4,1.68,1.48,49.2,6,7.0,0,0,0,18,40,1
7600,2023,Serie A,Away,1462,1290,3,10,0.93,1.79,50.5,7,8.0,1,1,0,21,13,0
7601,2020,Ligue 1,Away,1772,1518,9,11,1.9,1.32,56.0,8,5.0,1,4,0,12,45,1
7602,2025,Ligue 1,Away,1686,1292,9,7,1.58,1.38,60.9,7,7.0,0,3,1,20,8,1
7603,2019,Serie A,Home,1666,1518,12,10,2.01,1.27,48.8,3,4.0,1,0,0,19,39,0
7604,2023,Serie A,Away,1430,1453,10,9,2.12,1.32,51.0,7,5.0,1,1,0,17,84,1
7605,2022,Ligue 1,Away,1416,1629,12,8,1.21,1.34,53.8,7,7.0,0,4,0,20,10,1
7606,2018,Ligue 1,Home,1243,1617,5,11,0.99,1.11,41.7,8,4.0,0,1,0,20,31,1
7607,2022,Bundesliga,Home,1635,1654,9,12,1.4,1.49,50.9,4,5.0,4,1,0,19,68,0
7608,2019,Premier League,Away,1511,1529,10,10,1.38,1.26,42.7,6,5.0,1,1,0,18,39,0
7609,2022,La Liga,Away,1248,1380,2,5,1.13,1.85,50.4,5,10.0,2,0,0,15,64,0
7610,2023,Ligue 1,Home,1668,1355,7,5,2.19,1.49,54.9,6,5.0,1,0,1,16,86,1
7611,2018,Bundesliga,Home,1453,1426,6,5,1.33,1.55,56.0,4,5.0,0,1,0,16,65,1
7612,2019,Bundesliga,Home,1470,1779,7,13,1.21,1.35,51.3,3,5.0,1,1,0,18,57,1
7613,2020,Serie A,Home,1288,1465,0,8,1.12,1.69,42.2,5,5.0,0,1,0,15,2,0
7614,2025,La Liga,Away,1569,1523,11,9,1.22,1.49,47.9,7,4.0,0,3,0,17,91,1
7615,2019,La Liga,Away,1570,1713,9,12,1.01,1.81,49.1,6,5.0,0,3,0,16,41,0
7616,2025,Bundesliga,Home,1493,1536,9,4,1.31,1.32,42.6,4,5.0,1,0,0,18,83,0
7617,2022,La Liga,Away,1441,1395,3,9,1.87,1.07,51.6,6,6.0,0,3,0,18,43,0
7618,2025,Bundesliga,Home,1868,1602,10,7,1.98,1.25,55.2,6,4.0,1,0,0,17,47,1
7619,2024,Bundesliga,Home,1332,1440,4,6,1.05,1.6,46.9,5,6.0,1,2,0,15,93,0
7620,2020,Bundesliga,Home,1399,1540,6,6,1.33,1.43,36.4,3,7.0,1,0,0,16,74,0
7621,2022,La Liga,Away,1599,1572,9,9,2.09,1.03,53.2,6,4.0,1,0,0,21,65,0
7622,2023,Bundesliga,Home,1358,1431,8,6,1.24,1.33,60.5,3,7.0,3,1,0,20,13,0
7623,2018,Premier League,Home,1348,1526,6,4,0.96,1.12,43.5,7,6.0,4,0,0,21,86,0
7624,2023,Premier League,Away,1658,1724,7,6,1.54,0.98,41.2,4,5.0,2,2,0,21,41,1
7625,2021,La Liga,Home,1585,1412,14,6,1.6,1.41,58.3,5,6.0,1,0,0,13,67,1
7626,2018,Premier League,Away,1568,1684,8,12,1.53,1.3,42.8,3,10.0,0,4,0,20,43,1
7627,2024,Ligue 1,Home,1525,1417,5,8,1.74,1.24,52.9,6,6.0,1,2,0,15,70,0
7628,2020,Ligue 1,Home,1403,1752,1,13,1.27,0.96,37.7,3,7.0,2,1,0,21,13,0
7629,2024,Premier League,Away,1465,1380,7,6,0.73,1.64,45.0,5,6.0,1,0,0,15,68,0
7630,2019,Bundesliga,Home,1489,1445,9,6,1.46,1.19,52.7,6,7.0,1,2,0,16,48,1
7631,2022,Serie A,Away,1618,1711,6,10,1.58,0.93,44.2,10,3.0,1,1,0,13,72,1
7632,2020,Bundesliga,Home,1560,1717,10,12,1.5,1.7,38.1,6,8.0,2,0,0,19,89,0
7633,2025,Ligue 1,Away,1370,1615,6,13,0.99,1.11,45.3,4,4.0,0,0,0,16,57,0
7634,2025,Serie A,Home,1611,1349,4,4,1.97,1.03,70.9,6,5.0,2,4,0,15,17,1
7635,2024,Premier League,Away,1265,1512,6,7,0.82,1.03,48.9,5,6.0,1,1,0,20,22,0
7636,2024,Premier League,Away,1455,1500,6,8,1.06,0.85,48.7,4,5.0,1,1,0,13,59,1
7637,2024,Serie A,Home,1340,1380,3,5,1.12,1.87,64.2,6,,0,0,0,18,81,1
7638,2020,Ligue 1,Away,1380,1598,9,7,1.55,1.24,35.8,3,5.0,1,0,0,19,60,0
7639,2025,Serie A,Home,1770,1391,13,6,1.99,1.19,62.4,5,8.0,1,0,0,13,95,1
7640,2022,La Liga,Home,1294,1319,2,3,1.28,1.65,58.5,5,,2,0,0,15,64,0
7641,2020,Premier League,Home,1385,1273,7,7,1.45,1.98,47.7,4,4.0,1,2,0,17,93,0
7642,2019,Ligue 1,Away,1571,1740,9,14,1.1,1.09,47.3,6,4.0,1,2,0,12,19,0
7643,2023,La Liga,Away,1434,1429,7,6,0.85,1.82,47.0,7,3.0,2,1,0,17,46,0
7644,2020,Bundesliga,Home,1522,1431,6,11,1.28,1.33,50.6,5,8.0,1,4,0,12,8,1
7645,2023,Bundesliga,Home,1700,1356,10,5,1.79,1.19,60.7,5,7.0,2,1,0,21,68,1
7646,2018,Premier League,Home,1592,1692,11,8,1.68,1.63,38.7,5,6.0,2,0,0,21,49,1
7647,2023,Premier League,Home,1434,1307,8,7,1.06,1.34,48.1,6,7.0,1,0,0,17,79,0
7648,2023,La Liga,Away,1481,1331,2,3,1.08,1.36,53.9,7,6.0,2,1,0,17,22,0
7649,2022,La Liga,Home,1574,1455,3,9,1.72,1.65,44.2,4,8.0,1,2,0,20,29,1
7650,2023,Bundesliga,Away,1589,1497,4,8,1.5,1.36,50.5,3,4.0,3,4,0,13,3,1
7651,2025,Bundesliga,Home,1503,1592,4,8,0.84,1.24,40.2,7,6.0,0,0,0,18,76,1
7652,2024,Premier League,Home,1550,1405,6,5,1.12,1.37,46.3,5,7.0,0,1,0,21,23,0
7653,2021,Serie A,Away,1551,1716,7,8,1.53,0.99,50.5,6,3.0,1,0,0,20,88,0
7654,2024,Premier League,Home,1487,1406,7,9,1.04,1.48,52.5,6,4.0,0,0,0,13,43,0
7655,2025,Premier League,Home,1415,1359,6,5,1.01,1.6,50.3,10,7.0,2,1,0,20,83,1
7656,2019,Bundesliga,Home,1604,1345,9,6,1.23,1.43,,7,3.0,2,0,0,21,47,1
7657,2020,Bundesliga,Home,1541,1392,11,6,1.61,1.59,55.3,5,7.0,4,1,0,15,80,0
7658,2023,Bundesliga,Away,1209,1336,0,5,1.03,1.6,44.4,4,6.0,1,2,0,18,40,1
7659,2022,Premier League,Away,1384,1605,7,10,1.64,1.35,40.7,6,6.0,0,0,0,21,56,0
7660,2019,Serie A,Away,1433,1360,8,7,1.17,1.4,57.1,6,6.0,0,0,0,13,21,0
7661,2021,La Liga,Away,1472,1481,4,8,1.27,1.27,46.7,4,7.0,1,1,0,15,6,1
7662,2020,Ligue 1,Away,1669,1356,11,5,1.62,1.57,64.5,5,6.0,0,0,0,16,56,1
7663,2023,Serie A,Away,1900,1336,13,3,1.63,1.2,61.3,10,4.0,4,2,0,13,58,1
7664,2022,Ligue 1,Away,1156,1655,3,8,0.57,1.94,41.3,6,,1,1,0,18,31,0
7665,2019,Premier League,Home,1543,1724,2,9,1.31,0.52,46.8,10,6.0,0,1,0,16,78,1
7666,2018,La Liga,Away,1510,1678,10,10,1.17,1.05,48.6,4,8.0,1,0,0,12,42,0
7667,2020,Bundesliga,Away,1475,1294,8,1,1.29,1.66,56.0,6,7.0,1,1,0,16,55,0
7668,2019,La Liga,Home,1576,1313,9,7,1.28,1.7,60.1,3,5.0,2,2,0,16,82,0
7669,2025,Serie A,Home,1521,1777,0,12,1.49,0.89,50.9,7,6.0,0,2,0,21,54,0
7670,2020,Serie A,Away,1449,1464,6,6,1.21,1.22,45.2,4,7.0,2,0,0,15,45,0
7671,2023,Ligue 1,Away,1504,1308,4,3,0.95,1.54,62.3,10,5.0,3,3,0,19,2,1
7672,2019,Premier League,Home,1578,1652,12,8,1.28,0.87,46.7,3,10.0,4,0,0,13,17,0
7673,2021,Ligue 1,Away,1565,1509,5,4,1.12,1.04,42.3,6,6.0,2,0,0,12,82,0
7674,2025,La Liga,Home,1526,1580,12,8,1.86,1.5,52.1,7,8.0,0,2,0,20,85,1
7675,2023,La Liga,Away,1418,1187,9,3,1.27,1.84,59.9,5,6.0,0,1,0,19,93,1
7676,2020,Serie A,Home,1895,1454,13,9,1.95,1.39,63.5,10,3.0,2,0,0,13,64,0
7677,2023,La Liga,Away,1550,1633,11,10,1.38,1.42,46.2,4,7.0,0,1,0,19,17,1
7678,2022,Ligue 1,Home,1607,1410,6,10,1.93,1.45,50.2,3,4.0,2,3,0,17,2,1
7679,2019,Ligue 1,Home,1429,1673,5,10,0.96,1.0,,6,7.0,1,2,0,19,46,0
7680,2025,Ligue 1,Away,1527,1316,10,3,1.18,1.23,56.1,6,4.0,2,2,0,15,74,1
7681,2025,Ligue 1,Away,1525,1484,5,12,1.66,1.52,49.7,6,3.0,2,1,0,12,2,0
7682,2022,Serie A,Home,1232,1730,1,9,0.93,0.97,32.3,6,6.0,0,1,0,20,15,0
7683,2018,La Liga,Away,1400,1339,5,2,1.05,1.7,50.2,7,5.0,1,0,0,19,4,0
7684,2021,Bundesliga,Away,1397,1538,4,9,1.1,1.24,42.3,5,3.0,0,1,0,21,81,1
7685,2022,Premier League,Home,1416,1582,11,4,1.74,1.6,42.5,3,8.0,0,2,0,13,48,1
7686,2025,Bundesliga,Away,1350,1513,8,7,1.7,1.1,49.6,3,6.0,1,1,0,13,94,0
7687,2023,Serie A,Away,1506,1465,6,6,1.46,1.1,45.1,3,6.0,1,0,0,16,37,1
7688,2019,Serie A,Home,1696,1377,7,7,1.61,1.51,59.6,10,5.0,0,2,0,12,83,1
7689,2022,La Liga,Away,1518,1528,9,10,1.57,1.24,47.0,10,5.0,0,1,0,18,70,0
7690,2019,La Liga,Away,1335,1486,9,6,1.27,1.4,47.6,5,4.0,0,2,0,19,95,1
7691,2021,Premier League,Home,1356,1299,7,4,1.24,1.51,46.8,6,3.0,4,3,0,18,33,0
7692,2022,La Liga,Away,1447,1654,4,11,1.18,1.08,43.7,3,6.0,2,2,0,20,67,1
7693,2022,La Liga,Away,1302,1373,1,4,0.98,1.4,43.9,7,6.0,0,0,0,17,55,1
7694,2021,Premier League,Home,1543,1303,7,5,1.52,0.98,57.5,5,6.0,2,0,0,15,23,1
7695,2021,Premier League,Away,1689,1417,11,8,1.59,1.8,47.7,5,10.0,2,4,0,21,84,1
7696,2024,Serie A,Away,1419,1375,5,4,1.63,1.3,50.6,3,7.0,0,0,0,18,19,0
7697,2022,La Liga,Away,1511,1464,10,6,1.3,1.49,44.5,5,8.0,0,0,0,17,79,0
7698,2018,Bundesliga,Away,1440,1326,8,6,1.05,0.99,49.5,4,3.0,1,0,0,19,68,0
7699,2023,Premier League,Home,1412,1563,7,12,0.89,1.07,44.5,3,3.0,2,2,0,18,23,0
7700,2022,Serie A,Away,1527,1693,9,7,1.19,1.24,49.4,5,3.0,1,1,0,13,17,0
7701,2023,Premier League,Away,1407,1515,3,7,0.89,1.79,38.8,3,6.0,2,0,0,20,50,0
7702,2023,Serie A,Away,1387,1298,5,9,1.51,1.64,42.8,4,8.0,0,2,0,18,31,1
7703,2019,Serie A,Home,1273,1372,2,8,0.99,1.6,53.1,5,4.0,0,2,0,20,3,1
7704,2025,Serie A,Home,1509,1531,9,7,1.17,1.2,47.7,5,8.0,1,2,0,13,40,0
7705,2025,La Liga,Away,1649,1225,7,4,1.63,1.59,51.8,4,4.0,2,0,0,16,55,0
7706,2019,Serie A,Home,1599,1327,9,7,1.95,1.45,54.6,10,6.0,0,0,0,21,50,1
7707,2019,Premier League,Away,1709,1269,10,6,1.47,1.63,58.5,8,,3,0,0,20,10,1
7708,2019,La Liga,Away,1406,1516,8,11,0.96,1.64,44.3,4,5.0,2,1,0,13,49,0
7709,2025,La Liga,Home,1619,1803,6,14,1.38,0.99,46.5,5,,0,0,0,18,88,1
7710,2025,Serie A,Home,1346,1323,7,2,0.72,1.51,42.0,6,6.0,2,1,0,12,26,0
7711,2020,La Liga,Home,1599,1614,6,5,1.59,1.15,49.7,4,5.0,0,0,0,15,77,1
7712,2023,Bundesliga,Home,1730,1421,8,5,1.75,1.35,55.3,6,5.0,0,1,0,19,70,1
7713,2019,La Liga,Home,1570,1315,8,0,1.32,1.8,56.0,5,3.0,3,0,0,18,88,1
7714,2018,Premier League,Home,1733,1719,13,14,1.33,1.26,54.7,3,5.0,0,0,1,16,93,0
7715,2019,La Liga,Home,1416,1802,4,7,1.86,1.16,45.3,4,5.0,0,0,0,19,35,1
7716,2018,Premier League,Home,1481,1558,3,7,1.02,1.26,55.9,4,3.0,0,0,0,21,89,0
7717,2024,Serie A,Away,1372,1551,4,6,1.02,1.09,35.8,7,6.0,1,0,0,12,27,0
7718,2024,Bundesliga,Home,1505,1509,7,3,1.36,1.51,51.6,5,10.0,3,1,0,20,13,0
7719,2019,Bundesliga,Home,1538,1479,13,10,1.61,1.58,55.2,4,6.0,1,0,0,19,51,1
7720,2022,La Liga,Home,1504,1548,9,7,1.32,1.52,45.8,6,3.0,2,3,0,16,86,0
7721,2019,Premier League,Home,1434,1595,5,14,1.29,1.26,45.7,5,3.0,1,2,0,18,18,0
7722,2022,Ligue 1,Home,1431,1733,6,14,1.43,0.94,48.9,5,7.0,2,2,0,15,12,0
7723,2025,Premier League,Away,1548,1427,12,7,2.2,1.57,51.8,4,6.0,2,1,0,15,65,0
7724,2025,La Liga,Away,1478,1518,7,2,1.18,1.6,55.3,6,6.0,2,1,0,19,19,0
7725,2024,Bundesliga,Away,1339,1488,5,6,1.05,1.57,45.8,7,7.0,0,0,0,17,52,0
7726,2019,La Liga,Away,1234,1643,3,15,1.03,1.02,41.9,5,4.0,0,0,0,13,15,0
7727,2019,Premier League,Home,1417,1836,8,13,1.43,1.14,44.0,4,10.0,1,2,0,13,52,0
7728,2019,La Liga,Away,1306,1648,4,9,1.77,0.73,35.8,4,6.0,1,1,0,19,8,1
7729,2019,Serie A,Home,1383,1612,8,7,1.19,1.58,46.2,5,10.0,0,2,0,12,44,1
7730,2022,Premier League,Home,1441,1627,10,11,1.42,1.28,,8,6.0,0,1,1,19,65,0
7731,2023,Serie A,Away,1480,1677,9,11,0.79,1.24,51.0,6,7.0,0,4,0,19,74,0
7732,2025,La Liga,Away,1407,1838,6,12,1.26,1.43,37.5,8,6.0,2,1,0,16,22,0
7733,2018,La Liga,Home,1807,1264,8,8,1.68,1.41,61.8,5,4.0,2,2,0,16,44,1
7734,2020,Premier League,Home,1323,1584,5,11,1.41,1.3,39.2,8,8.0,1,0,0,21,30,1
7735,2023,Bundesliga,Away,1669,1150,8,4,1.41,1.45,62.6,7,5.0,2,0,0,20,1,1
7736,2023,La Liga,Away,1477,1633,5,5,1.02,0.86,48.8,8,5.0,0,2,0,19,42,0
7737,2021,Bundesliga,Home,1408,1577,6,6,1.31,1.35,46.1,4,8.0,0,1,0,16,59,1
7738,2019,La Liga,Home,1582,1423,10,5,1.05,1.48,65.0,8,5.0,0,0,0,20,54,0
7739,2021,Premier League,Home,1437,1150,5,3,1.08,1.13,54.9,6,5.0,0,0,0,16,68,0
7740,2019,La Liga,Away,1387,1498,3,11,1.24,1.53,42.8,7,7.0,0,1,0,18,24,0
7741,2022,Serie A,Away,1751,1531,8,13,1.03,1.31,54.8,4,5.0,1,2,0,15,72,0
7742,2025,La Liga,Away,1193,1491,8,8,0.95,1.55,44.3,4,5.0,0,0,0,16,6,0
7743,2019,Bundesliga,Away,1466,1413,9,8,1.71,1.49,44.9,10,8.0,1,1,0,20,60,0
7744,2018,Ligue 1,Away,1527,1374,5,2,0.98,1.72,60.4,7,7.0,1,0,0,18,20,1
7745,2023,Bundesliga,Home,1697,1493,13,6,1.4,1.65,53.8,8,4.0,0,1,0,20,25,0
7746,2018,Serie A,Home,1444,1388,6,5,1.44,1.5,59.9,4,3.0,3,4,0,12,58,1
7747,2025,Serie A,Home,1873,1613,15,7,1.96,1.48,63.2,5,5.0,0,1,0,20,31,1
7748,2024,Serie A,Away,1606,1489,9,9,1.48,1.58,56.2,6,5.0,0,1,0,16,7,1
7749,2021,La Liga,Home,1169,1259,5,3,0.94,1.27,47.6,4,4.0,3,3,0,19,84,1
7750,2020,Bundesliga,Away,1296,1525,7,3,1.54,1.11,39.2,4,10.0,0,2,0,13,87,1
7751,2021,Bundesliga,Home,1533,1558,12,10,1.44,1.05,46.2,4,4.0,1,2,0,12,43,1
7752,2021,La Liga,Home,1340,1727,4,13,0.91,1.31,34.9,5,4.0,1,0,0,12,92,0
7753,2024,Ligue 1,Home,1577,1630,12,10,1.46,1.06,43.1,5,3.0,0,1,0,17,78,1
7754,2024,Bundesliga,Home,1436,1374,5,6,1.25,0.96,53.0,3,3.0,0,3,0,19,38,1
7755,2019,La Liga,Away,1333,1700,5,8,1.06,0.92,,5,5.0,1,0,0,16,37,0
7756,2019,Ligue 1,Home,1365,1306,6,3,0.78,1.43,43.7,6,4.0,1,0,0,21,30,1
7757,2022,Premier League,Home,1619,1504,11,10,1.48,1.46,50.4,5,,1,0,0,17,76,1
7758,2023,Premier League,Home,1217,1606,3,7,1.18,1.58,36.2,6,6.0,2,1,1,17,10,1
7759,2023,La Liga,Away,1646,1704,14,15,1.7,1.4,55.8,3,3.0,1,1,0,21,35,0
7760,2020,Serie A,Away,1650,1764,13,13,1.52,1.16,36.7,8,7.0,0,3,0,21,53,0
7761,2021,La Liga,Home,1454,1678,7,11,1.31,0.98,54.0,4,7.0,2,1,0,16,22,0
7762,2018,Ligue 1,Home,1303,1481,3,14,0.99,0.87,48.5,5,5.0,1,1,0,20,91,0
7763,2021,Premier League,Away,1578,1581,11,12,1.68,1.16,37.1,8,5.0,1,2,0,19,26,1
7764,2023,La Liga,Away,1432,1531,1,7,0.98,1.25,44.3,7,4.0,2,2,0,18,11,1
7765,2020,Serie A,Home,1288,1401,7,4,0.99,1.46,49.4,7,5.0,3,4,0,16,26,0
7766,2020,Premier League,Home,1767,1484,9,6,1.44,1.59,53.7,7,5.0,1,0,0,17,1,0
7767,2021,Bundesliga,Away,1376,1752,9,10,1.19,1.29,39.2,10,5.0,2,0,0,13,9,0
7768,2024,La Liga,Home,1294,1590,1,7,1.45,1.29,54.0,3,4.0,2,2,0,18,15,1
7769,2022,Ligue 1,Home,1540,1788,6,8,1.1,0.99,41.7,10,4.0,0,1,0,12,51,1
7770,2025,Bundesliga,Away,1491,1348,9,6,1.41,1.11,48.2,8,7.0,1,1,0,18,42,0
7771,2018,Premier League,Away,1708,1447,12,9,1.65,1.2,61.1,4,4.0,3,0,0,21,92,0
7772,2024,Premier League,Away,1447,1558,5,13,1.05,1.06,40.2,4,8.0,2,0,0,13,33,1
7773,2018,Premier League,Away,1448,1604,6,9,1.24,1.9,49.6,6,6.0,0,3,0,18,71,0
7774,2020,Ligue 1,Home,1547,1484,11,9,1.18,1.86,54.5,8,6.0,1,1,0,21,9,1
7775,2021,Bundesliga,Away,1528,1612,10,4,1.41,0.93,57.0,6,,0,2,0,15,35,1
7776,2019,La Liga,Home,1532,1611,7,11,1.36,1.35,50.1,6,,3,0,0,19,85,0
7777,2025,Premier League,Away,1538,1306,6,3,1.77,1.19,54.6,3,5.0,1,1,0,12,62,1
7778,2025,Ligue 1,Home,1523,1605,4,10,1.18,1.31,47.8,7,6.0,0,0,0,16,78,0
7779,2022,Premier League,Home,1442,1650,7,9,1.24,1.09,55.5,5,5.0,2,1,0,19,7,0
7780,2021,Bundesliga,Home,1617,1541,11,7,1.39,1.28,52.2,3,8.0,4,0,0,15,30,1
7781,2024,Bundesliga,Away,1450,1242,7,1,1.63,1.85,54.1,8,3.0,1,2,0,15,55,0
7782,2023,La Liga,Home,1613,1461,6,5,1.35,1.48,53.5,4,7.0,0,0,0,19,95,1
7783,2021,Serie A,Away,1694,1561,14,6,1.34,1.51,55.7,6,6.0,3,2,0,21,37,0
7784,2024,Premier League,Away,1405,1379,1,5,1.05,1.58,48.8,7,6.0,0,0,0,17,19,0
7785,2019,La Liga,Home,1837,1629,14,12,1.52,1.05,50.0,6,4.0,0,3,0,15,80,1
7786,2020,Ligue 1,Home,1400,1602,7,8,1.09,0.93,41.6,4,6.0,2,2,1,18,8,0
7787,2018,Bundesliga,Home,1401,1519,8,6,1.03,1.26,42.6,10,6.0,2,2,0,13,23,0
7788,2018,Bundesliga,Away,1576,1502,6,9,1.44,1.27,51.1,3,10.0,3,2,0,17,56,1
7789,2019,Serie A,Away,1562,1527,8,9,1.09,1.2,47.8,7,6.0,2,1,0,18,83,1
7790,2022,Premier League,Home,1510,1499,8,13,1.51,1.17,49.4,5,6.0,2,4,0,16,95,1
7791,2024,Bundesliga,Home,1615,1320,9,8,1.49,1.53,56.6,3,4.0,1,0,0,21,57,0
7792,2022,Serie A,Home,1535,1440,3,2,1.79,1.73,53.7,4,4.0,0,0,0,18,43,1
7793,2021,Premier League,Home,1789,1510,15,10,1.78,0.82,52.2,3,5.0,0,2,0,13,48,1
7794,2020,La Liga,Away,1493,1699,9,12,1.43,0.86,53.4,4,6.0,0,1,0,15,91,0
7795,2018,Serie A,Away,1380,1597,6,13,1.72,1.33,50.8,8,4.0,0,0,0,13,83,0
7796,2022,Bundesliga,Home,1423,1706,7,9,1.37,0.7,45.6,4,8.0,2,1,0,17,78,0
7797,2019,Premier League,Home,1566,1303,13,8,1.37,1.17,60.3,6,8.0,1,1,0,12,92,0
7798,2024,Ligue 1,Home,1568,1450,6,6,1.21,1.92,,4,3.0,1,1,0,15,66,1
7799,2021,La Liga,Away,1529,1790,5,12,1.75,1.23,40.6,4,7.0,1,0,0,20,60,0
7800,2020,La Liga,Away,1381,1396,8,4,0.97,2.11,47.3,5,8.0,2,0,0,20,84,0
7801,2018,Premier League,Away,1655,1393,11,3,1.24,1.02,49.4,8,6.0,0,1,0,13,58,1
7802,2019,Bundesliga,Home,1771,1462,8,9,1.36,1.91,55.8,4,6.0,0,1,0,12,82,0
7803,2018,La Liga,Away,1504,1783,10,11,1.17,0.77,54.4,6,4.0,3,2,0,16,37,0
7804,2023,Serie A,Home,1753,1406,11,3,1.64,1.66,59.2,5,6.0,0,4,1,13,17,1
7805,2021,Premier League,Away,1621,1578,7,11,1.42,0.74,58.7,4,5.0,0,0,0,12,49,0
7806,2024,Bundesliga,Away,1811,1555,13,1,1.82,1.37,63.7,6,5.0,0,0,0,18,61,1
7807,2022,Bundesliga,Home,1566,1230,9,2,1.15,1.68,53.7,5,5.0,0,1,0,17,73,1
7808,2025,La Liga,Away,1519,1498,7,3,1.15,1.24,50.7,8,,2,0,0,16,63,0
7809,2024,Ligue 1,Away,1618,1423,10,10,1.52,1.07,52.9,8,4.0,2,0,0,21,48,0
7810,2019,Premier League,Away,1439,1595,8,8,1.04,1.19,50.8,6,5.0,1,0,0,17,46,0
7811,2018,Premier League,Away,1557,1743,11,11,1.07,1.19,47.7,4,4.0,1,0,0,15,79,0
7812,2025,Serie A,Home,1686,1452,10,8,1.17,1.11,64.2,6,4.0,0,1,0,13,27,0
7813,2020,Bundesliga,Away,1615,1452,8,9,1.46,1.34,55.1,8,6.0,0,1,0,12,37,0
7814,2024,Premier League,Away,1496,1852,8,14,1.33,1.02,45.2,6,8.0,1,2,0,21,35,0
7815,2023,Serie A,Home,1528,1400,11,8,1.35,1.55,50.0,3,6.0,2,0,0,20,55,0
7816,2023,La Liga,Away,1606,1312,10,5,1.77,1.12,50.0,3,7.0,3,0,1,15,13,0
7817,2020,Serie A,Home,1601,1693,8,12,1.54,1.03,51.1,4,5.0,1,4,0,16,20,0
7818,2020,Serie A,Home,1605,1493,9,6,1.47,1.4,,6,10.0,0,0,0,21,81,1
7819,2022,Ligue 1,Home,1548,1540,12,7,1.74,1.21,53.0,4,5.0,0,1,0,19,26,1
7820,2018,La Liga,Home,1385,1812,8,7,1.47,0.79,46.4,4,8.0,2,0,0,16,73,0
7821,2020,Serie A,Home,1407,1304,7,10,1.07,1.76,54.3,6,8.0,0,2,0,15,11,0
7822,2022,Serie A,Home,1565,1473,11,5,1.63,1.62,56.4,6,7.0,1,0,0,19,58,0
7823,2019,La Liga,Away,1616,1327,7,9,1.92,1.69,62.3,7,10.0,3,1,0,20,64,0
7824,2020,Premier League,Home,1598,1547,10,9,1.9,1.22,50.5,5,8.0,3,0,0,17,25,1
7825,2025,Ligue 1,Home,1405,1423,11,7,1.49,1.37,46.6,7,8.0,1,1,0,20,3,1
7826,2020,Premier League,Away,1479,1336,9,6,1.42,1.81,63.5,3,5.0,1,3,0,18,18,0
7827,2025,Bundesliga,Home,1336,1603,10,6,1.24,1.46,45.3,6,4.0,0,0,0,17,79,1
7828,2025,Premier League,Away,1305,1501,5,12,1.5,1.67,46.5,5,6.0,0,0,0,13,58,0
7829,2023,Bundesliga,Home,1511,1325,6,4,1.03,1.53,49.7,8,5.0,0,0,0,20,11,1
7830,2019,Premier League,Home,1690,1333,13,8,1.88,1.65,60.2,7,3.0,1,0,0,13,13,1
7831,2019,Ligue 1,Away,1514,1529,3,6,1.4,1.49,51.2,6,8.0,0,2,0,15,70,0
7832,2025,Bundesliga,Away,1767,1266,11,1,1.41,1.92,57.8,8,3.0,0,0,1,13,56,1
7833,2018,Premier League,Away,1477,1532,10,13,1.03,0.75,52.3,4,5.0,3,4,0,17,15,1
7834,2022,Bundesliga,Away,1504,1688,9,8,0.93,1.21,44.1,7,3.0,0,0,0,16,1,0
7835,2022,Serie A,Away,1361,1593,0,10,1.34,1.5,33.1,8,5.0,1,0,0,19,65,0
7836,2024,La Liga,Home,1451,1413,3,0,1.78,1.72,48.3,10,3.0,0,2,1,18,60,1
7837,2025,La Liga,Away,1333,1538,5,8,1.04,1.2,49.7,5,,0,1,0,17,40,0
7838,2020,Bundesliga,Away,1284,1325,6,7,0.9,1.6,44.5,6,6.0,1,1,0,20,28,1
7839,2022,Bundesliga,Home,1336,1519,7,8,1.47,1.52,57.5,4,3.0,1,0,0,19,87,0
7840,2023,La Liga,Home,1512,1454,8,7,1.39,1.71,53.8,6,4.0,0,2,0,18,74,1
7841,2025,Ligue 1,Away,1397,1354,8,5,1.55,1.57,,5,4.0,1,1,0,16,89,1
7842,2022,La Liga,Home,1430,1587,8,11,1.03,1.34,40.6,4,7.0,0,3,0,15,42,0
7843,2018,Premier League,Away,1557,1223,8,1,1.58,1.53,52.3,8,,0,4,0,16,34,1
7844,2025,Serie A,Home,1283,1334,6,5,1.57,1.78,47.5,8,5.0,1,1,0,20,20,1
7845,2022,Premier League,Home,1511,1351,6,9,1.1,1.8,47.7,10,8.0,0,0,0,19,68,1
7846,2019,La Liga,Away,1619,1429,11,3,1.4,1.67,52.5,4,4.0,1,3,0,13,32,0
7847,2019,Serie A,Home,1631,1682,7,9,1.4,1.37,56.7,3,4.0,0,0,0,13,70,0
7848,2019,La Liga,Away,1572,1606,10,6,1.62,1.32,47.6,7,7.0,1,1,0,19,94,0
7849,2023,Premier League,Away,1493,1515,9,8,1.66,1.19,41.5,4,3.0,0,0,0,20,87,0
7850,2025,Bundesliga,Home,1413,1508,6,8,1.08,1.16,49.1,6,6.0,1,1,0,19,64,0
7851,2021,Serie A,Away,1488,1498,9,5,1.96,1.61,56.4,6,6.0,0,0,0,13,23,0
7852,2018,Bundesliga,Home,1731,1692,14,10,1.62,1.46,41.6,6,5.0,2,4,0,19,81,1
7853,2025,Serie A,Away,1538,1246,5,5,1.25,1.64,50.5,5,3.0,1,0,0,21,24,0
7854,2023,Serie A,Away,1485,1608,10,7,1.69,1.31,47.2,3,4.0,1,1,0,15,29,1
7855,2022,La Liga,Away,1579,1429,11,6,1.47,1.47,47.8,4,5.0,0,0,0,12,83,0
7856,2018,Bundesliga,Away,1507,1570,7,7,1.26,1.59,47.6,8,6.0,2,3,0,17,76,1
7857,2025,Premier League,Away,1532,1571,10,2,1.25,1.48,56.2,5,4.0,2,3,0,18,22,0
7858,2018,Premier League,Home,1465,1603,6,11,1.84,1.15,44.7,5,10.0,3,3,0,12,72,1
7859,2022,Bundesliga,Home,1442,1722,10,13,1.04,1.28,45.3,3,8.0,0,1,0,19,83,1
7860,2022,Bundesliga,Away,1639,1308,2,1,1.78,1.13,60.9,5,7.0,1,1,0,15,8,0
7861,2022,Serie A,Away,1227,1641,8,12,0.85,1.07,35.7,4,6.0,1,2,0,16,75,0
7862,2022,Premier League,Away,1567,1491,5,8,1.27,0.92,46.6,6,7.0,1,0,0,16,40,0
7863,2021,Premier League,Home,1433,1435,7,4,1.26,1.19,54.9,6,7.0,0,0,0,19,46,0
7864,2022,Serie A,Away,1233,1785,2,10,1.17,0.9,36.4,3,5.0,2,1,0,13,56,1
7865,2020,Bundesliga,Home,1364,1598,10,7,0.79,0.74,,7,3.0,1,1,0,12,86,1
7866,2021,La Liga,Away,1495,1442,7,9,1.21,1.7,51.1,3,4.0,4,3,0,20,25,0
7867,2023,Premier League,Home,1514,1634,6,7,1.62,1.1,46.4,6,8.0,2,2,0,20,4,0
7868,2023,Premier League,Away,1604,1494,12,13,1.72,1.27,53.7,4,8.0,0,3,0,15,61,1
7869,2019,Serie A,Home,1613,1439,11,10,1.4,1.19,48.8,5,5.0,2,0,0,12,90,1
7870,2025,Bundesliga,Away,1283,1415,4,3,0.82,1.57,48.6,4,7.0,0,2,0,13,34,0
7871,2018,Premier League,Home,1553,1543,6,12,1.46,1.66,45.2,6,7.0,0,1,0,18,69,1
7872,2020,Premier League,Home,1602,1414,6,8,1.67,1.56,66.3,7,6.0,1,0,0,12,84,1
7873,2020,La Liga,Away,1531,1522,11,7,1.43,1.42,53.3,6,3.0,0,0,0,21,41,1
7874,2020,Premier League,Away,1570,1624,9,11,1.78,0.74,50.1,8,3.0,4,4,0,20,74,0
7875,2020,Serie A,Away,1229,1515,5,10,0.98,1.31,37.5,3,4.0,0,0,0,16,84,0
7876,2020,Premier League,Away,1361,1777,7,9,0.87,1.26,45.1,5,4.0,3,0,0,16,22,0
7877,2021,Serie A,Away,1691,1502,5,10,1.41,1.65,52.4,5,4.0,0,1,0,18,79,1
7878,2024,Bundesliga,Away,1461,1689,6,9,1.31,1.33,47.3,5,5.0,1,0,0,21,74,0
7879,2024,Ligue 1,Away,1811,1637,10,11,1.52,1.75,51.0,5,6.0,0,1,0,16,89,1
7880,2020,Ligue 1,Home,1321,1714,8,10,1.02,0.98,30.6,6,4.0,2,1,0,21,43,0
7881,2020,La Liga,Home,1719,1776,6,8,1.83,0.92,56.3,4,6.0,4,2,0,19,19,1
7882,2023,Premier League,Away,1415,1253,9,6,1.05,1.67,,4,7.0,1,1,0,19,26,0
7883,2018,La Liga,Home,1621,1537,14,7,1.15,1.64,50.1,4,10.0,1,2,0,12,89,1
7884,2021,Bundesliga,Away,1459,1484,3,8,1.51,1.72,59.2,4,7.0,3,1,0,12,26,0
7885,2019,Premier League,Home,1516,1516,8,9,1.53,0.83,49.9,6,7.0,0,2,0,16,59,1
7886,2022,La Liga,Home,1583,1444,10,11,1.18,1.43,59.5,6,3.0,2,3,0,18,20,1
7887,2018,La Liga,Home,1414,1424,9,5,1.43,1.66,41.6,4,7.0,0,1,1,20,4,1
7888,2024,Premier League,Home,1612,1346,3,3,1.19,1.72,55.0,10,6.0,0,0,0,17,90,1
7889,2020,Bundesliga,Home,1463,1514,8,12,1.13,1.48,47.3,6,5.0,1,1,1,18,18,1
7890,2022,Serie A,Home,1525,1631,7,9,1.1,1.21,42.4,4,10.0,1,0,0,21,80,1
7891,2022,Serie A,Home,1150,1431,3,5,0.85,0.65,38.6,3,4.0,0,1,0,16,86,1
7892,2021,Ligue 1,Away,1453,1454,12,8,1.44,1.91,50.7,4,7.0,0,0,0,13,1,0
7893,2021,Premier League,Away,1677,1402,9,5,1.61,1.59,56.0,5,6.0,0,1,0,20,62,0
7894,2020,Premier League,Away,1597,1361,10,5,1.25,1.25,54.9,4,5.0,0,0,0,16,4,0
7895,2024,La Liga,Away,1624,1467,9,14,1.53,1.3,,5,8.0,2,0,0,12,56,1
7896,2022,Serie A,Away,1507,1548,8,6,1.45,1.37,54.1,10,4.0,4,1,0,20,10,0
7897,2019,Serie A,Away,1735,1676,12,6,1.85,1.31,45.3,8,3.0,0,3,0,15,95,1
7898,2020,Premier League,Home,1540,1333,10,9,1.48,1.15,55.4,6,8.0,1,0,0,13,9,1
7899,2021,Ligue 1,Away,1408,1496,4,6,1.43,1.11,45.5,7,5.0,0,4,0,18,19,0
7900,2024,La Liga,Away,1620,1665,9,10,1.5,1.33,46.2,4,4.0,2,2,0,19,86,1
7901,2025,La Liga,Home,1629,1335,10,7,1.29,1.35,46.5,7,4.0,3,1,1,15,23,0
7902,2021,Serie A,Away,1588,1677,4,5,1.49,0.75,47.6,8,4.0,0,2,0,13,4,0
7903,2021,Ligue 1,Away,1444,1439,4,10,1.59,1.21,,7,7.0,0,4,0,13,28,1
7904,2019,Serie A,Away,1539,1600,10,7,1.71,1.26,49.9,6,4.0,2,1,0,18,72,0
7905,2022,Ligue 1,Home,1695,1469,9,12,0.92,0.97,71.0,7,3.0,2,0,0,18,44,0
7906,2019,Premier League,Home,1567,1564,15,6,1.58,1.7,50.9,3,10.0,2,0,0,21,24,1
7907,2024,Serie A,Home,1293,1725,8,14,1.0,1.44,41.5,5,7.0,1,3,0,16,37,1
7908,2022,Bundesliga,Away,1412,1483,8,12,1.35,1.59,44.3,7,3.0,0,3,0,16,9,1
7909,2019,Serie A,Home,1405,1640,10,8,0.9,1.25,45.0,5,10.0,2,2,0,17,29,0
7910,2025,La Liga,Away,1394,1538,8,7,1.13,1.01,45.8,4,8.0,0,3,0,20,49,1
7911,2024,Ligue 1,Away,1204,1390,4,5,0.62,1.24,41.2,7,6.0,2,3,1,18,33,0
7912,2020,Premier League,Home,1765,1480,7,11,1.53,1.7,52.6,6,6.0,2,2,0,13,92,1
7913,2018,La Liga,Home,1377,1471,8,8,1.37,1.18,50.0,6,5.0,4,0,0,15,34,0
7914,2020,Ligue 1,Home,1387,1302,10,7,1.34,1.52,48.8,5,6.0,0,0,0,13,14,1
7915,2021,Ligue 1,Home,1228,1564,3,8,1.59,1.22,36.9,3,3.0,1,0,0,19,53,0
7916,2021,Ligue 1,Home,1621,1592,4,10,1.35,1.23,57.3,8,8.0,1,1,0,15,62,1
7917,2024,Ligue 1,Home,1487,1614,5,10,1.12,1.22,54.5,4,3.0,0,1,0,20,51,1
7918,2025,Premier League,Home,1451,1700,11,8,1.64,1.11,39.1,6,3.0,4,4,0,19,39,1
7919,2023,Ligue 1,Home,1458,1634,7,14,0.87,1.12,50.9,4,7.0,0,3,0,18,52,1
7920,2024,La Liga,Away,1582,1416,12,6,1.49,1.35,46.0,4,6.0,2,0,0,16,44,1
7921,2019,Serie A,Home,1433,1445,7,10,1.4,1.35,44.9,5,5.0,0,2,0,21,13,1
7922,2019,La Liga,Home,1222,1617,3,6,0.47,1.01,34.0,7,4.0,1,1,0,15,4,0
7923,2025,Bundesliga,Away,1319,1555,11,10,0.88,0.95,41.6,4,6.0,0,3,0,16,21,0
7924,2022,Serie A,Away,1312,1498,4,10,0.8,1.26,45.3,3,6.0,2,0,0,20,32,0
7925,2019,Bundesliga,Home,1539,1378,7,7,1.6,1.24,47.7,5,4.0,1,1,1,13,3,1
7926,2024,Premier League,Home,1630,1426,10,9,1.33,1.4,52.9,6,7.0,1,1,1,20,29,1
7927,2019,Premier League,Away,1705,1582,9,7,1.51,1.01,48.3,6,3.0,1,1,0,12,91,0
7928,2024,La Liga,Away,1271,1227,7,5,0.69,1.12,52.3,5,7.0,0,2,0,19,57,1
7929,2025,Premier League,Home,1587,1172,10,0,1.24,2.01,61.0,5,6.0,0,2,0,21,14,1
7930,2021,Bundesliga,Home,1414,1597,8,9,1.06,1.1,52.4,4,4.0,1,0,0,21,53,0
7931,2023,La Liga,Home,1900,1425,11,5,1.74,0.86,53.1,5,5.0,1,0,0,19,86,1
7932,2023,Serie A,Home,1694,1566,6,8,1.49,1.48,58.9,4,6.0,0,1,0,20,78,1
7933,2025,Premier League,Home,1738,1721,8,14,1.98,1.03,56.1,4,4.0,3,2,0,21,11,0
7934,2022,Premier League,Away,1612,1358,7,10,1.65,1.46,53.6,10,5.0,0,4,0,15,32,1
7935,2020,Serie A,Home,1553,1266,9,1,0.96,1.59,55.3,4,7.0,0,0,0,16,29,1
7936,2019,La Liga,Away,1444,1461,5,10,1.54,1.62,51.2,6,3.0,1,0,0,16,77,0
7937,2020,Premier League,Away,1416,1404,3,10,1.48,1.49,55.3,5,6.0,0,2,0,19,36,1
7938,2018,Premier League,Home,1388,1496,3,8,1.24,0.98,37.0,6,5.0,1,1,0,15,70,0
7939,2023,Premier League,Away,1586,1575,10,12,1.69,0.96,47.9,6,4.0,2,0,0,19,68,0
7940,2020,Serie A,Away,1718,1546,12,7,1.89,0.93,56.5,6,4.0,2,0,0,20,8,1
7941,2023,Premier League,Home,1450,1506,6,6,1.17,1.2,48.9,5,8.0,1,1,0,13,13,1
7942,2018,La Liga,Home,1399,1648,5,8,0.93,1.29,43.9,5,8.0,4,4,0,21,23,1
7943,2020,Bundesliga,Away,1292,1594,7,10,1.26,1.04,34.3,4,6.0,0,1,0,20,41,0
7944,2021,Serie A,Away,1534,1475,8,7,1.18,1.18,49.0,5,4.0,3,1,0,20,40,0
7945,2018,Serie A,Away,1672,1589,13,7,1.61,1.07,50.1,5,8.0,1,2,0,16,17,1
7946,2024,Premier League,Home,1679,1284,9,3,1.29,1.38,55.4,10,4.0,1,0,0,17,94,0
7947,2022,Ligue 1,Home,1693,1649,8,9,1.81,1.36,56.6,3,5.0,0,0,1,20,6,0
7948,2024,La Liga,Home,1558,1503,11,5,1.22,1.25,49.5,6,5.0,0,0,0,16,59,1
7949,2024,La Liga,Home,1513,1332,7,7,1.31,1.76,50.2,10,6.0,1,1,0,20,89,1
7950,2018,Ligue 1,Away,1680,1442,8,10,1.48,1.25,65.7,8,6.0,0,2,0,21,95,1
7951,2024,Serie A,Home,1345,1645,8,12,0.83,1.21,44.7,6,6.0,0,1,0,12,41,0
7952,2018,Serie A,Home,1438,1393,11,14,1.55,1.38,51.9,5,7.0,0,4,0,13,85,1
7953,2024,Ligue 1,Home,1740,1557,11,9,1.94,1.35,53.9,7,5.0,0,1,0,20,55,1
7954,2023,Premier League,Home,1350,1623,3,13,1.15,1.35,39.8,8,7.0,1,1,0,18,37,0
7955,2024,Bundesliga,Away,1495,1503,11,8,1.15,1.34,45.6,6,6.0,4,1,0,21,42,0
7956,2021,Serie A,Home,1588,1379,10,5,1.39,2.12,49.4,5,10.0,1,0,0,20,2,1
7957,2019,La Liga,Home,1512,1491,8,8,1.24,1.72,48.8,3,6.0,0,4,0,19,34,1
7958,2019,Premier League,Home,1661,1303,8,6,1.52,1.38,51.4,6,7.0,1,3,0,17,69,0
7959,2018,Premier League,Home,1714,1432,13,6,1.51,1.73,61.5,3,3.0,0,0,0,20,36,1
7960,2024,Ligue 1,Home,1567,1345,5,3,1.2,1.78,52.2,5,3.0,1,4,0,20,44,1
7961,2022,Premier League,Home,1695,1493,7,5,1.85,1.02,59.3,6,4.0,0,0,0,16,63,1
7962,2019,Premier League,Away,1370,1322,11,8,1.15,0.97,47.0,4,4.0,1,0,0,13,29,1
7963,2018,Bundesliga,Home,1478,1512,5,10,1.81,1.39,51.1,4,7.0,1,1,0,16,10,1
7964,2018,Bundesliga,Away,1837,1659,14,14,1.75,1.17,47.4,6,4.0,0,0,0,12,43,0
7965,2020,Premier League,Home,1772,1667,14,8,1.55,0.57,49.4,3,4.0,2,0,0,16,38,1
7966,2023,Bundesliga,Away,1321,1326,6,4,1.08,1.53,47.3,8,3.0,0,0,0,21,77,1
7967,2025,Serie A,Away,1498,1407,5,3,1.26,1.44,53.5,10,3.0,1,1,0,19,80,0
7968,2022,Bundesliga,Home,1519,1619,9,12,1.34,1.08,,10,6.0,2,1,0,20,61,0
7969,2025,Premier League,Home,1558,1599,12,6,1.47,1.65,56.2,3,5.0,0,3,0,21,71,1
7970,2021,Premier League,Home,1678,1414,11,6,1.27,1.36,56.5,3,4.0,0,1,0,20,58,1
7971,2020,Serie A,Away,1757,1432,9,7,1.38,1.31,57.8,3,3.0,0,4,0,13,5,1
7972,2023,Premier League,Away,1505,1512,8,4,1.55,1.33,42.5,8,8.0,3,1,0,12,84,0
7973,2019,Serie A,Away,1657,1243,6,6,1.65,1.23,61.9,8,4.0,2,2,0,19,5,0
7974,2025,Premier League,Home,1591,1574,6,11,1.06,1.05,55.9,3,6.0,1,1,0,20,15,0
7975,2024,Bundesliga,Away,1497,1652,7,10,1.48,0.5,,3,6.0,2,0,0,21,42,0
7976,2018,Ligue 1,Away,1262,1446,5,7,1.3,1.49,42.4,5,5.0,4,4,0,20,64,0
7977,2019,Bundesliga,Home,1643,1301,6,5,1.57,1.75,57.2,4,6.0,1,2,0,17,71,1
7978,2023,Ligue 1,Home,1585,1698,9,14,1.03,1.24,45.6,3,5.0,2,4,0,15,16,1
7979,2023,Ligue 1,Home,1555,1531,10,8,1.08,1.37,45.8,3,4.0,0,1,0,21,72,1
7980,2019,La Liga,Home,1363,1599,5,9,1.19,1.23,46.1,6,,1,0,0,20,45,0
7981,2023,La Liga,Away,1774,1315,5,3,2.12,1.88,67.3,6,10.0,1,2,0,21,79,1
7982,2021,Ligue 1,Home,1521,1316,8,0,1.24,1.47,54.8,5,6.0,1,4,0,19,37,1
7983,2023,Ligue 1,Home,1340,1558,10,11,1.33,1.51,40.0,4,5.0,1,1,0,19,51,1
7984,2021,Ligue 1,Home,1318,1644,7,9,0.99,1.41,36.3,5,4.0,1,2,0,12,39,0
7985,2021,Bundesliga,Away,1595,1342,9,3,1.88,1.14,68.4,6,6.0,1,0,0,20,27,1
7986,2021,Premier League,Home,1599,1486,8,13,1.47,1.52,50.6,5,5.0,0,2,0,21,39,0
7987,2019,Ligue 1,Away,1435,1278,8,6,0.98,1.26,56.4,4,4.0,0,0,0,19,91,0
7988,2019,Ligue 1,Away,1565,1402,9,6,1.22,1.29,45.7,8,5.0,2,2,0,20,79,0
7989,2019,Serie A,Away,1593,1464,10,10,1.23,1.33,49.4,3,4.0,1,0,0,19,59,1
7990,2024,Bundesliga,Home,1520,1568,5,9,1.4,1.59,54.2,7,5.0,1,0,0,17,61,1
7991,2021,Serie A,Away,1402,1205,7,5,1.07,1.43,50.5,6,4.0,0,2,1,19,13,1
7992,2021,Ligue 1,Away,1635,1685,8,8,1.37,1.26,44.6,5,6.0,1,0,0,18,84,0
7993,2024,Premier League,Away,1617,1476,10,9,1.97,0.97,55.3,4,7.0,2,1,0,18,90,1
7994,2025,Ligue 1,Home,1579,1681,3,12,1.29,1.13,44.1,6,,1,1,0,18,80,1
7995,2019,Premier League,Away,1383,1598,5,7,1.27,1.13,47.3,5,7.0,0,1,0,15,67,0
7996,2020,La Liga,Home,1314,1619,7,4,1.08,1.55,39.1,3,6.0,1,3,0,21,74,0
7997,2021,Premier League,Away,1511,1783,9,13,1.35,0.9,42.7,7,6.0,1,2,0,16,8,0
7998,2024,La Liga,Away,1630,1391,9,8,1.66,1.05,59.2,6,10.0,0,2,0,12,5,0
7999,2023,Premier League,Away,1646,1519,4,10,0.96,1.21,50.9,7,7.0,0,2,0,16,8,0
8000,2022,Ligue 1,Away,1582,1361,10,6,1.48,1.31,49.2,4,4.0,0,0,0,16,46,0
8001,2019,Serie A,Home,1437,1486,11,10,1.19,1.41,46.6,5,6.0,3,4,0,18,39,1
8002,2021,Ligue 1,Away,1387,1601,4,7,1.27,1.58,39.7,5,4.0,2,0,0,17,88,0
8003,2018,La Liga,Home,1498,1658,6,9,1.3,1.11,43.5,4,,0,0,0,16,35,0
8004,2023,Premier League,Home,1499,1446,10,4,1.3,1.48,51.4,8,5.0,3,3,0,13,70,1
8005,2025,Bundesliga,Away,1655,1331,12,8,1.59,1.47,58.1,5,4.0,2,0,0,21,67,0
8006,2024,Bundesliga,Away,1433,1510,10,7,1.14,1.46,52.6,5,8.0,2,0,0,15,28,0
8007,2020,Serie A,Home,1444,1381,9,7,1.78,1.2,47.7,5,8.0,4,4,1,15,23,0
8008,2021,Bundesliga,Home,1788,1419,7,8,1.43,1.41,59.1,10,6.0,1,0,0,21,6,0
8009,2025,Bundesliga,Home,1717,1594,9,8,1.95,1.49,59.9,5,3.0,1,2,0,19,43,1
8010,2021,Serie A,Away,1376,1568,8,10,0.9,1.09,46.8,8,3.0,2,1,0,18,46,0
8011,2024,Ligue 1,Home,1706,1617,10,13,1.51,1.19,56.9,8,4.0,3,2,0,19,33,1
8012,2022,Bundesliga,Home,1343,1453,7,9,1.25,1.37,47.0,5,6.0,3,0,1,21,63,0
8013,2021,Serie A,Away,1439,1641,6,5,1.05,0.84,49.0,6,6.0,2,0,0,12,92,1
8014,2022,La Liga,Home,1455,1502,6,8,1.05,1.52,47.9,6,3.0,3,0,0,12,11,0
8015,2019,Premier League,Away,1489,1460,7,7,1.27,1.23,43.7,4,7.0,0,0,0,21,14,1
8016,2021,Premier League,Away,1587,1346,6,9,1.67,1.47,59.3,10,3.0,1,1,0,16,36,0
8017,2020,Bundesliga,Away,1515,1207,6,3,1.39,1.76,59.5,6,7.0,2,0,0,17,25,0
8018,2024,Bundesliga,Home,1586,1281,8,2,1.92,1.72,57.8,7,8.0,0,1,0,21,48,1
8019,2022,La Liga,Home,1444,1530,7,10,1.43,1.02,43.1,6,5.0,2,2,0,16,8,0
8020,2021,Serie A,Away,1552,1373,10,6,1.29,1.56,62.3,4,7.0,1,0,0,13,57,1
8021,2024,Premier League,Home,1511,1270,7,3,0.69,1.79,60.0,6,10.0,2,2,0,18,62,1
8022,2021,La Liga,Home,1306,1441,10,6,0.75,1.23,43.5,8,3.0,3,1,0,15,77,1
8023,2025,Ligue 1,Away,1568,1539,12,4,1.36,1.5,57.8,7,3.0,1,0,0,16,50,0
8024,2022,La Liga,Away,1513,1558,6,9,0.97,1.39,55.7,5,5.0,0,2,0,13,93,0
8025,2025,Premier League,Away,1400,1496,7,7,1.19,1.47,46.6,6,10.0,4,0,0,15,65,0
8026,2025,Serie A,Home,1441,1491,10,9,1.34,1.57,44.5,6,6.0,3,1,0,12,34,0
8027,2020,La Liga,Home,1444,1425,5,6,1.22,1.19,52.8,5,4.0,1,0,0,12,11,1
8028,2020,Bundesliga,Away,1466,1589,5,9,1.24,1.03,45.9,5,5.0,0,1,0,17,18,1
8029,2024,Ligue 1,Away,1746,1475,14,6,2.11,1.66,70.2,5,3.0,1,1,1,19,44,1
8030,2019,Serie A,Home,1793,1489,13,7,1.69,1.28,52.4,10,4.0,0,3,0,20,37,1
8031,2024,Serie A,Home,1150,1645,6,6,0.93,0.85,45.4,6,7.0,0,1,0,18,27,0
8032,2019,La Liga,Away,1568,1611,9,12,1.18,1.21,46.9,4,10.0,1,2,0,21,37,0
8033,2024,Serie A,Home,1634,1474,8,7,1.5,1.34,52.8,4,8.0,0,4,0,20,46,1
8034,2023,La Liga,Home,1470,1454,4,2,1.2,1.45,46.2,4,4.0,1,0,0,19,35,0
8035,2022,Premier League,Home,1630,1453,9,3,1.94,1.29,55.0,8,8.0,1,0,0,15,6,1
8036,2021,Ligue 1,Away,1732,1217,13,7,1.75,2.04,58.5,4,4.0,1,1,1,12,17,1
8037,2023,La Liga,Away,1308,1654,8,9,1.49,0.98,40.2,5,4.0,0,0,0,20,12,0
8038,2021,Serie A,Away,1519,1404,11,6,1.42,0.95,46.6,6,4.0,1,0,0,19,28,1
8039,2021,Premier League,Home,1774,1620,13,9,1.96,0.87,43.9,7,7.0,2,3,0,21,84,1
8040,2019,Bundesliga,Home,1327,1506,11,9,0.91,1.16,44.4,5,,1,0,0,15,95,0
8041,2019,Premier League,Home,1484,1695,3,14,1.39,1.29,51.2,4,5.0,3,4,0,16,91,1
8042,2025,La Liga,Away,1437,1574,7,10,1.06,1.23,47.8,3,5.0,1,0,0,19,90,0
8043,2023,Bundesliga,Away,1647,1628,7,10,1.4,1.32,49.6,3,4.0,4,3,0,12,29,1
8044,2021,La Liga,Away,1667,1417,14,5,1.54,1.25,69.3,4,4.0,1,0,0,18,66,0
8045,2024,Ligue 1,Home,1523,1320,6,1,1.14,1.61,43.4,6,4.0,2,1,0,13,39,1
8046,2022,Premier League,Home,1505,1521,10,9,0.99,0.93,51.0,3,4.0,3,2,0,13,32,1
8047,2022,Bundesliga,Home,1259,1232,3,6,1.33,1.63,46.2,6,5.0,0,2,1,17,2,1
8048,2018,Ligue 1,Away,1699,1434,11,10,1.15,1.55,56.8,8,6.0,2,2,0,18,73,1
8049,2022,Serie A,Home,1451,1333,7,10,1.72,1.26,49.0,6,4.0,2,3,1,19,1,1
8050,2018,Bundesliga,Home,1480,1382,7,3,1.12,1.87,49.0,8,6.0,0,0,0,17,77,1
8051,2023,La Liga,Home,1636,1583,10,7,1.64,0.8,52.6,5,4.0,1,1,1,18,26,0
8052,2018,Bundesliga,Away,1528,1574,10,10,1.54,1.45,47.9,5,4.0,2,2,0,15,15,1
8053,2022,Ligue 1,Home,1641,1477,9,7,1.23,1.57,50.4,4,8.0,0,3,0,19,29,0
8054,2020,Bundesliga,Home,1584,1545,11,12,1.56,1.09,44.2,6,4.0,0,0,0,16,60,1
8055,2019,Ligue 1,Home,1529,1424,11,6,1.42,1.49,56.4,7,5.0,0,0,0,18,71,0
8056,2021,Serie A,Home,1543,1840,7,15,1.56,0.82,41.3,4,5.0,0,4,0,17,95,0
8057,2019,Serie A,Away,1343,1542,11,8,1.48,1.38,38.8,6,8.0,1,0,0,16,19,0
8058,2019,La Liga,Away,1479,1417,9,11,1.53,1.36,43.0,5,7.0,0,0,0,13,32,0
8059,2025,Bundesliga,Away,1652,1623,8,3,1.3,1.23,52.0,10,4.0,0,0,0,16,71,1
8060,2020,Ligue 1,Away,1374,1674,8,11,1.18,1.04,40.9,3,3.0,0,1,0,18,4,0
8061,2021,Serie A,Home,1400,1392,9,6,1.03,1.3,51.0,5,5.0,3,2,0,13,43,1
8062,2018,Premier League,Home,1377,1301,8,0,1.07,1.33,64.5,5,5.0,1,3,1,21,80,1
8063,2020,Serie A,Away,1521,1329,8,5,1.5,1.66,58.8,5,4.0,1,1,0,12,93,0
8064,2020,Bundesliga,Home,1696,1406,1,3,1.72,1.85,57.0,5,6.0,0,1,0,12,59,1
8065,2023,Ligue 1,Away,1577,1492,6,6,1.58,1.92,43.7,4,8.0,1,1,0,13,64,0
8066,2018,Premier League,Away,1195,1272,6,6,1.09,1.78,56.2,5,3.0,0,1,0,15,80,0
8067,2025,Premier League,Home,1591,1441,6,6,1.56,1.4,54.1,4,7.0,1,0,0,19,94,0
8068,2019,La Liga,Away,1438,1471,8,8,1.17,1.62,61.4,4,4.0,1,1,1,15,6,0
8069,2023,Premier League,Home,1571,1545,11,8,1.77,1.39,46.5,8,7.0,1,3,0,13,87,0
8070,2018,Ligue 1,Away,1479,1586,7,15,1.49,1.18,40.8,6,7.0,1,2,0,12,43,0
8071,2024,La Liga,Away,1380,1556,1,9,1.21,1.79,52.7,7,6.0,0,1,0,20,5,0
8072,2023,Serie A,Home,1490,1751,5,11,1.62,1.36,44.7,5,,1,2,0,18,10,0
8073,2024,Premier League,Away,1438,1653,9,10,1.15,1.02,50.8,8,7.0,1,0,0,12,69,0
8074,2025,La Liga,Home,1543,1531,11,8,1.43,1.56,44.2,7,8.0,2,2,0,13,57,0
8075,2024,Ligue 1,Home,1376,1364,1,2,1.44,1.61,44.1,10,6.0,4,0,0,15,15,0
8076,2022,Serie A,Away,1343,1405,6,8,0.87,1.2,43.3,7,4.0,2,2,0,12,26,1
8077,2024,Premier League,Home,1602,1300,5,8,2.02,1.55,43.6,7,5.0,1,0,0,20,11,1
8078,2018,Premier League,Home,1655,1521,10,12,1.37,1.31,50.7,6,4.0,0,0,1,16,94,1
8079,2023,Ligue 1,Away,1581,1546,8,10,1.33,0.66,41.5,7,8.0,0,0,1,13,19,1
8080,2025,Ligue 1,Home,1409,1625,13,8,1.25,0.88,45.0,5,5.0,0,3,0,19,38,0
8081,2021,Premier League,Home,1396,1537,5,9,1.42,1.59,46.0,3,6.0,0,2,0,19,85,1
8082,2025,Serie A,Home,1404,1648,9,14,1.45,1.03,39.4,5,5.0,1,2,0,12,84,0
8083,2022,Premier League,Away,1625,1650,12,9,1.86,1.36,51.9,7,3.0,1,0,0,15,47,0
8084,2021,Serie A,Away,1384,1356,6,3,1.21,1.8,51.5,3,4.0,2,1,0,15,79,0
8085,2020,Premier League,Home,1624,1427,9,12,1.57,0.9,61.6,8,4.0,1,2,0,15,43,1
8086,2018,Bundesliga,Away,1589,1498,9,5,1.06,1.75,61.5,6,5.0,0,1,0,19,13,0
8087,2025,Ligue 1,Home,1673,1401,8,2,1.27,1.4,57.5,7,5.0,0,0,0,12,52,1
8088,2023,Premier League,Away,1649,1466,7,8,1.49,1.48,56.7,6,4.0,0,0,0,21,78,0
8089,2021,La Liga,Away,1576,1542,7,9,1.52,1.8,53.8,7,8.0,3,2,0,21,69,0
8090,2025,Premier League,Home,1294,1483,2,8,1.11,1.61,54.9,10,3.0,0,2,0,20,81,1
8091,2019,La Liga,Away,1585,1500,7,10,1.57,1.31,45.1,7,5.0,0,0,0,17,84,0
8092,2024,Premier League,Away,1516,1368,7,5,1.35,1.34,50.9,8,3.0,1,0,0,19,8,1
8093,2021,La Liga,Home,1448,1571,7,8,1.23,1.17,40.0,7,6.0,1,0,0,20,34,1
8094,2022,Ligue 1,Away,1691,1561,11,7,2.16,1.15,50.1,5,5.0,0,1,0,18,56,1
8095,2018,Premier League,Away,1479,1393,7,7,1.26,1.76,50.2,5,7.0,0,0,0,21,37,1
8096,2022,Bundesliga,Home,1426,1319,5,7,1.52,1.65,48.3,6,7.0,3,1,0,13,72,1
8097,2023,Premier League,Home,1657,1672,10,12,1.2,1.25,51.7,4,5.0,4,2,0,16,5,0
8098,2025,Serie A,Home,1443,1745,9,8,1.32,1.07,45.0,5,10.0,0,3,0,17,41,0
8099,2020,La Liga,Away,1419,1533,5,5,1.09,1.5,47.1,4,6.0,0,0,0,18,50,0
8100,2018,Ligue 1,Away,1342,1449,3,9,1.67,0.92,48.9,5,5.0,0,2,0,13,24,1
8101,2018,Premier League,Away,1385,1646,5,8,1.08,1.68,52.3,7,5.0,4,2,0,13,71,0
8102,2019,Premier League,Away,1397,1566,6,6,1.23,1.22,47.6,3,6.0,1,2,0,20,19,0
8103,2020,Bundesliga,Away,1587,1471,12,2,1.24,1.14,46.2,8,5.0,2,2,1,16,45,0
8104,2024,Bundesliga,Away,1357,1636,8,13,0.97,1.51,39.1,3,6.0,1,3,0,20,53,0
8105,2019,Bundesliga,Home,1240,1387,4,7,1.04,1.73,42.0,4,4.0,1,1,0,20,22,0
8106,2019,Premier League,Away,1542,1403,13,8,1.49,1.42,60.6,10,4.0,4,2,0,20,7,0
8107,2018,Premier League,Home,1411,1551,6,9,1.52,1.64,44.0,8,6.0,0,0,0,12,89,1
8108,2021,Bundesliga,Away,1498,1516,11,8,1.2,1.59,44.4,3,5.0,2,0,0,17,34,0
8109,2022,Serie A,Away,1680,1589,13,9,1.4,1.36,46.6,8,,2,0,0,19,27,0
8110,2020,Serie A,Away,1510,1667,11,9,1.68,0.79,43.2,7,8.0,1,0,0,16,54,0
8111,2021,La Liga,Home,1711,1283,11,2,1.98,1.58,57.6,5,5.0,2,0,0,19,38,1
8112,2019,La Liga,Away,1490,1505,8,3,1.32,1.35,45.8,8,3.0,2,3,0,13,44,1
8113,2024,Ligue 1,Home,1641,1766,9,15,1.62,1.05,51.2,5,5.0,0,0,0,21,48,0
8114,2018,Bundesliga,Home,1423,1416,9,7,1.68,1.33,48.7,4,4.0,0,0,0,13,82,1
8115,2019,Premier League,Away,1515,1400,6,5,2.03,1.63,52.5,4,8.0,1,1,0,21,65,0
8116,2022,Ligue 1,Home,1369,1186,5,2,1.31,1.32,58.3,5,7.0,0,1,0,12,81,1
8117,2024,Serie A,Home,1386,1514,10,10,1.41,1.64,50.9,5,4.0,1,2,0,18,52,0
8118,2021,La Liga,Away,1469,1581,9,9,1.35,1.26,44.1,7,6.0,0,1,0,13,59,0
8119,2018,La Liga,Away,1314,1581,8,6,0.78,1.07,49.4,4,5.0,0,0,0,16,35,0
8120,2022,Bundesliga,Home,1522,1355,5,5,1.46,1.41,54.1,7,7.0,2,1,1,15,33,1
8121,2020,La Liga,Home,1458,1499,6,8,1.65,1.4,46.0,6,10.0,1,3,0,19,62,1
8122,2020,Serie A,Away,1533,1531,9,7,1.2,1.68,54.6,6,6.0,2,4,0,12,29,0
8123,2025,Bundesliga,Home,1316,1507,5,10,0.68,1.52,47.2,7,4.0,2,1,0,12,30,0
8124,2025,Premier League,Home,1598,1347,5,11,1.61,1.78,57.7,7,4.0,0,1,0,19,26,1
8125,2020,Ligue 1,Away,1738,1511,12,7,1.17,1.32,53.9,5,6.0,1,0,0,18,31,0
8126,2022,La Liga,Home,1708,1386,13,5,1.19,1.4,58.0,6,6.0,0,0,0,15,60,1
8127,2022,La Liga,Home,1767,1238,10,2,1.24,2.05,59.6,3,10.0,3,1,0,15,29,1
8128,2025,Bundesliga,Home,1506,1595,10,8,0.86,1.23,46.7,7,4.0,0,1,0,21,77,0
8129,2025,Serie A,Away,1451,1520,12,3,1.56,1.2,46.2,7,4.0,0,1,1,12,95,1
8130,2020,La Liga,Home,1568,1583,12,11,1.46,1.11,50.8,10,6.0,0,0,0,19,49,1
8131,2018,Serie A,Away,1467,1425,6,3,1.83,1.49,58.7,4,6.0,1,2,0,15,73,1
8132,2018,Ligue 1,Away,1256,1588,2,6,1.27,1.0,40.8,4,6.0,1,1,0,12,66,0
8133,2018,Bundesliga,Home,1615,1643,9,9,1.99,1.27,53.2,8,7.0,0,1,0,17,13,0
8134,2024,Bundesliga,Away,1467,1746,13,14,1.15,1.17,43.7,5,6.0,2,0,0,12,62,0
8135,2023,Premier League,Away,1295,1614,9,7,1.22,1.4,47.8,6,3.0,1,0,0,18,41,1
8136,2024,La Liga,Away,1429,1554,7,8,0.95,0.86,55.4,10,4.0,0,1,0,21,2,0
8137,2019,Serie A,Home,1470,1307,11,6,1.25,1.02,51.5,6,8.0,2,1,0,18,77,1
8138,2018,Premier League,Away,1502,1485,11,6,1.71,1.25,41.9,4,6.0,1,1,0,13,2,0
8139,2019,Bundesliga,Home,1503,1301,3,5,1.34,1.49,48.8,4,7.0,2,0,0,13,86,0
8140,2023,La Liga,Home,1692,1385,13,2,1.5,1.17,62.6,5,5.0,3,0,0,19,60,1
8141,2018,La Liga,Home,1320,1774,6,9,1.15,0.76,40.2,6,5.0,1,1,0,12,84,0
8142,2023,Premier League,Away,1479,1357,5,9,1.36,1.59,48.2,8,7.0,2,3,0,19,59,1
8143,2025,La Liga,Away,1377,1172,6,6,1.25,1.57,63.1,3,8.0,1,0,0,18,18,0
8144,2019,La Liga,Away,1676,1614,11,8,1.88,1.45,50.0,5,4.0,0,1,0,17,89,1
8145,2023,Serie A,Home,1421,1406,4,4,1.08,1.09,48.6,7,4.0,1,0,0,15,27,0
8146,2022,Serie A,Home,1452,1608,7,8,1.25,1.23,44.6,8,3.0,0,0,0,17,18,0
8147,2025,Premier League,Home,1647,1336,8,2,1.54,1.92,64.1,8,4.0,0,0,0,19,22,1
8148,2019,Premier League,Home,1685,1440,12,6,1.33,1.33,52.3,7,7.0,1,0,0,19,92,1
8149,2019,Bundesliga,Home,1706,1667,9,8,1.46,1.05,57.4,4,6.0,0,2,0,12,59,1
8150,2018,Premier League,Home,1270,1315,0,4,1.29,1.74,51.7,5,5.0,0,0,1,17,52,1
8151,2023,Serie A,Away,1568,1476,7,7,1.22,1.68,59.1,6,5.0,0,2,0,20,50,1
8152,2024,Serie A,Home,1538,1541,5,9,2.09,1.15,53.8,4,8.0,1,0,0,18,57,0
8153,2018,Serie A,Home,1493,1399,4,4,1.75,1.3,54.1,5,7.0,1,2,0,17,48,1
8154,2021,Ligue 1,Home,1509,1534,11,10,1.4,1.54,52.9,4,7.0,2,1,0,16,63,0
8155,2023,Serie A,Home,1680,1502,12,10,1.69,1.42,,4,4.0,4,2,1,15,47,0
8156,2024,Ligue 1,Away,1645,1575,7,14,1.7,1.36,48.2,7,6.0,0,1,0,17,78,0
8157,2025,Ligue 1,Away,1626,1758,6,11,1.63,1.18,50.0,6,5.0,0,1,0,16,29,1
8158,2023,Premier League,Home,1529,1875,8,15,1.41,1.0,41.0,3,5.0,0,0,0,13,9,0
8159,2025,Premier League,Away,1818,1565,8,11,2.39,1.54,62.6,8,4.0,1,0,0,16,94,1
8160,2025,La Liga,Away,1444,1485,6,8,1.11,1.71,55.1,6,5.0,1,2,0,19,69,1
8161,2025,La Liga,Away,1274,1562,5,5,1.0,1.04,45.7,6,8.0,3,1,0,17,89,0
8162,2021,Serie A,Away,1463,1467,8,9,1.33,1.6,54.9,6,6.0,1,3,0,15,75,1
8163,2021,Premier League,Away,1508,1278,8,5,1.52,1.54,58.2,3,3.0,1,2,0,15,34,1
8164,2021,Premier League,Home,1682,1493,8,12,2.05,1.03,,8,7.0,0,0,0,15,41,1
8165,2025,La Liga,Home,1428,1651,7,11,1.27,0.98,41.3,6,6.0,2,1,0,16,12,1
8166,2020,Serie A,Away,1569,1295,12,8,1.57,1.43,58.1,4,5.0,4,0,0,17,69,1
8167,2024,Bundesliga,Away,1293,1362,0,4,1.22,1.74,50.5,3,5.0,1,4,0,15,80,1
8168,2023,Ligue 1,Away,1651,1419,10,7,1.5,1.16,57.6,10,7.0,1,1,0,12,17,1
8169,2018,Premier League,Away,1510,1552,5,3,1.67,0.85,50.3,8,4.0,0,1,0,19,39,1
8170,2021,La Liga,Away,1461,1833,11,13,1.41,0.98,41.8,7,5.0,1,0,0,18,2,0
8171,2019,Ligue 1,Home,1798,1387,13,9,1.92,1.33,70.7,6,7.0,1,0,0,20,90,1
8172,2023,Bundesliga,Home,1650,1513,11,11,1.44,1.61,54.1,6,8.0,2,2,0,15,81,0
8173,2021,Serie A,Home,1354,1501,4,7,1.05,1.41,,5,7.0,0,1,0,12,34,0
8174,2020,Serie A,Home,1485,1458,8,2,1.25,1.57,50.8,8,6.0,3,0,0,18,94,1
8175,2018,Premier League,Home,1883,1493,13,6,1.85,1.26,61.5,7,8.0,3,1,0,16,51,1
8176,2019,Ligue 1,Away,1777,1435,5,7,1.93,1.1,54.3,3,7.0,0,0,0,12,92,1
8177,2024,Serie A,Home,1629,1884,9,13,2.02,1.33,40.8,5,7.0,2,2,0,12,39,1
8178,2024,Serie A,Home,1241,1605,6,3,1.11,1.11,38.5,7,4.0,0,1,0,21,34,0
8179,2020,Serie A,Away,1687,1436,6,6,2.02,1.57,49.4,10,3.0,1,0,0,13,34,1
8180,2024,La Liga,Away,1411,1666,8,7,1.41,1.11,44.3,7,10.0,4,1,0,15,63,0
8181,2022,Premier League,Home,1685,1536,10,12,1.39,1.48,49.4,5,7.0,1,3,0,17,75,0
8182,2020,Bundesliga,Home,1399,1508,10,2,1.27,1.42,42.0,7,8.0,1,1,0,20,25,0
8183,2021,Serie A,Away,1568,1475,7,10,1.62,1.4,63.2,7,6.0,0,1,0,18,40,0
8184,2023,Premier League,Away,1410,1465,7,7,1.46,1.48,54.5,7,5.0,0,2,0,12,16,0
8185,2025,La Liga,Away,1449,1329,8,0,1.17,1.44,63.4,8,5.0,3,1,0,20,82,0
8186,2021,Ligue 1,Away,1587,1266,1,9,1.36,1.13,57.9,6,7.0,1,1,0,12,67,0
8187,2020,La Liga,Home,1315,1552,4,12,1.06,1.38,42.8,6,6.0,2,3,0,13,10,0
8188,2024,La Liga,Home,1832,1473,12,10,1.67,1.66,61.2,7,3.0,0,0,0,15,23,1
8189,2022,Serie A,Home,1356,1623,0,9,1.27,1.23,45.5,8,6.0,4,2,0,21,83,0
8190,2021,Bundesliga,Home,1348,1375,7,4,1.65,1.38,47.9,6,5.0,0,3,0,18,25,0
8191,2021,Serie A,Away,1588,1346,9,6,1.34,1.55,52.5,3,,1,0,0,19,5,0
8192,2022,Bundesliga,Away,1681,1609,10,10,1.14,1.5,55.1,3,7.0,0,3,0,16,84,1
8193,2019,Premier League,Home,1455,1459,9,6,0.87,1.32,42.3,7,6.0,3,0,0,18,36,1
8194,2018,Ligue 1,Away,1350,1620,5,7,1.39,0.87,46.5,6,5.0,1,0,0,18,84,0
8195,2023,Ligue 1,Home,1371,1505,6,9,1.07,1.38,45.5,10,7.0,0,3,0,17,33,0
8196,2019,Serie A,Home,1356,1763,8,11,1.26,1.2,44.0,4,8.0,0,0,1,12,56,0
8197,2022,Serie A,Away,1543,1606,8,11,1.22,1.3,54.1,7,4.0,2,0,0,12,86,0
8198,2024,Premier League,Away,1490,1557,3,12,1.3,1.18,51.5,5,7.0,2,2,0,18,84,1
8199,2019,La Liga,Home,1560,1612,8,11,1.33,1.33,43.2,3,3.0,0,4,0,16,72,1
8200,2021,Premier League,Away,1551,1462,8,4,1.23,1.33,45.0,5,4.0,4,4,0,21,5,0
8201,2025,Premier League,Home,1615,1270,11,5,1.79,1.45,51.0,4,8.0,3,0,0,17,42,1
8202,2018,Ligue 1,Home,1443,1551,6,9,1.61,1.23,45.1,6,3.0,0,2,0,16,23,0
8203,2024,Premier League,Home,1397,1772,4,13,1.4,1.15,33.5,8,3.0,0,0,0,20,13,0
8204,2019,Serie A,Away,1522,1179,5,6,1.89,1.71,58.5,10,4.0,0,2,0,19,7,1
8205,2025,La Liga,Away,1492,1566,11,8,1.01,1.16,43.8,6,6.0,3,3,1,15,29,0
8206,2021,La Liga,Away,1535,1285,9,4,1.34,1.59,53.5,8,6.0,0,0,0,20,31,0
8207,2018,La Liga,Away,1400,1497,10,10,1.15,1.45,47.6,8,5.0,0,1,0,18,94,0
8208,2023,La Liga,Away,1590,1511,13,9,1.63,1.48,54.0,4,8.0,1,0,0,19,94,0
8209,2019,Serie A,Home,1335,1605,4,9,0.85,1.38,39.3,3,3.0,1,0,0,13,62,0
8210,2020,Ligue 1,Away,1438,1529,5,6,1.45,1.65,45.7,8,8.0,2,3,0,17,80,1
8211,2022,La Liga,Home,1658,1692,9,15,1.16,1.35,51.0,6,3.0,0,0,0,16,64,1
8212,2023,Ligue 1,Home,1342,1663,7,10,1.36,1.7,41.4,7,3.0,1,1,0,13,4,0
8213,2021,Serie A,Away,1647,1472,6,7,1.8,1.63,53.7,6,3.0,1,0,0,13,77,0
8214,2024,Serie A,Home,1303,1653,6,10,0.85,1.46,44.7,4,7.0,0,1,0,16,2,0
8215,2021,Premier League,Home,1278,1456,6,7,1.01,1.08,41.1,5,6.0,1,2,0,18,21,0
8216,2020,Premier League,Away,1291,1432,2,3,1.42,1.6,50.7,5,6.0,0,0,0,12,59,0
8217,2020,Bundesliga,Away,1516,1331,5,6,1.72,1.71,66.1,6,5.0,0,0,0,15,19,0
8218,2024,Serie A,Home,1602,1684,10,6,1.11,1.17,49.4,3,6.0,4,0,1,18,47,0
8219,2023,La Liga,Home,1681,1458,15,7,1.64,0.88,53.4,5,,0,1,0,17,92,0
8220,2019,Bundesliga,Away,1670,1161,9,0,1.7,1.07,55.5,4,8.0,3,4,0,21,63,1
8221,2024,La Liga,Away,1621,1576,10,3,1.48,1.21,48.7,7,6.0,1,0,1,21,20,1
8222,2021,Bundesliga,Away,1384,1439,5,8,1.58,1.27,50.5,5,5.0,2,0,0,16,26,0
8223,2020,La Liga,Away,1382,1458,7,4,1.08,1.01,47.5,7,5.0,4,0,0,15,31,0
8224,2018,Ligue 1,Home,1610,1467,7,8,1.37,1.48,53.3,7,10.0,2,0,0,15,83,0
8225,2025,La Liga,Away,1699,1453,9,7,1.4,1.11,55.6,7,7.0,1,0,0,21,41,1
8226,2018,Premier League,Away,1356,1882,12,12,1.25,0.59,34.4,8,7.0,2,1,0,15,46,0
8227,2025,Bundesliga,Away,1681,1733,10,9,1.48,1.66,48.4,3,,2,0,0,17,89,0
8228,2018,Premier League,Home,1231,1598,0,8,1.27,1.39,36.8,3,8.0,1,0,0,13,28,0
8229,2022,Ligue 1,Away,1555,1534,10,6,1.32,1.21,51.0,4,4.0,0,1,0,13,62,1
8230,2018,Serie A,Away,1485,1658,10,12,1.29,0.85,46.5,5,8.0,0,0,0,12,67,1
8231,2021,Premier League,Away,1471,1534,9,7,1.38,1.1,55.4,5,8.0,2,2,0,21,48,1
8232,2024,Premier League,Home,1504,1614,7,8,1.16,1.09,43.4,8,8.0,3,1,0,20,83,1
8233,2022,Ligue 1,Away,1380,1578,4,10,1.49,1.14,48.7,10,6.0,0,1,0,16,64,0
8234,2022,Serie A,Home,1562,1518,6,6,1.6,1.25,55.3,5,4.0,3,3,0,17,35,1
8235,2018,Ligue 1,Home,1508,1632,7,4,1.54,0.94,,10,6.0,1,0,0,20,11,1
8236,2025,Premier League,Away,1631,1441,8,4,1.25,1.18,51.4,4,7.0,1,1,0,20,21,1
8237,2021,Ligue 1,Home,1723,1508,9,10,2.0,0.92,62.1,4,3.0,0,1,0,19,78,1
8238,2022,Serie A,Home,1518,1363,11,6,0.92,0.98,47.4,6,7.0,0,0,0,16,4,0
8239,2025,Serie A,Away,1385,1379,9,7,1.42,1.08,46.1,5,7.0,2,0,0,16,19,0
8240,2023,La Liga,Away,1341,1150,9,4,1.22,1.51,49.4,7,4.0,0,2,0,18,30,0
8241,2023,Premier League,Away,1738,1564,8,13,1.79,1.22,51.0,8,5.0,3,4,0,18,21,1
8242,2019,Ligue 1,Away,1720,1602,8,3,1.55,1.37,,6,6.0,1,1,0,15,85,0
8243,2021,Ligue 1,Home,1624,1652,9,9,1.52,1.32,56.7,8,3.0,1,0,0,17,63,1
8244,2022,La Liga,Away,1508,1346,9,6,1.55,1.64,51.9,5,6.0,1,1,0,16,81,0
8245,2019,Ligue 1,Away,1614,1562,9,8,1.49,1.22,61.8,3,5.0,1,0,0,16,65,1
8246,2021,Premier League,Home,1683,1500,11,10,1.62,1.51,59.1,6,7.0,4,1,0,19,62,1
8247,2024,Premier League,Home,1413,1603,11,11,1.33,0.72,42.7,10,8.0,0,3,0,12,14,1
8248,2025,Premier League,Home,1504,1409,7,6,1.92,1.58,49.9,6,,2,3,1,12,43,0
8249,2024,La Liga,Away,1345,1453,8,3,0.79,1.38,48.3,7,6.0,2,1,0,20,29,0
8250,2025,Premier League,Home,1482,1283,9,11,1.67,1.79,55.4,8,10.0,1,3,0,21,40,1
8251,2025,La Liga,Away,1716,1400,10,6,1.71,0.77,52.1,7,5.0,2,0,1,13,22,1
8252,2019,Premier League,Home,1651,1500,11,8,1.61,1.58,50.1,6,8.0,1,3,0,19,32,1
8253,2024,Bundesliga,Home,1519,1524,6,11,1.07,0.92,42.1,7,5.0,0,2,0,13,27,1
8254,2022,Bundesliga,Away,1150,1264,1,4,1.27,1.84,55.9,5,8.0,0,3,0,17,71,1
8255,2024,Bundesliga,Home,1408,1428,8,10,0.98,1.2,50.2,6,6.0,1,1,0,20,75,0
8256,2023,Premier League,Home,1514,1522,3,7,1.75,1.43,48.2,8,7.0,1,1,0,21,22,0
8257,2018,Bundesliga,Away,1470,1697,8,15,1.2,1.15,41.0,5,6.0,0,3,0,15,35,0
8258,2022,Premier League,Home,1505,1382,5,7,1.74,1.71,50.3,7,8.0,0,1,0,18,70,1
8259,2024,Bundesliga,Away,1534,1569,12,7,1.22,1.33,41.8,7,8.0,4,0,0,12,67,1
8260,2018,Serie A,Home,1425,1421,6,12,1.05,1.81,,5,4.0,0,2,0,16,29,1
8261,2022,La Liga,Home,1499,1438,11,8,1.34,1.23,55.4,6,6.0,0,0,0,16,40,1
8262,2023,Premier League,Home,1479,1377,7,4,1.15,1.2,60.4,5,5.0,0,0,0,20,1,1
8263,2021,Bundesliga,Home,1402,1354,6,2,1.2,1.32,55.2,5,4.0,1,0,0,13,76,1
8264,2024,Ligue 1,Home,1758,1434,13,9,2.07,1.57,61.8,6,4.0,0,0,0,17,12,1
8265,2019,Serie A,Home,1433,1647,7,13,1.15,1.39,50.5,4,,0,0,0,12,55,1
8266,2020,Ligue 1,Away,1184,1394,4,7,1.06,1.12,44.0,6,7.0,2,2,0,20,37,0
8267,2025,Ligue 1,Away,1750,1372,9,7,2.04,1.25,52.7,4,5.0,3,2,0,20,44,1
8268,2022,Premier League,Home,1382,1529,5,12,1.29,1.4,50.2,5,4.0,4,1,0,13,30,0
8269,2019,Bundesliga,Away,1626,1501,15,9,1.78,1.66,49.6,7,5.0,1,3,0,21,90,1
8270,2018,La Liga,Home,1405,1490,2,6,1.4,1.18,47.4,6,5.0,1,0,0,16,60,0
8271,2022,Serie A,Away,1580,1536,5,6,1.7,0.96,46.0,5,8.0,0,0,0,16,51,1
8272,2025,Premier League,Home,1493,1359,10,7,1.34,1.73,59.1,5,5.0,2,2,0,16,16,1
8273,2018,Ligue 1,Home,1640,1374,12,7,1.66,1.03,60.9,4,6.0,2,2,0,21,82,1
8274,2018,Bundesliga,Away,1470,1638,5,12,1.78,1.36,38.8,5,8.0,1,0,0,13,23,0
8275,2021,La Liga,Away,1408,1480,2,8,1.18,0.83,48.7,8,6.0,0,3,0,13,47,1
8276,2019,La Liga,Away,1536,1584,11,10,1.51,1.24,54.0,7,10.0,2,2,0,18,51,1
8277,2018,La Liga,Away,1446,1671,4,10,1.13,1.11,43.7,3,3.0,3,0,0,15,36,0
8278,2020,Bundesliga,Home,1230,1618,3,11,1.33,1.05,40.2,4,10.0,0,1,0,19,78,0
8279,2023,Ligue 1,Away,1416,1308,7,7,0.85,1.88,57.5,3,10.0,1,0,0,21,24,0
8280,2024,La Liga,Home,1900,1484,10,7,1.73,1.34,59.1,5,6.0,0,0,0,13,61,0
8281,2020,La Liga,Home,1245,1646,7,9,1.33,1.18,39.5,7,8.0,0,3,0,20,88,1
8282,2023,Serie A,Home,1534,1573,8,9,1.36,1.22,53.0,6,8.0,0,1,0,20,73,0
8283,2024,La Liga,Away,1466,1526,5,8,0.88,1.13,43.5,4,8.0,1,0,0,16,39,0
8284,2018,Serie A,Home,1757,1270,9,8,1.45,2.01,58.8,5,6.0,0,0,0,18,48,1
8285,2024,Premier League,Away,1344,1414,9,7,1.02,1.33,39.7,3,8.0,0,1,0,18,94,0
8286,2019,Premier League,Home,1514,1510,7,4,1.77,1.8,60.1,5,4.0,1,0,0,20,26,1
8287,2023,La Liga,Away,1596,1300,10,2,1.67,1.32,58.0,5,6.0,3,4,1,13,85,1
8288,2024,Ligue 1,Home,1475,1611,7,8,1.56,1.25,51.9,4,8.0,0,2,0,19,53,1
8289,2024,La Liga,Home,1393,1484,2,9,0.94,1.24,,4,10.0,0,4,0,17,89,1
8290,2021,Premier League,Away,1497,1223,9,2,1.36,1.4,63.0,4,8.0,0,3,0,15,29,1
8291,2023,Bundesliga,Home,1457,1421,10,8,1.7,1.37,49.4,4,3.0,1,2,1,16,83,1
8292,2018,Ligue 1,Away,1456,1460,12,5,1.54,1.8,56.8,4,10.0,0,1,0,19,92,0
8293,2021,La Liga,Away,1630,1482,4,8,1.38,1.69,52.7,10,7.0,0,1,0,19,15,0
8294,2025,Premier League,Home,1556,1699,0,11,1.62,1.18,41.0,6,10.0,0,2,0,13,29,1
8295,2019,Bundesliga,Home,1577,1581,10,5,1.13,0.94,55.3,6,7.0,0,0,0,18,31,1
8296,2019,La Liga,Away,1546,1309,6,6,1.2,1.6,56.2,5,4.0,0,2,0,13,63,0
8297,2023,Serie A,Away,1634,1291,5,9,1.04,1.41,52.7,4,7.0,0,1,0,15,94,0
8298,2022,La Liga,Away,1683,1463,10,7,1.54,1.14,47.3,5,6.0,4,2,0,19,36,0
8299,2021,Premier League,Home,1460,1518,6,8,1.48,1.49,50.6,5,5.0,0,1,1,18,32,1
8300,2019,La Liga,Home,1615,1639,6,10,1.25,0.9,49.3,4,3.0,1,1,0,17,56,1
8301,2019,Bundesliga,Away,1319,1742,5,11,1.14,1.16,40.5,7,4.0,1,3,0,19,11,0
8302,2023,La Liga,Away,1185,1750,5,11,0.81,1.24,37.0,4,4.0,1,0,0,18,6,0
8303,2020,Premier League,Home,1756,1438,11,7,1.5,1.57,57.2,7,3.0,1,0,0,17,30,1
8304,2024,La Liga,Home,1453,1631,7,5,1.05,0.91,,4,5.0,1,1,0,20,10,1
8305,2021,Bundesliga,Home,1535,1560,9,9,1.71,1.71,53.0,5,4.0,4,0,0,17,14,1
8306,2021,Premier League,Away,1328,1347,1,3,1.0,1.55,48.8,6,5.0,0,1,0,12,22,0
8307,2019,Bundesliga,Away,1322,1236,5,5,1.1,1.58,54.7,6,7.0,1,0,0,19,6,0
8308,2023,Serie A,Home,1400,1520,7,10,1.12,0.99,49.9,10,4.0,2,1,0,19,8,0
8309,2020,La Liga,Away,1590,1291,8,6,1.54,1.33,62.8,5,5.0,4,1,0,13,44,1
8310,2025,Ligue 1,Away,1428,1381,4,4,1.91,1.36,40.0,5,5.0,0,0,0,17,55,0
8311,2021,Ligue 1,Away,1453,1404,5,7,2.01,1.42,49.1,7,6.0,1,1,0,20,4,1
8312,2024,La Liga,Home,1396,1531,5,7,1.19,1.4,49.4,3,10.0,0,0,0,12,62,1
8313,2021,Premier League,Home,1663,1679,12,8,1.65,1.09,60.1,5,7.0,3,2,0,20,1,0
8314,2021,La Liga,Home,1622,1502,13,13,1.74,1.7,58.9,8,4.0,0,1,0,16,27,1
8315,2021,Premier League,Away,1432,1425,10,4,1.6,1.32,56.2,4,6.0,1,0,0,21,58,1
8316,2021,Serie A,Away,1596,1210,5,5,1.63,1.65,72.0,6,6.0,0,0,0,15,38,1
8317,2021,Ligue 1,Away,1466,1564,5,12,1.6,1.57,47.1,4,4.0,1,2,0,16,68,0
8318,2025,Ligue 1,Away,1453,1504,9,9,1.41,1.2,59.1,8,3.0,0,0,0,12,27,1
8319,2023,La Liga,Away,1493,1423,11,5,1.2,1.07,55.2,7,6.0,1,3,0,17,26,1
8320,2018,La Liga,Away,1590,1663,6,8,1.74,1.09,43.3,7,8.0,2,1,0,18,90,1
8321,2018,Premier League,Home,1375,1333,6,2,1.26,1.72,42.5,4,3.0,2,1,0,15,28,1
8322,2018,Serie A,Away,1570,1404,5,7,1.52,1.45,53.0,6,5.0,2,2,0,18,76,0
8323,2023,Premier League,Home,1850,1466,12,7,1.41,1.54,62.9,4,5.0,0,0,0,20,24,1
8324,2019,Ligue 1,Away,1526,1421,6,6,1.2,1.09,51.3,8,6.0,1,0,0,17,1,1
8325,2021,Ligue 1,Home,1505,1577,8,12,1.27,0.87,48.8,8,4.0,0,2,0,21,57,0
8326,2024,Premier League,Away,1488,1565,4,8,1.48,1.43,57.7,7,7.0,1,3,0,17,51,0
8327,2019,Bundesliga,Home,1567,1647,4,5,1.89,1.3,48.2,6,5.0,0,1,1,18,56,0
8328,2019,Serie A,Home,1275,1570,13,12,1.31,1.05,52.4,4,7.0,3,0,0,16,42,0
8329,2018,Bundesliga,Away,1738,1484,11,4,1.58,1.07,60.2,3,7.0,2,3,0,20,20,1
8330,2020,La Liga,Away,1637,1452,15,8,1.27,1.34,60.0,7,5.0,1,3,0,20,53,0
8331,2018,Premier League,Home,1410,1564,10,10,1.58,1.27,45.0,4,6.0,1,2,0,16,73,0
8332,2023,Serie A,Away,1504,1473,3,7,1.45,1.06,50.4,4,6.0,1,1,0,19,61,0
8333,2023,Premier League,Away,1422,1507,8,10,0.48,1.32,48.0,4,7.0,2,1,0,12,42,0
8334,2019,Serie A,Away,1542,1571,5,9,1.67,0.92,48.8,5,8.0,2,0,0,16,18,0
8335,2022,Premier League,Home,1509,1519,7,7,1.47,1.17,53.0,5,8.0,2,0,0,17,61,1
8336,2020,Bundesliga,Away,1532,1543,3,3,0.86,0.98,56.2,4,7.0,0,1,0,16,1,0
8337,2018,Bundesliga,Away,1356,1389,2,2,1.36,1.42,61.5,4,5.0,1,0,0,21,53,0
8338,2021,Premier League,Home,1433,1689,4,15,1.31,1.01,40.1,7,7.0,2,0,0,12,61,0
8339,2023,La Liga,Away,1660,1345,8,8,1.21,1.82,57.9,8,10.0,0,0,0,15,77,0
8340,2019,Bundesliga,Home,1425,1561,7,12,1.79,1.36,51.6,4,5.0,1,1,0,16,35,0
8341,2024,Premier League,Away,1150,1432,1,13,1.09,1.08,43.3,6,6.0,0,1,0,13,2,0
8342,2025,Serie A,Home,1479,1652,8,9,1.22,1.43,39.2,5,7.0,0,0,0,15,15,0
8343,2018,Serie A,Away,1838,1624,15,9,1.54,1.18,59.3,5,7.0,1,3,0,16,18,1
8344,2019,La Liga,Away,1619,1500,10,3,1.45,1.53,49.0,7,6.0,2,0,0,17,41,1
8345,2020,Bundesliga,Away,1418,1718,6,9,1.23,0.82,43.5,7,5.0,0,1,0,16,29,0
8346,2024,Serie A,Away,1493,1474,8,6,1.5,1.52,59.1,3,6.0,1,4,0,18,27,1
8347,2019,Serie A,Home,1595,1623,5,8,1.41,1.74,52.8,8,5.0,1,0,0,21,31,1
8348,2021,Premier League,Away,1254,1398,7,9,0.99,1.58,49.6,3,8.0,2,0,0,15,19,0
8349,2022,Premier League,Home,1380,1557,3,10,1.27,1.14,53.0,5,7.0,1,2,0,19,78,0
8350,2019,Premier League,Home,1556,1369,12,8,1.31,1.75,54.1,3,3.0,1,2,0,15,95,1
8351,2018,Ligue 1,Home,1723,1503,12,4,1.58,1.17,57.2,6,5.0,0,1,0,18,42,1
8352,2018,Ligue 1,Away,1438,1493,8,8,1.64,1.47,47.7,5,6.0,4,2,0,18,15,0
8353,2018,Bundesliga,Away,1719,1623,12,10,1.48,1.79,56.3,4,7.0,2,2,0,18,78,0
8354,2022,Premier League,Home,1394,1406,6,11,1.2,1.28,43.0,5,6.0,0,0,0,13,53,0
8355,2025,Serie A,Away,1150,1900,1,13,0.77,1.11,30.0,4,8.0,0,2,0,19,2,0
8356,2020,Bundesliga,Home,1604,1307,6,5,1.74,2.02,57.6,6,7.0,1,2,0,20,77,1
8357,2020,Serie A,Home,1576,1533,13,11,1.01,1.56,54.1,6,6.0,1,2,0,18,18,1
8358,2019,Premier League,Home,1603,1540,9,7,1.26,1.49,61.1,6,6.0,1,2,0,16,54,1
8359,2025,Ligue 1,Away,1598,1575,6,10,1.64,0.78,46.1,7,8.0,1,0,0,15,67,0
8360,2025,Premier League,Home,1527,1428,9,8,1.34,1.17,52.2,3,6.0,3,0,0,17,93,0
8361,2023,Premier League,Away,1464,1534,8,7,1.53,1.53,49.5,6,6.0,0,0,0,20,23,0
8362,2021,Ligue 1,Home,1469,1421,6,5,1.27,1.34,45.5,6,7.0,0,2,0,17,7,0
8363,2019,Serie A,Away,1436,1762,4,11,1.11,0.98,38.1,5,4.0,0,2,0,16,63,0
8364,2025,La Liga,Away,1444,1411,9,5,1.26,1.72,41.8,7,5.0,2,1,0,19,37,0
8365,2018,Serie A,Home,1246,1479,7,3,0.75,1.53,46.9,3,7.0,3,0,0,20,45,0
8366,2019,Ligue 1,Away,1330,1407,6,8,0.96,1.22,44.1,7,7.0,0,4,0,12,10,0
8367,2023,Premier League,Away,1477,1388,7,8,1.55,1.63,58.4,5,8.0,0,3,0,18,47,1
8368,2019,Bundesliga,Home,1186,1304,2,3,0.94,1.28,49.1,3,7.0,2,0,1,17,22,0
8369,2018,La Liga,Home,1219,1594,5,6,1.03,0.86,39.7,3,4.0,2,1,1,17,82,0
8370,2022,Premier League,Home,1453,1406,5,8,1.33,1.51,47.4,4,8.0,2,1,0,16,86,0
8371,2018,La Liga,Away,1482,1388,4,11,0.94,1.13,54.3,6,6.0,0,0,0,19,33,1
8372,2020,Serie A,Away,1456,1365,10,9,0.91,1.15,51.0,6,4.0,1,1,0,19,61,1
8373,2023,Premier League,Away,1167,1543,1,11,1.08,1.05,43.3,3,5.0,1,0,0,21,87,0
8374,2019,La Liga,Away,1717,1503,5,7,1.49,1.38,61.1,4,4.0,0,3,1,15,40,1
8375,2024,Serie A,Home,1299,1504,8,9,1.07,1.53,41.1,3,10.0,0,2,0,18,8,1
8376,2018,Serie A,Away,1385,1393,2,6,1.38,1.36,47.6,7,6.0,1,1,0,12,46,0
8377,2022,Bundesliga,Away,1323,1561,4,6,0.92,0.98,50.4,8,6.0,0,1,0,20,66,0
8378,2018,Bundesliga,Home,1682,1407,7,7,1.41,1.14,63.8,4,4.0,3,0,1,13,74,1
8379,2023,La Liga,Home,1559,1510,6,5,1.33,0.94,46.4,8,5.0,1,4,0,18,18,1
8380,2024,La Liga,Away,1434,1480,12,5,1.36,1.54,44.7,3,8.0,2,2,0,13,13,0
8381,2024,Serie A,Away,1424,1264,6,4,1.18,1.33,49.8,6,7.0,4,1,0,16,37,0
8382,2020,Serie A,Away,1525,1784,9,10,1.22,1.14,44.7,7,7.0,0,0,0,20,27,0
8383,2019,Premier League,Away,1325,1580,7,8,1.58,0.82,36.7,5,7.0,2,3,0,19,91,1
8384,2025,La Liga,Away,1553,1525,6,2,1.42,1.63,50.9,3,7.0,0,2,0,16,93,0
8385,2023,Premier League,Away,1423,1547,9,6,1.43,1.29,46.7,7,7.0,3,0,0,16,81,1
8386,2019,La Liga,Home,1573,1787,9,15,0.98,0.69,41.6,7,6.0,2,1,0,18,47,0
8387,2018,Ligue 1,Home,1568,1659,10,9,1.1,1.04,48.2,5,4.0,0,0,0,18,85,1
8388,2020,Serie A,Home,1417,1549,5,10,1.41,1.34,47.1,3,6.0,0,0,0,17,69,0
8389,2023,La Liga,Home,1213,1401,5,7,0.97,1.21,43.5,8,3.0,1,1,0,16,43,0
8390,2020,Serie A,Away,1465,1423,7,6,1.21,1.5,59.5,3,6.0,0,2,0,17,58,1
8391,2024,Serie A,Home,1297,1248,8,2,0.89,1.88,,4,8.0,4,1,0,18,14,0
8392,2022,La Liga,Home,1511,1448,6,5,1.61,1.61,51.8,5,6.0,2,0,0,16,19,1
8393,2025,La Liga,Away,1464,1593,12,14,1.47,1.25,43.8,5,5.0,3,0,0,18,86,0
8394,2024,Bundesliga,Away,1418,1589,7,7,1.24,1.62,50.6,6,5.0,0,1,0,20,30,0
8395,2021,Premier League,Away,1319,1586,5,13,1.21,1.31,37.7,4,,2,1,0,15,1,0
8396,2024,Serie A,Home,1666,1428,9,6,1.46,1.37,56.7,5,6.0,0,3,0,20,89,0
8397,2021,Serie A,Home,1436,1577,7,8,1.11,1.24,41.9,8,8.0,1,2,0,12,54,0
8398,2018,Bundesliga,Home,1829,1615,10,9,1.58,1.26,46.8,8,7.0,1,1,0,19,60,1
8399,2020,Ligue 1,Home,1505,1188,9,3,1.55,1.73,54.6,3,5.0,2,2,0,13,54,1
8400,2021,Bundesliga,Away,1549,1543,8,6,1.31,1.08,47.0,7,6.0,4,3,0,16,53,1
8401,2025,Serie A,Away,1505,1791,13,11,1.37,1.36,45.5,6,4.0,1,1,0,15,81,0
8402,2024,Premier League,Home,1548,1459,7,3,1.3,1.7,48.0,3,4.0,0,2,0,20,9,1
8403,2019,Serie A,Home,1653,1150,9,4,1.75,2.27,52.2,7,3.0,2,0,0,16,53,1
8404,2018,Bundesliga,Home,1655,1386,8,7,1.36,1.01,46.8,4,4.0,1,0,0,19,19,1
8405,2022,Ligue 1,Away,1253,1246,9,6,1.46,1.57,51.0,4,7.0,2,2,0,17,70,1
8406,2022,Bundesliga,Away,1620,1411,5,5,1.34,1.22,57.6,3,3.0,0,3,0,13,20,0
8407,2023,Premier League,Home,1570,1329,9,7,1.28,1.65,56.9,7,6.0,1,0,0,13,9,1
8408,2020,Bundesliga,Away,1505,1630,8,10,1.86,1.53,44.7,7,5.0,1,1,0,21,12,1
8409,2024,Ligue 1,Away,1740,1609,7,9,1.35,1.25,54.9,7,10.0,0,1,0,19,36,0
8410,2021,Bundesliga,Home,1745,1548,15,13,1.61,1.22,45.7,6,6.0,1,2,0,15,63,1
8411,2020,Bundesliga,Home,1627,1672,7,11,1.74,1.06,38.8,5,7.0,3,0,0,12,37,0
8412,2021,Serie A,Away,1424,1421,7,5,0.88,1.36,42.8,6,7.0,2,3,0,12,80,0
8413,2025,Serie A,Home,1333,1510,10,12,1.23,1.43,44.7,3,5.0,2,1,0,12,65,0
8414,2021,La Liga,Home,1606,1807,8,13,1.08,1.16,48.9,7,3.0,1,0,0,18,78,1
8415,2022,Premier League,Away,1690,1582,10,13,1.57,1.64,47.7,7,4.0,3,0,0,17,85,1
8416,2025,Bundesliga,Away,1216,1582,3,4,1.55,1.23,,3,5.0,1,4,0,16,47,0
8417,2018,Ligue 1,Away,1652,1393,9,5,0.93,1.67,59.6,8,6.0,1,2,0,18,60,0
8418,2022,Bundesliga,Home,1464,1442,10,6,1.29,1.17,48.5,5,6.0,1,0,0,13,94,1
8419,2023,La Liga,Away,1247,1360,3,1,0.96,1.15,48.1,4,7.0,0,1,0,16,44,1
8420,2025,Premier League,Home,1566,1735,1,11,1.17,1.38,46.3,3,8.0,2,3,0,12,81,1
8421,2018,La Liga,Away,1627,1282,9,4,1.11,1.64,52.4,10,4.0,3,1,0,16,69,0
8422,2023,Bundesliga,Home,1451,1628,7,4,1.57,1.1,54.5,6,5.0,1,1,0,15,21,1
8423,2024,Serie A,Home,1352,1581,6,6,1.24,1.04,39.9,6,5.0,1,0,0,19,92,0
8424,2020,Ligue 1,Away,1740,1276,10,8,1.15,1.43,71.1,4,4.0,1,2,0,13,47,1
8425,2023,La Liga,Away,1406,1660,4,12,1.01,1.26,46.4,7,6.0,3,1,0,18,84,0
8426,2021,Serie A,Home,1662,1464,9,5,1.39,1.42,56.3,6,4.0,0,3,0,19,75,1
8427,2023,Bundesliga,Home,1288,1315,10,3,0.72,1.15,41.9,5,3.0,0,0,0,18,61,0
8428,2021,Premier League,Home,1558,1551,8,10,1.44,0.98,51.9,6,3.0,0,0,1,12,26,1
8429,2019,Ligue 1,Away,1554,1385,10,1,1.47,1.49,53.8,4,7.0,4,1,0,18,20,1
8430,2024,Serie A,Home,1622,1471,6,9,1.54,1.52,52.6,5,6.0,1,0,0,18,10,1
8431,2019,Premier League,Away,1709,1429,9,2,2.09,1.22,50.5,4,8.0,1,2,0,19,61,0
8432,2019,Premier League,Home,1386,1377,4,10,0.99,1.1,54.6,3,8.0,2,0,0,16,46,0
8433,2025,Ligue 1,Home,1573,1334,12,7,1.31,1.51,60.6,10,7.0,1,0,0,13,32,1
8434,2025,Serie A,Away,1309,1612,1,4,1.01,0.7,33.9,4,8.0,0,2,0,13,70,0
8435,2022,Bundesliga,Away,1307,1545,6,7,1.35,1.21,41.1,3,4.0,2,0,1,13,70,0
8436,2022,Bundesliga,Home,1419,1536,7,9,1.45,1.47,45.6,4,,1,0,0,20,24,1
8437,2020,La Liga,Home,1557,1449,9,2,1.13,1.33,54.4,5,6.0,1,1,0,12,24,0
8438,2022,Bundesliga,Away,1735,1507,4,7,1.97,0.95,56.4,3,8.0,2,1,0,21,87,1
8439,2022,Ligue 1,Home,1760,1397,5,8,1.41,1.82,58.7,6,4.0,0,0,0,13,1,1
8440,2022,Premier League,Away,1450,1395,7,1,1.51,1.45,53.8,6,7.0,0,2,0,15,83,0
8441,2023,Bundesliga,Home,1543,1739,6,12,1.6,1.19,54.4,5,3.0,3,1,0,13,60,0
8442,2022,La Liga,Home,1632,1624,7,9,1.59,1.46,48.7,8,7.0,2,1,0,17,7,1
8443,2025,La Liga,Away,1607,1421,8,9,1.39,1.38,59.8,4,4.0,2,0,0,15,77,1
8444,2023,La Liga,Away,1476,1291,4,4,1.25,1.47,63.4,3,10.0,1,1,0,18,83,0
8445,2021,Ligue 1,Home,1511,1262,4,2,1.48,1.87,63.9,3,10.0,1,4,0,18,38,1
8446,2023,Premier League,Home,1485,1411,7,3,1.47,1.23,55.1,7,5.0,2,4,0,19,90,1
8447,2019,La Liga,Home,1471,1515,2,7,1.5,1.57,52.2,5,8.0,0,0,0,16,75,0
8448,2019,Bundesliga,Away,1452,1517,6,7,1.47,1.05,50.5,8,4.0,2,0,0,19,74,0
8449,2024,Premier League,Away,1483,1521,6,11,1.42,1.15,57.5,3,6.0,3,2,0,12,20,0
8450,2022,Bundesliga,Away,1443,1547,7,7,1.64,1.38,45.5,6,8.0,2,2,0,12,48,0
8451,2018,Ligue 1,Home,1341,1355,12,2,1.03,1.84,,4,7.0,4,0,0,17,41,0
8452,2020,Premier League,Home,1621,1711,6,9,1.49,1.2,44.5,8,5.0,1,3,0,18,44,0
8453,2025,Premier League,Away,1572,1472,9,3,1.29,1.03,64.7,5,4.0,3,3,0,16,38,1
8454,2023,Ligue 1,Away,1763,1541,11,9,2.25,1.49,63.2,4,4.0,2,1,0,17,73,1
8455,2024,Premier League,Away,1552,1408,10,8,1.6,1.23,50.6,3,3.0,2,2,0,21,20,0
8456,2022,Premier League,Home,1442,1544,6,10,1.54,1.47,41.4,5,5.0,0,0,0,15,42,0
8457,2018,Ligue 1,Home,1412,1791,10,10,1.36,1.16,39.5,4,7.0,0,1,0,16,38,0
8458,2019,Ligue 1,Home,1507,1361,9,4,1.34,1.1,54.0,3,5.0,2,1,1,16,85,1
8459,2018,Serie A,Away,1577,1344,10,4,2.1,1.58,57.1,4,4.0,1,2,0,19,18,1
8460,2023,Serie A,Away,1466,1379,3,6,1.62,1.15,44.5,6,5.0,0,3,0,17,42,1
8461,2024,Ligue 1,Away,1294,1453,5,6,1.04,1.73,42.3,4,4.0,0,2,0,18,15,0
8462,2021,Serie A,Away,1397,1427,5,11,1.17,1.02,55.3,5,6.0,0,0,0,13,23,0
8463,2023,Serie A,Away,1503,1354,5,5,1.41,1.44,56.8,6,3.0,0,0,0,18,6,0
8464,2022,Bundesliga,Away,1604,1493,7,7,1.33,1.12,49.3,3,7.0,4,4,0,13,80,1
8465,2023,Serie A,Away,1292,1719,5,8,1.03,1.51,44.2,6,4.0,1,1,0,13,44,0
8466,2023,Serie A,Home,1537,1479,9,5,1.01,0.98,56.3,5,10.0,4,0,0,13,82,0
8467,2021,La Liga,Away,1531,1486,10,4,0.79,1.95,62.2,6,7.0,0,2,0,15,15,0
8468,2023,Serie A,Away,1437,1548,9,5,1.77,1.22,46.1,6,5.0,1,2,0,20,56,1
8469,2020,Serie A,Away,1418,1591,7,13,1.13,1.13,42.3,7,4.0,1,1,0,13,46,1
8470,2023,La Liga,Home,1397,1692,6,11,1.16,1.37,41.9,6,6.0,2,3,0,16,69,0
8471,2025,La Liga,Away,1520,1534,7,7,1.39,1.31,54.3,3,10.0,0,2,0,18,20,0
8472,2019,Bundesliga,Home,1658,1500,9,6,1.7,1.14,47.7,8,5.0,1,1,0,15,94,1
8473,2023,La Liga,Away,1668,1361,7,9,1.73,1.28,57.7,7,6.0,0,0,1,15,80,1
8474,2018,Premier League,Away,1343,1604,5,7,1.43,1.13,43.7,8,5.0,2,1,0,12,62,1
8475,2021,La Liga,Home,1474,1382,8,2,1.47,1.28,58.9,4,6.0,1,3,0,19,45,1
8476,2023,Premier League,Home,1193,1377,8,7,0.95,1.66,42.7,6,10.0,0,1,0,20,33,0
8477,2020,Bundesliga,Home,1515,1527,7,5,1.68,1.35,49.0,8,5.0,0,1,0,15,43,0
8478,2019,La Liga,Away,1584,1716,6,7,1.4,1.27,49.3,8,3.0,0,0,0,21,76,1
8479,2021,La Liga,Away,1720,1602,13,6,1.85,1.15,49.9,5,6.0,0,0,0,16,44,1
8480,2018,Bundesliga,Home,1250,1495,0,9,0.69,1.52,39.9,8,7.0,0,1,0,19,90,0
8481,2023,Premier League,Away,1348,1363,8,6,1.51,1.3,59.0,5,8.0,3,2,0,21,70,0
8482,2019,Premier League,Away,1520,1713,4,7,1.15,0.93,48.0,3,7.0,1,0,0,20,37,0
8483,2020,Bundesliga,Away,1273,1492,6,9,0.74,1.23,50.6,10,7.0,0,3,0,17,92,0
8484,2020,Serie A,Home,1524,1459,7,5,1.05,1.74,55.3,5,,0,2,0,13,71,0
8485,2025,Bundesliga,Home,1587,1578,9,4,1.5,1.14,49.6,4,3.0,0,0,0,16,70,1
8486,2025,Bundesliga,Away,1321,1437,11,3,1.72,1.27,44.1,8,3.0,2,1,0,15,40,0
8487,2018,Ligue 1,Home,1519,1395,6,6,1.32,1.5,50.3,7,4.0,0,4,0,15,83,1
8488,2019,Premier League,Home,1330,1408,3,4,1.13,1.4,44.4,5,5.0,2,4,0,12,29,1
8489,2023,Bundesliga,Home,1693,1408,10,7,1.75,1.16,53.5,7,7.0,2,2,0,18,7,1
8490,2020,Bundesliga,Away,1529,1342,12,8,1.24,1.2,50.8,3,5.0,2,4,0,17,31,0
8491,2023,Premier League,Away,1410,1327,7,4,1.21,1.69,56.0,6,5.0,1,1,0,13,67,0
8492,2025,Ligue 1,Home,1327,1636,6,15,1.07,0.93,37.5,4,5.0,0,1,0,16,26,0
8493,2019,La Liga,Home,1554,1594,9,9,1.9,1.49,56.0,6,10.0,1,1,0,12,78,1
8494,2025,Ligue 1,Home,1690,1385,7,6,1.58,1.34,61.4,5,5.0,1,3,0,19,81,1
8495,2018,Serie A,Home,1392,1624,7,6,1.42,0.66,47.6,7,6.0,0,0,0,18,38,1
8496,2019,Serie A,Home,1438,1543,6,7,1.1,1.47,48.6,6,10.0,4,0,0,18,81,0
8497,2022,Premier League,Home,1395,1455,10,6,0.95,1.59,50.6,7,6.0,2,1,0,20,88,1
8498,2025,Ligue 1,Home,1718,1328,12,7,1.76,1.65,57.6,7,6.0,0,1,0,20,52,1
8499,2022,Serie A,Away,1233,1548,1,7,1.12,1.19,37.9,7,6.0,1,2,0,20,29,0
8500,2019,Premier League,Away,1680,1761,9,12,1.81,1.03,45.8,10,6.0,1,1,0,20,26,1
8501,2019,Premier League,Away,1447,1502,8,8,1.07,1.23,42.1,5,6.0,3,0,0,19,73,0
8502,2024,Bundesliga,Away,1490,1640,5,12,1.32,1.04,48.5,7,6.0,1,2,0,13,54,0
8503,2022,Premier League,Home,1452,1470,4,10,0.98,1.45,44.6,4,,0,0,0,16,3,0
8504,2018,Serie A,Away,1534,1629,7,10,1.26,1.18,50.9,10,10.0,2,1,0,17,29,0
8505,2022,Bundesliga,Away,1398,1479,7,9,0.88,1.25,51.4,8,8.0,1,0,0,15,35,0
8506,2021,La Liga,Home,1648,1163,12,6,1.44,1.48,63.4,3,3.0,1,1,0,13,22,1
8507,2018,Serie A,Away,1654,1399,10,8,1.85,1.48,53.8,7,7.0,1,3,0,18,91,0
8508,2019,Premier League,Away,1362,1519,12,8,0.98,1.65,41.8,6,4.0,3,1,0,19,17,0
8509,2025,Ligue 1,Away,1593,1652,7,10,1.23,1.24,44.9,5,4.0,0,0,0,17,52,0
8510,2023,Ligue 1,Away,1450,1479,9,11,1.25,1.03,44.7,3,4.0,1,1,0,12,43,1
8511,2018,La Liga,Away,1507,1504,5,8,1.31,1.34,50.0,6,5.0,1,2,0,17,67,0
8512,2018,Serie A,Home,1714,1418,14,8,1.78,1.54,56.9,6,5.0,1,4,0,20,36,1
8513,2020,Serie A,Away,1406,1719,10,8,0.92,1.33,51.7,7,8.0,2,0,0,16,13,0
8514,2021,Ligue 1,Away,1630,1710,11,14,0.87,1.29,57.3,5,6.0,1,1,0,15,47,0
8515,2021,La Liga,Away,1564,1405,4,8,1.44,1.47,61.6,6,,0,1,1,15,57,1
8516,2023,Serie A,Home,1473,1288,9,4,1.74,2.22,53.6,5,6.0,1,2,0,16,81,1
8517,2019,Ligue 1,Home,1551,1247,6,4,1.36,1.28,50.5,3,6.0,1,2,0,20,35,1
8518,2018,Premier League,Away,1535,1584,9,8,1.49,1.65,49.7,5,10.0,1,1,0,19,42,0
8519,2023,Serie A,Away,1338,1519,2,8,1.15,1.47,44.2,10,4.0,0,1,0,21,81,1
8520,2025,Premier League,Away,1415,1391,7,7,1.44,2.02,50.8,3,7.0,2,3,0,19,54,0
8521,2019,Serie A,Away,1354,1538,5,7,1.12,0.95,47.6,7,3.0,2,2,0,12,61,0
8522,2020,La Liga,Home,1461,1328,5,1,1.29,1.89,56.8,5,5.0,2,1,0,17,76,1
8523,2023,Ligue 1,Away,1688,1611,11,13,1.97,1.66,43.0,4,5.0,1,0,0,18,12,0
8524,2019,La Liga,Home,1581,1446,8,8,1.73,1.36,59.9,6,8.0,1,3,0,21,80,1
8525,2024,Premier League,Away,1299,1349,5,6,0.96,1.27,53.5,5,3.0,2,0,0,21,22,0
8526,2019,Bundesliga,Home,1462,1449,9,7,1.14,1.93,47.5,10,5.0,0,3,0,19,4,1
8527,2022,Bundesliga,Home,1533,1444,13,9,1.24,1.19,56.7,6,4.0,0,2,0,19,36,1
8528,2020,Bundesliga,Away,1604,1551,9,8,1.18,1.57,50.1,5,3.0,0,0,0,12,82,1
8529,2023,Bundesliga,Home,1409,1663,2,9,1.11,1.58,43.8,10,3.0,4,0,0,18,95,0
8530,2019,La Liga,Away,1327,1656,1,9,1.13,1.17,41.0,4,5.0,1,4,0,15,68,1
8531,2018,Serie A,Away,1492,1522,8,11,1.15,1.29,45.6,10,7.0,0,1,0,20,24,0
8532,2022,Premier League,Away,1580,1474,11,8,1.57,1.81,46.4,7,10.0,4,1,0,18,65,0
8533,2024,Premier League,Away,1533,1420,8,6,0.97,1.35,66.5,6,5.0,3,0,0,17,47,0
8534,2023,Ligue 1,Away,1376,1252,7,3,0.92,1.43,56.2,5,10.0,1,0,0,19,21,0
8535,2024,Bundesliga,Home,1746,1497,10,7,1.79,0.68,56.9,3,3.0,1,0,1,13,61,1
8536,2021,Premier League,Home,1486,1381,10,9,1.81,1.74,61.7,8,3.0,0,0,0,15,64,0
8537,2019,Premier League,Home,1527,1671,9,7,1.44,1.1,38.0,6,5.0,2,2,0,19,94,1
8538,2021,Ligue 1,Away,1407,1472,4,9,1.04,1.57,47.1,6,5.0,1,2,0,12,43,1
8539,2025,Premier League,Home,1655,1605,11,11,1.24,1.22,48.2,6,4.0,1,2,0,12,82,0
8540,2024,Premier League,Home,1580,1432,4,7,1.34,1.75,51.2,8,8.0,1,2,0,16,91,1
8541,2023,Premier League,Home,1544,1405,9,6,1.72,1.78,53.6,4,6.0,3,1,0,13,84,1
8542,2020,Premier League,Home,1339,1585,5,5,1.3,1.02,41.7,6,5.0,3,3,0,16,12,1
8543,2022,La Liga,Home,1653,1539,10,10,1.21,1.2,43.9,7,3.0,1,0,1,13,91,0
8544,2022,Ligue 1,Away,1606,1545,10,4,1.56,1.45,46.4,8,3.0,0,1,0,17,86,1
8545,2023,La Liga,Home,1642,1487,10,8,1.86,1.71,49.3,7,4.0,1,2,0,20,4,1
8546,2025,Serie A,Home,1505,1611,11,9,1.65,1.28,45.1,6,4.0,1,1,0,15,83,0
8547,2023,Bundesliga,Home,1490,1590,7,11,1.67,1.32,42.7,5,3.0,0,1,1,16,62,1
8548,2019,Serie A,Away,1475,1195,8,2,1.52,1.71,56.1,4,4.0,0,2,0,17,9,1
8549,2019,Bundesliga,Home,1819,1464,15,5,1.38,1.16,58.1,6,3.0,2,2,0,17,11,1
8550,2022,Serie A,Home,1424,1642,12,11,1.06,1.11,33.8,7,,0,0,0,18,10,1
8551,2024,Serie A,Away,1334,1357,5,5,1.6,1.43,44.1,5,6.0,2,0,0,18,80,1
8552,2025,Serie A,Away,1448,1263,6,0,1.21,1.81,55.7,8,5.0,0,0,0,12,21,1
8553,2022,Bundesliga,Away,1425,1481,5,7,0.79,1.82,48.0,4,5.0,1,2,0,15,92,0
8554,2022,Bundesliga,Home,1676,1573,11,13,1.7,1.06,43.8,6,8.0,1,0,0,15,1,1
8555,2024,Bundesliga,Away,1310,1436,5,8,1.41,1.59,50.9,6,5.0,2,0,0,15,89,0
8556,2025,Premier League,Away,1421,1681,2,7,1.24,1.24,46.5,8,5.0,2,0,0,19,23,0
8557,2018,Serie A,Away,1527,1758,11,12,1.52,0.99,55.9,4,3.0,0,1,0,17,79,0
8558,2020,Bundesliga,Away,1678,1230,12,7,1.34,1.35,70.0,4,7.0,0,3,0,18,76,1
8559,2020,La Liga,Away,1600,1446,12,2,1.34,1.46,49.6,5,4.0,1,0,1,20,7,0
8560,2022,Ligue 1,Away,1727,1181,14,3,1.15,1.49,63.0,7,6.0,4,2,0,12,76,1
8561,2020,La Liga,Home,1548,1593,9,12,1.13,1.36,49.0,5,3.0,0,0,0,13,71,0
8562,2020,Premier League,Away,1471,1405,8,2,1.68,1.18,58.0,6,5.0,1,0,0,16,11,1
8563,2018,Ligue 1,Away,1620,1433,12,6,0.65,1.13,53.2,4,4.0,1,3,0,18,38,0
8564,2018,Premier League,Home,1309,1661,2,9,1.04,1.47,47.9,8,7.0,4,2,0,20,88,0
8565,2021,La Liga,Home,1261,1314,4,4,0.95,1.57,50.1,4,7.0,1,1,0,12,88,1
8566,2025,La Liga,Away,1637,1279,9,8,1.65,1.59,55.0,4,7.0,2,2,0,16,92,0
8567,2020,Ligue 1,Away,1529,1181,10,7,0.85,1.51,52.8,5,4.0,1,0,1,15,93,0
8568,2019,La Liga,Home,1635,1678,8,9,1.31,1.38,54.0,4,6.0,1,0,0,12,18,1
8569,2020,Bundesliga,Home,1381,1645,4,7,1.07,1.17,48.2,10,3.0,2,2,0,20,24,0
8570,2025,Bundesliga,Away,1680,1459,9,10,1.65,1.58,61.0,6,4.0,1,0,0,17,58,0
8571,2023,Serie A,Home,1594,1321,10,7,1.45,1.4,43.9,6,10.0,0,0,0,16,33,1
8572,2023,Ligue 1,Away,1496,1617,7,9,0.93,0.98,46.3,4,6.0,0,1,0,13,12,0
8573,2019,Bundesliga,Away,1529,1886,4,14,1.3,0.82,47.3,5,6.0,3,2,0,21,68,1
8574,2025,La Liga,Away,1549,1467,5,9,1.21,1.49,44.9,4,3.0,1,0,0,20,49,0
8575,2019,Ligue 1,Home,1380,1332,6,3,1.33,1.25,54.0,3,4.0,0,0,0,15,65,1
8576,2025,Serie A,Away,1446,1674,7,8,1.23,1.65,41.5,5,8.0,0,0,0,19,51,0
8577,2025,Premier League,Away,1546,1341,8,6,1.84,1.15,50.4,5,3.0,3,1,0,17,5,0
8578,2022,La Liga,Home,1440,1449,6,2,1.12,1.36,46.1,6,,2,0,0,17,17,0
8579,2024,Serie A,Away,1294,1150,7,2,0.98,1.96,61.5,5,7.0,1,3,0,20,84,0
8580,2025,Premier League,Away,1541,1458,9,5,1.26,1.46,56.6,10,8.0,3,0,0,19,81,0
8581,2022,Serie A,Home,1617,1321,10,6,1.43,1.42,56.8,5,4.0,0,3,0,12,14,1
8582,2024,La Liga,Home,1650,1676,10,7,1.73,1.48,60.4,5,3.0,4,1,0,13,28,1
8583,2022,Serie A,Away,1575,1363,13,7,1.32,1.24,46.3,4,4.0,1,0,0,13,93,1
8584,2022,Premier League,Away,1615,1609,6,9,1.38,1.18,47.0,6,6.0,1,0,0,19,10,0
8585,2020,Bundesliga,Home,1638,1485,8,7,1.59,0.96,61.8,7,6.0,0,3,0,21,28,1
8586,2023,La Liga,Away,1511,1518,7,9,1.13,1.55,48.9,10,6.0,0,2,0,20,46,1
8587,2020,Premier League,Home,1203,1573,7,10,1.18,1.42,39.7,4,5.0,0,2,0,20,39,1
8588,2019,La Liga,Away,1662,1493,8,7,1.43,1.5,53.6,3,6.0,1,0,0,21,14,0
8589,2020,Serie A,Home,1375,1409,4,7,0.99,1.46,46.9,10,5.0,0,1,0,13,64,1
8590,2018,Serie A,Home,1342,1386,5,4,0.72,1.47,53.5,5,8.0,1,0,0,13,62,1
8591,2025,Serie A,Home,1346,1571,6,7,0.91,1.31,40.2,6,3.0,3,0,0,13,78,0
8592,2020,Premier League,Home,1848,1234,15,8,1.68,1.67,72.0,8,5.0,2,0,0,16,43,1
8593,2024,Ligue 1,Away,1562,1735,7,10,1.4,1.17,38.6,3,7.0,4,1,0,13,29,0
8594,2021,La Liga,Home,1354,1518,4,8,1.12,1.1,54.4,4,10.0,2,3,0,18,74,1
8595,2020,Premier League,Away,1404,1453,4,7,0.87,0.83,52.9,7,5.0,1,2,0,16,43,0
8596,2019,Bundesliga,Away,1500,1537,7,9,1.3,1.84,45.7,6,5.0,0,0,0,19,62,0
8597,2024,Serie A,Home,1576,1417,15,5,1.05,1.26,55.3,5,7.0,4,0,0,16,61,1
8598,2022,Serie A,Away,1539,1475,9,6,1.08,1.33,55.8,10,8.0,1,0,0,12,20,0
8599,2021,La Liga,Away,1370,1342,7,8,1.48,1.77,53.8,6,6.0,1,1,0,17,56,1
8600,2023,La Liga,Home,1544,1553,8,4,1.36,1.39,40.3,3,7.0,2,0,0,21,64,0
8601,2024,Serie A,Away,1414,1489,7,8,1.36,1.0,50.1,3,8.0,2,0,0,17,65,1
8602,2023,Premier League,Home,1647,1526,11,6,1.86,1.04,46.1,8,5.0,1,2,0,12,23,1
8603,2021,La Liga,Home,1508,1708,9,5,1.34,1.38,50.2,10,4.0,1,2,0,13,51,1
8604,2025,Ligue 1,Home,1394,1387,7,6,1.47,1.6,55.5,4,3.0,3,1,0,20,40,1
8605,2025,Serie A,Home,1596,1482,9,4,1.54,1.24,46.0,4,4.0,0,1,0,13,54,1
8606,2025,La Liga,Away,1554,1269,7,1,1.22,1.55,,3,6.0,3,0,0,16,64,1
8607,2018,Premier League,Home,1434,1577,8,15,1.23,1.29,44.9,3,3.0,2,0,0,18,55,0
8608,2025,Bundesliga,Home,1602,1498,9,9,1.27,1.41,51.4,4,7.0,0,0,0,17,90,1
8609,2019,La Liga,Away,1588,1502,14,9,1.59,1.45,,8,5.0,0,0,0,21,79,1
8610,2022,Premier League,Away,1668,1478,12,7,1.78,1.27,56.9,4,8.0,0,2,0,19,62,0
8611,2023,Premier League,Away,1599,1419,7,3,1.11,1.6,53.7,3,6.0,3,1,0,12,1,0
8612,2019,Bundesliga,Home,1470,1849,4,11,1.09,1.18,41.0,10,5.0,2,1,0,13,21,0
8613,2018,Serie A,Away,1263,1505,4,7,0.99,1.56,39.8,3,4.0,0,0,0,19,69,1
8614,2025,Premier League,Away,1526,1542,5,3,1.17,1.5,44.5,4,5.0,1,1,0,17,29,1
8615,2025,Premier League,Home,1548,1340,7,10,1.34,1.68,58.2,6,5.0,0,1,0,19,80,1
8616,2019,Serie A,Home,1507,1624,5,9,1.44,1.12,49.7,4,7.0,3,1,0,15,18,0
8617,2022,Serie A,Away,1150,1483,2,5,1.28,1.33,39.9,5,5.0,0,1,0,19,88,0
8618,2019,Bundesliga,Away,1595,1562,8,9,1.32,1.08,45.6,5,4.0,0,1,0,13,41,0
8619,2022,Premier League,Home,1372,1626,6,5,1.06,1.29,51.4,6,6.0,1,0,0,17,13,0
8620,2020,Bundesliga,Home,1596,1485,8,5,1.54,1.16,61.3,3,5.0,0,2,0,17,79,0
8621,2024,Ligue 1,Home,1738,1405,8,10,1.59,1.55,64.0,7,5.0,3,1,0,15,47,1
8622,2022,Serie A,Home,1465,1174,10,2,0.91,1.94,60.4,5,5.0,1,0,0,12,41,1
8623,2021,Premier League,Home,1561,1446,9,7,1.19,1.4,47.4,10,6.0,2,0,0,21,16,0
8624,2023,Serie A,Home,1505,1404,6,7,1.26,1.3,58.9,8,5.0,0,0,0,17,70,0
8625,2021,La Liga,Home,1574,1340,6,5,1.62,1.62,58.7,3,8.0,1,4,0,15,17,1
8626,2018,Premier League,Away,1514,1703,4,9,1.63,1.43,40.2,7,4.0,0,1,0,19,40,0
8627,2022,La Liga,Home,1428,1638,3,15,1.0,1.04,48.3,4,5.0,3,1,0,16,7,0
8628,2024,Ligue 1,Away,1373,1244,9,3,1.01,1.61,50.7,3,5.0,1,0,0,12,2,0
8629,2021,La Liga,Home,1723,1522,13,5,1.8,1.41,59.2,3,8.0,3,3,0,15,20,1
8630,2019,Ligue 1,Home,1561,1386,7,7,1.29,1.38,60.1,8,3.0,0,1,0,20,20,1
8631,2018,Serie A,Home,1616,1551,12,5,1.56,1.43,54.2,5,3.0,1,0,0,16,80,1
8632,2020,Serie A,Home,1556,1388,10,9,1.35,1.04,50.0,5,8.0,1,0,0,18,56,1
8633,2024,Premier League,Away,1637,1425,10,6,1.5,1.5,58.4,7,4.0,1,0,0,16,85,0
8634,2020,Serie A,Home,1375,1635,8,9,1.1,1.68,46.3,10,6.0,0,0,0,12,52,1
8635,2025,Premier League,Away,1512,1615,9,10,1.63,1.39,43.9,8,5.0,2,1,0,18,70,0
8636,2020,La Liga,Away,1571,1711,9,9,1.03,1.17,44.8,10,4.0,4,1,0,20,39,1
8637,2021,La Liga,Home,1681,1470,9,10,1.44,1.07,64.8,3,8.0,0,2,0,13,7,1
8638,2024,La Liga,Away,1874,1296,12,7,2.01,1.45,72.0,5,6.0,1,0,1,12,23,1
8639,2022,Serie A,Home,1557,1629,4,10,1.35,1.31,45.5,4,6.0,0,1,0,15,58,1
8640,2018,Premier League,Away,1407,1630,4,5,1.21,1.26,34.3,6,3.0,0,0,0,21,52,0
8641,2018,La Liga,Home,1333,1588,10,8,1.39,0.96,51.0,10,6.0,0,4,0,18,12,0
8642,2019,Ligue 1,Home,1373,1396,4,6,1.31,1.51,60.0,10,4.0,0,3,0,15,39,1
8643,2024,Premier League,Home,1392,1350,1,10,1.43,1.27,58.9,6,8.0,0,0,0,13,7,0
8644,2018,La Liga,Away,1150,1575,6,5,1.25,1.14,37.6,7,5.0,1,2,0,13,84,0
8645,2018,La Liga,Home,1405,1376,7,4,0.87,1.69,54.1,8,10.0,3,0,0,20,51,0
8646,2024,La Liga,Away,1600,1457,9,10,1.33,1.33,49.0,5,5.0,3,2,0,15,58,1
8647,2022,Bundesliga,Away,1511,1900,7,10,1.14,0.83,45.7,6,5.0,0,2,0,16,94,0
8648,2025,Premier League,Home,1464,1798,9,9,1.38,0.84,38.7,8,3.0,0,0,0,17,28,0
8649,2019,La Liga,Away,1273,1611,9,13,1.35,1.07,38.4,5,3.0,3,4,0,13,74,0
8650,2023,Serie A,Home,1647,1407,8,7,0.87,1.3,55.6,5,6.0,1,2,0,19,77,1
8651,2019,La Liga,Away,1572,1399,10,9,1.02,1.66,51.5,7,3.0,1,1,0,19,93,0
8652,2022,Ligue 1,Home,1498,1600,10,11,0.82,1.25,51.1,8,10.0,1,0,0,20,64,0
8653,2018,Ligue 1,Away,1192,1710,2,10,0.78,1.46,32.8,7,10.0,4,1,0,19,93,0
8654,2025,Premier League,Away,1431,1428,11,7,1.27,1.12,63.0,5,4.0,4,1,0,17,77,0
8655,2021,La Liga,Away,1561,1436,11,9,1.8,1.73,55.9,5,7.0,3,2,1,15,24,0
8656,2020,Premier League,Away,1496,1512,4,5,1.0,1.3,47.9,3,7.0,2,1,0,19,41,0
8657,2025,Premier League,Away,1527,1306,12,10,1.96,1.47,50.6,5,4.0,2,0,0,13,57,0
8658,2018,Serie A,Home,1596,1310,6,4,1.56,1.46,55.6,4,7.0,0,1,0,20,55,1
8659,2024,Serie A,Away,1522,1335,6,8,1.49,2.06,53.6,4,8.0,0,1,0,19,26,0
8660,2022,La Liga,Away,1591,1576,10,10,1.61,1.16,49.0,7,5.0,0,2,0,16,92,0
8661,2023,La Liga,Home,1382,1538,9,7,0.84,1.83,43.6,6,6.0,1,0,0,17,61,0
8662,2020,La Liga,Home,1329,1659,6,11,0.99,1.42,37.6,3,4.0,0,0,0,18,76,0
8663,2025,Ligue 1,Away,1567,1257,7,5,1.15,1.29,62.3,4,6.0,3,1,0,19,66,0
8664,2021,Ligue 1,Away,1596,1288,8,0,1.59,1.3,64.8,5,6.0,4,1,0,15,61,1
8665,2021,Premier League,Away,1573,1564,7,8,1.18,1.34,45.9,5,4.0,1,0,0,20,79,0
8666,2021,Serie A,Home,1518,1378,10,3,1.29,1.49,53.3,8,8.0,1,1,0,21,19,1
8667,2020,La Liga,Home,1455,1388,6,7,1.11,1.35,42.7,3,8.0,2,2,0,16,43,0
8668,2020,Bundesliga,Away,1530,1642,6,9,1.72,1.09,44.5,4,8.0,1,1,1,13,35,0
8669,2019,Serie A,Away,1553,1423,4,9,1.23,1.81,63.1,8,6.0,1,0,0,16,16,0
8670,2021,Ligue 1,Home,1562,1439,7,5,1.12,1.44,59.1,5,4.0,2,0,0,16,62,1
8671,2021,Premier League,Home,1865,1465,12,4,1.85,1.5,63.1,4,7.0,0,1,0,16,37,1
8672,2021,La Liga,Home,1371,1473,3,4,1.17,1.4,41.7,6,6.0,2,0,0,18,90,0
8673,2025,Ligue 1,Home,1900,1596,8,14,2.12,1.27,,10,8.0,0,2,0,15,69,0
8674,2018,Premier League,Away,1324,1331,8,13,1.21,2.04,47.2,8,8.0,1,1,0,16,83,1
8675,2025,Premier League,Home,1554,1474,6,12,1.45,1.52,57.1,6,4.0,1,0,0,16,57,1
8676,2024,Bundesliga,Away,1333,1663,2,5,1.36,1.86,48.3,3,6.0,4,1,0,12,47,0
8677,2018,Bundesliga,Away,1543,1799,12,8,1.49,1.28,43.6,4,5.0,2,1,0,13,82,0
8678,2023,Serie A,Away,1637,1310,11,2,1.67,1.36,62.7,5,8.0,0,0,0,17,30,1
8679,2019,Bundesliga,Home,1505,1546,10,10,1.51,1.62,45.3,8,,0,3,0,16,19,1
8680,2018,Bundesliga,Home,1636,1473,10,13,1.39,1.36,55.7,7,3.0,0,0,0,18,23,1
8681,2024,Premier League,Away,1441,1486,10,10,0.96,1.74,54.2,10,5.0,2,3,0,20,46,1
8682,2018,Serie A,Away,1213,1389,6,7,0.97,1.28,53.6,6,4.0,2,2,0,17,81,1
8683,2020,Bundesliga,Away,1588,1606,8,6,0.92,0.86,43.8,6,3.0,1,1,0,13,54,1
8684,2018,Ligue 1,Away,1504,1599,5,8,1.15,1.29,54.9,5,8.0,2,1,1,12,57,0
8685,2019,Premier League,Home,1433,1853,3,12,1.15,1.4,51.6,6,6.0,0,2,0,13,73,0
8686,2018,Premier League,Home,1443,1315,6,8,1.59,1.36,46.2,7,3.0,2,1,0,12,62,1
8687,2024,Bundesliga,Away,1557,1255,5,3,1.35,1.72,49.7,3,5.0,2,0,0,16,88,0
8688,2018,Premier League,Home,1386,1788,4,12,1.64,0.92,48.2,8,4.0,2,2,0,19,6,0
8689,2024,Premier League,Home,1553,1493,8,8,1.5,1.59,49.7,6,7.0,0,0,0,21,8,0
8690,2019,Bundesliga,Home,1666,1436,13,7,1.1,1.32,55.0,5,6.0,0,0,0,15,94,0
8691,2025,Serie A,Home,1788,1526,7,7,1.93,1.39,62.8,5,3.0,1,0,0,15,65,1
8692,2024,La Liga,Away,1697,1305,10,5,1.8,1.44,55.7,10,3.0,2,3,0,13,18,1
8693,2023,Premier League,Away,1523,1553,5,8,0.93,1.11,51.0,4,7.0,0,0,0,16,55,1
8694,2024,Premier League,Home,1536,1489,6,5,1.55,0.88,44.7,6,8.0,0,0,0,20,90,0
8695,2020,Bundesliga,Home,1444,1650,9,12,1.63,0.89,49.6,5,10.0,0,1,0,17,19,1
8696,2024,Serie A,Away,1435,1620,5,13,0.72,1.17,50.1,6,3.0,0,0,1,17,74,0
8697,2019,Premier League,Away,1622,1632,8,10,1.19,1.34,51.1,5,5.0,3,0,0,15,89,0
8698,2022,La Liga,Away,1457,1527,7,8,1.52,1.79,48.8,5,4.0,1,1,0,17,85,0
8699,2025,Premier League,Home,1551,1725,10,12,1.34,1.02,46.0,3,8.0,0,0,0,13,53,0
8700,2023,Premier League,Home,1365,1581,4,9,1.55,1.12,44.2,3,5.0,1,2,0,13,29,0
8701,2020,La Liga,Home,1692,1425,13,10,1.78,1.09,56.8,8,8.0,0,1,0,19,12,1
8702,2023,Serie A,Away,1455,1387,6,6,1.49,1.67,56.5,7,5.0,0,1,0,20,43,0
8703,2025,Premier League,Away,1652,1402,11,8,1.79,1.58,47.8,10,3.0,0,1,0,18,46,0
8704,2025,La Liga,Home,1401,1582,6,13,1.02,1.39,55.1,6,5.0,0,2,0,18,21,0
8705,2023,La Liga,Home,1394,1314,8,9,1.14,1.6,53.4,5,10.0,0,1,0,19,76,1
8706,2023,La Liga,Away,1686,1522,15,7,2.02,1.24,,8,8.0,0,1,0,18,80,1
8707,2024,Premier League,Home,1412,1383,6,9,1.14,1.79,52.4,8,6.0,2,0,0,12,18,0
8708,2023,Premier League,Away,1280,1325,5,3,1.36,1.31,49.4,4,5.0,1,0,1,15,68,0
8709,2019,Premier League,Home,1354,1347,5,5,1.12,1.37,53.8,5,4.0,0,2,0,18,95,1
8710,2024,La Liga,Home,1620,1497,7,10,1.27,1.1,47.3,6,4.0,1,2,0,13,9,1
8711,2019,Bundesliga,Away,1606,1607,7,13,1.2,1.22,45.1,5,4.0,3,3,0,13,55,1
8712,2022,Premier League,Away,1393,1405,6,4,1.35,1.24,49.1,6,6.0,0,0,0,20,76,0
8713,2020,Bundesliga,Away,1412,1209,4,4,1.56,1.45,55.9,8,6.0,1,2,0,12,51,1
8714,2019,Bundesliga,Home,1594,1900,7,12,1.56,0.69,48.0,8,4.0,1,3,0,12,24,0
8715,2020,Premier League,Away,1684,1656,1,9,1.6,0.97,51.5,3,10.0,0,1,0,15,93,0
8716,2018,Premier League,Home,1490,1631,11,6,1.03,0.83,54.2,7,5.0,1,0,0,17,14,1
8717,2021,Premier League,Away,1578,1728,13,12,1.42,1.23,33.3,4,6.0,2,1,0,13,92,0
8718,2021,Premier League,Away,1622,1513,11,4,1.51,1.12,62.2,5,6.0,2,0,0,18,86,1
8719,2021,Serie A,Home,1801,1481,9,10,1.44,1.77,56.4,5,,1,0,0,19,18,1
8720,2018,Premier League,Home,1338,1690,2,13,1.26,1.42,45.1,8,8.0,1,4,0,21,2,1
8721,2022,Bundesliga,Away,1406,1689,2,8,1.05,1.2,49.4,5,7.0,0,2,0,19,43,0
8722,2019,Serie A,Home,1429,1586,8,5,1.15,1.42,39.9,6,6.0,2,1,0,13,71,1
8723,2024,Bundesliga,Home,1616,1624,12,9,1.65,1.45,57.5,6,8.0,2,3,0,16,7,0
8724,2018,Bundesliga,Home,1465,1327,8,4,1.69,1.38,57.7,5,5.0,0,0,0,12,2,1
8725,2018,Serie A,Away,1544,1464,10,7,1.76,1.33,61.3,6,3.0,1,4,0,20,27,0
8726,2020,Ligue 1,Away,1517,1739,9,11,1.31,1.4,45.3,6,4.0,0,0,0,16,11,0
8727,2021,Ligue 1,Away,1500,1613,5,6,1.47,1.53,47.6,5,10.0,2,1,0,19,73,0
8728,2025,La Liga,Home,1515,1295,10,9,1.51,1.34,52.2,5,8.0,0,0,0,15,9,1
8729,2022,Premier League,Home,1644,1426,12,5,1.65,1.99,52.4,4,8.0,0,1,0,20,67,0
8730,2021,La Liga,Home,1364,1716,3,13,1.21,0.82,41.3,3,7.0,3,2,0,16,93,0
8731,2024,Premier League,Home,1479,1564,9,6,1.63,0.72,51.2,5,,0,3,0,16,26,1
8732,2019,Serie A,Home,1330,1525,5,8,0.99,1.76,49.3,8,7.0,1,3,0,19,27,0
8733,2025,La Liga,Home,1532,1530,7,9,1.08,1.51,45.4,5,5.0,0,3,0,13,59,1
8734,2021,Serie A,Away,1473,1488,8,8,1.39,1.41,49.6,8,6.0,4,2,0,21,37,0
8735,2020,Bundesliga,Away,1650,1427,10,6,1.42,1.62,57.1,3,8.0,2,0,0,20,91,1
8736,2020,La Liga,Away,1499,1383,10,5,1.81,1.29,42.6,5,3.0,0,1,0,20,14,0
8737,2018,Serie A,Away,1438,1641,5,8,1.15,0.79,49.7,4,6.0,2,3,0,21,20,0
8738,2023,La Liga,Home,1465,1533,9,6,1.55,1.21,47.4,5,5.0,0,1,0,20,41,0
8739,2022,Bundesliga,Home,1741,1599,7,10,1.71,1.09,54.0,6,6.0,0,0,0,19,45,0
8740,2023,Serie A,Home,1280,1577,4,13,0.74,1.03,50.3,5,10.0,2,2,0,21,43,1
8741,2023,Premier League,Away,1412,1697,6,11,1.38,1.02,38.3,4,7.0,1,4,0,19,66,0
8742,2018,Serie A,Home,1505,1564,10,10,1.17,1.15,44.6,3,5.0,0,0,0,15,7,0
8743,2025,Premier League,Home,1411,1615,6,12,1.83,1.13,33.9,5,6.0,1,1,0,18,93,0
8744,2022,Bundesliga,Home,1569,1523,8,7,1.21,1.42,,7,6.0,1,0,0,12,82,1
8745,2023,Serie A,Home,1492,1367,11,1,1.09,1.61,59.0,5,4.0,2,1,0,19,30,1
8746,2018,La Liga,Away,1536,1468,7,7,0.83,1.45,41.5,10,5.0,1,0,0,18,76,1
8747,2024,Bundesliga,Home,1516,1583,6,11,1.16,0.64,43.5,4,3.0,0,2,1,15,83,1
8748,2023,Bundesliga,Home,1486,1595,2,14,1.5,1.01,48.4,8,5.0,3,0,0,15,87,0
8749,2020,Bundesliga,Away,1319,1703,5,7,0.87,0.92,38.4,7,5.0,1,2,1,17,81,0
8750,2025,Serie A,Away,1525,1436,5,10,1.49,1.71,50.3,7,6.0,2,2,0,13,60,0
8751,2023,Bundesliga,Home,1253,1532,4,9,1.12,1.11,44.1,6,4.0,1,3,0,12,77,1
8752,2025,La Liga,Away,1406,1482,7,6,0.98,0.89,57.6,3,5.0,1,2,0,20,34,0
8753,2024,Bundesliga,Away,1568,1727,5,8,1.38,1.32,46.6,7,5.0,1,0,0,19,54,0
8754,2019,Bundesliga,Away,1667,1553,7,7,1.28,1.33,54.4,4,4.0,0,0,0,20,50,1
8755,2025,Premier League,Home,1829,1555,7,10,1.91,1.93,59.6,5,7.0,1,2,0,12,2,1
8756,2023,Premier League,Home,1440,1495,5,11,0.81,1.01,39.2,4,6.0,1,1,1,21,91,0
8757,2019,La Liga,Away,1379,1468,4,0,1.38,1.32,49.7,5,5.0,2,2,1,21,51,0
8758,2024,Premier League,Away,1573,1297,14,6,1.23,1.27,49.5,4,4.0,4,3,0,16,58,1
8759,2021,La Liga,Home,1762,1323,15,4,1.65,1.25,61.4,8,7.0,0,2,0,21,40,1
8760,2024,Premier League,Away,1715,1525,14,7,1.68,1.12,60.6,6,6.0,2,0,0,12,47,0
8761,2019,Serie A,Home,1355,1508,2,9,1.21,1.07,44.4,6,6.0,1,1,0,12,32,1
8762,2020,Premier League,Away,1480,1526,7,13,1.82,1.37,,7,8.0,1,1,0,17,19,0
8763,2020,La Liga,Home,1619,1632,6,7,1.36,1.25,41.4,5,7.0,0,0,0,13,72,0
8764,2021,Serie A,Away,1629,1513,14,7,1.13,1.33,54.6,6,8.0,2,1,0,19,54,0
8765,2023,La Liga,Home,1583,1451,11,3,1.97,1.71,55.1,6,7.0,2,0,0,18,70,1
8766,2019,La Liga,Home,1437,1471,4,8,1.36,1.52,,6,7.0,2,2,0,16,70,1
8767,2023,Bundesliga,Away,1582,1534,9,6,1.46,1.53,54.1,6,7.0,3,0,0,13,53,0
8768,2018,Ligue 1,Away,1630,1447,5,11,2.04,1.44,40.0,3,8.0,0,0,1,13,8,1
8769,2020,Serie A,Home,1370,1649,6,10,0.86,1.29,44.2,5,6.0,1,1,0,15,16,0
8770,2023,Premier League,Away,1686,1498,9,7,1.52,1.58,57.2,6,5.0,1,2,0,19,94,0
8771,2020,Premier League,Away,1639,1535,11,7,1.21,1.03,50.8,3,10.0,2,2,0,21,80,1
8772,2021,Ligue 1,Away,1396,1386,9,7,1.19,1.29,51.4,4,10.0,0,2,0,17,80,0
8773,2022,Serie A,Away,1629,1649,9,11,1.12,1.23,61.1,6,8.0,2,0,0,19,49,0
8774,2019,Bundesliga,Home,1614,1701,8,7,1.48,1.18,45.4,4,6.0,3,1,0,18,88,1
8775,2025,Serie A,Home,1619,1309,1,5,1.47,1.17,52.2,6,6.0,2,2,0,15,6,1
8776,2024,Premier League,Home,1721,1556,14,8,1.57,1.49,64.6,4,5.0,0,0,0,19,31,0
8777,2025,La Liga,Home,1499,1485,6,8,0.77,1.72,51.6,4,4.0,4,1,0,19,64,0
8778,2021,Bundesliga,Home,1546,1540,8,11,1.58,1.65,56.2,7,3.0,1,1,0,15,8,1
8779,2020,Ligue 1,Away,1150,1563,9,5,0.89,1.12,,7,3.0,1,4,0,20,33,1
8780,2025,Premier League,Away,1656,1187,6,6,2.16,1.84,49.6,5,,0,3,0,15,11,1
8781,2023,Serie A,Home,1643,1606,9,10,1.38,1.15,46.8,5,6.0,2,0,1,18,66,1
8782,2024,Premier League,Away,1690,1656,11,8,1.39,1.23,50.1,5,8.0,1,1,0,18,87,0
8783,2019,Ligue 1,Away,1369,1671,9,12,1.23,1.47,40.0,4,5.0,0,1,0,16,30,0
8784,2024,Premier League,Away,1635,1368,9,5,1.18,1.8,54.2,6,6.0,1,2,0,17,32,1
8785,2022,Bundesliga,Home,1643,1496,12,3,1.8,1.24,44.5,10,5.0,0,3,0,17,38,1
8786,2024,Premier League,Home,1409,1425,5,0,1.0,1.29,,7,3.0,1,0,0,19,93,0
8787,2024,Serie A,Away,1648,1232,11,1,1.29,1.97,59.2,4,5.0,1,4,0,18,39,1
8788,2018,Serie A,Away,1565,1413,9,5,1.62,1.4,42.9,5,5.0,2,1,0,13,21,0
8789,2018,La Liga,Home,1262,1348,4,6,1.14,0.74,46.4,4,5.0,1,0,0,19,42,0
8790,2018,Bundesliga,Away,1582,1547,9,10,1.49,1.42,50.3,6,5.0,2,2,0,21,31,0
8791,2023,Ligue 1,Away,1393,1272,4,4,0.89,1.35,58.4,5,4.0,1,0,1,12,3,0
8792,2025,Bundesliga,Home,1265,1363,4,2,1.33,1.4,45.0,8,6.0,1,2,0,12,43,0
8793,2018,La Liga,Home,1551,1427,5,6,1.15,1.56,58.1,7,7.0,0,4,0,15,2,1
8794,2019,Bundesliga,Home,1491,1608,6,8,0.91,0.79,51.5,5,7.0,1,4,0,17,33,0
8795,2021,Serie A,Away,1697,1889,13,15,1.66,1.19,41.2,5,4.0,0,0,0,19,2,0
8796,2021,Serie A,Away,1525,1542,9,9,1.32,0.93,53.1,4,4.0,2,1,0,20,54,0
8797,2018,La Liga,Away,1609,1356,10,1,1.41,1.29,62.1,5,4.0,1,0,0,19,75,1
8798,2022,Serie A,Home,1571,1405,4,6,1.6,1.52,59.7,8,4.0,0,2,0,19,84,1
8799,2025,Premier League,Away,1643,1592,10,10,1.43,0.96,53.1,6,6.0,1,3,0,21,5,0
8800,2019,La Liga,Away,1376,1312,6,5,0.78,1.21,51.1,5,4.0,1,1,0,13,79,1
8801,2018,Premier League,Home,1528,1654,9,5,1.3,1.3,40.1,5,5.0,0,0,0,19,67,0
8802,2019,La Liga,Away,1480,1538,11,10,1.4,1.45,54.6,6,6.0,1,2,0,15,78,0
8803,2019,Premier League,Home,1592,1482,8,8,1.5,1.32,45.5,8,6.0,4,0,0,18,88,0
8804,2021,Premier League,Away,1536,1264,7,4,1.34,1.72,56.0,5,10.0,1,2,0,17,90,0
8805,2018,Bundesliga,Away,1414,1629,9,7,1.86,2.24,50.1,6,7.0,4,0,0,19,83,0
8806,2020,Serie A,Home,1453,1393,5,9,1.71,1.07,46.5,10,5.0,2,0,0,16,85,0
8807,2018,Premier League,Home,1731,1522,10,3,1.3,0.77,55.2,6,7.0,0,3,0,17,14,1
8808,2023,Bundesliga,Away,1263,1478,0,3,0.75,1.65,36.8,6,4.0,0,0,0,13,76,0
8809,2021,Ligue 1,Home,1599,1278,8,3,1.79,1.25,56.2,8,6.0,0,3,0,18,69,1
8810,2018,Ligue 1,Home,1674,1468,13,8,1.81,1.47,50.2,5,4.0,0,3,0,19,87,1
8811,2018,Bundesliga,Home,1581,1331,9,2,1.81,1.65,52.3,3,5.0,0,0,0,17,41,1
8812,2021,Ligue 1,Away,1776,1409,13,5,1.54,1.42,62.1,5,6.0,0,1,0,20,38,1
8813,2022,Serie A,Away,1631,1561,12,7,1.45,1.36,55.1,4,7.0,1,0,1,19,41,0
8814,2019,Ligue 1,Home,1554,1598,12,10,0.96,1.69,46.1,8,8.0,2,3,0,18,66,0
8815,2020,Ligue 1,Home,1435,1497,6,7,1.31,1.2,49.9,7,10.0,0,3,0,19,51,1
8816,2022,La Liga,Home,1556,1376,11,5,1.25,1.78,52.2,7,7.0,3,0,0,18,22,1
8817,2021,Ligue 1,Away,1595,1409,14,5,1.26,1.1,52.9,5,4.0,1,2,0,18,75,0
8818,2018,Bundesliga,Home,1500,1407,7,9,1.58,1.52,46.6,7,8.0,3,2,0,20,8,0
8819,2021,Bundesliga,Home,1396,1201,3,6,1.2,1.74,52.3,6,6.0,0,0,0,13,25,0
8820,2019,Ligue 1,Home,1331,1510,4,9,1.37,1.32,35.7,3,5.0,0,3,0,12,74,1
8821,2025,La Liga,Away,1526,1267,9,3,1.35,1.8,67.0,4,5.0,2,1,0,20,69,0
8822,2024,La Liga,Home,1293,1511,1,6,1.26,1.35,50.6,7,7.0,3,1,0,15,15,1
8823,2020,Serie A,Away,1434,1296,5,6,0.95,1.62,65.7,8,5.0,3,0,0,18,9,0
8824,2019,Bundesliga,Home,1160,1331,3,4,0.73,1.33,51.4,6,,4,0,0,19,49,0
8825,2019,Ligue 1,Home,1617,1594,9,6,1.59,1.02,52.2,4,8.0,0,4,0,17,3,1
8826,2023,Ligue 1,Away,1662,1503,14,8,1.95,1.09,43.1,8,8.0,1,0,0,13,34,1
8827,2025,Bundesliga,Away,1511,1236,9,1,1.48,1.43,62.1,8,5.0,3,1,0,17,75,1
8828,2020,Ligue 1,Home,1756,1422,8,6,1.64,1.1,65.2,7,8.0,4,0,0,17,54,0
8829,2023,Premier League,Away,1689,1537,15,10,1.93,1.78,48.2,7,6.0,1,0,0,20,59,0
8830,2019,Ligue 1,Away,1567,1413,8,7,1.37,1.35,56.7,3,4.0,1,0,0,18,72,1
8831,2025,Premier League,Away,1484,1452,3,4,1.13,1.39,51.6,7,3.0,1,2,1,18,43,0
8832,2020,Serie A,Away,1451,1534,4,9,1.3,1.03,47.6,8,3.0,2,1,0,15,82,0
8833,2018,Premier League,Home,1579,1506,6,6,1.53,1.86,,6,3.0,2,3,0,17,86,1
8834,2025,Serie A,Home,1480,1361,4,8,1.01,1.41,55.4,8,7.0,0,1,0,21,1,1
8835,2025,La Liga,Away,1577,1503,10,9,1.47,1.2,46.9,3,4.0,0,2,0,21,21,1
8836,2021,Premier League,Away,1587,1460,2,6,1.01,1.26,58.1,4,,1,2,0,16,89,0
8837,2025,Serie A,Away,1468,1741,10,8,1.24,1.08,35.9,10,4.0,2,0,0,12,9,0
8838,2019,Bundesliga,Home,1653,1486,11,5,1.48,1.29,56.7,8,10.0,4,1,0,16,64,0
8839,2020,Premier League,Away,1468,1519,6,14,1.31,1.0,50.3,4,5.0,0,1,0,21,37,0
8840,2022,Bundesliga,Away,1503,1536,10,2,0.86,1.53,45.5,8,4.0,0,1,0,17,8,1
8841,2022,Premier League,Away,1363,1455,3,2,1.22,1.11,54.0,3,4.0,0,2,0,13,17,1
8842,2021,Premier League,Away,1462,1399,5,9,1.53,1.64,42.2,5,4.0,0,1,0,17,19,0
8843,2024,Premier League,Away,1802,1564,13,11,2.03,0.96,57.4,4,4.0,0,1,0,17,24,1
8844,2024,Serie A,Home,1374,1566,5,9,1.57,1.33,,8,7.0,0,3,1,16,61,0
8845,2018,Bundesliga,Home,1561,1792,7,6,1.42,0.83,52.2,10,4.0,2,0,0,20,11,0
8846,2025,Serie A,Home,1436,1604,6,10,1.9,1.07,49.1,3,5.0,2,0,0,13,12,0
8847,2019,Bundesliga,Home,1190,1606,7,6,0.82,1.37,30.0,8,,1,1,0,21,1,0
8848,2022,Serie A,Away,1578,1600,12,8,1.25,1.56,47.2,3,6.0,0,1,0,19,73,0
8849,2021,Bundesliga,Away,1422,1403,8,7,1.27,1.89,58.6,8,7.0,1,2,0,17,57,1
8850,2021,Ligue 1,Home,1545,1324,7,7,1.61,1.6,54.8,8,3.0,0,1,0,19,11,0
8851,2019,La Liga,Home,1639,1359,11,4,1.66,1.48,51.5,7,7.0,0,4,1,15,95,1
8852,2020,Premier League,Away,1533,1596,6,12,0.79,1.02,48.2,3,6.0,4,1,0,17,46,0
8853,2018,Premier League,Away,1546,1699,11,12,1.16,0.72,54.6,4,3.0,1,0,0,16,33,0
8854,2025,Serie A,Away,1378,1603,9,6,1.41,1.41,40.1,6,7.0,2,1,0,12,43,0
8855,2019,Serie A,Away,1599,1477,14,6,1.24,1.31,47.8,5,6.0,2,2,0,16,77,1
8856,2021,Premier League,Home,1473,1735,5,8,1.29,1.14,42.3,5,,0,0,0,20,42,0
8857,2019,Ligue 1,Away,1220,1438,2,7,1.13,1.31,41.3,6,7.0,3,1,0,21,49,0
8858,2019,Ligue 1,Home,1616,1339,10,7,1.6,1.32,60.6,4,10.0,4,1,0,21,23,1
8859,2021,Premier League,Home,1659,1535,9,3,1.74,1.49,51.3,6,6.0,1,4,1,20,12,1
8860,2025,Premier League,Home,1707,1681,13,5,1.9,1.61,52.4,4,7.0,1,0,0,12,34,0
8861,2021,Premier League,Away,1804,1382,15,4,1.84,1.16,68.7,4,8.0,3,0,0,15,45,0
8862,2025,La Liga,Away,1608,1261,13,8,1.16,1.1,53.9,6,10.0,1,1,0,13,65,0
8863,2024,Bundesliga,Away,1572,1505,9,8,1.58,1.29,56.9,6,4.0,3,3,0,15,18,0
8864,2021,Serie A,Away,1653,1608,12,13,1.79,1.07,55.7,4,5.0,1,1,0,18,19,0
8865,2025,Premier League,Away,1376,1150,5,3,1.33,1.96,49.4,5,5.0,0,2,0,19,86,1
8866,2020,La Liga,Away,1266,1637,5,7,1.42,1.35,47.6,7,6.0,0,0,0,17,88,1
8867,2022,Premier League,Away,1433,1309,7,1,1.34,2.0,47.0,6,6.0,0,0,0,20,7,1
8868,2023,La Liga,Home,1679,1601,9,7,1.52,1.53,44.7,5,5.0,0,3,1,12,51,0
8869,2022,La Liga,Away,1407,1220,11,3,1.04,1.63,50.5,6,8.0,2,1,0,15,60,0
8870,2024,Serie A,Away,1565,1294,5,0,1.93,1.57,52.8,4,8.0,1,2,0,16,92,1
8871,2019,Serie A,Home,1580,1587,8,6,1.18,1.37,,5,4.0,2,3,0,15,32,0
8872,2021,Ligue 1,Away,1534,1670,8,7,1.39,0.97,41.1,7,5.0,2,1,0,15,12,0
8873,2023,Premier League,Away,1321,1499,7,8,1.06,1.46,48.4,8,3.0,0,0,0,19,27,0
8874,2020,Bundesliga,Away,1548,1835,5,11,1.07,1.39,42.2,3,6.0,0,2,0,20,29,0
8875,2024,Premier League,Away,1441,1357,6,7,1.51,1.32,53.0,7,8.0,2,1,0,15,84,1
8876,2020,La Liga,Home,1738,1355,9,2,1.74,1.42,63.0,3,6.0,2,2,0,15,90,1
8877,2020,Ligue 1,Home,1659,1458,4,4,1.59,1.55,62.6,7,5.0,2,1,0,13,12,0
8878,2020,Bundesliga,Away,1446,1451,10,9,1.13,1.77,47.7,7,8.0,0,2,0,15,65,0
8879,2023,Premier League,Home,1747,1540,7,7,1.76,1.13,52.1,8,,0,1,0,12,62,1
8880,2018,Serie A,Home,1548,1396,4,8,1.34,1.5,57.8,3,8.0,0,1,0,20,65,0
8881,2019,Bundesliga,Home,1266,1579,7,8,1.21,1.27,48.4,3,7.0,0,1,0,21,60,0
8882,2024,Ligue 1,Home,1489,1576,6,9,1.7,1.21,48.2,5,3.0,4,2,0,16,10,1
8883,2019,Serie A,Away,1729,1726,9,12,0.99,0.68,50.4,4,6.0,1,0,0,20,41,1
8884,2018,Premier League,Away,1385,1431,5,5,1.47,1.23,47.8,5,6.0,0,3,0,13,48,1
8885,2020,Serie A,Away,1490,1547,10,6,1.93,1.0,45.5,4,8.0,1,1,1,20,22,1
8886,2021,Premier League,Away,1310,1585,4,7,1.57,1.24,,7,7.0,1,2,0,16,77,1
8887,2018,Premier League,Home,1332,1499,7,7,1.36,1.24,45.4,6,4.0,0,0,0,16,83,1
8888,2024,Serie A,Away,1383,1470,3,9,1.53,1.08,51.1,5,7.0,0,0,0,17,1,0
8889,2018,Bundesliga,Away,1328,1211,6,3,0.95,1.54,57.1,7,5.0,1,0,0,13,28,0
8890,2021,Premier League,Home,1413,1512,9,11,1.31,1.81,42.9,5,5.0,2,1,0,15,29,0
8891,2019,Bundesliga,Away,1743,1583,14,13,1.58,1.11,54.3,6,8.0,1,4,0,19,88,1
8892,2020,Bundesliga,Home,1495,1492,3,5,1.23,1.26,46.5,5,3.0,1,3,0,20,17,1
8893,2018,Bundesliga,Away,1610,1390,8,9,1.72,1.39,54.2,5,4.0,0,2,0,19,40,0
8894,2025,Premier League,Away,1653,1265,13,5,1.47,1.38,60.3,3,5.0,0,0,1,16,14,1
8895,2025,La Liga,Away,1345,1563,8,9,0.72,0.9,49.3,5,5.0,0,4,0,13,67,1
8896,2019,Premier League,Home,1384,1505,6,7,1.33,1.8,46.3,5,8.0,2,1,1,12,47,1
8897,2019,Premier League,Away,1607,1695,9,13,1.46,0.72,50.0,5,6.0,1,1,0,12,5,0
8898,2025,La Liga,Away,1411,1297,7,6,1.43,1.1,47.5,10,6.0,2,1,0,20,30,0
8899,2021,La Liga,Home,1598,1434,8,6,1.36,1.6,48.4,4,7.0,3,1,0,13,39,0
8900,2018,Premier League,Home,1735,1315,12,4,1.18,1.0,59.2,5,3.0,0,1,0,17,2,0
8901,2019,Premier League,Home,1296,1644,6,6,0.88,1.41,58.0,6,6.0,1,0,0,15,2,1
8902,2021,Ligue 1,Home,1450,1673,4,8,1.07,1.41,40.5,4,6.0,0,1,0,12,40,0
8903,2022,Bundesliga,Home,1472,1769,6,14,1.06,0.91,43.3,6,8.0,0,2,0,18,38,0
8904,2023,La Liga,Home,1426,1573,5,11,1.13,1.29,48.4,7,3.0,0,0,0,20,11,0
8905,2019,Ligue 1,Home,1415,1610,6,7,1.44,1.24,45.3,10,4.0,1,0,0,15,79,0
8906,2020,Premier League,Away,1431,1561,7,5,0.93,1.09,43.8,6,4.0,2,0,1,12,47,1
8907,2020,La Liga,Away,1498,1580,8,11,1.57,1.12,50.7,7,8.0,3,1,0,15,87,1
8908,2022,Bundesliga,Away,1523,1507,6,9,1.06,1.3,45.8,7,5.0,0,2,0,20,71,1
8909,2020,La Liga,Home,1633,1587,13,3,1.4,1.15,53.1,5,8.0,3,0,0,20,92,0
8910,2019,Premier League,Home,1496,1800,7,15,1.34,1.22,39.5,5,7.0,1,1,0,20,64,0
8911,2024,La Liga,Away,1657,1531,13,8,1.45,1.28,58.1,8,8.0,0,1,0,13,67,1
8912,2022,Serie A,Away,1417,1503,10,12,1.41,1.46,38.9,6,7.0,0,1,0,20,65,0
8913,2021,Serie A,Away,1332,1528,3,8,1.14,1.23,44.6,3,4.0,3,1,0,12,12,0
8914,2019,La Liga,Home,1457,1479,6,5,1.26,1.53,43.9,8,3.0,1,0,0,18,92,0
8915,2018,La Liga,Home,1565,1534,7,8,0.83,1.54,54.9,5,6.0,1,1,0,17,95,1
8916,2024,La Liga,Home,1620,1474,10,3,1.58,0.88,57.9,7,3.0,1,0,0,18,19,0
8917,2025,Serie A,Home,1704,1660,12,9,2.04,1.3,38.0,5,6.0,2,2,0,15,21,1
8918,2022,Premier League,Home,1541,1646,8,6,1.27,1.04,41.2,6,4.0,2,0,0,16,35,1
8919,2018,Ligue 1,Away,1605,1803,7,11,1.63,0.97,49.7,5,8.0,0,1,0,15,90,1
8920,2021,Bundesliga,Home,1692,1497,14,8,1.36,1.43,54.2,3,5.0,2,0,0,20,46,0
8921,2020,La Liga,Away,1391,1540,5,9,1.48,1.34,49.3,5,6.0,0,1,0,18,47,0
8922,2018,Bundesliga,Home,1471,1535,9,4,1.45,1.26,48.3,4,6.0,0,0,0,12,56,0
8923,2019,Premier League,Away,1888,1528,12,6,1.69,1.49,59.8,6,8.0,2,1,0,16,50,1
8924,2021,La Liga,Home,1620,1658,9,4,1.37,1.25,54.0,10,7.0,2,0,1,17,87,0
8925,2021,La Liga,Away,1571,1273,10,6,1.59,1.36,51.5,7,7.0,3,0,0,15,20,1
8926,2022,La Liga,Away,1625,1564,13,9,1.5,1.57,49.3,8,,2,0,1,15,71,0
8927,2023,Bundesliga,Away,1313,1779,6,8,0.84,1.37,33.2,5,5.0,0,2,0,12,76,0
8928,2020,Ligue 1,Home,1409,1691,5,13,0.87,1.18,44.3,3,5.0,0,1,1,12,56,0
8929,2020,La Liga,Home,1358,1675,10,11,1.34,1.05,35.5,4,5.0,2,1,0,15,43,0
8930,2023,La Liga,Away,1559,1618,9,9,1.22,1.05,53.1,5,8.0,1,0,0,19,88,0
8931,2019,Serie A,Home,1448,1417,7,5,1.3,1.84,48.1,5,5.0,1,2,0,15,11,1
8932,2018,La Liga,Home,1513,1395,10,5,1.51,1.4,55.5,5,6.0,0,1,0,21,60,1
8933,2024,Premier League,Home,1456,1396,8,4,1.0,1.48,47.8,8,4.0,0,2,0,18,8,1
8934,2019,Ligue 1,Home,1272,1341,11,9,0.85,1.6,52.3,3,10.0,2,0,1,12,54,0
8935,2018,Bundesliga,Away,1624,1633,9,10,1.89,0.54,,4,10.0,0,2,0,18,22,1
8936,2023,Ligue 1,Home,1253,1706,8,7,0.98,0.94,42.5,10,6.0,2,2,0,18,14,0
8937,2022,Premier League,Away,1398,1561,7,12,1.49,1.85,41.5,6,8.0,1,1,0,17,2,0
8938,2019,Premier League,Away,1316,1613,6,9,1.77,0.55,49.9,5,7.0,0,2,0,21,88,0
8939,2024,La Liga,Away,1377,1541,5,6,1.27,0.94,49.4,4,3.0,0,3,0,17,29,0
8940,2019,Ligue 1,Away,1528,1580,7,14,1.17,1.17,45.5,5,10.0,0,0,0,13,71,0
8941,2023,Premier League,Away,1673,1204,11,1,1.57,1.37,63.1,7,5.0,0,0,0,17,78,1
8942,2023,Premier League,Home,1281,1544,3,6,1.06,1.12,,10,4.0,2,0,0,19,2,0
8943,2024,Premier League,Away,1422,1440,5,7,1.28,1.12,45.1,4,10.0,0,2,0,21,41,0
8944,2023,Bundesliga,Home,1255,1494,5,8,1.26,1.31,39.4,7,3.0,3,2,1,19,66,0
8945,2023,Bundesliga,Home,1415,1532,10,6,1.46,1.41,,3,6.0,1,0,0,13,53,1
8946,2018,Bundesliga,Away,1510,1400,8,1,0.86,1.54,45.7,7,8.0,1,2,0,21,24,1
8947,2025,Premier League,Away,1607,1349,9,6,1.77,1.28,57.0,7,10.0,1,2,1,13,84,1
8948,2019,Bundesliga,Home,1203,1396,1,4,1.09,1.69,48.8,5,8.0,0,1,0,15,13,0
8949,2020,La Liga,Home,1577,1297,13,4,1.29,1.57,57.9,7,8.0,0,3,0,19,95,0
8950,2021,Premier League,Home,1364,1338,9,3,1.38,1.76,47.0,10,5.0,2,1,0,19,20,1
8951,2020,La Liga,Home,1330,1357,9,3,0.9,1.55,53.9,6,10.0,2,1,0,21,59,0
8952,2022,Serie A,Home,1509,1299,4,4,1.11,1.47,54.4,6,4.0,1,1,0,13,20,1
8953,2018,La Liga,Away,1588,1574,9,7,1.71,1.22,46.4,3,4.0,0,1,0,20,59,1
8954,2021,Ligue 1,Home,1486,1374,5,4,1.35,1.55,54.1,4,4.0,0,0,0,16,77,1
8955,2020,La Liga,Home,1347,1239,8,7,1.57,1.9,58.7,4,6.0,0,2,0,15,78,1
8956,2023,La Liga,Home,1486,1444,8,4,1.16,1.43,48.2,4,,3,0,0,16,88,0
8957,2022,Serie A,Away,1398,1344,8,5,1.31,1.54,59.4,3,4.0,1,0,0,16,59,0
8958,2024,Serie A,Home,1585,1704,7,10,1.54,1.31,47.4,8,5.0,1,1,0,19,44,1
8959,2019,Premier League,Home,1651,1519,7,3,1.62,0.89,53.9,4,5.0,0,3,0,19,82,1
8960,2025,Serie A,Away,1642,1294,8,2,1.66,1.18,,8,3.0,2,3,0,15,15,1
8961,2021,Premier League,Home,1497,1580,8,8,1.46,1.33,45.2,8,4.0,0,0,0,12,47,0
8962,2020,La Liga,Home,1657,1512,9,7,1.53,1.1,47.3,5,3.0,0,2,0,12,92,1
8963,2022,Bundesliga,Away,1357,1467,6,5,0.71,1.31,57.0,4,4.0,0,0,0,18,18,0
8964,2019,Serie A,Home,1750,1720,8,10,1.84,1.15,44.9,7,,4,0,0,13,81,0
8965,2024,La Liga,Home,1356,1363,6,7,0.6,2.08,,10,5.0,1,2,0,16,48,0
8966,2020,Premier League,Home,1216,1645,8,11,0.73,1.18,47.9,4,7.0,2,0,0,19,77,0
8967,2025,Serie A,Away,1691,1443,11,9,1.38,0.87,52.6,5,5.0,2,1,0,17,52,1
8968,2019,La Liga,Home,1401,1497,7,11,1.47,1.4,50.7,7,5.0,1,0,0,18,32,0
8969,2024,Ligue 1,Home,1516,1395,9,7,1.31,1.7,56.5,3,5.0,0,1,0,15,72,1
8970,2021,Serie A,Home,1356,1404,4,3,1.66,1.57,52.3,5,4.0,1,0,0,17,47,0
8971,2022,Ligue 1,Home,1831,1439,15,6,1.37,1.52,56.6,4,,0,0,0,13,53,0
8972,2024,La Liga,Away,1755,1234,11,1,1.36,1.41,61.1,7,8.0,1,2,0,20,95,1
8973,2019,Bundesliga,Away,1717,1549,11,10,1.03,1.2,58.2,4,6.0,0,2,0,21,80,1
8974,2020,Premier League,Away,1512,1516,9,11,1.08,1.12,41.7,6,8.0,0,1,0,17,26,0
8975,2025,La Liga,Home,1637,1290,12,5,1.34,1.36,48.7,6,6.0,1,1,0,21,36,1
8976,2019,Premier League,Away,1493,1592,4,12,1.71,1.22,48.0,8,5.0,2,4,1,20,87,1
8977,2018,Premier League,Home,1657,1704,10,13,1.78,1.4,48.2,3,10.0,2,1,0,20,75,1
8978,2022,Ligue 1,Home,1443,1407,13,7,1.35,2.15,51.7,5,3.0,0,1,0,12,39,1
8979,2018,Bundesliga,Home,1722,1390,14,8,1.52,1.49,54.7,8,8.0,0,2,1,12,24,1
8980,2025,Serie A,Home,1435,1656,6,12,1.47,1.34,48.4,6,5.0,3,2,0,18,51,0
8981,2025,Serie A,Home,1451,1556,9,5,1.61,0.7,51.6,10,7.0,4,3,0,17,60,0
8982,2019,Serie A,Away,1435,1481,6,8,1.12,1.26,49.7,4,7.0,2,2,0,19,27,0
8983,2019,Serie A,Home,1527,1614,9,10,1.24,1.63,41.2,5,,4,2,0,16,5,0
8984,2024,Bundesliga,Away,1446,1538,6,4,1.18,1.34,52.9,7,3.0,0,2,0,21,35,1
8985,2022,Serie A,Home,1568,1700,7,15,0.99,1.14,37.9,5,7.0,2,3,0,13,53,0
8986,2024,Bundesliga,Home,1433,1498,5,10,1.58,2.08,42.1,4,7.0,0,2,0,19,91,1
8987,2025,La Liga,Away,1611,1560,13,11,1.33,1.59,55.1,3,4.0,0,1,0,13,8,1
8988,2021,Ligue 1,Away,1713,1654,9,10,1.51,1.4,45.8,7,7.0,0,1,0,19,65,0
8989,2020,Premier League,Home,1511,1157,11,1,1.73,1.64,55.2,4,6.0,3,2,0,18,64,1
8990,2022,La Liga,Away,1811,1659,10,6,1.56,1.27,54.5,4,7.0,0,0,0,20,9,1
8991,2023,Ligue 1,Away,1658,1429,8,6,1.84,1.95,60.3,5,5.0,0,3,0,21,10,1
8992,2021,Premier League,Away,1799,1570,12,10,1.24,1.85,58.6,8,3.0,0,1,0,12,13,0
8993,2020,Premier League,Away,1491,1733,4,12,1.48,1.01,50.6,6,3.0,3,0,0,12,78,0
8994,2020,La Liga,Home,1267,1457,6,11,0.98,0.98,43.0,5,6.0,2,3,0,21,78,0
8995,2022,La Liga,Home,1401,1436,6,6,0.85,1.42,44.8,8,10.0,0,0,0,19,38,0
8996,2021,Ligue 1,Home,1415,1492,5,6,0.97,1.55,41.7,4,7.0,0,2,0,20,84,0
8997,2021,Bundesliga,Away,1367,1297,4,5,1.24,1.98,52.3,3,5.0,0,0,0,17,86,0
8998,2018,La Liga,Home,1193,1808,9,8,0.77,1.05,36.0,5,8.0,2,3,0,17,88,0
8999,2025,Ligue 1,Away,1643,1494,9,11,1.6,1.27,66.0,6,5.0,4,0,0,13,89,0
9000,2023,Serie A,Away,1240,1730,4,10,0.88,1.42,40.8,8,6.0,0,0,0,20,34,0
