x1,x2,x3,x4,y
2.9553,-0.6022,42.421,1.933,121.384
-3.8931,-0.456,25.0107,-2.2454,63.6723
-2.653,1.8455,57.31,-1.8055,158.4347
3.2424,1.8437,80.421,2.66,258.3443
-3.9474,2.5552,97.6484,-2.521,338.3431
3.7831,-2.3444,16.5122,3.6701,57.8384
2.4861,-0.4152,38.0674,2.3293,105.4022
1.5252,1.9026,88.9264,1.6092,301.4429
-0.7522,-1.6036,20.8377,1.1812,38.2003
4.2916,-0.2533,,3.9248,312.9801
1.5552,-2.4882,10.7869,0.6153,31.3764
-4.6842,0.9732,88.7889,-4.5715,315.7562
-4.0724,-2.8692,22.8109,-3.4897,60.1882
3.04,-1.744,7.0904,1.7872,29.8656
-4.7974,-1.3509,28.1509,-4.2661,87.9884
-4.1566,-1.1687,34.0247,-2.6674,91.6883
3.9305,-0.827,36.5028,3.8005,101.4359
-3.5073,0.558,64.1204,-1.5143,191.6959
-2.5515,-0.0662,30.2068,-2.7364,64.4216
-2.8081,2.534,23.4602,-0.7514,57.9874
-3.9279,-0.3676,66.6232,-4.1681,201.8475
4.3476,-0.9217,70.3022,3.7048,228.8878
4.5411,-0.8361,67.5391,5.5988,225.8801
-4.896,1.9335,97.0834,-4.4102,362.9978
-4.5404,-1.8374,51.393,-4.4922,150.5673
0.9021,-2.3448,67.5162,0.1435,202.4914
4.0994,0.0513,16.6406,4.5276,42.7629
-2.3982,-1.9581,53.6464,-2.9898,136.5926
1.4166,2.5292,6.6986,0.353,9.8539
1.661,1.1417,82.5385,2.3215,274.5986
1.0475,-2.2453,50.0633,0.1132,139.5985
4.5981,2.6962,0.2791,2.7686,-16.8639
0.1609,0.4677,64.9023,0.2799,185.4332
-3.3006,2.8207,21.9683,-1.8083,51.9185
2.4998,-0.5284,55.7095,1.6791,167.4968
-0.5127,-2.4506,50.4965,-0.4224,127.011
0.0573,-1.037,27.854,-0.1846,62.004
2.4708,-2.6686,61.453,1.508,199.4467
3.2156,0.2177,7.6119,1.5266,26.5029
3.7627,-2.3386,44.5749,2.0144,143.1042
0.606,2.8982,0.5296,1.9558,-8.1915
-0.372,-2.4668,37.6499,-2.1189,88.4693
0.1838,1.8953,78.1293,-1.9001,240.0896
-2.4286,1.2126,34.0481,-2.9451,75.8052
-1.7842,-1.693,52.2252,-1.6411,128.2203
2.9817,1.6065,19.8365,4.4166,42.1066
-3.7771,0.7304,10.3677,-2.6072,32.3052
-1.2628,0.7535,82.0577,-1.3729,256.0489
-0.8333,2.5364,52.7638,0.3154,127.065
-2.3492,-0.4302,33.1601,-1.7058,74.5932
-0.6216,1.842,79.6096,0.8535,243.1311
1.9843,-2.0035,88.7065,2.3255,319.4334
2.6095,-2.8526,31.7898,4.2013,97.0002
0.2317,2.386,68.2536,0.2514,193.9076
-3.9971,-2.9934,58.3107,-4.0272,159.9942
-3.307,-0.9057,41.5717,-1.593,103.4699
4.9889,1.8287,99.4711,3.9183,357.5334
0.6352,-0.6047,74.767,2.6117,234.587
4.2988,0.8729,8.2692,4.1182,18.1307
-1.3153,-2.6281,73.9396,-0.4969,213.6155
-1.0994,0.4091,34.1137,-0.8971,69.9976
2.0958,-0.055,69.0997,2.2809,217.2204
4.2274,2.7743,37.0764,2.9996,72.9193
0.6736,2.9776,70.8864,-0.9938,207.5839
-2.5633,-0.8836,33.9572,0.0921,79.558
-4.772,-1.5185,51.9713,-3.0674,154.0692
4.8419,0.1694,30.5581,5.2993,70.8353
3.6936,-0.9042,53.8361,0.8094,163.0775
4.0562,-1.5851,37.8208,3.2053,112.4858
1.4939,-0.8863,78.0545,2.0403,247.964
3.8355,0.4411,50.5357,4.141,146.6899
1.0311,2.6254,52.2794,1.0245,136.0748
-0.4713,-0.9371,8.1869,0.0631,19.1184
-2.8826,2.486,24.3807,-0.911,61.4693
-3.6021,1.0613,78.7336,-1.3492,246.5903
3.369,-1.7475,20.685,3.4474,65.6383
-0.4108,-2.195,35.822,0.1604,84.4045
1.5344,1.3307,77.2569,1.3937,245.2291
2.6574,1.2787,7.6526,1.8148,22.055
1.322,-2.3065,72.2893,0.2652,231.3461
2.9752,-1.5718,80.234,2.3293,280.0418
4.2667,-1.7881,37.7252,3.9322,116.5189
-1.7847,0.3673,3.4074,-1.2468,10.6203
2.9087,2.2923,91.0399,1.3341,317.6868
-2.2707,-2.0107,1.512,-3.3349,2.392
4.2387,1.7695,28.1756,3.7105,55.3258
-3.0706,-1.8278,54.6778,-0.6679,143.3783
2.5173,-0.1549,69.4821,1.0207,217.5278
0.9959,-0.1677,99.421,0.752,362.5636
-4.2794,1.7183,0.4447,-2.9464,32.9088
2.3671,2.4891,73.611,2.6658,216.9657
2.7396,-0.2671,51.8066,2.3104,158.2013
-2.6214,-2.6905,57.3294,-2.5725,145.903
0.3242,2.6779,62.7768,0.5258,171.5294
0.2754,-0.9486,6.4828,3.1894,20.4931
-3.6591,0.4106,3.2268,-1.4527,21.3687
1.2003,-0.5901,42.9434,0.2535,120.0179
-4.4989,-2.6727,3.4182,-2.2487,27.7572
-1.2162,-2.5374,0.5642,-0.4649,5.9666
-1.7404,2.9396,1.9893,-0.2967,1.3727
-2.2743,-1.3861,99.284,-0.8446,341.8999
1.1189,-0.0149,46.0613,-0.7608,121.893
-1.0974,-1.9531,77.672,-1.1946,239.1952
2.4951,-1.1545,58.2474,3.0541,175.5696
3.1199,-0.5733,34.3371,3.3063,96.8953
2.0484,-2.3663,38.5641,0.8549,112.7272
1.4983,0.8887,59.3033,1.9365,169.5814
-3.6171,0.777,,-3.4157,123.3934
-4.0279,1.6886,96.5778,-2.1267,336.3333
-3.9502,1.496,60.3484,-3.4633,179.5356
-0.1797,0.3891,73.1831,0.1118,220.3685
4.6437,2.195,24.9805,4.438,33.9511
4.762,0.1656,13.7967,4.2026,22.1845
-0.749,-1.6659,70.1691,-0.8487,208.0667
1.4156,-1.2818,20.814,1.0395,56.7492
-2.4255,1.4127,84.9937,-2.5144,265.3977
3.5641,0.2436,14.9317,2.8897,42.0585
-3.1848,0.2248,74.6283,-2.1831,223.3457
-2.1194,-0.8712,38.6312,-2.1306,90.716
-3.9924,1.2381,5.5178,-2.2727,30.8501
-0.4885,2.2634,67.3799,-0.5356,185.9133
-3.482,0.2379,55.711,-1.9132,152.9026
2.2787,2.6836,69.6229,0.6713,207.188
-1.6819,1.7274,14.9712,-0.0657,25.1506
0.4174,-1.4568,84.0805,0.2419,278.2978
2.8282,2.1966,68.6482,2.7164,211.8833
1.5292,0.7513,39.8252,1.1252,101.0563
-0.0679,-0.9208,88.6611,-0.3808,297.8278
-3.5666,0.1992,61.6011,-3.3316,178.0723
4.4865,-2.8656,33.8906,2.9135,106.3509
-3.884,2.1245,24.3711,-3.6265,74.7388
-0.3777,-0.4684,63.8932,-0.0109,180.6063
0.4806,-1.8587,6.9955,-0.1543,21.8688
-1.2444,0.6528,88.7746,-3.1221,283.7051
-4.6508,-1.243,11.1983,-3.404,44.9299
0.5096,-2.9818,49.6875,0.9833,133.4397
4.7207,1.4572,88.3425,3.5024,301.1574
3.5661,1.576,30.6694,2.9281,71.3362
-3.4672,-2.7351,24.9023,-3.228,62.4434
4.0237,2.9786,64.458,2.6285,184.2148
-1.879,-0.5549,14.7094,-1.8303,26.136
3.4944,2.8627,2.8263,3.3552,-3.0251
-4.1932,-0.7829,10.7918,-5.0381,43.5787
1.3418,-0.9906,71.4584,-0.1804,228.4864
4.0164,0.9996,28.9821,3.7263,77.9755
-0.654,-0.9664,43.2519,-0.1269,100.9021
-2.5977,-0.1209,35.1,-1.6254,82.3318
2.557,-2.5564,60.1518,3.6807,191.6069
-1.5966,-2.8189,64.8289,-0.7727,178.0984
4.9553,-2.7313,21.2031,5.0576,77.8709
-3.2011,-0.5821,53.1518,-1.3263,143.5327
-4.745,2.5683,83.5479,-4.4224,288.6601
-0.6848,-2.0505,99.7308,0.1682,350.4085
4.6875,-1.0722,36.0895,5.2232,96.6381
-2.0753,-2.1234,68.0814,-1.0355,188.2802
-3.464,1.2837,39.8314,-1.2014,103.2882
1.4985,-0.8137,71.5749,3.4626,230.5631
1.3533,2.8389,64.3716,1.7062,182.2456
2.5178,-2.6722,29.6977,1.5078,87.0507
-4.0014,0.8914,15.2379,-3.2806,45.9826
-4.7839,1.3992,54.1887,-3.6124,175.1733
4.3038,2.311,29.7778,5.4772,58.2762
3.1908,-2.3569,87.9671,1.1038,320.2205
2.9935,1.8282,23.3591,1.6206,46.5875
-0.436,-1.3035,,-0.3931,350.6525
2.1946,-2.2091,71.9287,0.3684,235.2005
3.8742,1.0754,45.6021,3.2537,126.2839
-4.4205,2.4344,65.7495,-3.3589,207.0759
0.531,1.2912,68.3776,1.2204,197.4761
2.1978,-1.6264,35.1088,0.6553,104.2315
-1.0637,1.3629,44.5449,-0.7061,106.7013
1.8605,2.0797,23.6128,1.2006,50.9036
-4.048,-2.2172,34.5226,-2.7374,80.9444
1.0602,-1.9978,86.026,1.416,294.6288
-4.0959,0.9504,65.7112,-4.504,200.6159
-0.2409,1.7649,79.9603,-0.3092,249.6117
-4.7522,-2.081,61.9507,-5.0935,193.2669
-4.1,-1.3127,31.2627,-2.9088,79.9926
-2.2937,-1.6207,,-1.4145,134.759
-3.3303,-2.5003,67.8611,-2.9503,188.8368
0.8405,2.774,89.3014,0.385,294.7028
-4.8481,2.0499,44.9149,-3.2107,148.5697
4.53,2.3145,93.4232,2.6674,323.347
-1.2662,-1.3181,4.7529,-1.3789,14.4735
0.9684,2.142,3.8189,0.6677,3.4189
-2.4957,2.0495,50.8063,-1.8144,127.1414
-2.9685,1.0405,31.8654,-2.5583,67.722
4.2067,0.7752,69.2726,3.5357,219.406
0.1182,-0.4539,27.9462,0.9699,65.1544
-4.5766,-1.9128,37.5174,-4.1074,110.2831
4.0742,0.9104,61.1228,2.9924,168.8474
2.8341,-0.2468,93.0286,3.6007,340.8587
1.84,1.4924,46.9943,-0.3324,118.8042
-2.2178,0.4173,72.2605,-1.9671,208.9985
1.1609,0.91,72.1206,2.104,223.2967
4.3018,-1.2472,97.6239,3.7285,379.3998
3.2915,0.5924,89.3041,1.0404,318.2534
-1.0592,2.9528,79.0431,-1.9223,237.1574
-2.301,2.009,11.3782,-2.1279,23.3237
-4.8374,-1.7026,2.0569,-6.1162,35.9984
0.0647,-2.6917,57.7353,-0.0872,158.9756
2.5084,-1.4541,42.3981,1.6246,130.2123
3.7799,1.2576,55.7337,3.0599,149.6632
0.3274,0.2971,65.6626,0.0799,190.3944
0.1131,-2.3539,94.2941,-0.2749,327.1835
2.4172,-1.6954,56.5415,0.3408,174.8451
-3.3002,2.5716,15.5651,-1.2098,44.4313
3.0683,-2.4671,13.8134,4.413,51.8571
-1.7212,0.3673,0.3651,-0.6977,-0.0431
3.2164,-0.9127,26.5663,2.966,72.5601
-4.0744,0.853,2.5832,-2.9699,31.3403
-2.4983,0.9888,53.2239,-2.9217,138.3958
2.9793,1.7688,50.1878,2.3493,142.3832
-0.4672,1.9469,14.2823,-1.4979,22.6525
1.1866,1.6099,97.7168,-0.2947,347.5586
2.5337,-2.3592,6.5522,1.2994,37.1806
-3.119,0.5592,18.0138,-4.1184,44.9806
-1.761,2.6156,39.6743,-0.1324,88.8337
-3.7189,1.697,,-1.4596,247.5479
3.7464,-0.4307,37.8158,3.0338,101.304
3.899,-1.4488,37.1048,3.5072,108.4075
1.948,-2.1414,62.276,3.2219,191.6507
0.6006,2.8301,86.2776,0.3543,277.7775
1.5803,1.3263,17.9255,-0.0569,37.1708
-0.2444,-2.8701,99.1944,-1.1816,346.0769
4.5,1.2611,81.2746,3.3966,275.4661
0.8979,-0.1812,67.191,-0.4707,205.0272
-4.6796,1.2592,29.1543,-3.7181,99.8471
2.8129,-2.9855,65.0523,2.5755,219.7523
-4.2969,2.5877,33.0232,-2.5449,100.2076
3.3228,1.0171,66.4546,2.9648,212.53
4.1606,0.2491,63.7334,2.9776,194.024
3.721,1.339,28.3665,4.6646,60.8102
4.867,-0.6384,41.557,2.4502,110.3011
-1.8201,-1.739,94.3635,-3.0171,313.3283
3.5898,1.2554,14.5763,3.0802,28.8721
-2.1624,0.1969,47.8238,0.009,120.4187
-4.2486,2.1304,77.961,-3.7439,248.3478
-2.7641,-1.9939,76.9074,-3.639,226.2636
2.6001,1.1812,74.2359,2.9955,238.8644
2.6384,2.0227,31.1124,2.4735,66.1771
-2.2953,1.3872,32.8039,-0.4405,76.7047
3.845,0.7652,77.2354,3.0202,261.2621
-1.942,2.9516,87.5985,-1.445,277.4618
-1.6788,0.4787,59.8726,-2.144,161.7693
-4.8588,-2.2388,40.3223,-5.8629,116.3734
-3.8216,-2.8572,32.5475,-1.7246,71.7033
2.0403,-0.4198,90.8416,1.026,322.6539
0.9032,1.7283,94.8276,1.7113,325.0372
2.6933,0.5763,80.1434,0.9716,265.4552
3.7299,2.5154,66.6095,3.7261,187.1414
-0.0435,-0.614,51.2549,0.0775,135.5337
4.219,0.3926,42.0329,4.3824,118.6384
0.8507,2.2705,31.8504,2.0777,69.1338
1.7094,-2.2394,68.4494,0.7213,221.5606
-2.9337,0.6453,56.5499,-1.6508,154.0035
1.1702,1.9768,0.5811,-0.2318,2.7635
3.1464,-1.1317,65.649,3.072,214.6731
-3.2179,1.388,98.8025,-1.9707,345.6728
4.1332,1.637,65.4464,2.806,194.5069
-3.0183,2.4663,75.3563,-2.1953,231.541
-2.5863,-1.5954,53.6062,-0.2225,135.5185
1.9155,1.0817,40.4323,0.9659,99.8361
4.2462,0.2633,77.5419,2.7267,255.5431
-2.0769,-1.5012,37.2358,-0.8181,82.6868
0.2901,2.5201,25.3788,0.8465,49.3388
-3.1214,2.6899,94.1518,-2.5279,312.1276
2.747,-2.5461,95.5936,2.348,358.7881
-4.8184,0.35,83.8502,-4.0891,423.0886
-1.6333,-1.3044,34.4213,-1.5033,77.2075
-1.8739,-2.3755,73.5453,-2.5267,213.2845
-1.4795,0.3153,9.5282,-2.3077,13.8909
-2.7203,1.6129,14.8164,-1.822,32.5133
3.8776,-2.9687,83.8288,1.8689,313.2783
3.7947,2.587,67.9882,2.3065,195.6229
4.4412,-0.0071,27.1193,3.3264,69.2738
-3.5049,0.1203,79.0429,-3.2201,252.3283
2.1455,2.7436,30.3274,0.3024,65.8275
3.3748,-2.9147,86.9211,2.7898,327.9929
-4.5504,1.9381,,-4.7569,333.2759
2.3021,-0.6505,62.1607,0.5558,185.0919
-4.6109,-0.3126,8.5932,-3.6821,45.3226
-3.1827,1.8174,23.8895,-2.9417,57.177
0.8614,-2.578,36.9917,0.7275,92.1088
-2.6332,2.9076,49.5482,-2.4699,121.1339
-3.7314,-2.7836,45.7512,-2.3736,109.0932
1.5931,-2.2955,32.5197,0.6406,84.6649
4.1402,0.7108,28.3389,3.9597,73.6094
0.8068,-2.6421,63.7879,-0.349,194.6
1.2664,-1.34,11.8891,0.6615,37.0456
2.0517,-2.834,92.2885,2.5375,339.556
-4.8125,2.96,17.7602,-3.8716,71.5991
3.7815,-2.2071,70.1274,2.2342,243.694
0.9739,-2.5645,94.3451,1.2755,331.0349
4.1601,0.3711,62.8511,3.5176,183.627
0.9227,2.0621,25.2318,1.534,53.315
-1.2774,-0.308,55.1454,-0.3097,142.7573
0.9853,-0.8993,98.0896,0.7658,354.8039
-3.494,2.1437,22.149,-0.8693,59.2229
-1.1605,-1.8677,83.1864,-1.2416,256.8834
2.9503,2.1032,94.833,2.2028,341.1252
-1.0752,-0.6791,57.3606,0.5146,147.4832
0.7529,0.8372,78.6892,-0.1482,245.7895
-0.7708,-0.1612,66.4762,-1.5348,187.8005
-4.8753,1.2126,56.6643,-4.1608,182.6187
-3.441,2.0187,93.3048,-2.3769,317.0932
-4.059,-1.5283,9.405,-3.2023,33.3618
-4.0108,-1.74,11.9097,-2.2436,32.0995
-0.1746,-1.9268,67.5386,-0.4697,197.3114
1.1631,1.5275,58.3132,-1.0456,61.4117
1.1992,0.1474,22.3767,-0.2206,52.5865
4.153,-0.3859,9.3937,2.3977,24.8168
4.6676,-1.6449,18.0184,3.7167,49.8548
3.3798,2.5,97.4239,1.9523,348.2538
4.1613,-2.7883,53.1681,4.3861,166.732
-1.0587,1.7551,34.3689,-2.2127,73.4878
-3.1403,0.5586,72.7496,-3.138,217.749
2.9511,0.8275,41.9739,1.7424,114.4381
-3.1276,1.231,80.553,-2.9785,253.4289
4.591,-1.7396,92.8843,4.002,350.162
-3.4571,2.5429,34.4709,-1.4506,86.5398
-2.3586,2.9125,46.8409,-1.8325,110.7102
-4.5506,-0.6237,88.5746,-4.0214,303.6081
4.5871,-2.2856,65.9013,3.0485,224.7052
-3.2813,-1.504,9.7049,-1.6975,23.7489
-1.2087,2.6859,34.8046,-0.7166,70.6634
-3.29,-2.8333,40.9518,-2.1214,94.9571
-0.3695,0.7847,24.5013,0.5605,51.6678
-4.1514,2.7401,5.1135,-2.9019,39.6419
-3.8652,0.3901,0.1511,-2.233,21.6113
-3.6825,0.4583,79.1864,-3.1414,257.4866
0.8782,0.5814,16.7669,0.6645,36.4647
1.1807,-1.9738,13.0878,-0.2935,35.4536
-2.8389,0.3469,96.2598,-0.8639,327.1072
0.0876,1.045,17.1066,0.3539,36.3805
-3.859,-1.6733,90.5107,-4.601,298.8407
1.5309,0.6493,68.6817,0.5142,207.715
4.2693,1.0172,92.6466,3.7485,330.1012
-1.7384,1.2667,3.1566,-1.8379,7.1292
-4.3565,0.2873,3.8989,-2.8288,44.0932
-4.7552,1.828,25.7591,-5.286,91.4151
-3.239,-2.331,,-2.2217,95.7216
-2.4915,-0.5684,12.2497,-1.3878,31.6821
3.6368,2.5151,69.879,3.1483,203.3853
-2.7261,-0.1258,59.2093,-1.9401,157.4869
0.9054,1.3555,64.6162,-1.395,187.3011
-1.9866,-1.4004,7.9149,-1.4196,10.6473
-4.4371,2.4235,0.5742,-4.0599,46.9412
4.987,-1.4415,31.7155,4.3522,96.5478
0.9476,1.5411,75.0864,0.6708,231.4327
-4.6995,-0.8306,39.5013,-3.0568,129.2654
2.7836,-1.2795,71.6945,2.6022,240.2491
2.1706,-2.5388,71.7974,1.0645,236.8668
0.0768,-1.8323,84.4683,1.1851,275.3829
-2.9732,-0.1301,10.5771,-2.4319,23.4882
-0.4145,0.3412,9.3753,1.7542,18.6069
-3.7097,0.592,78.6655,-2.3057,254.6685
4.0386,0.1222,54.4402,3.7478,163.7572
-3.9585,2.7656,22.3046,-2.9302,65.1156
1.4601,2.0244,0.8862,1.2379,3.2201
-0.3145,1.4969,43.8272,0.2495,-20.3747
-3.1325,-2.3313,32.6113,-2.8646,70.4416
0.8515,0.7838,66.9168,-0.8145,203.7108
0.5501,0.3924,93.7767,-0.1445,324.0907
-4.0084,1.6917,20.6752,-3.18,67.2677
-1.6825,2.4866,79.8299,-1.0674,244.4159
1.8043,-0.024,5.9696,1.0244,23.7028
-1.8525,1.1453,93.6412,-2.4597,312.7942
-2.1519,-1.978,55.1909,-3.646,139.52
-1.3381,-1.1961,32.6672,-1.4685,68.4372
-3.0621,-1.2255,15.3527,-2.8204,32.1642
4.5634,-1.0855,1.041,4.4513,20.4849
0.6407,0.7776,32.5164,-1.0578,75.1009
4.1064,1.1454,17.8469,3.1966,35.8608
-3.3264,0.8733,64.3549,-2.0679,187.0084
-1.2272,2.6935,98.4641,0.1561,331.7762
-2.263,-2.3844,52.833,-0.9076,132.2816
0.0422,-1.4495,72.2116,-0.8062,216.8379
-1.7588,-0.4588,9.65,-1.2229,18.2558
0.7398,-1.9499,34.8071,1.2809,87.7457
-4.0553,-1.4248,17.3938,-2.5517,114.324
1.9612,-2.3217,94.1211,2.1895,336.6895
1.5549,-0.0913,3.8602,1.9006,17.5282
-0.9133,-2.4848,0.3719,-0.3493,5.5665
-0.0892,2.6264,64.4577,-1.1224,175.5542
3.1739,-2.047,2.064,2.4599,24.8174
2.9113,-1.5798,48.4083,1.719,150.3936
-1.6564,-2.159,73.0969,-2.1008,205.396
-3.6167,-1.3769,36.3485,-2.0716,84.7217
3.3471,2.1326,6.5029,1.6301,6.7575
1.6205,1.1607,47.3154,3.0264,127.0169
-4.2326,0.2063,47.0817,-2.3968,137.4048
-4.0325,2.7601,63.3287,-4.6822,196.1392
-2.5422,0.6657,69.7934,-4.9811,208.2101
-2.3212,-0.3837,41.2098,-2.5323,-4.3094
0.3722,-0.7835,12.6544,1.8774,30.2574
3.7582,-2.697,46.6517,3.1331,150.667
-1.5394,-1.7907,16.0958,-0.7721,28.9109
-2.9373,1.1644,35.8188,-2.7496,86.3608
1.8455,-1.9475,24.2925,0.0274,65.0626
-1.0727,2.6513,85.5262,-1.1609,266.7929
-1.3363,-2.9464,11.6702,-1.6855,22.6626
-1.8424,0.9931,22.5404,-2.7874,48.5324
-3.9231,1.5428,51.8342,-1.9529,149.2289
3.5262,-2.6094,57.4205,1.9688,187.9006
0.8877,-0.3896,50.0601,0.6834,133.9443
1.2745,-2.2074,95.6462,-0.1501,350.8202
1.7907,0.2561,51.6211,0.6804,148.7743
-1.4263,-0.2074,29.8537,0.0917,69.1506
-3.5417,2.5722,61.2118,-0.9785,177.6479
2.3375,-2.2477,79.4329,3.3518,275.2098
-0.8339,-1.0086,71.5093,0.7346,212.5384
-0.5896,1.6251,29.8142,-1.5562,59.1992
1.2677,-0.1354,48.3235,0.4602,134.3458
1.8976,1.1096,12.3264,1.9371,29.5775
2.9845,-2.2578,27.6765,4.1881,80.3679
-3.8109,-0.3815,92.8811,-0.897,310.2794
0.1586,-2.9365,34.1476,-0.3866,81.0429
1.1968,2.0915,99.7339,2.0219,353.31
0.6078,2.6904,32.4591,0.1343,63.813
1.8784,-2.1082,80.1929,2.6634,276.6124
-2.0953,0.5359,68.1908,-2.346,188.2162
-1.7927,2.4373,26.5668,-0.0568,49.4486
1.9426,-2.806,79.6598,1.2285,278.2205
-0.1706,-1.8132,79.0198,0.1037,248.6212
-3.4248,-1.8244,95.4795,-3.2482,314.6822
3.9469,1.298,20.0977,2.7152,35.1005
0.8611,1.0845,49.697,1.5642,127.1354
-4.1523,2.4388,85.1811,-3.8041,286.3604
2.4882,-0.9642,96.3917,3.1365,367.7561
-4.3236,2.4172,63.4868,-4.3801,197.1636
-1.7766,1.5264,50.4908,-3.1628,130.3355
-2.7752,-2.2969,91.6446,-2.0756,290.5585
-4.9252,1.4834,77.0516,-1.8536,264.4724
3.2312,1.3076,18.4243,2.4579,40.6564
0.9778,2.1421,29.2639,0.3379,63.931
-4.3565,2.1607,13.4494,-2.6112,60.7163
2.1696,-0.7035,33.5263,3.3961,95.3843
-0.0172,-0.8198,86.6805,0.543,413.943
2.0303,-1.5336,95.688,1.8508,352.9697
-3.1727,2.004,79.8197,-1.8984,252.8378
-3.8678,-0.0779,99.9559,-3.687,351.0557
3.9026,-1.5935,3.1701,2.1955,19.9763
-4.6068,2.196,61.4414,-3.4038,200.7436
3.1353,-1.8477,50.8836,2.9766,159.7752
-4.0577,-1.9354,81.4992,-2.5083,257.4661
1.6585,-0.1312,63.0111,1.0195,184.0917
-2.3128,-0.2169,20.631,-1.0479,48.2126
-3.8547,2.3208,50.9146,-3.1913,142.7391
4.3736,2.2027,51.5434,5.3621,134.9235
-2.3302,0.901,5.6619,-2.8808,14.0096
2.8689,-2.8097,0.3984,2.7709,21.274
-0.5785,2.7971,9.6981,-0.8105,10.1499
-3.952,2.108,73.2144,-1.4801,236.7367
-0.6544,-1.9458,61.3753,-1.595,170.1357
1.3901,1.4097,88.7196,1.6297,302.0815
4.3496,-1.0294,49.8344,3.1677,142.8309
2.9647,-1.7126,96.3141,3.2675,369.3065
3.7433,-0.0662,80.4081,2.4095,274.9526
-3.1462,1.1654,23.0,-4.0335,61.2334
3.51,-0.2948,30.4181,4.2137,83.9571
1.649,-1.9011,68.6884,1.7593,219.0365
2.73,-1.3493,42.5603,1.1637,123.9017
-4.9694,1.274,8.2275,-4.1321,65.409
4.6063,-2.3317,24.3264,4.5518,72.2346
-0.2225,2.8493,10.3307,1.0506,15.5576
3.3253,2.7332,38.5303,1.9371,88.0958
-0.0451,1.1164,9.6187,1.0012,17.18
0.2866,1.6885,39.3608,-0.235,95.346
-0.3087,2.1958,74.1762,-2.3071,223.4966
-1.6141,-0.835,93.6042,-0.9021,309.1085
-4.9752,2.6812,5.943,-3.6615,59.9835
3.2725,1.1485,35.1539,1.5506,88.3341
4.8908,1.4675,71.9256,3.1379,228.6858
1.8456,0.7692,45.2947,2.8145,118.6342
-1.8372,-2.4415,82.8684,-0.5137,251.6408
4.9541,-1.072,87.7412,3.8588,323.2441
2.7235,0.8637,99.2189,2.4532,366.5149
3.7639,2.3654,69.4548,0.512,210.0549
4.5994,0.0544,78.1234,3.4126,263.53
3.1507,-2.2244,26.301,1.8206,75.0999
2.342,0.6757,0.1141,2.3561,8.1134
0.4287,-2.4123,90.6685,0.3213,312.2679
-3.3438,0.0647,10.1519,0.3063,25.6643
-1.7942,0.572,20.8695,-1.2119,43.7885
-3.6472,0.7426,19.0434,-1.7391,48.3135
0.7385,2.4776,79.8906,0.901,248.032
1.5561,-0.8448,39.0875,-0.1979,102.7778
-4.7735,2.6403,32.6511,-4.8538,104.8852
-4.9611,2.0905,78.854,-4.3755,280.5109
1.6046,-2.3522,15.3108,1.946,44.7397
-0.6867,0.1552,34.3121,-2.1143,81.4627
-1.1261,0.9421,44.0912,-2.2852,107.6877
-0.0785,0.0478,92.1584,-0.3028,313.6567
1.1552,-0.3709,30.9179,1.4989,81.3395
-4.287,-2.9768,62.1794,-5.013,182.6819
2.9197,-1.9992,23.6203,2.3603,68.6795
-0.7984,2.6926,10.9048,-0.2597,15.1049
1.1854,-1.6562,20.0705,-0.0917,53.1296
-1.9416,1.8397,36.6044,-1.3906,80.3683
-0.2836,-1.685,62.6076,-0.456,180.9786
4.802,1.1406,66.7013,5.4212,204.9104
-1.7216,-0.0229,87.807,-1.356,282.0561
-3.679,1.4776,,-2.2577,38.0992
-4.7352,-2.4311,98.0151,-3.8948,354.8955
4.163,-1.4438,0.2794,1.7252,21.6928
1.5789,-1.6363,72.6552,1.2028,232.1365
1.6622,1.1395,40.9612,1.193,105.3156
-1.8377,1.4318,14.1078,-1.7739,30.6049
3.123,-0.938,1.6763,3.494,18.0909
1.2695,-2.5613,41.0529,2.2103,113.203
-3.9833,2.3447,33.9217,-1.8306,95.7183
1.508,0.3638,62.0803,1.6689,184.352
1.3711,-2.7678,91.2585,1.5357,328.8798
1.1311,1.3665,22.0169,1.9777,45.96
-2.9418,-2.942,82.8924,-2.4506,247.2735
-1.7658,-1.9785,7.2611,-2.5492,12.7989
2.6408,2.222,71.9984,1.1047,218.992
-1.5304,0.3653,19.5228,-0.5053,36.5171
-2.1219,-0.6949,4.4555,-3.1996,11.6958
-4.7921,-0.6663,7.1866,-4.5581,46.4582
-4.7407,0.7428,40.1956,-4.7672,128.9825
1.5559,-0.2256,22.7805,0.2929,56.4025
-0.3003,-2.0812,37.3293,1.1241,87.9318
-3.9881,2.3557,26.6964,-3.3086,77.7591
0.6693,0.6881,11.067,0.3887,21.9288
-4.1409,1.0128,40.9346,-3.9569,111.038
4.0195,0.7584,22.7309,1.4857,62.4
-4.9328,-1.3576,77.612,-2.0113,261.2657
-2.633,2.6589,85.7779,-3.389,276.0912
1.4809,1.6901,13.1731,1.1089,24.4943
-4.3165,-0.0466,49.2903,-1.6322,143.4474
2.161,1.3244,66.0762,3.0935,200.333
-1.5044,-0.4531,28.7419,-1.1021,57.3055
-3.5227,-1.5608,1.0741,-1.8151,17.4752
3.4224,-0.1453,76.6652,2.3827,254.814
0.5442,0.5858,5.6054,0.4352,13.0402
-4.9679,0.7147,83.8642,-4.9669,294.6829
1.4273,2.6956,73.11,1.652,218.2851
4.9428,-0.0059,4.3208,3.9043,12.9118
2.4779,-1.4807,24.2213,1.8086,74.0661
-4.8819,0.9033,32.0863,-3.8269,111.2684
0.3161,0.8677,44.2258,-0.8957,111.3962
1.9812,-2.3455,11.3159,0.901,36.9107
2.1654,2.988,42.8813,1.9,102.9902
0.9429,0.6631,,2.4635,69.1449
3.458,1.746,92.4166,3.6672,318.8619
-1.9793,0.581,94.4886,-2.7776,316.7973
3.0067,2.7587,84.5726,3.8436,280.5194
4.8299,-2.302,75.1681,3.9585,255.3359
1.01,2.3191,31.593,1.2879,62.1437
4.6791,-0.5591,65.2152,4.3701,207.9877
3.1999,1.2972,87.3528,2.0468,299.0645
3.1188,-1.3571,,1.1429,70.0306
-2.6925,-0.2529,59.8319,-2.8421,153.5907
-3.9706,-1.4988,35.7909,-2.9868,91.7948
-2.3479,0.318,62.429,-2.782,169.8167
-4.2815,-1.7589,67.7708,-2.0903,201.6151
-1.4878,-2.0258,97.6103,-0.2,334.8644
-2.1215,2.1044,72.2212,-3.8614,206.6179
3.4973,-1.4325,18.5597,1.5788,60.5791
-2.2966,-1.3392,6.6462,-1.0722,15.2193
-1.6068,2.3421,84.357,-2.0551,266.7262
1.7801,2.4156,5.5556,-1.1313,3.8833
4.1099,-2.5217,94.6908,2.5398,369.0961
-3.2364,2.8568,26.6236,-1.6709,68.0463
-3.0726,-0.4163,0.8198,-2.793,11.7636
-2.7349,0.0771,93.0838,-3.0738,310.3639
-2.0312,-0.0676,46.7765,-0.3334,118.7356
0.3336,-2.7216,79.4268,0.2155,260.7444
1.534,1.7405,20.512,0.9165,42.4924
-2.3087,0.8893,17.1939,-0.798,40.6625
2.1731,1.5179,,-0.7905,49.1318
-3.4125,-1.6909,91.5518,-3.4451,302.1868
1.4165,-0.0266,81.4917,1.4288,268.2393
-4.7986,-1.6539,73.6512,-4.1871,235.3819
-3.3875,0.7918,53.4581,-2.1886,150.161
-1.6362,-0.7671,36.8918,-1.9861,82.5198
-2.9162,-1.0494,95.8939,-4.0741,316.6198
-4.5666,-1.5655,74.911,-3.8005,222.9295
3.002,2.5839,81.4638,1.3725,263.6288
-0.8089,-0.0604,92.5966,-2.8065,310.8071
1.1244,-2.0582,80.1264,0.6804,266.7039
-0.4931,1.2825,6.2916,-1.7466,13.4007
3.9451,0.1427,65.5035,2.5595,355.7875
4.756,-0.0438,35.4447,5.4491,98.3721
-2.5552,-0.131,54.4776,-0.7244,139.4235
-1.1232,-0.2738,34.79,-2.0058,77.1678
4.912,-1.8687,79.6182,4.8382,276.1041
1.8301,1.6658,92.825,2.7832,322.793
0.3928,1.1818,31.2612,0.4853,70.1385
0.947,-1.2413,4.8901,2.3831,23.3253
-1.3924,1.2215,99.1787,-0.7783,339.0347
1.5733,2.6514,79.3935,2.2954,244.7681
4.6899,-2.3769,92.0303,3.4055,348.5474
-1.7431,1.2981,84.5304,-1.4818,260.7214
-4.0571,0.4536,60.6725,-1.9391,181.1959
1.336,-1.3571,34.1195,0.5438,92.3594
-3.5584,-0.4864,84.9057,-2.9658,274.7662
-0.8515,-2.5947,15.1614,-1.8697,26.8496
2.7736,-1.2707,26.4386,1.2377,75.9416
-0.5474,-0.8284,30.7109,0.0807,68.6906
0.4614,-2.3368,30.2723,0.7521,75.6797
4.5933,-0.1341,14.7586,3.8382,38.4446
3.2626,-0.8912,29.0326,2.748,82.437
2.0139,-0.5602,55.159,2.3731,162.3252
-3.8305,0.5758,55.6663,-1.712,162.6329
2.4618,1.21,56.794,1.7583,166.7505
0.8851,-2.0796,40.1056,1.799,109.5476
3.8704,-2.4572,2.925,4.5578,34.7357
2.2401,-0.5165,27.4304,1.1006,71.67
0.9564,0.1125,58.4867,-0.4214,166.5016
-2.9721,2.8823,62.8083,-3.2136,178.4421
-1.3564,-0.7521,9.6753,-2.1256,20.3865
0.3657,-0.8592,14.9668,-0.1594,35.7045
-3.2706,2.7003,92.0687,-3.3468,300.6332
3.0045,-2.7183,27.1836,2.7905,90.2977
2.7338,-2.8851,81.4131,0.1267,290.8392
1.5259,-1.8943,18.0622,2.7147,56.2853
-3.0202,2.057,56.64,-1.4369,151.9559
2.1702,1.7565,17.9852,1.2135,32.9047
-0.8582,-1.5529,73.939,-0.9782,226.2907
-3.9406,0.383,34.9732,-3.8721,95.6364
-0.9998,-2.9781,24.0591,-2.4691,49.1239
-2.5544,0.0628,79.5906,-2.4963,241.3631
1.7575,-2.812,96.9428,0.069,362.5284
-4.4791,0.0504,89.519,-3.6347,310.002
-1.4331,-0.4958,50.2544,-0.0541,124.6724
-3.3271,-2.5382,83.737,-0.6591,256.1287
4.5769,-0.3082,81.2485,5.0195,284.093
-4.4946,0.7951,62.5071,-3.3715,195.8591
3.8656,-2.4648,84.8274,2.1793,308.5038
2.9821,-1.6531,95.2102,2.7557,354.3082
-4.3144,0.5552,70.0413,-2.5058,215.5778
-1.4448,-1.5412,92.7403,0.1138,304.3517
1.9971,-1.8134,42.3874,1.6649,122.0037
1.5995,-2.5583,45.2998,1.183,126.8337
-2.1057,-2.6173,62.3269,-2.3216,163.3184
-0.0344,0.1019,4.5737,-0.4691,12.7705
1.6332,0.0228,63.0274,0.0594,193.1941
-1.0345,-1.3283,47.3076,-1.3611,113.2804
-2.4909,0.5169,19.8272,-2.0523,42.907
-0.5287,-2.418,40.1762,-0.8527,97.487
-2.6606,-1.9021,4.3127,-1.3243,10.8929
-0.6596,-1.3052,60.7806,0.6013,167.4371
1.4788,-0.0799,59.3193,-1.1611,170.916
-0.7376,0.1528,93.2859,0.4808,305.4256
-2.543,0.0461,54.3653,-1.8817,147.5833
-1.4977,0.4587,36.269,-0.5178,84.315
1.3821,-1.9451,90.8652,0.7607,321.3502
1.3876,-2.3535,8.5621,1.3958,32.525
-2.2184,-0.576,74.6841,-3.0132,225.5204
2.4015,1.1066,82.4037,2.6671,276.392
-1.9656,0.4136,63.7893,-2.4489,175.4923
0.4455,-1.6336,49.1695,-0.6727,132.9759
4.702,-2.6488,,3.9054,300.6623
-4.2841,1.6371,7.5288,-3.3547,48.1897
-2.3621,1.3507,35.2538,-1.3598,150.4783
-3.6478,-1.576,0.5559,-2.6941,19.6873
-1.8585,1.337,81.5505,-0.2423,251.948
2.0894,2.0672,89.3652,0.5872,304.0667
-3.8467,2.1205,40.662,-1.0212,112.2661
1.8616,-0.2469,63.8176,2.3224,196.1648
1.6431,-1.8486,90.1965,1.9495,322.2435
3.7073,-2.3227,54.3856,3.5636,170.8618
-2.564,-2.6175,27.7687,-2.8788,62.0524
2.4799,1.9359,90.253,2.3699,308.4999
-4.0619,-1.9143,6.1578,-4.0341,34.1493
-3.2554,0.9438,79.8418,-1.7807,250.1755
4.9942,-0.2968,65.4015,3.0199,207.8313
2.4182,2.6298,82.6631,2.6496,268.5932
-1.9406,0.0033,11.2307,-1.795,20.7646
-4.5112,1.5148,29.9442,-4.1711,99.236
-3.5442,-1.6192,37.4454,-2.6414,94.7738
-1.1569,1.925,83.9788,0.6873,262.9418
-3.1965,-0.1146,44.7466,-1.4569,108.598
-3.7344,2.7872,62.0676,-2.4924,172.6087
3.4441,0.9603,50.7268,2.4876,142.6515
1.0949,1.0263,77.8224,0.6637,247.5574
-3.4642,-1.2292,75.8428,-2.4983,223.9827
-2.6332,2.8224,14.2282,0.4011,26.2701
-1.0356,-2.0878,90.5087,0.2645,296.2891
-3.4556,1.2449,58.8857,-1.8754,167.3535
2.1248,1.4416,51.6906,2.3229,141.8366
3.565,0.4572,,2.945,252.3369
-1.7021,2.2809,37.8696,-2.4794,88.6243
-0.4908,2.6984,30.1794,-2.2077,61.8265
4.5104,-2.5565,29.588,3.6145,92.3997
-4.6652,-1.0707,19.9319,-3.0714,70.4876
1.3311,-2.2921,10.9284,0.7935,36.3743
4.3339,-1.6391,59.7923,3.2554,203.5198
3.6889,-0.4513,64.6669,2.1546,204.3322
-4.4309,-2.3547,35.3752,-4.4088,93.9356
4.3851,0.1716,99.5516,3.5702,389.402
4.4453,1.9065,21.5138,1.8431,38.1903
3.9563,2.9354,76.0796,5.1703,234.8638
4.6935,1.23,5.9344,3.1268,9.3575
-4.0983,-0.573,77.7103,-2.4727,246.4889
2.8914,2.5458,94.8228,1.5318,329.5195
-1.679,2.0091,62.7542,-1.4715,164.0896
3.0412,0.5921,86.446,2.9555,308.2416
-4.1161,1.42,38.5813,-4.414,111.655
2.207,-2.0408,15.7088,1.5345,54.9213
-2.7498,-1.2502,15.6095,-1.8182,33.0073
-1.719,-1.5157,92.3631,-1.1868,305.9797
-1.6636,0.3204,54.232,-1.4859,147.9012
-0.9597,-0.5909,73.3056,-0.8444,220.124
3.6293,-1.0836,72.1289,3.8955,231.5977
1.6844,1.7083,3.799,-1.1395,12.2332
-0.1142,-1.7041,51.5827,0.5114,136.4295
1.5269,2.1076,56.2535,1.2603,152.4729
4.3587,-1.4351,79.3358,2.7064,283.4405
1.1082,2.7999,6.289,1.3497,4.5904
-1.3832,-0.1511,39.394,-0.4439,94.1412
4.2584,0.8375,24.8799,2.6785,66.44
-0.1047,-2.3241,56.5754,-0.7085,152.1664
-0.9525,1.465,14.8795,-0.1012,26.6643
-2.822,2.6045,27.9135,-4.9347,62.2158
-1.7122,-2.8581,51.7284,-2.9484,131.1452
-3.6935,1.6506,44.5872,-2.0547,118.7651
-2.6373,-0.7292,99.2408,-2.2537,340.4743
2.5108,0.4106,53.2264,1.723,152.9154
1.9998,1.4915,10.0618,2.0008,18.3465
0.8752,-0.4772,14.7142,0.651,37.4582
4.2695,-1.7522,11.1462,2.1211,41.4428
-2.3498,0.6436,2.3023,-1.6227,7.5475
4.3881,-0.7356,96.584,3.7758,371.1364
-2.0498,1.412,63.6317,-2.0354,172.5719
4.0858,0.3172,14.6102,2.818,33.6233
-3.2519,1.6796,17.0001,-2.4757,44.2381
-3.3451,-1.8598,4.9028,-3.5254,16.4664
-2.0188,1.18,0.119,0.7867,5.7909
-1.28,-0.0338,,-0.9355,294.5996
-0.1018,2.9608,78.1699,0.4526,234.0
-1.6926,1.7924,23.3819,-0.207,49.801
-0.7927,-1.6293,17.9045,-0.3614,32.6003
-1.9605,-1.6428,96.4505,-1.3814,330.5002
1.8256,0.5692,53.2873,1.5967,154.4966
-1.8761,1.1305,42.8901,-1.7167,97.5057
0.4717,1.1418,98.116,1.4359,344.0715
1.0625,1.9595,64.2012,0.8612,181.5182
-1.3581,2.84,15.3959,-2.0035,20.1489
-4.7603,-0.6941,55.6355,-1.2495,168.9363
4.0611,0.2517,,1.6523,144.4304
0.5666,-2.6204,24.2286,1.3061,58.6792
1.6292,-1.7838,59.8173,3.5397,183.4255
-1.8379,-2.0372,82.1278,-3.4134,257.3191
-3.8816,-2.9593,54.0581,-2.8781,134.2898
-2.4332,1.0943,4.6974,-0.8462,8.1317
-2.7984,2.1809,23.7405,-1.7384,51.7837
1.7771,0.0757,42.2834,0.0039,117.431
-0.7458,-2.9733,56.971,0.3062,149.6686
3.9492,-1.6761,10.6923,2.6348,35.386
-2.5869,2.188,46.7551,-1.857,117.1725
1.3859,2.446,68.8674,0.6886,199.9664
1.2959,-2.6601,2.1875,-0.6022,21.5751
4.8765,-0.6406,30.3497,4.6087,84.8221
-1.6034,-0.7595,74.8766,0.6428,220.0585
4.3211,2.4028,85.1266,2.0618,284.5562
3.8757,0.0004,39.6659,3.4218,107.5851
-4.1519,2.0975,70.159,-3.5346,225.6553
-3.1023,0.9673,32.4988,-2.519,82.0213
4.5619,-0.7447,82.3047,1.9973,298.0282
-1.1812,-2.6249,12.498,-2.4852,27.1146
-0.9993,1.7802,18.2077,-0.4039,30.5596
-3.9051,-1.5268,31.3747,-4.1577,74.2151
-2.2507,-1.5346,29.9916,-1.0894,59.7767
-3.171,-1.4159,2.0127,-2.0789,12.3599
-1.2216,1.3772,72.9804,1.3656,212.2584
-0.2607,-1.6182,62.8829,1.1523,179.2262
-1.7536,-2.2834,47.1535,-1.0948,108.2973
1.2616,-0.5075,80.107,-0.2962,266.2685
2.0541,2.9543,55.8908,3.1571,143.996
0.5703,-2.5879,12.6225,0.6887,33.503
0.8618,2.2933,80.519,1.2691,253.6248
4.2639,-0.0108,82.4229,4.7722,406.2185
2.6316,2.5172,11.8439,1.8764,18.3255
0.8933,1.4386,56.4294,0.6911,153.9731
-2.8216,-1.7719,0.1849,-2.0654,-0.7709
-3.2276,2.8053,17.6887,-2.1819,46.4624
-2.6153,2.5893,52.9011,0.5451,131.9693
-1.2116,0.1367,51.8789,-1.4689,137.2738
-3.2601,0.9288,84.8732,-3.004,270.3959
-0.5427,1.3086,75.1852,-1.0899,228.0752
1.5319,2.7167,67.759,1.7126,192.5897
-4.2682,-2.2286,72.8494,-4.2357,218.3257
-2.5108,-1.4958,66.1479,-3.4175,179.4832
-0.0358,-2.7151,19.6518,0.2089,45.0978
3.8665,-2.0729,1.1647,4.9048,27.9007
-0.5892,-0.8315,95.5335,0.1245,326.5656
0.82,-1.8404,49.0308,-0.3531,137.9385
3.1096,-1.2897,9.6514,3.6913,39.1343
0.5504,-0.7297,13.7183,-0.6931,33.7655
-0.6019,-2.74,42.5257,-1.6677,103.6943
-1.3163,0.14,24.0013,-2.3068,48.2534
-0.2391,-1.0843,54.7835,-0.6784,145.0944
-1.6872,1.531,60.2768,-2.1075,158.1304
1.3398,-0.2865,87.58,1.488,300.7978
1.3167,-0.7387,85.1047,1.411,288.2474
-2.393,0.0295,72.1384,0.9748,214.9617
1.5081,-0.6589,71.1733,0.2213,231.3399
2.8228,-2.1749,94.8034,0.3846,358.0775
3.6276,-2.6363,20.5639,1.2875,66.3753
-0.6052,-0.8742,33.0387,-1.0831,72.8965
-1.4844,-2.9288,27.45,-1.0905,54.4944
4.3691,1.3543,99.146,5.5311,359.8986
0.3141,-0.1038,11.253,-0.3314,26.2382
-4.6416,-0.4896,2.515,-4.6696,47.9098
-4.4128,1.5569,41.3822,-2.0807,125.3576
-4.5088,1.9137,10.496,-2.6042,53.5146
-4.1364,-2.1713,88.0412,-2.6294,285.781
2.93,2.4164,41.1161,2.0846,-35.9332
-0.1562,-1.4261,28.5754,-0.0299,63.418
0.1255,-1.4995,0.5851,1.6432,11.4588
-1.9317,0.3023,27.0027,-1.2094,54.4257
0.0834,0.3185,32.9187,0.3122,74.244
3.3738,-2.7201,50.6682,0.9839,160.2147
-3.6142,0.5075,3.4048,-1.4032,25.7988
4.4929,1.9272,64.2595,3.5473,182.8871
1.8289,-2.6765,47.0778,1.4208,142.753
-2.2587,-1.6653,26.5793,-0.8602,55.3987
0.9092,-1.0248,87.0227,1.0831,301.21
-4.4772,-2.8616,75.9863,-2.6468,233.739
-1.0955,-1.0434,10.0858,-0.9,16.2314
3.466,0.3569,41.4423,4.2203,119.6768
1.1029,-1.5316,84.5976,1.9313,290.399
-2.7156,-1.4156,48.1421,-2.0012,117.4849
1.6012,2.6932,51.6771,0.7217,211.6308
-4.1402,1.1396,16.4,-2.8555,55.9629
0.5789,-0.3981,51.1466,-0.5159,134.0423
-2.3307,1.5656,25.4221,-0.4454,47.8258
-3.1116,2.4114,,-2.4316,70.8974
3.5843,-0.7935,31.1488,3.8111,92.1829
-3.7064,-1.6727,83.0811,-2.7727,262.9004
0.9352,0.5504,75.3183,1.5829,241.699
-4.0221,2.4899,73.9048,-4.3817,236.8192
0.5442,0.3796,5.696,-0.3429,144.9819
4.0255,0.782,51.3223,2.4888,145.4468
-4.9918,-0.9265,3.5174,-3.8709,51.2895
-4.8774,1.6519,87.9036,-4.0493,317.7793
-3.2073,-0.5064,14.5861,-3.3376,36.5947
1.0842,-0.5512,64.426,0.1562,187.6485
-0.7197,-2.3914,91.9178,0.3145,302.2682
-0.8763,-0.2219,46.4636,-0.8506,112.5066
-1.7559,-2.6802,1.3177,-1.7726,4.182
3.1945,0.34,47.2877,4.0275,126.658
-0.6015,-2.9479,73.4363,-0.6833,219.9536
2.5652,-0.621,58.2702,1.7407,174.2375
2.0941,1.777,14.852,1.9276,30.5384
-0.3879,-2.1842,10.9538,-0.4757,23.0958
4.6695,2.9361,51.799,2.1367,126.1885
-3.4869,2.173,76.03,-1.0608,233.9985
4.329,0.1881,6.4527,3.7719,21.8316
2.7927,-0.357,63.42,2.7494,196.391
-2.7422,-0.8016,56.4322,-0.8591,151.0034
2.7718,1.0055,39.4056,2.1972,104.4146
-1.9795,-1.6184,80.862,-1.4769,245.6482
0.2939,-0.8892,83.5608,-0.5003,275.0546
0.1432,1.0472,96.2503,-1.2608,330.9442
4.2977,-2.7364,71.8382,4.3974,249.2087
1.2353,1.877,65.2678,-0.3438,191.6535
-1.8528,1.8718,1.357,-0.5419,8.4831
4.5759,-2.4496,5.7395,3.7442,29.6959
0.5354,0.7104,51.5537,-0.8756,137.1822
3.6758,-0.5741,92.8556,3.657,337.5865
-0.621,2.2544,86.7741,-1.5565,273.0649
-2.2192,-2.3098,59.686,-2.1502,156.4745
-2.156,2.7177,73.2343,-1.8367,212.8791
-2.9236,-1.3125,19.9428,-1.0177,43.0345
3.9825,-1.2276,60.386,1.5875,190.6759
-1.3191,2.8058,19.3441,-1.5479,36.9953
-2.2886,-2.3097,81.7424,-1.0855,249.5785
-3.3881,0.4605,14.2115,-2.1423,46.6717
-4.9138,-1.1242,10.0689,-1.4118,56.6982
-0.2607,-0.4355,12.3276,0.2345,28.5885
2.4679,0.7372,14.7438,1.269,38.3114
2.839,2.1369,39.2454,4.4629,95.7695
2.65,-0.5915,79.4244,3.2132,271.2142
3.6606,1.1957,97.4423,3.0316,349.5617
1.2092,-1.6532,33.7506,1.5755,88.23
-0.7403,2.8567,75.4718,-1.0518,223.0602
3.3993,2.6077,3.562,4.0459,2.4832
1.55,1.1659,26.9196,-0.4706,59.7365
1.948,0.0553,69.0513,2.7724,216.4184
2.0366,-0.0956,19.1547,2.9049,52.6361
-3.8793,-0.8273,17.0782,-3.4301,48.3464
0.6217,1.4394,52.1727,0.8067,133.1014
4.7071,1.0672,62.9101,4.0832,188.1973
-0.396,0.6993,72.9204,-1.4509,219.5469
1.3292,-0.5817,22.369,2.6084,57.7081
2.8496,2.7683,56.1359,1.0125,140.7281
-3.1051,1.5405,13.2255,-1.6092,44.2262
-2.4403,-0.6468,28.859,-1.8914,63.1103
-4.8603,-2.4986,68.078,-5.5184,210.4676
2.1764,1.2938,44.4764,1.8574,115.1768
-4.5582,2.304,36.1197,-4.2195,124.2262
-0.8956,-2.458,43.975,0.3291,103.8829
-3.5338,-0.0117,40.6333,-0.9755,107.3317
-1.7751,0.738,71.889,-0.8423,206.5336
4.1911,-2.3903,53.524,2.8524,171.6497
-2.6979,-0.9534,17.1755,-2.7432,40.5375
-0.983,-1.6528,69.4242,-1.0995,200.3577
-2.387,0.8705,65.5419,-1.8633,185.7068
-4.1325,2.3759,79.5304,-4.0513,267.376
-0.8601,0.1583,1.3737,0.1958,7.78
-1.3495,0.8141,16.88,-0.3181,28.3488
-0.5516,1.437,15.9187,-1.7889,25.6438
-3.9073,-0.0202,0.6704,-3.0078,24.3712
-4.6713,1.6602,16.1784,-4.1781,71.4482
-3.2396,2.9164,56.8964,-1.9743,157.2983
-2.2926,0.8116,78.5481,-1.2907,240.0009
2.6467,1.4741,35.6512,1.5859,87.1993
2.0816,-1.864,26.1666,0.657,71.0597
3.3762,1.8952,50.9317,3.4122,130.2861
0.4963,-2.7026,17.8523,0.5623,41.6056
4.2797,0.8893,99.6546,5.4234,368.6236
2.8682,0.6672,76.2559,2.9632,254.7945
0.3077,1.7501,82.2576,-0.4371,259.8151
-2.8337,1.3598,11.2164,-2.7708,32.2496
-2.0662,-2.8006,39.2339,-1.9578,84.4795
-0.8134,0.7402,,-1.246,296.5685
-0.935,0.1232,27.5377,0.064,57.761
-2.1311,-1.5466,31.6608,-2.3296,66.4422
-0.5695,-2.9,56.9519,-1.8269,149.3097
0.2918,-0.7007,76.9453,0.6207,243.4955
-1.694,-2.0269,50.1027,-0.2867,129.9047
-3.833,0.9119,28.3171,-3.2515,72.6765
-1.6779,-1.0221,86.6225,-1.4262,269.8647
0.4889,2.8606,34.41,-0.7816,74.7513
1.6293,-2.754,12.5989,0.2924,44.2079
3.5674,-0.1852,93.6437,2.9336,345.0964
2.9921,1.5495,77.8224,3.5841,255.9132
1.8532,-0.0435,80.8647,3.8595,268.9803
1.0147,-2.005,41.9488,0.6818,117.0141
1.6618,-0.4478,14.5641,1.0628,41.1272
1.3166,2.6926,21.7845,1.409,40.8508
2.5457,-2.8145,13.0669,1.6396,44.9273
-3.5257,-0.7024,60.5813,-1.2681,168.6581
4.8064,1.5403,84.8252,2.7539,290.5572
-0.4725,2.2313,1.9917,-0.1587,-0.4761
-4.3365,0.5813,86.142,-2.795,294.3788
-0.5531,-1.8745,93.6543,-1.4011,318.8114
1.1664,0.4281,73.6471,2.2169,238.228
2.7573,2.0827,93.5716,3.8303,330.9508
0.0455,2.8826,74.3832,0.7361,217.159
4.1668,-0.3183,62.4552,2.5665,200.6108
2.295,-0.933,56.093,1.1908,172.7442
3.7458,1.2919,26.2412,3.2104,59.6407
0.1127,-1.1393,50.0854,-0.2119,133.5859
-0.4521,0.9165,16.0386,0.5654,35.4886
-0.9002,-1.4191,53.5639,-0.8612,145.6309
-2.2924,-1.6463,48.0422,-1.7027,118.5611
2.3943,-2.8578,56.9442,2.4163,171.8865
-4.3967,2.6824,18.8181,-2.7711,68.8909
-3.972,-1.166,41.4992,-3.6213,107.286
-4.4667,-0.5638,73.2667,-4.4851,231.6182
-0.4582,-0.9076,79.8955,-0.2569,252.1534
-0.3425,1.4492,23.9945,0.2304,45.0233
1.3641,1.2772,13.2961,0.8118,27.183
-4.3929,-1.3141,86.1292,-3.8262,289.8356
1.3921,-2.7719,9.6209,1.8205,34.8158
-2.5917,-2.0551,96.5956,-0.9633,325.0556
4.076,-1.0972,9.7773,2.9087,38.0921
1.9521,2.7606,82.9974,3.0226,259.3809
0.5083,0.1559,65.4435,0.584,194.7385
-1.8407,0.9634,63.1099,-1.7619,173.9767
-2.7656,-1.6416,80.1327,-1.2731,245.9803
-1.6114,2.8004,47.0264,-2.3633,108.0455
-0.8842,2.4588,58.3822,-1.2389,147.2038
-0.6375,-1.6255,65.8999,0.1872,184.8385
-4.3036,2.3783,83.5726,-2.2498,281.6313
3.7275,1.3463,43.6085,2.4291,112.4152
2.4465,-2.5843,93.3058,2.6353,346.2001
2.1835,-2.8491,68.9598,2.5102,224.7306
-3.1228,-2.4915,21.3194,-2.6673,41.5874
4.6437,2.7564,17.426,3.6288,16.9542
-0.5047,1.8711,57.6656,-1.1246,147.5708
-2.7219,-0.6994,87.376,-2.5399,280.4779
1.5511,2.0167,58.024,-0.4378,156.7167
1.9819,2.862,99.4257,2.925,355.5544
3.8191,2.7692,9.5211,4.239,0.284
3.4359,-2.2912,74.6142,2.2487,261.547
-4.2629,-2.5585,46.1518,-4.359,120.5908
-3.0679,-0.6455,52.9795,-2.305,137.5971
-4.0452,-1.2927,25.445,-0.7396,69.6186
1.0559,-1.2798,93.984,-0.1881,338.5814
-2.3543,0.4942,85.8586,0.5788,269.9081
0.3304,0.4986,22.3926,0.1734,47.4305
4.5809,1.4354,91.2917,3.0156,327.7628
-4.9943,-1.4356,80.72,-5.2125,265.8724
-1.6691,0.6653,85.0881,-1.4431,269.5168
2.9553,1.7767,77.6217,2.8801,252.8885
-3.0808,2.3889,66.0814,-2.6622,190.8363
-0.7337,-0.0742,34.2512,-1.2231,75.5816
-2.8487,-2.366,61.9417,-3.514,162.301
-1.2829,-1.9549,52.7119,0.6338,132.7155
0.0879,-0.9741,1.4635,-0.3495,4.8445
1.0386,-2.3654,96.7788,-0.0308,357.7628
-4.049,-0.4355,,-1.8661,33.7983
-3.6099,-2.7057,54.203,-3.0824,64.2609
1.3103,-0.6658,61.3451,1.2597,182.5118
3.5564,2.4104,38.0152,2.6906,86.9373
3.1188,0.1888,90.5886,1.0052,323.1464
3.5113,-2.644,65.6631,2.8455,226.253
1.3925,2.9489,55.5323,1.1674,147.0005
-4.6357,0.099,58.2564,-3.4197,183.2912
-0.9716,2.3042,29.7502,-1.5787,61.0708
-3.7212,-0.7466,33.2114,-2.4395,84.6644
-1.2,2.5428,24.3432,-1.6354,48.2851
-1.0537,-2.8437,79.9858,-1.6557,245.4157
3.7743,-2.0233,32.0047,2.8243,92.1803
-3.4297,1.039,17.0087,-3.7421,43.3227
-1.4478,2.6374,0.7956,-0.5032,3.7724
2.7081,-1.0432,78.8831,2.4483,268.8943
-3.7182,1.9646,43.2234,-3.4263,123.941
-4.7269,-0.4603,49.8688,-1.9666,150.4114
2.8274,-1.9009,82.619,2.1371,297.4766
3.2671,0.2835,31.9305,1.5583,87.6204
1.1077,-0.0365,37.3715,0.2253,95.2954
0.5472,-2.7182,12.5933,-0.1568,32.7323
-3.4026,-2.574,20.3126,-1.6437,37.9301
0.2028,1.638,57.6921,0.0771,152.1948
-0.5878,2.7819,33.0905,-0.1106,68.4594
-0.8034,-1.1323,45.4461,-1.4084,111.5738
-1.7673,-1.1985,,-1.8093,283.037
-1.9,-1.4079,83.5468,-1.5132,262.7447
4.8457,1.4392,92.7139,2.1391,329.2862
2.9024,2.8446,57.1549,1.1828,159.8506
1.144,0.6757,98.8167,0.46,355.011
0.841,-2.6644,39.1323,0.8174,105.1939
4.5119,-2.2297,58.5633,4.4779,189.1714
-2.6246,0.3981,42.3134,-1.7794,102.8073
-2.1686,-2.6011,95.9161,-1.3551,327.3804
-4.7093,-1.9848,66.878,-3.438,202.2668
1.5391,-2.8101,36.1994,2.2377,103.8534
-3.017,2.2185,67.4127,-1.7356,193.8821
1.3501,-1.545,12.4465,3.2073,32.0521
-4.3811,2.0628,39.8765,-2.8953,108.117
-0.903,-0.8481,82.8222,-1.1303,263.5065
4.505,-2.0284,48.8156,2.0622,150.5637
4.424,-0.4233,91.1996,4.3766,327.8931
-3.2825,-0.6866,52.649,-1.9029,139.3734
-4.4742,-2.2415,15.1427,-4.7714,50.2648
2.7442,-2.4442,39.5245,1.8859,117.5737
0.2036,-2.8406,70.4771,0.6643,214.1426
0.2067,-1.0419,77.2282,-0.8369,247.4549
-2.0049,2.1612,24.2819,-1.4879,43.9923
2.5027,-2.9656,11.8486,2.8106,45.8721
3.5026,-2.2109,21.274,2.3473,69.406
-3.4432,-0.1318,43.6938,-3.6981,114.1419
4.8982,1.3653,66.2103,4.1335,190.7832
2.1957,0.4761,17.9575,0.8447,46.1946
-3.1053,2.2599,86.7801,-2.4895,278.3063
3.2258,-2.6372,72.8711,2.0753,255.3041
3.3442,0.9732,38.5963,0.1609,100.9893
2.624,-0.0636,1.0338,1.4636,14.4557
-0.4488,1.5114,43.6073,-0.2815,96.6693
0.7583,-1.2137,16.8566,1.1249,45.3682
-1.5846,0.6051,38.4522,-1.9584,91.1933
-1.8667,2.3796,23.3245,0.0346,42.3685
2.8084,-0.192,55.0476,0.7281,162.8586
-1.9734,0.6258,93.1572,-2.6486,310.1125
-3.2687,-1.3587,70.6709,-3.7402,200.1568
-2.4939,0.8106,0.3078,-1.7763,9.7737
4.9904,-1.7855,96.5686,3.2952,367.2124
-1.4963,-2.2564,15.9698,-0.6987,29.3981
-2.6577,0.5903,8.496,-2.8281,15.8464
0.4208,0.5041,40.124,0.2961,99.581
2.9067,-0.5875,16.8822,2.5382,54.5152
2.6055,-1.9988,22.371,2.078,67.5069
2.7987,0.5963,17.7997,1.4336,43.7394
-3.3895,-2.958,38.3294,-1.613,96.7728
-3.6492,-0.875,11.4594,-3.5399,34.6669
1.1523,2.4543,56.5666,1.1628,152.8287
-3.7171,-2.8535,65.536,-1.5876,176.0129
-2.5293,-1.7988,60.4481,-2.37,159.7385
-1.2326,0.8391,61.8686,-1.0135,167.9212
-1.0247,-2.8737,89.2922,-3.012,288.9137
-3.3961,-1.1532,64.4991,-3.529,185.5374
2.2184,0.4659,6.1215,1.3132,21.2787
-4.455,1.1023,81.0071,-4.1095,273.4871
1.7766,-1.2606,32.7384,1.6633,87.1732
-2.9789,0.8985,86.505,-2.0675,277.7366
4.8616,0.0102,97.5502,4.1881,354.9672
-4.0307,2.8002,94.2058,-2.5709,336.9551
3.1831,2.7935,7.8149,4.0122,8.1261
2.9475,-2.7789,73.8481,0.4243,254.5127
1.7665,-1.349,61.1758,1.7887,189.5834
2.704,-0.5469,60.1764,2.6511,183.3622
-0.9515,0.4434,47.3652,-1.9369,119.0378
-4.3724,-1.7979,99.5778,-1.3961,355.9799
-4.0995,1.8023,76.6877,-2.9986,250.6098
4.6977,-0.6485,8.0916,2.5549,22.6758
-4.3472,1.5249,28.5051,-3.8369,84.1364
0.5588,-1.8662,31.2579,2.6315,78.5785
-3.9378,0.9165,95.6214,-2.2235,331.413
-4.6284,1.9886,51.4296,-4.7204,155.1144
-4.7496,1.066,3.1507,-3.4538,49.4175
2.3858,-0.5565,93.2391,2.338,337.2858
-3.0699,2.7509,56.6463,-1.3835,152.4194
0.1229,1.8159,87.7957,0.131,284.8399
4.3954,-1.8946,61.1822,2.6906,199.359
3.8035,0.8863,15.7023,3.0596,44.4878
-2.1899,0.7213,48.2326,-1.9147,115.9479
2.7192,1.015,68.5266,2.1955,207.2295
-4.2508,2.076,26.9622,-3.4992,85.3343
1.1049,2.2746,96.3308,0.2161,337.5984
-4.6244,-2.8471,26.9671,-4.024,79.1542
1.1336,2.9253,39.33,2.3074,86.1235
-4.4917,1.7425,87.2567,-0.9037,312.0192
2.1806,-0.6134,75.7544,3.1134,249.1903
-1.6712,2.7664,88.7648,-2.4062,285.2863
-2.5907,0.1917,98.4232,-0.1007,335.4546
-4.5614,1.4529,50.8011,-3.7335,160.2679
4.5977,-2.2241,,3.6488,375.1666
-3.4255,2.211,80.7293,-1.6732,252.8534
-4.4571,-2.6041,55.1175,-3.8517,152.9419
-2.427,1.4129,88.6841,-0.7585,283.4122
-3.9948,-1.3805,56.0641,-3.5505,159.598
-2.202,-2.9973,48.0714,-1.1101,113.4988
0.7487,-2.6556,65.2115,1.2464,195.1526
4.3146,-2.4388,20.8604,3.8824,69.9192
2.4568,-2.8217,80.6706,3.4035,285.1482
-2.4755,0.1928,71.113,-1.0484,209.4267
1.5133,-1.8283,70.15,0.571,224.8212
-1.5233,0.9706,9.529,-2.0804,18.6166
2.7056,1.6273,25.3224,1.8567,53.4201
-2.4697,1.6101,91.9974,-1.7387,301.9766
0.7353,2.96,17.0551,-1.7224,28.8832
-0.0136,2.4775,42.7032,0.388,102.7085
-4.0582,-2.6342,17.4774,-5.3205,41.6128
-3.1168,1.9924,10.7489,-2.6917,32.0143
4.6682,2.3019,50.7351,5.0817,134.3861
1.218,2.8226,8.0935,-0.1941,4.8922
0.374,1.1409,56.8095,1.977,159.4732
-1.5199,2.1413,94.6783,-0.6716,316.2955
4.8554,-2.9828,76.8711,2.438,279.693
-0.3328,-2.0899,90.4311,1.001,304.4171
0.0393,-2.159,90.2956,0.0652,307.3577
3.7324,2.9533,26.7305,4.1194,55.9788
2.0783,-2.9906,57.9803,1.5842,181.0543
-0.1824,2.2676,6.1744,1.4734,4.2183
3.6056,-2.9763,65.9088,4.7089,229.6595
4.1258,0.1155,2.5741,3.7052,13.9473
-3.6279,-2.0223,7.6271,-2.3464,24.9848
-0.6256,1.1173,35.8205,-2.9786,81.2036
4.9501,2.3682,3.4961,5.9639,-13.8585
-2.7696,0.607,26.5653,-1.3824,69.9403
4.931,-1.0661,59.8301,3.4206,189.7749
-1.3342,-0.994,93.2985,0.5268,305.2296
-3.2941,-1.275,51.5993,-1.8933,135.9426
2.4807,-0.4237,33.3993,1.636,84.1955
-0.5898,-2.9284,20.8096,-1.2882,41.1049
-3.9587,0.4789,59.5765,-3.25,174.7202
-0.5904,0.5327,70.3163,-1.7786,208.1587
-0.7458,-0.5776,70.6331,-0.5151,207.3056
2.8679,1.421,82.9019,2.3486,280.8658
1.4273,-1.7272,60.2063,1.037,184.0216
-0.6301,-2.9552,97.727,0.226,334.5959
-4.1411,-2.8931,5.8329,-3.1725,17.1473
-4.9729,-1.6599,74.5081,-3.6865,242.3214
3.064,-0.9719,79.2427,3.5872,279.5317
4.0299,-2.7932,49.5681,3.2416,163.6272
-2.7381,-1.6578,21.5317,-2.5683,38.2956
-0.2063,1.5187,32.3008,-1.6984,65.0856
-4.4443,-1.9238,25.7964,-2.794,73.9779
3.6518,0.2558,99.6769,1.8687,369.8198
2.4499,1.5405,72.8761,-0.1018,234.7692
-2.0062,0.34,53.9916,-1.8519,138.7232
-0.3628,-1.2002,14.619,-1.4182,32.708
-0.7141,-0.1275,64.5181,0.4406,182.4654
1.4796,1.0077,26.7739,-0.2305,64.465
2.0784,-1.7312,19.7632,1.2313,60.194
3.751,0.7507,60.502,3.7123,179.8649
-4.9564,1.6404,56.2404,-5.161,184.3153
1.3315,-2.2036,24.006,0.5231,64.393
-2.6209,-0.8187,98.0938,-2.1372,335.066
-4.2818,-0.9041,50.3807,-2.1433,141.196
-1.3328,2.7728,90.0684,0.9136,288.1206
2.1156,-2.7362,81.7343,2.9974,282.8777
-2.5836,-0.909,55.0134,-1.397,143.2684
2.0962,0.6431,92.5793,2.4596,330.8586
-3.077,2.7359,50.0153,-3.021,138.3891
-3.2546,2.5125,61.5943,-2.0791,31.7735
-0.3996,-1.3559,27.4108,-0.1393,60.675
-1.3653,1.6768,61.5683,-1.0893,164.7411
4.8082,1.8392,10.4752,2.7924,11.2996
-2.2861,2.4027,10.952,-2.5121,20.962
2.2518,0.3343,55.8553,1.6965,161.7734
-4.4665,2.5754,59.0003,-2.3143,178.6783
1.4877,-1.5665,64.3472,0.7377,197.6438
-2.9057,1.6727,3.791,-2.4244,18.5474
-4.3283,0.9632,97.9419,-3.9589,361.9549
-3.717,-1.969,68.4948,-1.6247,200.7207
-4.3743,-0.5016,85.9616,-2.9974,292.5323
-3.7141,2.9746,97.794,-3.4505,340.5388
3.0088,2.2848,10.1747,2.8378,12.5184
-2.0035,-1.5571,93.6189,-1.7388,304.4791
-0.4723,1.754,69.0264,-1.1709,196.8555
3.959,-2.2593,83.1066,2.2229,297.3431
-2.699,2.3251,21.4582,-0.6284,50.7389
-2.2036,1.5835,37.7759,-1.3792,86.6466
4.4689,-2.2248,99.4441,1.1223,389.0667
4.522,-0.0882,76.2028,3.5077,251.7609
-0.0754,-1.3194,67.6868,-0.6889,199.0451
0.552,-1.1304,50.9807,-0.8965,138.8541
-3.3401,-0.3725,28.6067,-2.965,73.4093
-3.23,0.9353,75.4403,-3.949,230.0946
-4.5406,2.0002,76.2517,-4.5825,252.2962
4.3691,0.3613,86.6462,4.4023,303.5936
-0.1992,1.0468,55.3487,-0.3368,149.0312
-4.6259,0.4232,71.9258,-3.594,239.8121
4.4515,0.9296,61.5743,4.1634,181.699
-1.3384,1.1938,60.6704,0.1477,161.6301
-2.4267,-2.401,80.2314,-1.3503,247.6756
0.093,0.3418,40.9197,-0.4766,99.1249
-1.2372,1.8282,8.1936,-1.2555,-122.4981
2.125,-2.7086,15.2432,0.1953,53.7684
-0.0297,1.6725,95.7333,-0.2752,324.3779
-2.5273,1.9519,88.1833,-1.7475,287.1477
1.8229,-1.1227,13.0901,0.7245,37.5999
3.4941,-0.63,88.9288,2.2585,324.6646
4.1891,-1.9446,16.2945,4.6954,56.4456
1.1631,1.5638,44.9529,0.7216,112.6873
2.7019,-2.7283,15.2317,0.6169,52.6687
4.6514,2.8122,52.4329,3.6347,126.7112
2.2702,-2.5843,58.2972,2.0559,183.8989
-0.6803,2.9244,27.7459,-0.5729,47.7097
-1.3249,-2.0838,48.3222,-2.0667,117.0909
1.5876,1.6262,47.3825,0.1349,126.3777
-0.0081,2.8368,26.2521,-1.3087,49.1372
3.9837,1.2123,23.4831,2.7496,56.7885
1.063,0.3268,52.2506,2.6558,139.8821
-4.6706,0.2723,89.5204,-4.5004,314.4499
-2.1702,2.7907,69.5256,-0.2484,194.9108
-1.5807,-1.4695,19.9269,0.1931,39.9165
-3.0703,1.0446,94.076,-3.0126,316.8327
4.3628,-1.2094,41.6738,3.3282,127.0045
2.2022,-2.4544,91.1423,2.493,336.4173
0.0719,-1.9042,79.1684,-1.0439,252.4121
-0.7161,-1.7238,6.4014,-1.2707,14.1942
1.9814,2.4177,78.4778,-0.7461,244.5935
-4.5434,1.1666,4.9286,-2.1699,46.226
-2.1352,-1.2249,55.0643,-2.4303,142.9935
2.4627,-1.6635,55.0313,1.3992,167.5872
4.7235,-2.8321,42.5925,4.089,123.5614
-3.6563,-2.7836,23.3168,-2.8922,55.0646
-1.7014,-1.5301,29.9713,-0.9951,67.0374
-3.6674,-2.1258,26.7536,-3.9058,61.7838
-1.391,-0.0487,76.7796,-0.8102,232.3733
-2.7646,1.9678,1.9823,-2.6838,9.5458
0.6201,0.9955,69.2331,-0.8424,204.5996
-3.7171,-0.5906,19.5838,-4.1215,52.8862
-0.1295,-1.2606,80.1777,-0.9525,252.9615
-2.0063,-2.7474,68.8945,0.3786,196.0555
1.3091,-2.471,60.6132,-1.0447,182.7324
2.6253,2.287,89.9425,1.2304,304.4596
-3.8728,-0.1786,10.9673,-1.8204,40.0273
-0.8374,0.3644,20.1915,-0.1485,43.0517
1.3028,-0.7527,39.0259,0.769,102.5035
-1.0552,0.0225,99.2414,-0.2247,347.186
-2.4611,-0.6104,17.7987,-1.8727,33.3978
-1.9868,-1.3579,64.8645,-2.8915,176.1968
4.3554,-1.8488,17.968,1.5603,49.1532
-3.6925,-1.9219,24.1671,-3.9542,53.7884
1.008,-0.0526,50.7358,1.0826,143.8508
0.1506,-0.4515,84.212,0.5819,275.6455
2.257,0.3088,44.2282,4.3114,125.2405
-0.9979,-0.1812,17.6619,-1.7122,32.1155
-3.4767,0.1714,48.2691,-3.4738,131.2022
3.2677,-0.5988,22.9518,3.6363,66.3314
-0.7215,-1.9698,90.2635,-1.2415,295.0611
-3.3941,-0.4419,50.997,-1.727,130.2434
-4.3554,2.5057,47.3845,-3.9042,139.136
0.8519,1.7535,73.0541,0.4307,219.5255
1.5193,1.9994,8.5419,0.6931,15.9529
1.9405,1.2129,80.8065,0.455,270.6729
2.2701,1.4763,3.9388,2.1002,12.6047
-1.067,-2.0082,46.1789,-0.9631,112.9241
1.825,-1.403,53.9249,2.4759,159.0572
-2.9764,-0.7041,42.943,-1.1628,99.8754
-1.6718,2.1448,40.6021,-0.838,91.6815
0.3085,0.5724,38.8864,-1.3575,89.3131
3.3111,-0.0842,38.2582,2.3245,102.9613
-4.2989,1.1329,82.6786,-3.2282,277.5854
4.6982,0.057,12.6494,3.5666,33.2978
3.4552,-1.0492,19.6483,1.0955,58.8264
-0.2885,1.5831,75.5286,0.1736,229.4629
-3.5975,-0.8493,82.0005,-0.8768,253.6087
4.026,0.6019,1.7348,2.0677,4.6654
-1.7093,-2.8519,10.6617,-1.1995,14.3693
4.9758,0.0601,14.104,4.1072,31.1029
-1.9233,0.0034,86.162,-0.878,274.5567
-2.8373,1.4852,17.4143,-0.3088,33.3377
3.1682,-1.0962,48.17,3.9655,140.8786
-0.4891,-0.0829,64.4466,-1.4342,179.9854
0.8531,-1.5012,15.9965,0.4367,120.732
3.7482,0.973,32.0524,0.9122,81.2177
-2.4481,-0.8113,36.7172,-2.374,82.5648
1.0137,-2.499,84.5286,-0.1114,292.5489
-4.9948,2.7271,44.1476,-2.615,150.2468
-0.2594,-2.9543,77.9124,0.4112,242.9037
3.7554,-0.7618,94.3826,2.0543,357.4029
0.3143,-2.5488,63.5683,-0.1021,188.3502
0.4967,0.8059,8.4917,1.4176,22.3823
3.0058,-1.5604,41.3529,1.6854,122.9058
-0.775,-2.7043,18.6353,-0.687,-48.0625
2.0188,-0.967,63.8412,1.4445,200.3673
2.958,0.7333,12.0347,3.204,32.6392
-0.8489,2.5887,5.7315,-0.9631,8.5128
4.9941,0.4199,24.6754,4.2562,54.2249
2.0527,1.1886,1.4359,2.087,12.4472
2.4589,1.4199,74.9657,1.7042,241.6633
-3.1147,-1.0934,16.0198,-0.2277,36.9464
4.8382,-0.2723,97.7743,5.3831,361.3247
4.3538,-0.6134,31.8664,4.8998,83.591
2.3027,-1.4123,9.9978,1.372,34.9887
-4.4189,0.0103,35.184,-1.7825,95.7578
-1.6645,-2.6412,50.3612,-2.1595,122.5478
4.6979,-0.7486,13.342,1.209,43.1987
2.9532,-0.8709,10.6644,1.9647,39.0099
0.2904,-1.968,9.9308,-0.5022,29.4685
-2.6792,0.3663,14.0657,-2.1052,36.9828
-1.725,0.035,36.7113,-1.2828,83.3317
-0.1743,0.8711,62.9062,-1.1863,175.0238
-4.2594,-0.7352,37.7285,-2.0286,97.6813
-1.8611,0.9559,34.1206,-1.1187,78.9051
3.2177,-2.9746,97.9127,1.7899,523.9603
-3.1105,0.201,80.2922,-4.0558,251.8659
-1.3919,0.8904,16.4852,-3.17,28.4204
-3.1966,-2.675,41.6711,-2.4406,97.6961
-1.2138,2.6654,64.0893,-2.2348,177.0978
4.1786,-2.0397,87.0563,1.7998,319.2025
4.0631,1.2011,99.0679,3.3591,365.0939
0.9221,0.6995,71.1429,1.2641,216.5376
2.8746,1.2773,0.7014,0.4378,14.355
3.4735,1.789,21.4328,2.43,48.2469
4.6993,1.4756,50.2516,6.6823,130.5989
4.4134,1.6153,92.0088,4.6361,329.6328
-4.7505,2.5773,89.1939,-4.2001,322.4534
-4.5264,-0.2076,67.231,-3.1267,102.2318
0.6579,2.3602,48.9878,0.0473,125.6934
-0.4908,-1.0927,90.8123,-2.5814,303.7198
-1.0794,-1.1679,80.3677,1.2713,242.2618
2.3513,2.8486,59.7149,1.2585,162.9697
2.8058,-0.2672,40.6227,1.9167,110.9968
-3.0488,-2.7098,40.4106,-1.6236,94.6489
-0.3503,-0.4325,58.4016,0.0321,158.2438
0.3631,-2.2905,82.1454,-1.3486,266.1766
0.2677,-0.0003,44.0242,2.207,107.1273
-0.8525,0.9709,89.6589,-0.0142,291.4058
2.4673,2.2026,99.8149,3.046,363.688
-2.9748,-2.1578,56.6251,-2.237,142.3307
-1.7951,-0.7394,35.0006,-2.868,78.3015
1.2692,0.5506,6.9815,0.9042,14.9176
1.2148,-1.0387,87.4442,2.0614,303.193
-4.5151,0.0483,35.9197,-5.4824,110.8444
-0.1202,-2.5028,6.8566,1.7765,13.4066
-0.8819,-0.914,47.2739,-1.0469,112.6424
-3.941,-0.3975,60.9555,-1.391,173.5701
2.9922,2.3139,5.0896,2.7112,6.6554
0.9149,-1.1646,9.1262,0.688,27.7822
3.1727,1.488,91.6906,2.9912,327.3282
2.4477,2.9815,17.7207,1.3862,29.2316
3.6255,0.762,1.1118,3.7816,11.6989
-4.0544,-2.9671,28.0787,-1.7317,61.5173
3.79,-0.4133,5.9833,3.5441,24.8056
-4.7447,2.6204,83.8917,-3.7154,288.3017
-4.4051,2.932,73.4734,-4.8613,240.4842
-2.521,-0.2729,80.3254,-1.6264,244.6758
-1.3177,-1.3019,40.2839,-1.2714,92.526
-3.9141,0.0538,44.002,-2.6164,120.3771
-4.9269,2.9971,63.2221,-1.382,214.1225
2.7019,0.4448,90.9617,0.8279,324.6239
-4.4912,-0.371,42.1345,-3.2944,119.6336
-2.7818,-2.0822,68.9522,-0.9857,188.2854
-4.1224,-2.6225,32.1063,-2.9446,71.5537
-0.6805,1.3126,37.194,-0.8998,79.4803
4.3068,1.995,96.0882,2.8057,334.7268
1.1352,-1.2411,6.8377,-0.6113,27.872
2.4935,-0.2899,2.7916,1.8523,16.3944
-2.2375,-0.493,1.6631,0.0184,16.1778
-1.9504,-1.971,98.6683,-1.0799,334.1991
0.6439,-2.6734,,-1.1609,21.1983
3.103,-0.6779,52.1629,2.8721,155.9099
4.3298,0.965,49.489,5.1764,143.4347
2.0809,-2.0514,63.6775,1.5386,205.9292
-4.5652,1.6185,4.0425,-4.1605,42.1737
4.4884,0.6191,53.4606,5.3155,160.4224
-4.4904,0.2561,9.9377,-4.3864,48.8421
-0.862,1.4966,16.2037,-0.5604,28.5695
1.7517,2.2786,11.8621,1.1036,20.2326
2.4851,2.3624,19.7105,2.0104,38.2281
-1.8878,-2.427,9.5214,-2.4407,16.6546
4.9204,-1.1724,12.433,4.7753,33.541
-0.6539,-1.6333,32.9468,-0.3713,73.8327
-2.813,-2.4629,33.0813,-3.2789,71.1817
1.2307,-1.0834,4.0273,1.3017,21.0534
-3.6745,-1.1693,,-3.3454,299.818
-3.7611,1.3925,35.1687,-2.1223,92.2482
2.3485,-1.7447,41.2631,1.3219,121.0885
3.9079,-2.7797,30.4119,3.0509,98.7437
2.7838,2.0318,65.6256,4.247,53.867
-2.451,-0.6367,24.3246,-2.769,57.31
-2.6364,2.2803,77.862,-3.6627,240.2119
1.819,1.1145,34.8457,1.8177,88.5341
4.2335,2.6954,26.0614,2.6885,40.861
-3.9177,2.5266,0.2347,-1.6362,25.1933
3.8313,0.2895,20.4914,3.1985,56.3568
2.7211,-0.3503,85.3104,0.7239,302.6109
1.9189,-1.6133,41.5556,1.6321,116.0292
0.3953,2.3901,46.3868,1.026,114.43
-0.8834,0.5021,28.2565,-1.0042,59.7426
-0.4942,-2.4593,42.727,1.2938,103.3546
-1.5536,-2.1257,47.2275,-0.7361,112.7202
4.7924,2.8379,30.3748,3.3851,54.9966
3.8052,2.7283,54.4035,2.6285,138.8213
2.603,2.6013,90.4947,3.6344,307.4001
-3.2669,2.207,42.6968,-3.1329,109.8525
3.7281,-0.5995,8.6991,3.8459,28.885
2.5131,-2.8789,53.8789,2.8225,168.67
0.2225,-2.4512,24.0893,0.0059,56.2584
-0.7566,-1.6961,33.003,-0.6799,75.0422
2.2356,1.0612,62.4875,1.2027,186.0768
3.5056,-0.1177,6.1476,2.5893,21.8825
3.6875,-1.0427,22.905,3.3498,67.3225
2.4917,1.2509,35.2106,3.759,86.7428
-3.6353,2.5524,94.4941,-3.3339,331.6489
-4.327,-2.2346,23.7087,-4.0253,64.3966
0.8106,1.3507,32.7417,1.947,78.3503
-3.0516,1.6504,74.5117,-4.0235,219.1455
2.9145,-1.2254,66.8432,3.2501,221.5898
4.6182,2.0529,94.7029,3.777,338.7743
-1.5172,-2.2927,45.9355,-1.0153,107.0072
4.2496,2.426,44.59,2.604,110.9657
4.2097,-0.2803,72.1391,3.9197,242.9411
-2.8114,-0.1267,5.7816,-5.0436,22.1408
-1.125,-0.9877,30.723,-0.6066,63.7468
0.7806,2.6724,58.6162,0.8054,149.6286
-4.7828,0.7418,68.9921,-3.0894,229.5251
-0.1888,2.7692,45.769,-0.21,104.3053
0.8902,0.8688,75.459,-0.6291,233.181
-4.1998,-0.4235,62.8751,-4.3162,180.6039
0.1376,2.7856,86.1252,-1.6198,272.3758
1.5354,0.953,75.3168,1.6482,239.2325
4.7442,0.2902,93.5808,4.2837,340.6622
-2.6145,-2.3133,65.0559,-3.6106,175.6946
3.0272,1.2015,45.8104,3.7047,125.6455
-4.3238,0.3337,93.1683,-3.16,326.0151
2.6421,2.4896,10.0133,2.7581,14.7112
3.2744,-0.6617,13.065,2.7627,42.5997
0.8752,2.0002,1.5153,0.7504,-4.4797
-3.7027,-0.2972,56.789,-3.1418,157.9376
-3.7435,-1.4999,42.74,-4.096,105.4156
1.7333,0.406,92.3905,0.3631,328.5453
2.5217,-1.5489,76.0692,1.9572,389.2074
-4.7974,-2.9023,86.9048,-5.4998,281.355
-3.5473,-2.1037,27.1993,-3.6177,64.8832
2.9603,2.9436,41.1496,3.3881,97.5628
4.9246,1.7311,41.2744,5.9539,86.7977
-1.2792,0.6455,26.2173,-1.8018,52.9612
-2.5045,1.644,57.643,-0.8224,154.4198
-4.1355,2.8841,33.7047,-3.5908,102.3197
4.2512,0.8471,17.6439,4.3295,32.7039
-3.32,1.7883,15.3213,-1.904,43.8473
-4.3634,1.055,44.968,-4.6068,137.9595
-1.2301,2.4809,7.472,-1.3461,9.4989
3.6774,-2.453,56.143,3.4047,176.9691
4.7574,-0.3951,49.8532,3.5959,145.1812
0.955,2.0823,27.0429,-0.3155,54.5576
-4.0049,0.8321,92.9025,-2.7374,321.2911
-3.7799,-0.5555,76.5499,-2.7217,227.5424
4.9124,0.2405,21.9443,3.8524,55.3603
1.1713,2.0132,94.9301,0.9063,329.8578
-2.5935,-2.3447,75.6545,-2.395,222.876
1.5875,-1.3975,52.3815,2.0781,154.8663
-1.1579,-2.0086,49.1046,1.2161,122.9292
-1.9766,1.5088,49.6245,-0.9416,126.8939
4.745,-1.5667,6.1166,1.9523,31.1098
0.3894,-1.8192,30.3116,0.9943,75.0484
1.3107,0.0137,42.6119,1.9687,110.4477
4.8671,-2.499,61.1365,5.1404,201.0358
2.3657,2.7867,13.4108,-0.1264,19.759
-2.198,0.8109,,-1.7682,312.8593
-0.6791,2.1789,7.1548,-1.3125,8.2321
1.6696,-2.5807,29.0234,2.9599,80.9496
1.9727,1.5784,4.472,2.3734,6.7514
-4.2049,1.176,43.1957,-3.5869,129.8264
0.0104,1.3754,61.4622,-0.0479,171.4027
2.0927,-0.8269,17.2613,2.0274,49.6136
-2.5902,-2.7801,8.3616,-2.7959,15.3434
-2.5066,0.8127,96.6744,-1.9987,337.1903
1.7831,-1.537,,0.9274,336.5166
-3.084,2.1831,50.427,-1.9193,129.8368
-3.8481,1.0108,5.856,-3.7486,35.5693
4.1916,-2.8262,9.0294,4.1125,49.0458
4.8719,2.8401,53.4879,4.4173,130.4674
-3.843,0.8485,85.8061,-3.3289,283.0774
1.3543,0.7071,62.861,0.9331,184.8435
-2.9802,2.3263,31.5962,-3.5784,74.5795
-0.6161,0.6359,34.5162,0.3872,76.6718
3.9189,2.334,46.2653,3.1604,110.9888
-4.2245,-2.4175,88.621,-1.6348,297.5063
3.1488,-2.5863,64.9259,2.8637,214.3637
-4.0956,-0.396,91.505,-3.8657,302.0933
-4.1921,1.9743,87.9849,-1.6745,306.3529
-4.5189,2.4722,95.9414,-4.3526,346.6221
2.4883,-0.4397,26.7617,2.4333,82.3427
0.6793,-1.8766,99.9691,1.6848,365.4201
2.4399,0.2487,85.9714,2.4018,307.9531
-0.9955,-1.8195,49.9999,-3.0678,122.3904
-0.5361,2.3864,71.1111,-0.3701,201.6122
1.1222,-1.0868,71.4233,0.7556,226.23
-3.4719,1.2443,82.3623,-3.6659,264.2368
2.6502,1.2773,43.994,0.7004,119.0209
-0.6977,2.0699,99.0506,1.3391,337.4342
-1.7916,0.5849,27.618,-0.9477,55.3742
-1.8234,2.141,3.3921,-2.5241,3.1037
-3.3151,-0.0782,64.8707,-1.5879,185.01
1.4461,1.9517,94.5999,1.1828,326.9351
-1.4527,-1.9223,8.5795,1.0126,20.1397
0.5758,2.6622,32.2972,0.4803,66.393
-2.258,-1.6472,70.0575,-0.3059,201.7229
-3.3575,-2.3042,3.899,-3.8033,12.2074
-1.6719,-1.6702,,-0.6252,116.7048
-0.4905,2.1429,61.9003,-0.4213,166.8647
-2.3191,1.7439,63.9332,-2.1176,171.969
0.4947,-1.3984,62.9197,0.5761,187.5245
2.6392,-1.0309,93.8484,2.8437,343.539
4.023,-1.9261,34.607,2.5891,105.3885
2.8665,2.5815,98.3722,0.7312,354.4453
-4.6785,-0.849,83.283,-3.6305,278.4535
-0.8803,-1.3248,14.9481,-0.9795,32.5062
-1.2169,0.9187,48.1932,-1.9707,119.006
-3.7616,-1.3192,92.2537,-1.0215,311.9316
-4.5875,2.3884,66.5627,-3.8082,216.7444
4.1696,-2.702,77.8579,4.5732,268.9935
1.4885,1.9658,71.7744,0.4185,209.6338
1.3065,-2.4896,71.989,1.3858,232.7034
-1.6853,-1.7909,46.0639,-1.7477,105.6245
2.7691,-1.106,75.5297,2.1839,261.5352
0.0166,-1.8883,89.4337,-1.0616,302.2333
-1.6875,2.233,14.4999,-2.9217,24.0794
-0.5769,1.8821,59.2008,2.5336,160.4041
2.7372,1.7633,52.5653,2.0816,147.2614
-1.6968,-1.4246,89.7326,-3.1373,289.0465
-3.621,1.2399,25.4743,-2.9257,66.2712
-1.8964,0.3371,12.7832,-0.6978,19.2087
-0.9874,1.96,16.5266,1.0235,23.7362
-1.1408,2.6632,32.8838,-1.8073,69.1024
-0.0118,1.9244,15.9867,-0.6574,25.3655
3.1612,-1.5245,21.2449,3.3255,65.3001
0.1088,0.4612,,-0.4442,312.9863
-3.6221,0.9209,83.8279,-1.7673,270.9135
0.8087,-0.8919,45.5285,0.3341,120.2143
0.7152,1.2033,1.5445,0.8166,4.6549
3.2523,2.7504,43.7318,2.4078,104.9349
0.8826,-1.0868,76.3779,-0.1468,244.709
3.2123,-2.4307,75.0151,2.9758,262.4853
-3.6889,-1.414,23.6583,-2.9768,52.1504
-0.8671,-2.5903,32.9746,1.1153,67.8394
2.6114,0.9322,23.5916,2.7948,59.7588
0.4498,-2.7215,61.5582,1.2102,178.9457
-0.8995,2.0299,45.6993,-1.8441,107.2995
-3.4639,1.8065,16.9956,-3.6364,47.9976
-4.0643,2.6241,76.4638,-0.74,246.0145
1.6253,-2.8557,70.6956,1.9269,226.2445
-4.9538,0.7081,77.8022,-4.188,261.4384
4.7837,1.2154,56.4966,4.2196,162.7733
-4.1926,-2.1246,90.7488,-4.3389,299.3301
-4.6979,-2.1238,41.0548,-5.1396,113.2347
-2.2138,0.4396,78.2256,-3.6032,234.2686
-1.4219,-2.3625,2.6882,-1.3974,5.122
3.4448,0.1949,91.3788,2.4664,331.9547
1.8003,-2.5386,33.9974,0.5205,98.4982
-4.2126,-1.103,17.8295,-1.3707,50.9831
-1.7401,1.8363,58.8799,-3.0233,153.3978
1.9065,-0.6164,19.5451,1.9498,52.6001
-3.841,1.6539,3.919,-3.4581,35.4272
-1.8236,1.2861,49.542,-1.2971,120.0107
-1.9973,-0.6343,50.7015,-2.0044,120.1773
2.4269,0.9075,32.7385,2.7363,79.8192
3.1316,-0.2818,71.034,1.2346,235.1681
-2.381,-2.0719,58.3954,-1.704,149.2424
3.0897,1.9368,67.7363,3.2496,202.4508
-0.5164,-0.8323,19.3926,-0.0903,41.1295
-1.5379,-0.3182,47.7384,-1.8335,110.8906
2.8406,1.8044,2.0555,1.8187,1.4447
0.7861,2.454,86.579,-1.0194,278.2787
2.5647,-0.8819,62.1415,1.6873,194.3272
0.3044,2.7727,73.1131,1.1161,217.1088
-4.9264,0.2702,14.0188,-4.3192,-6.3175
2.5655,0.1596,47.9223,2.5319,135.7076
4.8562,-1.4321,89.4453,2.7902,331.2338
1.0266,1.604,61.7954,0.2416,175.4177
3.4199,-2.1093,20.5739,3.9221,70.653
0.8999,-2.2902,31.2632,1.2717,77.3753
-3.2977,1.0092,65.41,-2.3525,185.7967
0.9795,-0.6412,12.6759,1.5115,33.0741
0.9521,1.0983,30.7808,1.1201,78.5306
2.3232,-0.9918,18.3323,1.7655,50.1833
2.0524,-0.8534,21.4181,2.1128,50.2431
-0.9864,0.964,13.3498,-1.3815,23.5679
-4.5128,0.2489,95.3601,-2.2789,341.4888
-3.0022,-0.7081,67.4685,-2.3405,189.8937
1.8097,0.5116,,0.7129,334.6324
1.2355,1.825,77.1533,1.0716,246.1989
-1.3581,-0.596,15.017,-1.9441,24.979
2.0513,2.5039,77.5482,2.1002,247.161
-4.4906,-0.5748,88.368,-2.9145,303.4289
1.684,0.8107,11.6499,-0.0677,27.1424
2.2859,2.914,72.4432,-0.2126,219.0883
4.3555,-1.9035,55.6783,4.193,186.7963
-1.9874,0.7253,4.3254,-2.2311,14.3694
1.4795,0.9888,25.7509,1.8739,61.0374
3.254,1.7592,22.3472,2.4297,51.9715
-4.6893,2.9344,57.9379,-2.8457,183.1323
3.75,1.4995,53.1389,1.9459,146.9985
0.2509,-1.8418,42.2803,-0.3484,111.3403
-4.4271,-0.6247,77.3187,-2.9447,252.9226
-0.8384,-1.0322,85.1925,-1.6678,270.9864
-0.9739,-1.7803,1.488,-0.3136,6.9935
3.9345,0.1669,80.9531,3.6345,279.6379
-4.9457,1.0169,48.313,-3.6185,162.2327
-0.1653,2.1362,18.3987,0.6817,32.0844
4.5292,-1.9768,30.4508,4.8841,96.2317
3.8656,2.3012,32.5274,2.7643,57.7101
0.2188,-1.5543,41.5765,0.4818,106.7128
0.6998,-1.387,59.8142,0.3147,172.5249
-1.9043,2.0282,51.4175,-1.8696,127.6644
1.1617,1.6352,87.4116,1.3299,291.8967
0.6524,-2.0729,70.0303,2.1381,211.1749
1.1428,-2.5981,45.9965,1.101,135.3483
-0.5991,-2.9394,84.8021,-0.2498,273.1286
-1.9823,-1.4079,58.3636,-1.2295,152.3794
0.4014,0.9349,75.6419,2.4059,232.1934
1.9386,-0.4622,49.1031,2.8985,235.9199
-1.6169,0.3039,27.3835,-2.5257,57.8146
-3.0219,-0.7085,62.4203,-1.2547,175.4514
1.6362,-2.7996,64.2607,-0.2245,199.1614
-2.988,0.4363,76.3545,-2.0308,230.6499
4.1187,-0.9923,59.1879,2.9619,190.4916
0.2954,-1.3234,80.6812,-0.332,259.1012
-1.1927,2.5102,62.2769,1.2618,165.9892
-1.0393,-0.7925,52.7682,-0.6069,138.0267
-0.7058,2.1655,62.1577,-0.4468,167.8064
-1.2634,1.3168,1.2484,-0.7086,4.5961
1.6292,-2.0284,99.9286,0.5903,373.1174
-0.202,0.5319,5.6536,-0.0863,13.0739
-1.0623,2.9943,64.6954,-2.1382,175.4538
-1.0743,-2.7868,84.7903,-0.886,267.5404
-3.9072,-1.4225,66.6546,-2.8715,195.1822
2.461,2.518,8.6135,1.3753,18.5913
0.0268,0.5537,61.6098,0.896,170.1188
-0.7502,0.8118,40.285,0.658,98.3286
4.5921,2.3159,29.6444,3.3717,58.4292
-4.7379,-2.9103,34.9638,-3.5094,89.4366
-1.4859,-1.4868,81.5015,-1.8188,254.339
-4.5314,2.7398,25.8182,-2.6021,97.2448
1.1461,2.0173,85.858,1.5459,284.362
-4.6872,-0.145,32.5957,-2.9117,107.8405
0.1881,-2.643,18.5862,0.3932,45.0841
2.4601,2.5187,90.4644,2.769,309.2432
3.3961,-2.3666,14.6253,3.7746,58.173
3.7584,0.0409,42.373,3.9714,123.1926
3.5028,2.8551,0.9563,3.8369,-13.45
2.9606,-0.69,76.0929,0.8529,257.4031
2.2092,1.7066,40.5752,0.8622,107.5867
-2.5159,2.8024,12.9108,-2.61,22.7511
3.5218,-2.9897,60.4385,2.4765,206.2275
-2.4488,-2.8084,76.5658,-2.3631,224.299
-1.2872,0.0406,15.3834,-0.1225,28.6156
-0.2722,-2.967,98.6849,-1.591,437.4745
-3.8555,0.1505,74.7872,-2.8151,232.2025
0.0061,1.36,16.0053,0.7715,29.4013
-1.6998,0.5866,80.2575,-2.9504,246.7608
0.9886,-1.6114,13.3968,1.5048,36.6738
-4.292,2.3169,96.8825,-3.3737,341.145
3.5561,-1.4219,55.9838,3.3901,178.7271
-2.5953,-2.5437,18.1744,-1.8436,29.6211
4.3124,-0.9108,5.1907,5.0937,21.6104
1.1006,-2.926,94.1461,2.2048,338.803
-0.0207,-1.0706,99.2851,-0.4436,354.1683
0.3438,-1.2276,38.6868,-0.6514,98.8904
3.0132,-0.7376,90.8046,3.7944,335.7052
4.1734,-0.1259,63.646,2.1788,201.5651
-3.7559,-0.2609,91.5464,-4.3043,303.5367
0.6775,-0.5984,34.1972,-0.0635,87.4115
0.4898,2.3201,22.3395,2.6037,40.0255
-3.4371,0.8244,4.8977,-3.7117,19.9302
-1.4464,-1.9151,68.4224,-1.4981,194.4949
-2.8866,1.8134,51.2544,-2.4898,134.2795
-1.1668,-1.2517,77.9998,-2.0232,236.8384
4.9874,-0.138,69.7054,3.5317,223.7442
-4.8753,1.4422,72.5006,-3.0062,246.0541
-3.9175,-0.6172,68.3525,-2.5608,198.5055
0.0771,-1.1906,84.5928,1.4061,277.6543
-2.3149,-2.9224,12.3866,-0.3107,20.537
2.4458,-2.282,61.1644,-0.052,193.7379
3.1392,2.878,43.6221,2.217,94.0658
-0.2838,2.2489,15.8519,-0.702,23.8219
1.5171,1.6653,60.5254,1.6849,174.0092
-3.1855,0.3549,57.2244,-3.6797,152.5258
-4.039,2.9956,39.722,-2.7587,114.7643
-1.843,1.8777,27.5576,-0.104,53.2266
-2.2512,2.0569,49.6804,-2.1344,122.8898
-1.0403,-0.9868,12.4582,0.0547,25.1854
-4.4834,1.6971,1.0866,-2.7375,32.7501
-4.1727,-0.3298,76.4847,-4.6132,239.711
4.622,1.1159,4.2386,3.6932,14.0954
-4.71,0.2057,63.0186,-4.1401,194.6033
4.8024,-1.4793,1.679,4.7481,14.614
-2.5733,0.6771,56.5675,-3.8273,157.5938
-1.1366,-0.0216,52.6574,-1.6258,139.0632
3.7718,0.3879,82.4775,3.3107,283.764
0.5301,-0.9427,15.364,1.6437,39.0492
-4.9291,0.1065,95.3714,-1.611,351.6649
0.5225,-2.0429,99.9123,0.1554,360.4113
2.9911,-2.8768,57.5256,2.8393,190.0235
-2.5859,2.2568,39.862,-0.008,96.0588
3.5398,1.7799,1.6452,3.7415,3.4405
-2.7987,1.9922,72.3572,-1.8606,362.3361
4.1009,-1.6759,28.1469,4.1725,81.9914
-0.2623,1.7167,49.559,-1.7707,124.4802
-0.3924,1.9301,81.9672,-1.3029,249.6998
-2.5851,0.8179,46.4626,-0.7645,103.6435
0.9432,-0.2702,12.9479,0.0873,31.631
-3.9362,2.6945,2.5805,-3.2654,34.5197
0.3944,-0.5235,16.9746,0.8465,38.6271
0.7241,-1.6502,80.8109,-0.6953,265.1732
-2.1877,-0.2923,84.5209,-0.811,269.3688
4.3972,2.0711,60.703,2.3178,170.8331
-1.2937,-2.7361,23.2202,-1.3227,45.7776
4.7158,0.5355,19.3429,3.0292,47.4032
1.5848,1.6147,61.3288,2.3654,175.8389
-1.8904,-2.4984,16.3218,-0.0173,31.5757
1.5243,2.0949,48.7542,-0.6796,132.7341
-1.2346,-2.1251,41.2268,-1.1053,95.3976
4.1544,2.9635,88.3084,3.622,291.2177
4.8505,-2.499,89.6296,4.0051,339.8773
-0.6703,-0.7258,9.5117,-0.1945,19.9579
1.4401,-1.2237,84.8185,2.0647,299.4882
-0.765,-1.255,93.3921,-0.079,311.4901
-0.3812,-1.5509,15.2576,-1.7474,33.1282
-3.8848,0.9398,9.9923,-3.8294,41.9526
2.3715,2.0896,62.2408,2.3,176.0356
-2.3546,1.2493,67.6737,-1.6566,192.9966
4.0111,1.4051,5.8546,1.3796,13.022
1.3015,0.8226,81.4808,0.6341,264.1445
4.9703,-0.3955,44.1886,4.9472,123.0577
-3.3813,1.3314,1.0479,-3.1793,12.1356
1.7198,1.0626,67.1271,-0.7599,199.6636
-2.1939,1.5126,70.2232,-1.816,203.625
-3.3842,-1.9136,52.9147,0.0457,142.7649
4.6338,2.1421,67.3068,3.1391,196.8653
-2.0364,-1.8463,41.6616,-2.1451,97.6619
1.219,0.7694,41.5297,0.9392,100.2531
-2.7805,-2.6149,42.4455,-0.1245,95.763
2.1541,-1.5139,49.7428,1.7909,148.178
-0.772,0.5064,,-0.837,21.4054
3.0058,-2.1854,86.4239,1.6397,313.3583
-3.3394,-2.5246,22.8053,-3.2383,48.3009
-0.023,1.6047,73.3061,-1.0636,218.7211
-4.7017,0.665,2.1348,-2.4389,49.5231
-3.606,2.0427,87.7371,-4.2782,293.2975
4.3124,2.4088,40.2661,4.5739,88.4421
-2.8565,1.8043,42.5147,-3.6962,100.3632
-1.3943,0.404,93.8534,0.6092,313.218
-3.0252,0.4267,35.9435,-1.8742,74.9864
-2.1862,0.1408,99.4938,-2.9721,345.6846
-3.8252,-2.4054,56.2174,-2.7498,156.0079
-2.3247,2.3224,22.7959,-1.9107,46.8668
2.2343,1.3873,63.1035,1.4588,189.2464
2.8221,0.045,74.7676,1.4869,243.1366
-4.641,-0.7264,45.0835,-2.766,144.7229
2.8176,-2.3512,40.1338,2.2629,117.6315
2.1801,-1.1183,26.4841,-0.7515,70.4443
-1.4007,-1.3267,82.1491,-1.1269,255.075
-4.1972,2.6316,33.6345,-3.7176,100.0588
-0.3617,-1.4767,79.4602,-0.0349,250.7388
3.307,-1.9692,15.8976,0.7385,53.1329
1.1041,-0.6805,84.8034,0.9832,292.5396
3.6684,0.2045,74.1086,3.9089,244.3693
0.8173,-0.8462,33.3519,0.3931,85.9219
2.9183,-2.4609,40.0567,3.465,112.8516
-4.6901,2.2475,30.2651,-3.1074,109.519
-3.06,-1.3834,67.6282,-3.13,191.8971
-1.4927,-2.7175,44.6157,-1.1343,98.3508
-3.9419,-0.4725,30.8203,-3.5566,76.527
3.1981,2.4482,69.6729,2.2957,201.1277
-4.6398,-1.7705,95.5562,-4.7928,339.1142
-3.0661,-1.2915,73.958,-1.4553,213.4383
-0.581,2.5002,97.6114,-1.0362,330.9794
-2.7192,1.2867,1.8901,-2.1252,13.0961
1.0073,2.0776,26.946,-0.0288,54.785
2.1613,1.3012,89.2964,1.7202,313.664
3.5867,2.686,16.4848,2.9424,18.1059
-2.3771,1.4082,27.5671,-2.2856,60.3635
3.4357,-2.2099,65.5421,3.3818,217.586
-2.0523,-0.778,2.2193,-0.7344,10.1481
-4.7245,-2.8017,17.4755,-2.3381,44.7256
1.4225,2.3216,94.2926,0.3143,322.0414
0.0637,1.5672,99.6833,0.2425,349.7942
-2.2535,-2.374,99.7814,-0.8489,336.1372
-3.0162,-2.9132,88.0946,-2.5111,274.0509
-2.2706,0.8211,64.089,-1.6869,174.4292
-3.2707,0.3065,3.7724,-2.1259,19.3904
-2.071,-0.3506,34.9625,-2.0536,76.9433
1.2011,-2.003,39.5076,1.3037,108.4852
0.5218,2.9865,19.8499,0.5606,33.2085
-3.5665,-1.6471,13.7534,-3.5233,33.8179
3.9838,-1.3922,42.3341,2.8894,235.8359
-4.116,0.3671,72.5628,-2.2876,224.2188
-3.7831,-2.858,89.3533,-2.8986,277.2398
4.4117,0.9133,76.8401,2.6737,245.6089
-4.2696,2.4189,40.4606,-1.9078,126.0683
4.9225,2.157,43.0933,4.5265,99.6365
0.441,2.7236,50.8625,0.9469,124.7478
0.4254,-2.6518,78.7673,0.7283,253.176
-1.4232,1.6831,73.5924,-2.4028,214.9929
0.6532,-0.6483,19.7668,0.849,45.0367
-0.5878,0.9571,49.397,-0.5971,126.7228
4.6946,-2.0999,29.5246,2.0073,88.3316
-0.732,-2.4381,78.6128,-1.3333,241.092
-1.7845,1.3438,2.6214,-1.0184,7.6302
3.1291,0.2846,,0.7498,169.6929
3.586,0.415,7.5056,4.8208,23.041
0.9427,-0.0705,86.6726,0.9856,290.2926
-1.3482,-0.72,45.7675,0.3002,107.7766
-1.5773,-2.7943,20.0063,-1.9369,38.0707
-2.1948,-1.5485,32.941,-1.6826,71.9952
2.5195,0.2983,88.4359,1.6454,311.7934
2.0727,-0.3824,60.1748,3.1927,181.2045
-2.6234,0.1506,66.5262,-2.5785,186.0204
3.542,-1.727,15.6331,2.608,55.7316
2.9041,1.7745,56.6206,1.4209,161.7395
1.5843,-2.164,87.3624,0.2152,306.3353
-3.0028,2.1765,90.068,-3.8251,298.3019
3.8367,0.6307,27.8526,4.8662,66.2976
-4.0361,2.1667,83.0248,-1.9778,276.4226
-1.3846,0.0298,33.5897,-2.0865,73.2279
1.6806,1.5955,77.3203,0.5119,246.8553
0.6188,-0.9785,54.5403,1.0059,148.7542
-1.0409,-1.039,95.1865,-0.9055,322.5232
-0.243,-1.2926,53.1837,-0.1522,139.3538
-3.4647,0.4713,65.845,-2.6924,196.0332
-4.6884,0.6173,1.2618,-5.3213,41.9701
0.0817,-2.4308,84.3825,0.9319,276.1675
-1.2439,1.0311,38.848,-2.5604,92.5671
0.9443,-1.528,76.3318,-0.3047,247.5775
4.5225,-2.4246,48.8845,4.2202,154.101
0.5597,-1.5199,55.2437,1.3461,153.9734
-2.1058,0.6536,90.5717,-2.7194,297.3922
1.4089,-2.696,47.1305,1.6952,135.1154
-2.563,1.1352,88.576,-0.8478,285.3027
-1.273,0.4765,43.9307,-0.4739,104.2384
-2.0794,2.1243,8.2494,-1.6964,15.3905
1.7389,2.1876,7.5717,1.915,9.1599
-0.2079,-1.1614,43.6078,-0.6412,109.6253
-3.1352,-1.5448,35.5213,-3.7431,86.0398
-3.2961,-2.7872,53.033,-2.1797,128.1345
4.2746,-1.4751,64.029,4.1416,212.2034
3.4273,0.3559,57.7348,2.7336,171.6972
4.8214,-1.1155,15.7112,2.6582,44.1401
-1.0589,-0.4464,32.2352,-1.6372,72.2216
0.9459,1.8983,41.745,1.4904,105.5935
-3.9133,-1.4182,24.9879,-4.2757,57.7049
0.7073,-0.087,66.9866,-0.1016,199.2005
-3.8117,-2.8827,64.2445,-2.3969,176.5324
0.4914,-2.9265,91.9063,0.6233,318.6536
3.8156,-2.6874,69.3488,2.7845,238.3604
3.187,-1.3932,62.1472,4.0965,200.8929
-3.829,0.1203,17.1819,-2.6781,49.7931
-3.4647,-2.5029,79.7993,-3.0208,246.1945
-3.5609,0.3509,73.7469,-2.6791,232.2065
-0.0163,2.4281,89.6367,-0.0224,293.7654
0.1893,0.4577,48.1893,-0.0732,123.8437
4.9087,-2.6633,74.1539,5.8484,264.7134
0.0032,2.164,92.6356,-1.98,309.5704
0.0893,-1.7405,11.9171,-0.9427,29.2792
-0.6912,2.8016,9.3107,-1.6952,10.1974
1.2713,2.1451,34.9323,3.3881,78.505
2.2978,0.0617,42.2147,0.5758,191.2613
-0.5397,0.6188,64.5784,-1.0764,181.8862
-3.1241,-2.1853,55.7847,-2.2561,143.9058
-2.8805,0.1118,19.0356,-2.1394,44.7283
1.7729,2.4998,19.23,-0.088,35.2464
-4.132,0.8239,48.2804,-2.8868,142.3557
4.5128,1.3627,68.8538,3.2915,211.1761
4.7998,-0.444,97.9854,3.2715,372.9521
-2.8542,2.5115,70.5257,-3.869,200.3221
-0.914,-1.2542,62.4846,-0.8357,175.095
-0.5709,1.7212,7.0695,0.2084,9.6709
-4.9254,-0.7334,74.5907,-4.5098,257.7971
-1.5768,-2.1465,10.0823,-1.4786,18.1788
3.5027,2.8135,27.8591,1.7053,53.7437
2.1667,2.3759,14.5101,1.9177,-97.7642
0.856,-1.616,61.3408,0.877,181.1945
0.0287,-0.0163,51.2244,0.1636,134.5973
-2.9263,1.4669,95.98,-3.3119,328.3946
0.2606,1.2704,4.6705,1.0651,6.1059
1.9504,2.0995,89.5701,1.7648,303.9347
1.907,0.753,4.5917,0.3265,19.1912
-2.0696,-2.917,89.5725,-2.0597,283.078
0.7898,-0.585,1.3293,-0.2241,13.3911
-3.8027,0.8364,53.1379,-2.4576,156.4799
-4.4115,2.5476,89.4652,-2.8177,307.8027
-2.1192,-0.2993,0.3158,-2.193,1.7271
-2.5594,-2.3083,93.5307,-1.1075,310.533
4.7335,0.9193,56.4954,2.7292,154.6233
0.4702,-1.0868,37.5747,0.7928,95.6465
-2.1747,2.1806,75.8607,-3.0855,227.1888
-2.3668,-2.2822,87.5244,-2.2359,275.4174
0.4898,-0.9269,30.0247,1.784,74.5807
1.3834,-0.7296,81.7131,1.1937,277.2531
-0.3159,-0.4798,2.6565,0.1379,11.7959
0.8951,2.657,20.4125,1.1581,32.7107
-3.5871,0.1441,70.7558,-3.1897,210.1732
-2.8443,-2.8003,87.963,-2.4962,273.4211
-0.888,0.218,72.1494,-1.1542,210.533
-2.9564,-2.3658,53.229,-1.7631,128.8641
0.2492,-1.4807,46.0503,0.4537,115.4139
1.1215,0.1198,73.2773,1.6381,228.1775
-1.6339,2.9911,43.1759,-0.5434,98.3275
-1.8844,0.5498,43.3072,0.3436,112.9267
3.7943,1.0651,43.8953,3.6157,119.331
1.479,1.6041,21.43,0.828,47.0473
-3.5466,-1.9758,47.0564,-1.8817,115.8344
-3.5713,2.7568,36.4342,-2.1631,96.8084
4.8126,-0.1839,81.0014,2.7455,277.073
-0.4961,2.1434,45.733,0.9107,107.3711
-4.0381,0.6732,19.4106,-1.5779,63.3014
-4.748,-0.3593,29.0232,-3.5667,95.3634
3.792,1.3455,72.6332,3.0337,239.1237
-1.2286,-0.8992,77.494,-0.4631,235.3063
3.5516,1.1831,94.1437,2.8584,342.8139
-1.9295,-0.4936,27.5462,-2.8885,56.9726
3.4601,-2.8363,44.9095,2.1,140.7454
0.6037,-1.186,76.1595,0.8173,240.8871
0.1219,1.6658,77.9278,2.172,239.3344
1.8587,-1.1949,95.033,2.5378,349.4862
3.2739,-0.2924,92.0036,2.6488,333.2628
2.479,1.4637,45.18,1.103,121.2966
-1.5325,1.3637,24.1045,0.5282,48.0326
-4.448,2.2422,,-3.1738,188.4646
-0.8172,1.1723,44.148,1.0088,104.9422
-0.8369,0.5425,28.6524,-0.9567,59.2017
-2.3835,1.4974,27.6373,-0.2203,58.4151
-0.4426,-0.341,75.294,0.1971,228.7145
-0.302,-0.9784,63.0629,0.296,178.4628
2.099,-2.0813,16.2994,2.3155,49.3826
2.0624,0.1111,70.2128,1.4128,221.3045
-4.2336,-2.0248,10.8375,-2.2181,35.9276
-0.5393,2.5736,,0.2939,328.1054
0.7123,2.0318,62.8295,0.8145,177.0882
-2.5701,0.3303,47.37,-4.9996,123.6108
-4.4001,-0.3582,10.5032,-2.8734,49.6262
-4.5133,2.552,98.4668,-1.8707,367.1669
0.0318,-0.6805,16.9893,1.3739,34.7589
1.7009,2.5449,97.6057,0.6185,344.2736
-2.4949,-0.8202,26.1778,-1.2185,52.1233
-0.5375,-0.3113,32.635,-1.2241,73.7418
2.2927,-2.2062,69.6002,1.8094,234.7267
4.188,-2.7323,2.8311,3.8894,33.3351
-2.2497,-2.5557,34.4568,-1.868,73.1827
-3.6755,0.9137,29.9608,-2.8686,86.0214
-0.3252,0.3047,9.6594,-1.0004,19.9661
0.0098,1.3738,8.8374,0.6223,13.7476
0.5619,-0.4651,68.8068,0.2034,206.9576
-4.8786,0.1881,3.4042,-3.2839,60.0618
-4.556,-0.0402,64.3076,-2.8769,200.9526
-1.9509,-1.1673,5.9159,-1.7499,13.7002
2.0886,1.4842,46.6908,2.2736,127.1982
0.7249,-0.8781,13.6397,1.065,37.0106
2.6688,-1.2997,64.3535,1.3039,203.6987
-0.8333,2.112,40.3834,0.0345,91.3443
-0.2512,-1.1722,37.6383,-0.9276,89.6025
1.7901,2.5994,47.5718,1.5867,113.7194
4.0897,-0.3995,65.1448,3.5655,207.9585
-1.218,2.3771,26.7428,-1.0407,-70.0024
2.5427,-0.3102,46.4902,2.3055,125.2647
-1.3934,-0.7555,23.1418,-1.2902,46.0628
3.0692,0.6222,7.5858,1.8278,19.6561
-0.5473,1.7876,7.6197,-0.4714,13.3877
-3.3136,1.5901,17.832,-2.6943,39.8136
-0.6832,2.7405,21.2848,-0.1138,38.6848
-0.4345,-1.5301,55.7773,-0.6326,148.026
2.2969,-0.2231,25.4481,1.6088,76.976
-3.1334,2.1396,46.4919,-2.3991,119.4445
-3.7971,-0.4871,28.7831,-2.5374,77.2686
-2.8361,2.3503,51.239,-3.2518,130.0027
-1.3112,2.9676,81.9642,-2.057,251.8572
2.6873,2.8707,89.2431,0.8547,396.2017
-1.8228,2.1194,30.8555,-0.9882,66.26
1.0431,-0.1812,92.5802,1.1149,328.9672
-2.2485,-0.7851,14.5113,-1.7006,31.8348
4.3681,2.0387,65.4047,2.4069,190.6614
-4.9834,0.5914,88.2743,-4.6011,321.3962
-4.4108,0.4825,60.9911,-3.4221,277.9756
-3.3508,-1.2214,84.9581,-2.3665,268.9365
-4.7555,-1.8233,52.4969,-3.7749,151.7485
1.9274,0.2398,52.8379,3.3315,153.3414
0.0598,1.2116,35.8623,0.7412,83.1814
2.5809,2.8739,27.6778,1.8712,52.6526
-2.3761,1.4221,83.9526,-0.1273,267.873
2.4233,2.957,90.131,2.3376,302.5563
-2.272,-2.957,27.898,-0.88,50.6267
4.0009,-2.7324,3.1041,4.7225,30.2495
-0.2587,-1.4727,18.0227,1.4075,39.9936
2.4257,2.7391,32.2541,1.9928,72.9887
1.3257,-0.606,96.2857,-0.2064,344.2272
-0.7092,1.8318,65.6713,-1.0019,188.473
2.4082,2.5522,74.1708,0.8257,227.5704
0.5856,2.2319,69.3403,0.4313,198.9536
2.5495,2.0568,78.2508,2.5313,240.5432
-0.833,2.0595,66.7986,-0.0164,180.9295
-0.1334,-1.8642,38.4428,0.3002,89.1167
0.2798,-0.7675,9.6987,0.3215,24.4813
-3.7817,-2.8117,33.1712,-3.4169,76.9033
-1.3532,-0.0278,4.2542,-0.5353,7.095
-1.3361,1.1512,67.4699,-2.1338,192.9274
4.5183,2.5399,4.5563,2.762,-9.9157
2.8905,-1.6803,91.5194,0.8557,340.8671
-3.2532,-1.8633,61.6615,-3.0176,169.3961
3.2629,1.8283,3.6586,2.8789,10.3046
1.6591,2.3163,10.426,0.7025,13.5753
4.707,-2.2024,32.278,4.9277,96.4018
-4.6104,2.8623,66.9875,-2.9184,222.8547
2.2941,1.1087,28.5811,2.095,69.3286
-0.6565,-1.4442,17.6873,-1.164,36.011
-0.0341,2.3138,45.1082,0.3626,105.5893
1.2309,1.3858,33.1321,2.2798,72.9082
-0.2292,2.1011,26.0878,-0.0424,51.7412
4.2286,-0.3427,42.0177,5.1787,123.2183
-2.0106,2.7527,73.0224,-2.4943,212.6983
1.3956,2.0917,83.4235,1.6225,267.3206
2.8147,-2.3317,35.9611,3.869,108.4938
3.2975,0.3244,51.6147,4.6475,150.8605
0.346,2.67,22.1504,-0.0297,36.6225
-0.5316,-0.9634,30.824,-0.4018,69.2604
-2.7492,-2.8692,85.9773,-1.6589,266.8313
4.6358,-0.6657,48.6325,1.8086,143.706
2.2982,0.6979,29.2452,3.1598,73.8072
4.9651,-2.0189,,3.1553,208.8077
0.7184,1.1466,87.5975,1.4903,291.1439
-1.6495,-0.1252,45.4669,-1.6846,112.1436
-1.1483,-0.863,94.0286,-0.342,319.6977
3.7897,1.2652,90.6513,3.1229,320.9883
2.0545,-0.6611,19.1325,1.5992,52.0627
4.7881,1.0778,46.1878,2.8443,116.0926
-4.5512,0.4964,40.7358,-3.6358,120.0071
-3.996,-1.375,34.8016,-3.5573,98.4619
-2.0538,-1.6976,6.9972,0.6596,16.1554
-3.9649,-1.7986,16.5472,-4.0765,48.769
-2.6371,2.4772,91.8961,-1.2416,298.8963
-0.216,1.6277,10.5942,0.9903,15.7033
-3.6259,2.2382,44.8268,-3.3938,121.6581
-0.4477,-1.8911,96.9637,-0.6997,338.5977
1.5627,-0.9526,29.5193,1.4084,76.7488
-3.4955,0.5465,56.4533,-3.767,156.9871
-1.1214,-1.74,58.8563,1.0977,159.8635
-0.363,-1.6116,96.4372,-0.4334,337.6587
-3.834,-0.9443,94.9923,-4.7701,318.8182
0.2854,0.5326,13.5406,-0.48,30.4506
1.2015,0.8523,21.1587,1.9671,47.7518
-2.5274,-2.2125,60.1654,-2.0256,155.0
1.0242,-2.8607,66.0705,0.8031,202.0517
-1.1906,0.066,,-1.1225,20.4369
-3.0326,2.6239,91.9036,-1.6699,304.8268
-3.0936,1.065,32.2271,-3.554,73.0148
-4.96,2.6627,42.4099,-2.905,141.1945
-2.0811,-1.9697,41.5833,-2.1304,94.6529
-1.0851,1.7845,90.3934,-0.0241,290.7614
0.941,-1.5237,10.2807,0.3648,35.5119
-3.9169,1.6615,85.1369,-3.1499,277.3155
4.947,-2.0717,66.3183,4.8416,216.965
3.9728,-1.4253,17.7418,3.5272,58.0013
-3.8199,0.8301,86.559,-2.9704,288.3663
-1.6052,0.7341,70.774,-1.4375,203.8083
-3.0994,0.0692,95.1294,-2.7448,320.1122
3.5172,2.5616,80.7258,2.695,254.1061
-2.2609,-0.7424,47.6109,-0.5019,115.3229
-3.1668,0.2061,96.1484,-2.23,323.2686
0.1573,1.6963,16.6237,-0.5813,27.9166
-3.7419,2.5595,98.9649,-1.6063,356.8626
-1.9114,-1.7535,60.886,-1.4396,166.9112
1.6209,1.2212,11.211,1.1107,21.7778
-0.0117,-2.0288,13.3388,-0.0809,31.7513
-2.4489,-1.3599,59.1347,-0.5407,156.2512
-4.3603,2.6474,54.3073,-2.4207,167.8192
4.072,-0.2165,68.7016,4.1445,219.3412
1.7285,-2.9791,,0.7695,28.6521
4.0862,-0.7011,45.4827,3.3597,134.3721
2.3334,2.3766,48.2124,0.7672,121.0832
1.742,2.6648,0.069,0.9997,-0.3455
-2.2531,1.4348,20.0565,-1.6074,49.1648
0.6745,2.9992,60.9911,-1.0231,159.9872
-3.6318,-0.7949,27.3992,-2.0858,65.4461
-1.7606,0.2801,22.5464,-1.3791,43.4376
0.8406,-1.953,89.3512,0.3225,310.873
4.662,1.1269,90.8008,3.7003,315.8992
-2.7448,-2.1995,51.0022,-2.7003,117.7917
-4.8622,2.6844,71.1535,-2.5238,243.5655
-2.792,-2.216,87.0636,-1.9619,275.7686
-3.5698,-0.3014,91.1422,-3.0226,303.9771
-2.9933,1.1883,43.0971,-2.4012,105.3249
-2.4231,0.3398,82.9159,-1.7842,262.8211
3.4946,-1.5771,26.216,1.576,78.8351
4.167,-2.492,38.1734,2.3361,114.5159
-4.4819,2.1809,84.7123,-3.2691,281.2649
-3.9575,0.5758,15.1916,-3.496,54.8405
0.997,2.8593,60.5318,1.5095,160.4895
4.0681,-2.2408,62.5529,0.5209,212.1928
-2.9301,-0.8125,11.0391,-3.0491,26.7909
1.3822,0.8538,52.1526,1.4546,142.8087
-3.7084,-1.0725,5.4822,-2.3456,31.031
-3.1423,0.6111,79.0357,-4.749,249.6195
2.774,0.0355,85.2777,1.8383,294.0635
3.651,-1.4043,67.0594,0.3021,216.9695
-2.2651,-0.578,91.4088,-3.8647,299.9409
-0.9763,0.8244,45.088,-1.5397,105.2554
-4.3947,-2.4103,78.0639,-3.864,244.1294
2.5694,-1.6605,84.1913,1.5806,300.1198
1.0156,0.2626,39.1754,0.1534,98.5441
-2.6121,1.6865,22.5357,-1.4324,50.9283
1.2036,-0.6357,39.2664,-0.6314,104.4276
0.3839,-1.1772,10.1751,1.6303,-105.6667
-1.9807,-2.0335,67.1741,0.3209,182.959
1.7189,0.4623,95.9349,1.6143,344.2432
2.1275,-1.7971,43.4144,2.8498,127.0092
3.8566,-1.279,57.8241,4.9327,176.0671
-1.6587,-2.103,50.9314,-0.652,125.379
2.8276,-0.5911,81.8056,0.9785,285.1734
4.2036,2.3316,9.5599,5.0373,2.4292
-2.2503,-2.717,68.2767,-2.3544,191.8275
1.6817,0.3096,20.3882,0.8498,51.798
-3.7309,0.0108,20.6767,-1.899,58.2713
3.018,-2.4826,82.7363,2.8213,294.0162
4.549,-1.0693,82.7164,2.4144,291.3093
0.0576,1.4134,66.3619,-1.6423,189.0107
4.9482,-2.7415,86.8989,4.8683,326.5949
0.3632,-0.0962,82.7262,0.7687,269.0271
-3.0486,2.1307,11.1332,-3.508,32.3568
1.4707,0.7555,69.6381,2.132,210.437
0.2077,-1.1277,57.3381,-0.2177,163.173
-1.0242,-0.3818,69.1265,-0.5756,200.2975
-3.9095,0.126,68.6429,-3.413,211.1398
-4.0005,-0.2686,14.4424,-4.5532,51.4087
1.0518,1.662,87.635,1.1731,290.2481
-1.5313,-1.4193,80.0743,-0.8896,246.4406
-3.4093,-1.8748,68.3791,-3.4358,195.3555
0.8349,2.1001,94.4285,0.609,326.1378
0.9457,2.6187,27.7434,1.1734,52.142
1.4376,-2.1666,79.7119,0.7026,266.4837
2.452,0.5018,81.8513,0.8755,275.664
-3.7306,0.9492,23.5028,-3.3176,68.4776
1.2181,-1.9923,89.0764,1.6811,242.6379
-3.688,1.3284,84.623,-4.4047,281.0842
-0.4194,-2.7845,,-0.3684,179.2209
1.8453,1.1908,57.1335,1.4813,159.3044
-1.6573,1.6814,71.5946,-1.8533,206.3405
-3.5082,0.0043,40.708,-3.5955,101.9186
3.4546,-1.6213,26.1146,3.3328,71.4639
-0.2249,-2.8954,73.7828,-0.7811,226.6015
4.8663,-2.17,56.5923,4.6134,187.4178
-4.3302,0.265,68.955,-2.1288,218.0891
-3.8473,-1.3943,47.5263,-2.5757,128.2082
4.2301,1.5619,23.7667,2.8117,47.0917
-4.2951,2.5484,22.9431,-4.3788,80.9596
-2.8785,-2.1629,93.2443,-2.5485,304.6183
-2.7441,0.9544,43.749,-2.3978,106.439
-3.7024,2.7326,47.0867,-2.017,131.2591
-1.9246,-0.3912,78.2983,-1.8648,238.2793
-0.7004,-1.0642,39.5391,0.3023,88.8941
0.248,0.1841,54.1798,-1.3675,143.7521
-0.3629,-0.4323,2.8412,-1.8056,7.1742
-0.3298,-2.1485,66.0422,0.9515,191.0094
4.619,-2.1624,60.9154,3.2836,199.7119
2.756,-2.7873,82.9344,1.0605,292.8214
-0.1852,1.3025,89.8953,0.6985,301.4042
4.9081,1.8017,84.7494,4.403,283.3103
-1.1976,-0.6542,59.7574,-1.8156,163.3913
3.9703,2.6807,94.9057,3.0335,332.6104
2.9924,2.6566,23.8257,1.752,50.2434
0.3035,0.0084,94.8659,-0.4644,327.2034
2.8092,-1.7559,76.0331,0.6306,264.1108
3.245,0.7556,33.7892,3.8713,90.5577
4.154,-1.9519,3.6474,2.9937,30.988
-2.7276,-2.648,5.4005,-0.9387,9.2771
-0.8275,-1.4434,20.5279,-1.3815,39.6992
-3.561,-1.884,90.7625,-3.9498,294.966
-3.7008,2.474,50.5532,-2.4546,132.1503
-2.9822,-0.6688,50.3935,-1.3732,121.3996
-4.7518,0.0822,77.0652,-4.6796,261.3292
-4.2498,1.8848,95.8296,-3.6754,335.03
-4.0124,-2.5399,24.0476,-3.0856,53.9181
3.6073,-1.5254,72.129,3.8444,239.8555
1.4387,-2.9392,89.367,2.0878,322.4543
1.9506,-1.533,92.168,2.2743,335.4952
1.2599,-0.1639,88.4854,0.8299,304.2429
2.2571,0.3383,21.9282,0.0751,51.0205
-1.9854,2.4349,16.4336,-2.4197,27.1979
-1.9167,-2.3345,78.5504,-2.1824,235.4619
4.8913,2.3538,32.2777,4.5397,64.2426
1.3163,2.7845,39.8596,0.7178,91.0762
-1.1869,-1.0402,8.4976,0.8344,20.6212
-0.096,-1.8867,74.2548,-1.1617,228.7636
3.6124,1.9159,85.8614,3.5761,286.5015
-1.3053,0.0926,20.8307,-0.5242,41.3672
1.3794,1.4627,43.2373,1.4835,109.6925
-2.4498,-2.8544,34.5843,-2.1548,73.3034
-2.5643,0.8324,49.2346,-2.8355,183.3195
-0.3697,-1.8698,11.9969,-0.1734,23.5924
3.2188,-1.9169,14.6841,3.1571,59.4488
-3.9034,-2.8093,42.5699,-2.5099,101.4843
4.3705,2.8854,91.5709,3.9336,306.4581
-2.5001,-0.1434,22.9651,-1.3823,48.0646
4.7751,1.5857,37.825,4.7801,94.5743
0.9346,0.0188,20.0173,4.304,46.0174
-0.2753,-2.4763,22.6718,0.0012,50.187
0.6149,-0.035,82.8543,0.6989,269.9852
1.0264,2.6155,40.3336,0.3151,93.4612
-4.1706,1.9186,60.7948,-2.7755,188.5597
3.5956,-0.6099,59.9614,4.1223,196.6238
1.3001,0.4501,41.3851,-0.1396,106.7645
2.3907,2.2551,76.5447,2.859,244.2353
-4.6044,-0.9998,2.3335,-1.6525,35.4092
-0.4447,-1.9903,60.2089,-1.4541,170.3176
-3.3469,-0.9969,94.8964,-2.6394,416.2746
0.8264,-0.7557,39.3018,1.0369,101.6267
1.0027,-1.8858,16.069,1.0781,46.6473
1.8605,-0.8919,51.0855,1.9056,146.8812
3.9661,-1.8028,72.6576,3.9094,251.8198
2.5084,-2.8066,44.1599,2.5663,133.5556
4.7666,-1.1435,11.6328,4.7907,40.6393
-0.1288,-2.4671,8.4005,-1.5884,22.919
4.9861,-0.9751,80.0376,2.8625,270.9451
-4.7647,0.2003,10.7545,-2.8127,54.0531
4.14,0.4694,94.9783,3.7993,343.8047
3.5043,-0.2998,4.5907,3.8684,23.8536
1.0085,-2.1819,66.5308,0.81,207.727
-4.2814,0.3956,5.1807,-3.3055,37.5978
-3.8937,1.9185,60.287,-5.0108,184.6743
0.9673,1.7548,94.2562,0.0226,324.9288
-1.0385,-1.2602,76.1659,0.611,230.1486
3.8285,-0.9245,34.9368,2.1878,104.5386
-1.6251,1.9111,56.3417,0.2762,150.5174
4.5315,-0.431,95.3043,2.1711,359.2014
2.6476,1.6188,25.1121,3.0639,56.9825
-3.0476,-1.4697,30.1098,-2.2064,73.3303
-1.5352,0.3331,63.1734,-1.0901,169.5676
-2.7826,0.9195,76.7371,-2.5084,105.8507
0.2481,0.1016,49.0448,0.3822,123.3666
2.1326,1.2147,78.7004,1.3647,257.3042
-4.384,-2.6671,97.2999,-3.2995,337.8825
-1.9237,-2.9484,87.4779,-1.5481,276.1906
3.7876,-0.9044,59.0139,2.7069,186.4693
0.6326,2.1545,28.1077,-0.0104,57.276
-3.3161,-0.9019,94.5691,-2.5352,308.1564
4.0979,2.342,46.3081,3.3506,108.1087
-3.3938,-2.1627,5.8968,-1.5803,15.3951
-1.6854,-2.575,84.5286,-1.3704,268.4628
4.2786,0.8307,,3.6379,0.8869
1.5942,-2.7412,71.5262,2.0755,233.1195
2.4519,2.126,54.4532,2.6123,144.6721
-0.6386,1.5141,93.1107,0.5317,311.1609
-3.9821,-0.9785,6.0527,-3.132,38.692
-0.0569,2.86,87.1048,-0.4861,279.0319
2.4686,1.3925,92.7828,2.7938,324.4874
-0.7727,0.7558,66.918,-0.8019,187.805
4.1066,-0.973,82.4976,5.1173,292.8553
-4.632,2.1591,46.2135,-3.7222,145.0915
1.8875,-1.3422,97.1404,0.0558,364.2148
2.2359,0.3929,16.5143,2.021,40.2948
-1.0729,-2.8636,28.0104,0.2856,56.0126
0.1751,-0.6668,92.9765,-0.9084,320.3231
2.0684,-1.0925,7.746,1.7402,24.6725
-4.0168,-0.4811,79.517,-1.904,253.5212
-4.5682,-1.3337,36.4843,-3.2373,110.256
4.3059,-2.6608,84.132,2.696,310.6102
-1.6882,-2.1477,69.5023,-3.1773,195.4017
-0.5176,-1.3915,90.1476,-0.9543,300.5544
-0.8432,1.0558,11.1086,-1.459,20.9547
4.9676,1.3134,56.278,4.3719,148.4713
-0.1102,1.6676,24.0557,-1.8403,46.9126
-3.5487,1.4331,35.2595,-2.6859,91.3261
1.1519,-0.351,58.8522,1.8997,172.7852
0.8464,-2.3651,26.5565,1.3923,69.9904
3.1989,2.1539,42.7919,1.1759,109.4244
0.1405,1.7885,24.8313,0.9755,50.4028
1.889,-0.5254,63.752,2.1199,196.3724
-2.1648,-2.2496,28.1499,-2.4179,58.4193
-2.6745,1.4713,53.1448,0.3657,140.8645
-0.6885,1.0041,,-1.3757,339.8737
4.4749,-0.5135,73.4917,3.5953,251.9719
-4.2593,1.6862,3.5986,-2.0177,40.7845
1.9588,1.9085,46.4535,1.5372,128.0068
-3.4753,2.8761,24.4959,-3.9016,211.6589
2.5149,-1.4469,46.338,4.0342,135.2522
0.4826,-2.381,21.0088,-0.3453,51.229
-2.2408,-1.7116,85.1623,-3.7165,266.9723
-2.9298,-2.9115,31.3909,-4.0449,73.257
-1.6032,0.6768,56.8318,-1.1813,144.8136
-4.3887,2.7112,42.9743,-2.2274,134.2877
-0.2743,1.9717,12.0162,-0.5278,21.3869
3.3586,2.3122,76.3908,2.2292,237.1629
0.4086,-0.1471,64.0767,-0.1314,184.5747
-2.8001,2.7414,9.8278,-2.1525,31.4664
2.0503,-2.7267,90.9562,0.5258,334.0589
-2.5903,-2.1836,13.6349,-1.9591,24.6091
3.4246,1.3568,99.5841,2.785,367.2982
1.7161,1.0167,10.3467,0.835,25.6675
-1.8175,2.6653,39.3551,-1.6828,82.1287
1.7202,-0.4132,98.1206,2.0046,359.5229
-1.5114,-1.9621,8.4337,-0.1389,18.2958
4.4569,-2.319,58.379,4.1061,190.7072
-2.5183,-1.9098,43.9903,-3.1244,97.4623
-2.2716,2.1073,41.8437,-1.8727,96.5156
3.8104,-2.2566,59.0192,2.8276,190.2358
-1.7687,0.5048,35.8793,-1.4693,77.9341
2.4971,-0.9937,43.4313,2.6469,133.2398
3.6617,-0.6146,54.8674,1.6199,167.6319
-3.5548,-2.9675,66.3867,-2.4516,178.4872
4.4692,-2.194,65.11,3.7636,217.7388
-2.1478,1.7506,61.383,-1.2875,254.4806
-2.2681,2.8145,53.0032,-2.4427,134.1711
1.3949,1.3086,10.6449,-0.6208,23.0663
3.2665,1.7304,34.674,3.3542,81.5651
2.4476,-0.7883,19.4695,2.1933,54.1559
3.4966,-1.9619,96.0552,3.297,366.976
4.2944,2.0932,9.3679,2.2031,11.2225
-2.747,1.3362,19.1186,-4.0093,36.7832
3.5069,0.9863,61.6748,3.3162,190.3888
2.906,-0.5083,86.5824,2.5507,306.4356
0.3744,-1.2337,77.1012,-0.3286,246.1455
-2.1941,1.7052,0.0691,-0.6133,3.1469
-4.263,-0.9299,50.7442,-2.177,151.0904
3.5193,2.4728,6.0564,3.4077,4.7811
-2.1161,2.9609,50.2796,-1.4777,127.8507
2.2393,-0.83,6.7402,-0.1801,25.1116
-4.5765,-1.2281,27.8649,-3.37,82.9
-3.1818,-0.165,17.7925,-2.3044,38.5765
3.8485,0.9111,62.8711,5.0497,183.0533
3.9248,-2.2282,33.3312,2.7744,99.4597
2.9657,-1.2321,98.5792,2.6108,379.0816
0.6253,-0.0219,79.1227,1.6644,254.0164
3.4856,0.5855,39.7048,3.1227,102.5318
-3.9586,2.0561,62.1422,-3.0728,185.7578
1.0739,1.7543,7.1469,0.0376,11.7861
4.8003,-0.1678,22.7784,3.6969,64.0485
-1.962,0.4524,73.6459,-2.2855,216.7633
3.1974,2.9943,96.4309,1.1926,345.343
-4.5728,-2.3502,,-4.1446,22.6111
-2.6516,-1.9545,67.4722,-1.8379,187.8734
2.1968,-2.2405,37.175,1.4137,111.8668
2.9003,0.186,29.0191,3.5016,69.2275
1.9196,1.7055,96.1051,3.7217,343.4113
1.6324,-2.8395,72.4886,-0.1511,230.8024
3.4618,1.1495,17.7374,4.2367,36.9718
1.3667,-2.8235,19.5201,-1.5844,52.6327
3.8571,1.4309,51.0585,2.7695,136.4873
4.991,-1.729,59.1721,2.6152,189.2272
-1.6455,2.0931,45.7644,0.0232,107.2172
3.6968,-1.3801,27.5708,1.5527,77.8033
4.5856,2.7413,48.0312,3.0737,108.9111
-4.1027,0.6527,90.1722,-3.2675,306.3791
-0.374,-1.2717,95.6124,1.7343,329.7496
0.5402,0.0011,26.4568,0.8981,60.3222
4.0249,1.1692,88.3884,3.8175,311.7108
-1.8285,0.984,65.5144,-0.3611,188.9337
-2.5722,1.9398,20.0157,-1.5819,51.7374
0.1033,2.0687,19.9278,-0.4122,34.938
-1.1216,1.2278,37.5412,0.9532,79.9479
-0.7978,-0.165,45.0636,-0.8513,105.3243
-0.2108,-0.9351,72.1184,0.0491,219.5871
-0.514,-0.5241,71.007,0.2016,211.9711
-3.4935,0.1095,94.9239,-4.2726,333.6991
3.1782,0.2676,11.8641,3.0617,29.6647
2.5101,1.815,24.1049,4.2033,53.6122
3.363,1.4572,66.4181,3.4111,199.3757
2.8694,-1.9257,6.526,3.1767,29.6745
2.4169,1.2566,92.2785,1.4232,324.7831
3.0135,1.0691,7.6282,2.997,21.1939
2.9302,-1.5863,5.8051,0.4549,26.2925
-0.6223,1.9799,5.9596,0.1334,4.1666
-0.3044,2.9645,31.8383,0.5514,57.6043
0.3442,-1.8002,97.8403,1.2528,349.1719
1.4845,2.5178,51.7183,2.0627,134.3011
-4.9877,-2.9492,58.0959,-4.2525,179.792
-3.0497,-0.2156,7.001,-1.7637,29.0694
-0.1851,-1.097,95.4289,0.868,329.0542
-2.7668,-1.1086,54.7787,-2.5674,145.3054
-1.8967,-2.6741,45.8799,-1.4897,105.0957
1.5999,2.3091,6.6246,0.3931,9.9772
0.1923,-2.3815,65.1085,-1.4357,190.3319
-3.3657,-1.3981,47.6733,-2.3252,115.244
2.2848,1.0419,13.6461,1.7824,35.9575
-3.6632,0.6403,92.5962,-2.5369,317.2604
2.067,1.7098,34.8597,1.4849,88.628
-2.7166,-1.8232,98.1839,-0.8031,333.1422
-0.4507,-0.9867,35.3319,0.8187,82.3279
1.1514,-2.4282,25.5139,-0.1048,63.9418
0.0251,-0.6428,77.7549,-1.2119,243.2556
-0.6315,-2.3892,45.2078,0.6004,111.8911
1.2601,-0.1678,39.0815,1.5229,105.1857
-2.3713,1.4472,86.1881,-1.3247,277.6011
-1.0305,-0.4957,33.639,-0.7207,74.4666
3.3136,-1.3029,83.2008,2.5832,302.4219
-1.345,-2.939,95.6074,-0.3031,319.2727
3.9629,0.1305,5.0591,5.6361,20.4818
-4.9769,-0.6517,35.4668,-2.3559,112.4367
-3.2783,-0.8365,56.8962,-4.7351,159.5577
2.8291,0.9244,93.1929,1.8606,276.7249
-1.7249,1.1696,40.5693,-3.1337,98.6451
0.4057,-1.41,90.418,0.5839,305.5063
-2.5464,0.5945,61.5792,-1.7371,165.1445
-2.9982,0.6916,10.7949,0.3663,26.4597
2.0446,-2.2907,7.1496,1.349,32.1281
-1.4066,0.8801,,-0.9616,16.6238
-3.0357,-0.2403,53.685,-1.445,143.0548
0.743,-0.264,62.665,1.6113,184.1913
-4.093,1.5356,38.1703,-5.1341,114.8183
-2.8267,1.5055,36.7267,-3.5721,85.8073
-1.1865,2.0871,45.1066,-0.9857,103.8393
-3.3264,-2.3576,74.5966,-0.6623,218.5446
-4.1995,0.3571,19.9617,-1.8601,62.2177
-3.2175,-1.6622,73.5348,-3.5768,223.4126
-2.1331,-0.8402,15.3298,-3.6608,29.8976
1.4915,-0.3709,35.0377,1.717,91.8788
4.0906,-0.2625,51.2492,4.5356,158.779
0.0576,0.6524,72.4967,0.5914,216.7808
-1.51,-1.702,48.0222,0.217,113.4501
-3.4514,0.2624,11.8581,-2.1321,31.0764
4.919,-0.1923,35.9534,3.5279,90.5456
1.6785,2.878,14.9556,1.4917,28.0886
4.2785,-2.5411,70.7599,3.0069,248.4667
-2.1675,-0.2491,38.2135,-0.4075,88.958
0.3649,-0.833,45.63,1.3911,120.9449
3.5197,-2.1136,,1.7558,236.8279
0.0654,0.1005,76.5463,0.0876,237.0155
3.9204,0.9368,27.9466,3.4087,68.8394
-3.62,-0.7037,54.3677,-3.1037,151.9085
-1.0277,1.616,21.1898,0.0061,41.5487
-0.0344,0.4224,92.8108,0.331,319.0801
4.3618,-1.6575,32.6599,4.8156,93.5558
4.8301,-2.428,97.6565,3.2952,375.6167
3.2943,0.8404,67.3895,1.9697,199.9025
-0.6368,-1.8415,88.6878,-0.3213,290.5012
-2.2576,1.8568,6.61,-2.3292,14.6949
-3.1647,1.4804,87.5979,-3.2739,291.8083
-2.4406,-1.5308,80.9686,-2.979,250.3237
0.0121,1.1422,68.3126,0.9418,197.4811
-0.2821,-1.53,19.0205,-1.6001,42.7755
2.1689,2.8005,64.5222,2.8683,185.3259
-4.7884,-2.1019,47.9017,-4.0901,141.4942
-4.3447,-1.3492,66.3505,-2.615,204.9257
-1.1067,0.004,78.4678,-0.8318,239.3375
-1.5974,1.7413,17.3191,-2.2116,28.6386
-3.9443,1.4777,1.9461,-3.4164,33.6485
-2.0524,-0.0607,6.5003,-2.6474,8.4402
4.6401,-1.0699,88.8156,3.7704,323.8268
-0.905,-2.5055,89.2603,-0.4865,291.2108
-1.0707,-0.2732,57.7419,0.4996,151.6096
0.9938,1.7293,14.6128,1.9834,27.256
3.2187,0.1724,81.3434,3.4308,280.0965
4.5066,-0.537,74.1987,3.7725,250.7614
0.1877,-2.9339,88.3631,-0.033,295.1194
-1.0654,-2.2448,94.9371,0.0163,322.5023
-1.9365,-2.5451,94.2552,-1.413,310.9527
3.5968,1.9619,46.6237,2.5523,124.4011
-2.5523,0.299,73.2209,-1.7249,214.3354
3.7745,1.2975,63.2917,4.4323,190.4449
-1.9821,2.9055,20.6839,-1.6401,41.9007
3.2294,0.2225,31.7229,1.3158,86.0339
-2.5588,0.2121,77.6081,-0.5222,239.8979
-0.3827,-1.8948,37.8931,-0.4137,89.5347
1.062,2.7132,26.3621,-0.4282,49.3545
0.2171,1.1505,26.7002,1.7254,54.3133
3.9312,2.2703,2.1314,2.7406,-2.9624
1.7531,-2.2677,0.9523,-0.3421,18.0235
0.7019,0.4184,82.6389,1.5188,264.7486
4.278,-0.5331,26.0141,2.6477,72.1299
0.1273,-0.6386,29.5078,0.2376,71.2624
-2.5737,0.1116,35.7772,-4.5394,90.9236
3.7668,2.4689,53.7261,3.6937,138.7467
0.5267,-0.8108,52.4503,0.1688,145.4499
-2.1253,0.2835,8.3886,-2.2682,20.5727
-4.9067,1.1929,92.7995,-3.4235,341.5071
4.275,-0.2853,20.5764,3.346,62.5984
-3.8983,2.18,26.5292,-3.819,76.5827
2.5791,0.0856,72.6742,3.605,243.4707
4.9427,-1.7615,91.3768,4.6156,348.7865
-1.9821,-0.474,37.8874,-1.8915,87.2398
-4.2273,-0.2384,4.1034,-4.9471,40.9654
-3.0188,0.4081,17.8783,-2.8453,36.4403
-4.5905,-1.3982,98.3846,-5.2834,352.0238
3.3237,-0.0732,30.1987,2.1402,80.8081
2.1116,-0.014,99.0336,2.3541,361.6741
-1.5297,2.1296,96.5207,-0.0547,318.2603
1.5306,-0.2213,31.8178,1.6614,80.7792
0.9734,2.7605,49.6642,-0.3749,120.3079
4.7136,-1.5499,75.4167,5.9768,266.2236
-2.5407,-0.3901,49.1289,-0.4698,120.5467
-3.969,2.3763,72.2955,-1.8625,224.2661
2.7665,-2.58,58.2331,3.5599,192.9225
4.1866,2.9536,65.9348,3.0866,184.7728
-0.6065,-2.6045,65.5013,-0.3471,257.7878
3.8338,-0.4684,5.3407,3.822,24.2404
1.0668,-2.015,18.9054,0.939,46.9428
-2.6505,0.3934,5.7904,-2.7332,13.5602
0.0421,2.5249,86.1753,0.6283,273.7761
4.6432,-2.9043,92.1271,3.2133,349.9523
-3.9811,2.0435,73.3105,-4.5216,226.3562
-4.6892,-0.3075,60.6442,-2.1198,185.8914
-2.0259,1.2755,63.2377,-2.49,172.9832
2.728,1.3236,91.5714,2.8768,329.1791
3.2655,-2.5288,48.5477,3.0671,152.6439
4.9546,-2.8416,1.1341,4.4325,19.1023
3.4265,1.2183,83.1672,3.2884,284.1973
3.4667,1.6584,48.3098,2.1662,119.9494
-0.0371,-1.165,,0.4723,176.6247
4.2957,-0.5167,2.2931,4.2171,18.3711
-3.2988,-2.2901,21.0883,-1.6725,43.6164
-1.9352,1.7736,91.0898,-3.6567,300.7174
-3.3138,-0.5122,98.2684,-2.9346,335.8889
-3.5982,2.2349,10.298,-2.855,41.3071
-3.8033,-0.9454,66.6085,-2.3397,192.0943
-4.2822,1.2336,48.6622,-2.7057,142.0194
2.648,1.4825,50.755,3.2587,135.5406
3.4202,1.5806,45.9712,2.655,123.3336
0.0363,2.2648,88.5895,-1.6198,288.026
0.8645,2.2526,60.5894,1.4252,170.4841
-4.5839,-2.6021,99.7762,-3.1168,354.5222
4.3667,-1.936,65.0855,3.843,211.2902
-2.8464,-0.083,69.6539,-2.0974,200.7615
4.2677,2.5949,97.3102,5.2821,344.0945
0.37,-0.8432,11.0991,-0.1644,24.5914
0.8596,1.0569,39.0132,2.783,99.5332
0.8461,2.4062,11.0389,2.4401,13.1307
1.3847,1.1043,87.6222,0.1624,296.8555
0.6122,0.9525,49.3564,-0.517,123.5366
-3.2371,-0.859,18.3466,-1.7574,48.0567
-2.1355,0.0585,6.6359,-1.8251,16.8612
-2.4874,2.3545,22.6028,-2.9064,40.5923
-4.8795,0.6837,78.8175,-4.6824,267.7325
-4.0828,0.9611,97.5585,-1.9603,342.567
-4.4277,-0.1998,99.7789,-2.1575,360.934
-3.236,-2.7667,92.7144,-3.0333,302.199
4.4732,2.042,51.1323,3.6642,121.9326
-3.469,-2.2374,10.0489,-1.6656,23.754
1.3454,-1.6639,11.9322,1.8342,28.8943
-2.6872,2.1675,16.0059,-2.3778,37.3342
-4.6303,2.2851,95.2707,-3.0148,336.8
-1.796,-1.2606,31.28,-2.3659,65.0354
-3.4901,2.004,62.7758,-4.6781,180.3104
1.1892,-1.9568,92.5424,2.0136,331.094
2.7077,-0.1073,5.4667,0.6362,21.8811
4.1574,-1.0835,39.1226,2.6581,112.5836
-3.9672,0.9405,97.6898,-3.44,348.1697
-0.0447,2.5694,86.9626,-0.7439,274.6879
-0.105,-2.4095,7.895,0.169,21.8171
-0.2387,-1.273,16.8536,0.3716,31.3914
3.0825,-0.2388,99.4009,1.8382,379.7931
-0.2562,-1.2261,72.3233,0.1891,211.8183
-0.0929,-2.0597,64.1926,0.9747,181.1468
-3.7397,2.3098,63.5764,-5.1729,194.6023
-3.4731,2.0405,95.9712,-2.8529,336.9753
-3.5017,2.893,70.1276,-2.6158,215.9207
3.6414,-1.7734,36.7587,2.6756,114.1674
-1.1185,-0.6524,0.43,0.9919,0.9513
-4.0828,1.0038,52.8085,-2.8694,156.5266
-1.896,-1.5244,90.1269,-1.3495,290.6543
-2.5033,1.7219,91.6976,-2.4498,299.4816
2.3232,2.0089,31.2848,0.7992,71.047
1.0413,-1.1813,66.7841,-0.327,203.7388
3.5113,-0.0306,84.2664,2.7252,294.1842
2.7523,2.794,65.4422,1.4551,187.0076
-0.1841,-2.1205,65.867,-0.6355,188.028
-0.7085,-2.449,70.0619,-0.0474,203.9849
2.5503,-1.9535,15.8766,2.4729,47.738
-1.3378,1.1732,54.6446,-1.9311,144.0702
-2.1214,-2.1983,38.8433,0.1863,91.3372
-3.4712,-1.0989,,-1.9831,91.1838
-0.7429,2.7472,2.8321,-0.363,2.1019
1.3556,0.4967,87.5355,1.0285,297.2298
-4.5793,-2.1939,12.5578,-2.512,39.7251
-2.781,-1.6042,67.0047,-2.6489,189.6831
4.7014,2.3769,36.4694,3.2686,72.3691
4.3182,1.0773,74.8526,3.2058,241.0478
-3.4572,-2.5808,72.018,-3.9633,208.6905
1.1766,1.5119,17.1508,0.4799,37.5909
-2.0375,2.5674,63.32,-3.0451,173.7027
-0.609,-0.3565,27.6339,-0.5437,56.251
4.3613,-1.2235,7.749,3.9769,22.2858
-2.7034,1.0641,63.3357,-1.5073,174.6761
-0.4465,2.84,52.0047,-1.0603,124.0259
0.9786,2.4235,90.0443,0.4377,297.0363
1.5167,-2.5247,20.5712,1.4939,61.8453
4.4251,1.7283,12.2857,2.5282,17.9553
3.2213,0.4273,72.0405,2.1613,231.8118
-0.7943,2.065,60.4907,0.5564,159.8585
-0.4878,0.3337,56.5154,-1.5842,149.7073
0.2764,2.1409,74.1101,-1.1559,220.0837
-3.018,2.2682,63.7617,-2.2083,176.3029
-2.5061,-2.4802,27.614,-3.1662,48.8176
-4.7686,0.4035,11.7965,-4.5876,56.5697
4.2924,0.5014,83.7433,3.2314,287.4534
0.6194,0.3335,38.1546,0.3178,92.3635
-0.3401,-1.3584,21.5039,1.4737,47.1642
3.0008,2.8304,42.3627,1.8899,92.3734
-1.9035,2.7435,86.1389,-3.0502,267.9637
-1.2489,2.3233,31.8553,-1.5341,62.2634
-2.0895,-1.0715,14.5067,-1.1988,26.0984
-0.0653,1.6376,89.3621,-0.4205,294.1096
-0.5342,0.5135,14.3896,-0.3031,29.5765
-1.9138,-0.2101,61.1517,-3.0475,162.5285
-4.9076,-2.2077,73.3158,-2.4629,230.8738
-3.0808,-1.2043,32.4146,-2.3264,75.5012
-2.2433,1.4649,51.6694,-2.3255,129.6887
-3.3113,0.5885,24.5549,-3.5278,57.4133
4.5398,-2.0839,73.794,3.9575,260.3625
-3.5994,2.9071,5.2806,-2.9953,34.1335
4.3275,-2.0797,61.3155,3.9475,204.6967
-0.9572,1.0803,68.5159,-0.8238,194.1257
2.8408,0.0626,79.6233,0.8744,267.586
-2.5171,-0.5209,37.9395,-1.1313,87.894
-2.2424,1.3032,81.7916,-2.9386,252.3291
-2.5412,0.4357,85.491,-1.2966,278.167
1.7949,-2.1861,82.1681,1.0878,286.7176
-0.6176,-2.1158,33.4952,-0.5025,80.7113
1.7036,1.3179,0.2579,1.0307,4.969
-3.5222,-1.7732,18.9763,-2.3863,50.5181
-1.5986,-2.677,20.9185,-1.0467,40.086
-0.3236,1.811,86.6604,0.1363,276.1305
0.187,0.3856,81.5988,-1.3305,264.941
3.97,-2.6473,57.517,3.4232,190.6381
2.1289,0.8787,28.8265,2.2375,68.5709
1.8583,-0.6027,,2.6132,17.0825
-0.8628,-0.1437,94.5207,-1.4884,314.172
3.1467,-1.0657,18.3431,1.8816,56.8977
1.8574,1.2389,53.3144,0.9265,144.2784
-1.6713,0.4814,51.94,0.0461,131.2709
3.5449,-2.7158,53.4864,1.7541,176.4892
3.4879,2.671,64.7724,2.727,183.0926
-2.7844,-1.5792,71.2778,-1.8095,200.0072
-0.0586,0.5326,85.4522,-0.3073,274.6707
3.2078,-1.0824,29.1765,4.4397,85.0577
0.6296,-1.2453,4.9829,0.6233,19.135
-2.0461,-2.5381,13.6504,0.3242,21.0042
3.1177,1.6372,83.3683,0.9696,281.4461
4.8459,-2.0389,84.6052,4.5242,305.8866
1.59,0.4117,54.2835,1.9082,156.0196
1.8068,1.3298,67.504,1.4563,202.5357
-2.1126,-1.7213,,-2.0021,37.4511
1.8326,-0.37,92.8595,2.1919,327.5465
-2.549,1.643,79.1815,-3.0212,243.4725
-3.6911,2.3053,15.4828,-3.5982,50.3899
-3.1035,2.9932,46.4827,-2.5433,113.5853
-0.0601,-1.093,81.891,-0.1644,263.2518
-3.2502,-1.979,77.3107,-2.681,228.7092
-1.4807,-2.5469,22.7317,-1.3368,51.2636
-2.9474,-1.4022,14.6734,-2.2011,36.6615
-2.3529,0.6,62.1851,-3.321,168.9743
-1.2909,-1.8706,56.6477,0.1493,147.2773
1.1359,-0.4572,60.8626,-1.058,182.5107
-1.7106,1.3613,73.573,-0.5542,215.8558
-0.8565,-2.9864,79.6279,-2.2477,244.2988
-3.605,1.294,18.5008,-0.7126,54.8736
-3.9856,0.2356,71.1365,-2.6447,218.1803
3.6824,0.7652,62.304,2.6306,181.727
-2.1469,-1.5226,39.3987,-1.5698,87.5156
0.4568,-1.7635,88.0932,1.9002,297.7265
-4.7577,-2.7133,56.1903,-5.1867,155.633
-2.0715,0.1401,8.2701,-1.6348,16.0755
1.9277,-2.1264,67.379,1.5335,215.1076
2.8991,-0.9812,88.5098,2.5505,317.4361
1.1052,-0.2453,59.847,1.4179,176.8631
3.192,0.2073,46.6913,2.1026,135.5779
2.9579,2.0134,29.9155,-1.2187,61.2771
3.3232,1.9708,37.0303,3.112,89.7856
-2.2946,-2.8461,41.0291,-1.3681,86.7163
2.79,-1.7735,15.4434,3.6128,51.9652
-4.3707,-0.9518,29.5484,-2.5938,85.3386
2.3917,-2.2354,92.0451,2.0694,338.146
-1.2995,-0.8139,50.879,-1.1311,131.059
2.9947,0.9301,38.5622,2.759,97.7393
-3.3845,1.8769,59.5396,-4.2042,166.0136
-2.8878,2.7947,69.3699,-2.0695,202.3217
1.1779,2.4039,86.913,-0.3996,283.1715
-4.1266,-1.3137,3.3451,-5.7358,32.2499
2.8296,-2.4887,24.1098,0.9791,74.1627
-0.284,1.9021,8.5778,-0.3132,12.4145
-1.4666,-0.4679,70.0656,-1.5547,203.1022
-2.2873,0.8065,13.2397,-1.2823,26.8562
-2.9319,1.2405,27.5781,-2.9509,74.3995
4.8909,2.3732,12.6199,2.9423,10.8604
-1.9075,-2.0217,85.4765,-3.2384,269.6984
0.1914,2.5257,57.5565,1.5729,155.5677
3.3268,-2.9664,80.3962,1.8962,294.1812
3.1052,-1.9761,47.7356,3.6752,150.099
3.6701,-0.0745,26.8661,3.5403,73.9847
4.8659,-1.9729,40.0702,3.2551,116.044
-3.6621,-0.5452,90.5302,-3.1736,302.9244
-2.0874,0.426,2.152,-2.6123,10.4045
1.779,1.6599,77.9553,1.8526,245.6162
0.8423,-1.1462,7.6991,1.9099,23.9666
0.4949,2.2402,10.2439,-0.1847,14.1955
-3.185,-1.3895,95.066,-0.9451,317.3375
-1.811,1.4265,34.3352,-0.1511,73.3654
2.5964,1.2191,24.4931,1.2365,55.6501
0.1117,-1.5197,79.6192,0.6706,252.0755
4.9482,-2.8912,85.7573,5.0827,323.8935
4.3594,1.2829,62.033,3.8754,187.7882
1.4232,2.161,92.3937,0.6582,314.5573
-2.9791,-2.9169,58.4707,-3.2981,150.7309
-0.6159,0.8143,92.5336,-0.4323,314.1057
3.9168,-0.771,33.2499,2.6899,96.8851
-4.9837,2.569,75.9889,-5.0394,264.3323
2.1089,0.1364,53.5972,1.2745,158.7693
1.8543,2.6843,82.7379,3.0394,263.8288
3.9002,-0.0416,10.3033,3.4641,30.1689
0.9943,2.5786,33.1308,0.904,69.4428
-2.7475,0.1436,54.0946,-3.0333,144.2871
4.3179,-0.0058,58.9843,2.3738,179.2158
-3.6818,-0.6254,41.1621,-2.3419,104.1389
3.8415,-1.2921,83.6395,3.1702,300.8654
1.7092,-1.3416,54.2054,3.2077,160.0065
-0.6328,-2.1812,64.9013,-0.0964,178.0386
4.2893,-2.7648,95.3841,4.5251,373.0524
-3.0156,-2.9053,72.0254,-1.2657,205.8336
-4.6369,-2.4949,5.3884,-3.7514,32.4171
1.8675,-2.163,40.4065,1.7718,117.353
-3.2545,-2.47,6.0594,-2.3924,17.0767
3.0428,1.3191,91.507,4.142,323.3566
-3.5861,-0.8518,36.2927,-3.3214,89.543
3.9374,1.1288,55.2591,1.9827,151.0686
-3.444,-1.9321,92.8814,-3.9515,307.4007
-1.2095,-1.7099,78.5441,-0.5401,238.6542
3.7791,2.936,22.6179,4.2565,34.0828
0.6781,-1.5922,,1.6825,191.5814
-1.1444,1.6482,80.926,-1.7442,244.7368
4.7957,1.827,99.9947,5.0926,369.458
1.4106,0.9603,22.9385,1.5677,52.7758
1.4034,-0.4531,72.3521,1.0365,229.2573
1.9013,-1.3432,41.9044,1.7636,118.008
2.1492,-0.0812,22.5444,4.1095,52.474
-1.7219,-1.7855,54.3568,-0.5111,138.1811
-4.3794,1.4589,38.5625,-4.9732,114.4669
0.1774,0.5932,96.306,-0.1157,330.649
0.3472,-0.1711,47.933,1.1723,123.8818
-1.9635,-1.8333,34.2966,-2.1609,68.8012
0.1372,0.2745,64.0707,-1.6232,180.0273
0.2491,2.2701,78.5506,0.2923,241.3283
-3.9905,1.0027,25.01,-2.6894,73.9627
-2.5017,2.8451,88.002,-1.3111,284.5348
3.4112,0.3904,19.1646,0.4967,45.7691
-1.387,-0.9652,49.4622,0.1736,124.458
-2.6474,2.3839,19.9571,0.0364,41.3027
-3.7621,2.8341,21.433,-5.0066,64.2579
3.5238,-2.7068,1.6056,2.7103,25.697
1.0241,0.7435,40.3982,0.6337,104.5798
4.3953,1.3172,63.4767,2.8654,192.2039
-0.2372,-1.5869,86.9107,-0.2915,286.2074
-4.6741,-2.7807,57.8298,-3.5622,161.017
-4.9056,1.0243,55.7039,-4.3972,178.1491
3.1583,2.3686,34.5569,2.9774,77.0715
0.9624,-1.9347,61.5598,0.833,186.5088
-3.5754,0.4484,34.7018,-3.0992,88.9363
-2.6286,-2.831,77.8923,-1.1772,231.5983
3.0582,0.9393,48.2687,3.2371,134.1951
2.4291,1.2084,69.2716,1.437,217.1635
0.7582,2.2246,33.3126,-0.0969,69.7348
-0.3001,2.6122,13.559,0.1747,24.7983
-4.5026,-2.18,55.8622,-3.0828,152.5773
-2.5871,1.4915,82.5296,-1.975,255.9556
4.3702,-0.4379,45.9203,3.5054,125.9533
-0.6079,1.0222,22.3051,0.8643,43.2858
-2.5537,-0.3764,77.9607,-4.4549,232.5173
2.5842,-2.6645,93.4096,3.2688,350.4139
0.8024,-2.6867,95.1176,1.7394,343.2463
-0.7097,-0.8969,86.4368,-0.0575,279.1739
-0.5175,2.0747,75.7934,1.4446,227.7668
-3.2701,-0.1833,74.7447,-2.8174,228.757
4.3194,1.0861,69.7104,3.8214,225.1758
-1.3564,-1.2072,26.6081,-1.3922,50.8802
2.4249,-2.2203,66.338,0.3607,214.7084
0.9643,0.0766,88.3865,1.8326,300.6114
-0.2652,2.7738,9.5621,1.1117,-135.855
4.3278,2.4813,65.3033,4.7978,178.6932
-0.544,0.2591,34.8636,0.0481,76.8608
-2.8476,-0.3359,90.8836,-0.9679,294.2818
-2.2343,1.3446,3.5822,-0.915,11.9906
-2.1977,0.3643,24.5751,-2.0768,50.6247
-3.8451,-2.776,4.6533,-2.7545,15.8224
-4.0465,1.4708,75.0092,-4.0344,240.1014
-4.3618,1.9398,91.439,-3.8992,317.5118
4.596,0.6063,52.261,3.7278,145.6446
3.7907,1.4082,77.6726,2.457,250.7383
2.7294,-0.8705,46.9099,3.9065,132.3249
-0.4881,0.6971,77.571,0.3626,237.1631
3.8622,1.5743,88.7986,2.1413,300.8066
-0.461,-0.4236,76.0275,-2.4201,231.1756
-2.6546,-0.9658,28.1509,-2.9335,60.8951
3.1212,0.1952,12.746,1.8359,38.9258
-4.2844,0.8546,28.8215,-3.0524,90.3103
2.3757,-2.9512,22.1065,1.0915,64.7344
0.2378,-2.1212,18.0983,-0.7264,42.7275
1.2895,-0.0749,91.4008,0.7043,321.4737
3.2855,-2.9662,53.364,3.8118,173.5522
-0.5178,-0.6509,49.826,-0.9443,123.7555
0.8217,0.6484,98.052,1.1882,352.9426
-1.7525,2.4352,54.8791,0.7327,138.2616
-3.0142,0.2711,36.8843,-0.8879,84.3206
-4.6006,-0.1737,87.7267,-3.4786,297.3856
-4.3086,0.3991,30.2144,-2.4556,88.4872
-4.6491,1.0042,11.4884,-2.2368,61.3214
-1.4368,-1.1365,40.0849,-0.065,91.4752
-0.0849,-0.5944,79.1547,-0.1938,248.026
4.8944,-0.09,52.5743,2.3919,145.1413
-4.5483,1.1747,78.5872,-5.199,265.6579
-4.0689,-2.949,61.6783,-2.7209,166.6648
-0.1674,1.0008,86.3115,-0.4979,282.6209
-4.9415,2.0248,32.8094,-4.6573,107.9779
1.4712,2.4435,42.9177,1.2135,101.6951
-4.5489,-1.6546,99.4658,-2.6737,354.5845
-1.6589,2.7353,99.3705,0.148,339.6073
1.8258,-0.4948,79.6986,2.34,261.9695
-0.528,-1.2117,15.8195,-0.5165,34.11
-4.4697,-2.567,40.0273,-5.4741,101.0156
-1.54,0.5688,8.7228,-1.1763,19.495
-0.9406,-2.6735,84.4767,0.4922,262.9652
-2.2379,2.9138,65.4962,-2.1029,173.987
-0.1057,-2.3665,63.5961,2.5074,178.946
4.0519,-1.6046,97.2221,2.7487,370.1093
-3.6495,1.5903,29.7233,-2.6474,79.3763
2.3462,2.0279,43.1896,2.0402,102.3191
-3.5509,-1.3139,56.7279,-3.635,153.1533
-0.5272,-0.9024,19.5184,-2.0828,38.7609
-3.2508,-1.4948,31.4243,-2.6482,73.6375
-3.4299,2.4015,54.593,-4.7245,148.4945
-2.0128,-1.9142,,-2.2346,112.1744
-3.8931,1.8507,70.19,-4.413,218.6843
-3.2561,0.4828,37.3039,-1.3413,97.7464
4.3302,-0.8875,91.7306,2.3632,342.5507
-1.0205,-1.2878,3.9858,-0.0138,4.9321
-4.6125,2.6962,77.4931,-3.2549,263.8486
2.6481,-2.3797,97.4826,1.4386,376.6728
-2.9104,1.1962,31.4216,-3.1672,75.6085
2.0412,0.6053,62.0543,2.1769,188.7098
0.1975,-2.8466,3.2172,-0.7032,10.6213
-4.14,-2.1588,74.0856,-2.9534,218.8055
-2.5288,-0.4082,37.1482,-1.0332,90.0715
-3.0924,1.2369,68.5839,-3.7517,200.7556
4.3561,-0.2696,71.8513,2.3229,239.6025
-2.6533,1.8972,34.723,-2.2957,82.4788
-2.3581,0.7889,82.8514,-0.5506,262.3779
-0.4681,-2.0079,34.1282,-0.1176,78.722
-2.3419,-1.6018,20.5824,-2.888,37.5753
-3.3492,-1.5319,27.1873,-3.0506,58.2811
0.6874,0.4229,90.8706,1.5179,315.5465
2.2104,-2.3162,72.0528,3.4315,239.1917
-3.9269,-0.8792,5.1489,-3.9904,27.3986
1.8975,2.3567,80.8694,3.0992,261.4208
1.2848,2.2352,93.6414,3.2938,323.1827
-4.4805,1.4551,89.2775,-4.5957,307.2609
2.5886,-1.5761,91.9841,3.3128,338.4306
1.8685,0.6963,86.3737,0.2274,298.3791
0.1955,-0.6762,44.6118,-0.1392,110.4931
-0.228,2.4371,38.6695,-0.489,90.0396
1.9978,2.1319,77.8616,2.9266,234.6729
-3.302,-0.3637,51.8185,-2.0332,140.5781
2.2618,-2.9923,75.7663,1.6771,258.6572
-0.6864,-0.7726,75.1795,0.2566,303.3018
3.7291,-0.7982,28.0545,4.0359,71.4431
3.2679,0.1879,62.0175,3.8952,196.7562
-3.2518,1.801,32.0251,-2.362,85.1768
1.0845,-1.6286,52.8988,0.8179,150.5744
4.4603,2.7282,15.2867,4.2447,11.1544
4.2106,0.4756,24.2714,4.5138,68.7224
-3.0451,-1.8194,67.2643,-1.428,192.6848
-2.9944,1.2287,14.8486,-2.332,37.4972
1.7762,2.8425,15.6764,2.0766,25.6414
-4.3819,-2.8539,92.1654,-6.6937,312.2201
3.955,-1.3044,50.6233,4.3076,150.3335
1.5605,2.6581,14.8974,0.0737,28.9804
1.1871,2.3827,30.0206,1.3933,63.8158
-3.5314,2.5903,28.5279,-5.0998,67.8849
-3.7989,0.809,65.5588,-3.382,188.6994
0.1017,-0.0039,7.7942,1.1578,19.6202
-1.0849,-1.8796,34.3035,-0.901,75.8643
3.3907,2.538,8.2991,3.4992,2.7187
3.2221,2.9999,77.7875,1.2152,244.2348
3.8281,1.7265,17.6464,3.0875,27.9219
3.4838,1.6296,57.894,2.7681,164.2979
4.2569,-1.4946,79.1382,2.3609,285.2672
-3.7555,-2.1379,49.0763,-2.7018,122.4777
1.702,1.142,19.5488,1.1979,46.0346
-3.5613,1.2266,20.2134,-3.5202,50.2281
-0.8019,1.4443,79.9308,1.1841,247.0671
-1.6928,1.3843,,-1.4376,181.5314
4.3614,2.2319,42.2165,2.6087,99.6738
4.9691,1.1872,40.9684,6.1195,98.0848
4.8458,-2.3303,70.2724,2.5982,239.0769
-0.6512,-2.8775,91.2456,-1.5993,302.2777
2.3898,-2.0676,7.0201,3.681,36.3127
4.4257,2.7501,94.3693,4.5187,327.4189
2.9751,0.4314,41.1598,1.5637,119.2951
2.3415,2.4186,97.1809,0.3096,345.3594
3.8335,-2.6112,91.0363,2.7136,352.0156
-3.7614,-0.1621,12.7228,-3.0673,33.3906
1.1967,1.0747,5.2528,1.3534,13.7149
-2.1316,0.1758,27.8264,-3.808,61.824
-3.1247,-1.9007,55.7525,-0.8415,138.9651
-1.5596,0.775,59.9279,-2.1825,160.5626
2.3652,-1.6513,21.9142,1.021,65.3361
0.7117,1.109,99.3711,-0.4459,360.1113
0.6866,1.6581,85.6051,0.8914,275.1373
-2.2017,-2.9681,41.8834,-1.8518,91.7956
-1.7417,-2.2533,77.0033,1.0926,234.9674
4.3247,-2.5367,88.8983,3.7457,338.0407
-3.2323,-0.5305,63.1494,-1.9284,179.7135
0.7588,2.6066,5.4244,1.432,5.458
-4.1238,2.6916,31.9663,-2.8536,89.4891
-3.0021,-0.9039,33.9372,-1.9822,75.3922
-4.4948,0.9494,19.2266,-4.597,69.827
-1.5462,-2.6862,44.9603,-0.5596,104.1788
4.7804,-0.27,37.2991,6.3714,100.0817
-3.2249,-2.979,5.9618,-2.2323,13.3956
-1.3002,-0.1396,78.3146,-0.8157,240.6224
3.6057,-1.5904,78.1766,2.0089,281.9178
-4.599,1.9402,96.9998,-4.9664,363.7223
1.861,-2.1999,5.4498,-0.2073,27.4667
-2.2741,0.0749,85.0409,-1.4133,263.8365
-4.6876,-2.9491,9.1259,-3.1651,37.6119
1.5094,-2.1201,13.1072,0.6053,41.4648
2.2731,2.6828,65.7974,3.5809,186.8675
0.7157,-2.8677,33.6771,-1.0856,85.6695
4.0579,2.0386,48.7266,3.5836,132.0139
3.8283,-0.2274,54.1407,3.5232,160.5362
0.7364,1.8081,96.6169,1.376,340.0074
-3.7625,1.1737,34.3227,-3.6711,90.4056
1.5595,0.361,27.6275,1.3392,71.8454
-2.1595,0.9968,15.8969,-0.9184,28.9153
-0.3124,1.5987,60.8126,0.0228,165.6558
-2.3754,0.6657,11.5882,0.2745,22.2772
1.4409,-2.7997,99.8101,0.4376,371.3273
-2.089,2.0759,91.7876,-1.6203,296.7874
0.1891,1.4513,55.2551,-0.374,143.6325
4.071,-2.5287,50.5651,3.1576,162.4846
0.0004,2.5794,92.0923,0.0759,303.8123
0.9334,-0.1404,88.8208,1.2236,304.0993
-3.3725,-0.4602,70.4012,-1.5478,208.0623
-0.6892,-0.8622,25.9599,-0.2298,55.216
-4.0994,-0.91,16.4466,-3.0163,40.5362
1.1957,0.6652,24.7335,0.3439,56.0662
3.0994,-1.883,68.8054,3.5586,232.4191
-1.5629,2.5552,97.1324,-0.6118,327.7738
-1.0714,0.1486,4.0463,-1.5756,8.6279
0.9108,-2.7828,39.342,0.2043,102.8803
0.3917,0.9556,88.8735,0.6428,297.5187
1.9555,1.124,50.1127,2.1101,139.6324
1.5399,-1.3912,28.5183,1.4582,219.3181
4.9703,-1.8319,93.4928,4.2711,353.4563
-3.4647,-1.6621,1.0556,-2.6542,10.3782
3.0743,1.8373,6.7827,2.4682,12.8283
0.5683,2.5679,83.0582,0.649,259.0782
-1.5862,1.1623,63.6462,-2.5117,176.9744
4.4338,0.57,27.3063,3.7942,66.4554
-0.2905,-1.3498,21.5258,-0.5699,48.7661
2.721,0.0775,65.592,2.7903,209.0107
2.058,0.2965,24.8117,0.0367,64.6962
-3.5138,0.3835,37.2751,-3.17,88.0132
-2.8159,1.4375,43.3489,-2.8296,108.1491
4.4542,0.8779,15.3037,4.356,28.5957
-0.816,2.331,65.3526,-0.0112,179.0908
2.269,1.0412,99.9527,3.7339,362.9755
-0.8872,-1.3074,0.5586,0.4695,3.1314
-2.0146,0.9208,53.8131,-1.6479,133.7777
-0.9783,0.8941,55.2338,-0.5388,144.4138
4.663,-0.6461,18.8398,3.333,58.6028
3.0977,1.4061,54.5324,2.5979,154.278
-3.9668,-2.0574,62.2265,-3.652,180.9984
-3.1569,-0.8371,39.1658,-2.3078,97.4367
3.5439,-1.6833,24.8504,2.8434,76.662
1.1499,2.1791,35.008,2.1522,78.882
1.714,-1.4607,58.3702,2.5553,174.0735
4.914,1.3757,42.9128,3.7414,99.9213
2.6538,-2.1751,75.0705,2.4299,258.3658
-3.2454,1.2222,82.3959,-4.4535,268.7467
4.8181,-2.4399,64.8282,2.892,224.824
2.2699,-2.9763,11.9967,1.2261,47.9955
-3.6129,1.7558,23.1049,-4.1444,58.4095
-2.7135,-1.9188,73.7549,-2.4286,214.3
2.4672,2.9647,5.7459,1.1843,11.9129
3.5495,1.2904,31.8352,2.3762,75.4261
-4.9901,1.8062,88.6616,-4.1609,316.8915
-2.6563,-2.3433,7.4911,-0.899,13.496
-0.0843,-2.5053,51.1911,-1.0407,138.3931
-3.5502,-2.4356,69.5478,-4.5005,208.8755
-3.2364,2.2106,93.1435,-3.2907,314.0291
-2.4437,2.3889,92.5807,-3.1561,305.2158
-4.7514,-0.0867,1.2968,-4.2544,43.5752
0.7196,-2.1348,14.1703,1.6137,37.5722
2.3851,0.6727,24.4578,1.046,54.2897
2.4613,0.066,60.8053,1.9308,185.9688
-2.6715,-0.7141,40.9391,-0.4866,94.0134
2.5331,-2.0066,39.3421,2.9866,114.6556
0.5924,-1.4964,66.016,0.3034,199.6634
-0.9704,0.9944,42.5802,0.1877,100.0309
1.6709,-1.9276,64.7567,0.8365,199.6571
4.9939,-0.5383,47.2921,2.6457,130.3121
0.159,-0.0601,24.0875,-0.6872,53.9702
-1.5635,-2.2962,24.8949,-1.0491,46.3775
-4.336,0.0639,38.8393,-4.4604,111.4677
-0.1302,-2.0406,90.0378,-1.1649,302.1193
0.3783,2.3853,,0.081,17.8079
-0.4926,-1.0744,49.7194,-0.6215,129.5449
2.8382,0.1895,15.5732,2.9469,39.6709
3.3063,-0.3077,86.4338,2.5059,305.2056
0.5656,-2.3931,50.8127,0.6042,139.2923
-3.7376,1.8994,81.3426,-2.8154,268.0039
-1.8103,1.3028,52.9778,-0.7634,132.2546
2.0993,0.7281,67.8674,0.8864,206.8568
2.378,0.272,16.3446,1.1288,42.8424
-4.0942,0.2309,56.9035,-3.2845,160.9135
1.486,-0.3098,76.6361,1.992,249.4437
2.447,-2.5373,31.7889,0.9681,93.2353
-4.3672,-1.7625,20.0607,-3.6508,57.7746
-0.2786,1.6646,57.6732,0.2021,152.9688
-3.2354,-2.5559,89.4464,-3.1035,284.0816
3.0439,2.0792,58.7823,1.3203,161.4115
2.6102,1.1726,56.4386,1.2724,159.1544
-0.721,1.7419,65.349,-1.9845,184.3392
-4.0774,1.4149,43.8318,-2.6964,128.7067
2.3137,-0.4769,54.1618,2.4454,163.1004
4.5229,2.1792,30.1861,3.4558,197.5572
-3.8055,0.0038,64.5833,-1.9159,186.8314
0.7406,2.8674,30.3028,0.0165,60.6938
4.6918,2.011,60.0621,4.0321,168.1112
-4.1923,2.6915,27.5528,-3.8451,80.9538
4.718,-2.4209,53.6639,3.5541,171.9977
-2.0766,0.4714,89.9636,-1.8815,293.9817
-3.5356,-2.9618,27.4428,-3.049,54.296
-4.846,-0.4965,20.0529,-4.2755,74.0689
1.0084,-1.6825,23.972,3.1352,64.5775
2.9364,2.4417,38.998,1.1589,83.9232
-3.5361,-0.9556,54.7013,-4.9009,150.7099
-0.3168,2.8029,23.1277,-0.3194,40.9124
-2.884,-1.8727,27.3046,-0.7996,61.3376
1.142,-1.6658,22.952,0.783,58.2488
-1.8743,1.837,93.4985,-0.4771,312.8457
0.5921,-0.0797,16.8342,-0.5199,39.0643
2.5993,-0.9983,68.0369,1.6057,220.6012
4.9627,-0.9908,46.0134,4.1318,124.9377
-4.4231,1.5218,97.7872,-2.4292,359.4712
-2.9495,0.9083,24.7154,-1.0117,49.3811
-0.075,-1.1137,38.0149,-0.2633,225.3421
-4.5745,0.7371,89.2971,-4.429,319.4394
3.9516,-0.2587,5.5187,2.1494,21.1074
0.349,-0.6605,13.8197,-1.5667,30.3613
4.3071,-0.5789,54.2372,3.5141,161.6128
-1.7751,-1.3741,13.0794,-0.7652,21.1658
-1.2279,2.7422,84.9052,-1.6929,269.741
0.7246,-2.8767,88.0582,0.186,301.4637
1.5645,-0.1528,91.2817,1.0511,323.1496
1.7809,-0.7108,68.9444,1.3491,215.7592
2.1359,-1.4402,76.8819,1.9467,257.3383
1.8249,1.8568,45.1674,-0.2661,114.0943
-3.3206,0.0406,16.3688,-2.34,43.3643
-3.0472,-1.3879,24.5044,-1.9969,53.3979
3.201,-2.1307,99.1093,3.4038,377.4313
4.1925,-0.4284,,2.4132,162.0999
1.5079,-2.8441,24.1989,-0.3089,66.9178
-0.9497,1.9545,74.5225,-2.9802,217.8
-1.7617,-1.1189,86.4865,-0.5898,277.8898
-3.4456,2.8754,69.7648,-2.947,206.1883
-1.5351,2.1099,47.6867,-2.594,114.6733
-0.0439,2.1397,84.8143,0.2182,266.9842
-1.292,1.5604,95.5423,-0.7684,323.636
-3.839,0.042,57.8928,-2.4362,166.8433
-3.8132,-2.8681,53.8761,-2.039,142.4551
-0.054,0.174,26.0562,-0.1526,56.2578
0.3189,1.7162,14.9358,0.8082,23.6229
2.5457,2.8487,88.2425,-0.0126,297.2743
-3.1586,-0.3669,71.1505,-2.0012,207.2396
-4.9526,0.0983,46.9023,-2.6352,144.0958
-0.3923,-1.5399,40.5418,0.4556,97.4366
-2.327,-0.9864,9.03,-2.3124,21.9234
2.7579,1.4534,48.6672,2.6871,130.5919
4.4154,2.4333,32.344,3.6737,59.5794
-1.4484,-1.1365,42.7512,0.7996,102.9558
-0.7691,-0.9198,96.7699,1.29,334.7533
0.3072,-0.0679,39.4958,-0.0899,94.739
-0.534,2.7574,62.2561,-0.8606,162.5959
-0.4422,-2.491,45.4642,0.2936,111.4516
2.1017,-1.528,26.7904,3.7151,76.005
3.3668,-0.8293,58.4199,2.3806,181.122
4.7589,-2.6433,63.9297,5.4667,208.0622
-1.9046,-2.152,18.1532,-0.2557,33.2306
2.02,-1.434,0.0125,3.0858,18.4903
-0.5127,0.1598,28.2163,1.5764,58.3934
-0.4355,-1.0313,82.8047,-1.1312,262.3375
-2.1599,-1.589,36.913,-0.3812,78.7041
-0.2205,2.45,94.9544,-1.3611,314.1835
3.3551,1.4591,74.1181,4.1028,237.3903
-1.4269,-2.2067,18.2486,-1.1433,31.3093
-0.5715,0.7129,41.1696,0.3668,93.4265
0.7734,-2.1933,94.6918,-0.8459,337.8095
1.4253,-0.5479,33.8601,2.0891,89.5051
2.2311,2.4471,51.4036,3.3691,139.2768
-2.2051,-1.6375,49.6407,-2.4198,119.8976
2.6481,1.3468,54.4828,1.3735,155.1695
-4.7037,-0.1594,49.9675,-4.9682,147.9852
-0.9147,-2.6979,15.7736,-0.6272,29.2253
1.6605,-1.4383,73.6237,0.9908,242.3641
3.2874,-1.6149,46.0306,2.3179,137.9137
2.6906,1.1034,3.0368,1.8301,12.8739
0.0021,0.4874,26.885,1.4203,59.2443
-3.6334,-0.8447,11.2026,-3.9322,34.4279
-0.8607,1.1273,70.6339,-0.6055,200.4371
-3.7803,0.2262,70.4008,-2.1575,220.2024
-3.9919,0.876,,-3.4767,48.9571
-0.4639,1.9198,76.9393,-0.1953,232.2128
2.7201,-1.8095,62.363,3.7049,198.7607
-2.6363,1.4657,87.5129,-2.3907,280.8739
3.3625,0.4462,65.6921,1.5679,209.1457
2.1776,-1.3457,18.7676,2.7283,53.8846
3.296,-0.3733,8.8661,3.2829,31.4262
-2.4662,1.3623,15.5867,-2.8047,35.0536
3.6043,1.1697,50.9578,3.2555,137.7305
-3.9763,-0.771,77.3478,-4.7927,241.1861
4.91,-2.5256,31.9567,4.8758,230.1281
3.4683,0.7337,30.4045,3.7051,78.2133
-3.5156,2.7238,24.7234,-2.0972,67.8802
3.9892,-0.2311,24.3761,2.9498,66.2373
0.3649,2.3567,25.8886,-0.0614,49.7338
0.2509,-2.2623,29.0656,0.207,70.3733
3.749,-1.9211,49.3753,2.5031,157.4073
4.5888,2.4336,94.5859,3.8777,324.5934
4.7126,1.8443,37.4755,5.5607,80.6582
-1.109,0.8585,65.7944,-1.9595,186.184
2.9074,1.1402,94.7388,4.0015,343.2858
2.5377,-0.9654,24.452,1.6091,64.3166
0.6711,0.7532,79.6099,0.3653,250.4418
-4.6136,2.0673,70.8195,-4.4165,229.5815
-0.3166,-1.7404,49.049,0.9045,127.3213
-0.1709,1.8646,52.5112,-0.9498,135.0177
4.591,-1.7578,76.5701,4.9023,264.9085
-2.8073,2.2122,94.939,-0.5817,318.8006
0.5343,0.1211,32.6159,1.7162,78.2806
-2.9227,-2.5098,61.8867,-2.2101,158.0139
2.1141,-0.3577,32.4583,2.3307,81.4879
-2.3645,-1.2517,0.2141,-0.1469,0.759
4.5535,-0.3033,23.2833,3.0715,61.8941
2.8544,0.9061,31.5626,0.877,84.7275
3.4332,-1.751,62.5147,2.5398,202.6007
3.6628,-0.4867,27.5619,1.6083,74.8078
4.4481,-0.4712,80.3567,4.5784,276.5725
1.8328,-1.7138,62.2203,1.5501,193.2158
2.8301,-1.2029,54.9231,1.035,173.568
3.412,1.1515,33.9861,2.8765,81.3862
2.5196,0.3477,14.5843,-0.022,32.3924
-1.6346,-1.824,76.0341,-0.6587,227.275
-3.4926,-1.0301,79.5219,-2.0742,247.0787
1.7591,-2.6404,40.8142,1.6675,119.2798
4.4815,0.9038,38.0259,3.8544,106.8101
-4.1644,-0.2303,71.177,-4.6806,224.8964
1.43,2.1254,85.2619,1.8506,277.9916
4.1267,2.0334,42.7551,3.8683,109.0924
-4.0302,1.5071,55.6588,-2.9757,168.1134
2.7227,0.6845,95.3367,1.2037,343.0902
2.5609,-0.0993,36.171,2.9962,98.0665
-4.3039,-1.5414,94.8466,-3.565,332.7544
-4.5442,2.9532,43.7119,-1.7275,140.55
1.3779,2.7497,57.73,1.8399,150.6214
-3.5063,-1.7891,4.201,-0.7362,14.3656
3.1447,0.4432,22.2779,2.8883,55.2586
-1.5686,0.466,67.6628,-0.3593,194.4749
-1.2028,-2.3344,40.7615,-1.4814,90.5258
-2.0568,2.7847,99.4587,-2.6795,338.7359
0.4489,-0.2042,49.9307,0.0055,128.6915
-1.0617,-0.7357,8.6565,-0.6293,20.2739
3.5971,-1.7774,65.2281,1.1048,221.9834
-1.7679,0.9625,30.6007,-0.5195,68.5559
1.8179,-2.6071,73.0277,1.515,239.5664
4.0726,-0.9578,36.6181,4.2933,98.0252
0.5275,0.686,28.81,0.3628,68.6317
-2.7422,-0.4461,25.1529,-2.6274,57.6027
-1.5427,0.8771,1.1033,-0.6605,5.3623
4.296,1.81,83.5747,2.9333,272.3277
-3.7272,-2.4772,7.463,-1.9272,23.5376
2.9202,-2.6188,21.4096,4.7518,64.3842
1.0524,-0.5436,82.7435,1.7,275.9984
-1.9824,-2.2288,84.7104,-0.7691,263.4028
-3.3682,2.8121,32.706,-4.5644,83.9792
3.0745,-0.0422,22.548,3.4182,58.8155
3.3553,-2.1548,88.6261,3.017,321.2549
-3.926,0.0836,1.3008,-4.5118,30.3997
0.5398,-2.3812,88.6703,1.1649,305.8589
-1.3339,0.6995,99.0025,-0.5135,335.4485
-1.3061,1.739,53.6875,0.5136,135.4282
2.044,-0.7888,25.8861,0.4362,73.5977
0.8989,-0.9141,64.8947,1.4128,196.3429
-3.7508,0.0414,9.6651,-4.0505,37.8878
3.6717,2.3603,71.5134,2.583,211.3328
-4.3838,-1.7666,32.241,-3.3899,94.137
-1.5197,-0.7385,47.219,-1.2064,113.7078
-2.9854,-0.056,13.9699,-3.3602,38.955
-2.4574,-0.716,10.022,-1.9266,20.4185
-3.2221,-0.5553,33.7356,-1.8634,77.0245
-0.047,-0.6253,78.8457,-0.9755,246.9448
1.3236,2.0416,72.315,0.7884,221.0529
1.905,-1.8187,58.2879,1.5313,179.3564
1.5607,2.3035,83.477,1.6658,268.8007
-2.2249,1.395,40.6857,-1.0574,90.53
3.4006,-0.7745,14.5262,0.2752,39.8165
-4.0986,1.8209,7.7129,-2.2132,39.3598
1.9293,2.6828,99.8386,2.2722,356.6401
3.8966,-2.5214,53.5364,1.896,177.5745
4.0333,-1.3698,91.9226,2.8846,344.4853
-0.9869,1.1425,48.9547,-0.45,119.4685
1.541,-1.4603,19.5456,0.0876,50.9092
2.0374,2.0572,1.4365,1.7554,-0.6348
0.6381,-2.9966,47.9046,0.0215,127.8421
-4.0361,-0.7937,30.4922,-1.6659,88.7691
-3.3529,1.7987,87.3666,-4.4018,286.9497
-4.0844,-0.6484,86.433,-5.0662,289.1195
3.6411,1.8112,1.9879,4.0449,7.0093
-2.4239,-1.5544,75.7996,-0.8358,219.1482
0.8135,1.1188,36.1427,1.8351,86.3511
2.5554,2.2743,96.6319,1.1008,339.6511
3.7389,0.7198,74.3041,3.5916,238.2008
3.9616,1.3258,89.765,3.8365,318.347
4.2943,-2.846,6.3473,3.0295,34.1985
0.435,2.2658,39.7166,-0.3468,89.4669
0.9518,2.7646,91.1596,-0.1425,300.5131
-3.7733,1.6121,43.3678,-2.3967,121.6655
1.7481,-2.2445,70.6926,2.6897,232.627
3.5548,-0.3052,56.6847,2.6436,174.8005
-0.4554,0.7018,58.4195,-0.249,159.6782
-2.0464,-2.0669,37.4646,0.3464,80.2684
2.8284,1.7202,56.4299,0.753,156.3355
3.2979,0.6149,46.6292,1.8385,133.6533
-2.183,2.3909,86.7077,-0.1606,270.0762
-2.5044,-2.6702,49.9261,-1.7149,115.0615
3.9026,-2.3695,35.4626,0.958,105.7059
0.6883,-1.5407,4.8345,-0.4131,19.5362
3.9882,0.9656,93.3539,2.1996,337.8147
-0.3177,-1.0371,40.636,0.2819,97.5828
0.731,1.789,55.9995,-0.3142,150.8244
4.3783,-2.4247,85.736,2.7926,318.5363
3.6028,0.4143,13.1237,2.7344,40.8451
-2.4211,2.6697,5.8768,-0.7362,12.7324
1.8082,2.7862,77.8219,2.149,243.0983
1.4155,-2.0823,8.0516,1.0045,30.9468
-0.7211,0.3019,46.5539,-2.0248,116.7084
0.1858,-0.8431,90.1539,0.5468,305.3417
1.7905,0.9331,61.024,0.3714,176.1134
-3.6998,-1.8285,21.6068,-2.8316,47.1426
-3.0995,2.5253,95.387,-3.7187,326.7858
2.8476,1.0122,24.5979,1.6096,58.2977
2.9446,-2.6534,,1.8281,68.4721
1.4595,-2.6805,57.814,1.6762,174.503
4.0289,-0.9128,19.2644,3.6173,61.0922
-2.2926,2.4571,43.4127,-2.6712,106.1547
2.4962,2.8786,44.3173,2.0225,106.1017
0.315,2.6234,93.9734,-0.6419,317.4733
-0.345,-1.6649,57.3584,0.4948,153.0269
3.6557,0.1056,26.5251,2.3168,72.2907
-1.0675,-1.1802,85.5068,-0.8937,273.7053
3.6382,0.071,97.878,1.9118,371.9134
-3.665,1.1576,5.2314,-3.1014,29.4108
0.0939,-1.5789,8.1986,1.6614,21.2617
0.643,1.316,30.1103,1.2218,64.181
2.9523,1.9815,34.6952,2.5015,79.7855
3.8451,0.3173,,5.4677,34.3896
4.2963,0.4439,66.2036,5.1727,210.1154
-0.1939,0.8923,30.794,0.1373,67.0799
0.3272,0.4743,14.3842,-0.1619,29.5442
4.9731,0.6658,43.6129,4.7285,114.6182
-3.0303,2.8501,83.1085,-1.2647,266.1139
-0.9834,-2.0371,65.9341,0.7076,185.7003
0.9383,-0.7225,,-0.0602,37.6597
-3.4626,-2.2572,59.5733,-4.4442,162.9232
-0.2558,0.1113,71.9184,-1.3273,214.0852
-0.3004,-2.8387,63.703,-0.153,184.7595
2.1053,2.8932,25.9476,0.4624,46.0692
3.9694,-1.2573,88.53,4.5086,324.091
4.4137,0.5911,82.0585,3.3081,275.535
4.9707,-0.9331,37.3469,3.9073,100.4063
-0.807,-2.0034,0.4506,-0.8117,1.6832
1.2436,0.091,11.05,1.0057,29.2477
3.8461,1.0948,25.4361,4.12,54.801
-1.408,-0.3137,44.5268,-0.8633,105.826
-4.4102,-1.0791,95.8129,-2.1703,328.3214
-4.0678,1.2367,15.2666,-3.3957,53.997
4.1844,-1.7539,79.1841,5.7057,284.3545
-0.2547,0.804,63.3739,-0.9959,176.3327
-0.7502,-0.9611,82.8233,0.4094,261.7571
2.5608,-0.3903,42.1468,0.5279,119.2159
4.7863,0.7735,43.343,5.8909,110.2438
-3.5628,1.637,21.562,-3.6192,58.9471
-4.3667,-2.0756,83.4943,-5.6226,267.1205
0.2975,2.4547,84.522,-1.6931,268.9689
0.2831,0.5985,2.9992,0.3041,5.7229
1.6166,1.3682,39.0004,2.0014,101.5897
-0.9148,0.7387,11.5089,-0.0825,21.8741
-2.3652,1.912,33.2892,-0.8265,76.4624
1.7718,2.9838,31.3323,1.4636,58.8872
-1.3819,-2.6095,38.7292,-1.5735,79.1027
3.285,-1.8181,74.1371,1.38,258.4082
1.5717,-0.2622,51.3713,2.1477,144.5534
-2.5975,1.3524,27.3222,-0.7616,61.3908
-1.1459,1.913,55.7967,-2.9042,144.3733
0.8815,2.7768,80.9407,0.6634,250.0847
-4.0017,0.2089,76.1536,-1.9472,246.0024
2.1107,1.0501,6.0734,0.702,13.1446
-0.9206,2.0686,89.1645,-0.4987,284.1954
3.8806,2.4169,89.0578,2.1094,304.0118
0.0835,2.1975,21.2988,-2.8094,41.484
-3.8864,-0.0875,81.6563,-3.9598,260.6691
2.8395,-0.5693,50.3404,3.3262,147.0437
-4.6488,0.3062,12.1107,-2.6424,55.5147
-1.448,1.7265,73.2689,-1.7439,211.982
-0.6333,-0.1191,45.3781,0.3462,109.3232
4.2322,1.8554,53.5496,3.8752,268.3424
2.1464,2.9258,17.3275,2.4067,29.0248
-2.7912,-1.2049,79.3628,-2.4281,245.717
-3.9989,-1.9439,9.1164,-3.562,29.364
3.7141,2.7433,74.2645,3.6192,226.8768
3.5985,2.37,53.2964,1.9616,140.5616
4.2428,-2.1641,82.2348,2.6967,298.4034
-2.9751,-0.849,0.0051,-1.4559,5.8395
4.9613,2.7005,54.9122,3.998,128.5662
-1.483,2.6728,75.2,-1.2813,222.9251
-2.8772,-1.8112,66.7675,-3.3416,179.2687
4.5003,2.6283,68.582,3.7735,192.7348
-1.6099,-0.4838,33.2201,-0.9265,78.2859
-1.3748,-1.1897,64.634,-1.812,178.4607
3.1593,-0.5709,59.486,4.2656,181.8054
2.6532,0.9349,40.542,3.5558,102.9712
0.4564,-1.7838,0.5738,1.4331,6.2096
-2.0995,1.1749,13.6419,-1.1096,30.0601
3.2792,-2.0597,86.0131,2.981,311.7523
-0.8643,0.5795,82.9015,-0.5199,258.03
-0.551,0.1644,72.0844,-0.6123,210.3309
3.5918,-0.2539,16.9351,3.3598,47.7792
2.9682,-1.9364,22.2911,2.219,69.7156
-4.2226,-1.5658,62.84,-3.0488,183.4501
-1.4779,-1.8901,39.7944,-2.4261,94.5783
1.1096,1.1289,71.5589,1.9423,217.5618
2.5346,2.9274,92.6343,-0.9254,313.4549
4.5843,-1.1839,71.3753,4.1793,236.7742
0.2539,-1.5205,,-0.0112,131.7814
-2.0741,-2.1781,79.7601,-0.3774,236.0461
4.6428,1.3468,30.4831,2.66,68.3546
-0.6096,1.7385,30.8094,-0.3967,61.6579
2.9726,-1.5374,23.4961,0.9999,70.1868
-1.2113,1.3832,70.8358,-0.5025,204.0465
-0.5789,2.2204,35.7365,-1.1555,74.0205
-0.4946,-1.9636,50.3622,0.1145,129.284
-1.8542,0.3229,59.7256,-1.2222,158.8561
-0.2467,1.7529,41.8953,-1.7276,95.0688
3.0096,-2.1812,44.8557,2.6287,135.7084
-4.5797,-0.6125,47.9344,-3.4599,137.6443
0.0241,-2.235,96.0133,0.93,336.9237
4.8603,-1.7149,63.591,2.4818,207.2987
-4.8156,-2.9715,70.5419,-3.0467,218.3483
-1.2201,-2.5252,58.7803,-1.1148,155.3135
-1.4865,1.9697,1.5367,0.0339,-0.0354
2.3103,1.7311,0.5648,2.9538,-2.0771
1.2666,0.3066,76.0797,1.5397,241.7848
-0.1372,-0.4527,75.5993,0.2987,234.962
-4.1551,-2.0945,72.6218,-4.4645,212.8462
-1.1011,2.9082,46.1491,-0.8106,103.7852
-2.1341,1.3183,44.8008,0.0033,103.9103
0.82,-2.236,95.2523,0.3261,341.2095
-2.5216,-0.8579,2.4664,-2.5629,9.5744
3.1187,-1.0331,64.6842,2.5246,204.4769
4.1635,-1.6146,46.2918,1.4371,142.8587
-3.5326,0.2977,43.0175,-4.1334,110.7159
-4.1503,-1.9138,1.951,-2.8886,25.9169
2.1025,1.3412,26.6975,2.2742,65.3202
-3.5955,0.9267,95.1767,-2.6084,329.0221
0.3751,-2.5264,21.6941,1.0531,50.6535
4.782,0.7955,48.6113,2.9005,127.2367
3.676,1.8794,97.6792,2.7618,352.0491
2.4874,-2.6565,45.5041,1.6297,141.0814
-1.0708,-1.3748,97.8419,-0.7564,334.8694
2.7734,1.851,72.2167,0.923,221.3284
-3.7606,-0.2873,92.4973,-4.8648,310.226
-2.3965,-2.899,91.148,-2.909,294.6899
0.4895,-0.8074,34.683,-0.2685,81.509
2.6786,-2.937,2.3363,1.1234,29.1568
0.9586,-1.725,6.9265,1.228,24.6331
-2.1017,2.256,39.1707,-0.1377,90.5579
1.3903,1.478,15.724,-0.8171,30.2584
-3.303,1.6549,81.6875,-2.9615,261.2123
3.4979,-2.3712,75.1879,3.1866,269.5763
-4.6048,-0.5096,88.3704,-3.6551,305.4825
-2.8335,1.8521,24.4807,-2.7509,60.0843
-0.5261,2.2418,84.2794,-0.6487,264.7494
1.8559,-1.9776,13.0734,1.7841,49.3305
0.8712,1.5457,97.9325,1.0855,352.0661
-2.7234,-0.7929,92.697,-1.9626,307.7542
-3.4424,2.3894,91.5079,-2.1177,309.4449
-1.5415,0.2062,53.5476,-1.6821,138.7463
-3.579,-2.7964,31.8865,-3.0654,67.7396
3.8208,-2.1762,92.7417,5.3213,362.3055
1.8259,1.1165,2.2104,2.2324,16.4988
2.5804,0.2826,85.4445,2.001,299.147
-4.1352,-0.8916,1.9583,-3.3218,29.9414
-4.446,-0.2321,86.9335,-2.0401,296.4152
-2.0908,2.8859,51.8599,-0.7141,127.3013
2.8756,-0.5363,82.81,0.5343,287.4884
2.8262,-1.2956,80.0129,2.6947,272.8371
1.7953,-0.7569,65.2872,1.7906,205.6198
0.458,-1.0897,96.6826,0.8057,344.6093
3.7399,0.1509,1.9997,2.4697,11.8256
0.9077,0.3772,8.8229,2.8349,14.1973
-4.9312,0.6551,41.4198,-4.0571,135.175
-4.0815,0.2396,83.6425,-3.0563,281.4362
-1.4472,1.3677,72.2875,-1.7566,212.0313
2.1643,-2.569,69.0935,1.94,228.4518
-1.497,0.2946,41.365,-1.5885,96.9728
-1.3389,2.7411,10.8336,-0.6896,20.934
3.5623,-1.0065,26.2327,2.4103,76.8127
-2.4775,-0.6354,48.2634,-2.1408,117.8273
-1.7891,1.5411,94.7972,-1.6444,310.2432
4.4552,-0.6326,31.7569,5.7823,91.2897
-1.698,1.1588,56.0961,-3.0331,143.241
-0.0203,-0.7594,55.8957,-0.6047,153.8977
-0.6879,-2.6308,58.4766,-0.504,154.3788
3.7529,-2.0526,42.9958,3.9811,128.3106
-2.9809,-1.5764,23.6067,-2.603,58.1338
-2.7213,0.213,91.9029,-3.5248,293.716
-0.0308,2.3502,65.5643,-1.3905,181.2158
1.2358,2.391,29.6158,0.804,61.3014
-0.8226,2.7881,83.7609,1.1173,264.3596
1.534,0.4069,98.1726,3.0702,355.9378
2.565,-0.6413,65.6952,1.1316,201.2585
3.701,-1.3914,78.6182,4.1668,274.0546
2.3114,2.2772,2.6974,1.0478,3.3229
-1.6591,-0.1173,74.1307,-2.5091,217.9571
0.4185,0.2443,31.3058,-0.2139,75.2558
3.5596,2.3089,89.5468,3.3589,308.9168
4.0265,1.7761,76.4076,4.7498,243.0308
3.7511,0.9921,66.1018,3.3665,205.3108
1.6485,-1.6485,43.8859,1.9762,124.9025
4.8223,-0.995,84.7717,4.5486,308.0396
-4.3117,0.9886,29.2643,-2.9526,87.7797
-2.1823,-1.6354,92.7635,-0.4096,307.3441
3.2904,-1.2751,48.7722,3.1777,148.4571
-0.9585,1.9584,80.4678,1.0425,250.4279
0.9989,2.0815,34.834,0.4113,79.4409
-3.424,2.0168,54.6442,-2.9745,151.6994
-0.1073,0.2729,87.2313,-0.3177,285.8854
-3.6545,-0.0025,45.4249,-3.3241,122.8569
-0.8139,-0.8459,89.6881,0.4172,299.4288
-3.2354,-2.3945,0.3924,-1.9499,9.5059
-2.3413,2.0684,41.6716,-0.9101,98.5257
4.2831,-2.0549,99.8924,3.1135,398.3553
2.3983,-1.0152,88.8081,2.7715,319.9548
-1.0796,2.8617,35.1657,-1.0039,70.4859
0.7966,0.5558,64.9753,1.1574,190.886
3.6815,-1.9372,49.4734,3.9798,156.6675
-2.0124,0.186,21.77,-3.0001,40.7527
1.4921,0.3422,7.4113,2.5072,16.6726
1.8806,2.9242,40.6109,2.3318,101.2224
1.7945,2.0085,64.1893,2.4363,184.8174
2.7442,1.2327,17.1573,0.6568,42.7663
2.9843,-2.2571,39.0805,1.7746,119.1582
-0.3099,-2.8827,14.8823,0.0341,35.339
-0.2602,-0.9592,48.6195,0.6712,126.1014
-2.8329,2.5749,72.2713,-3.3229,208.1715
-3.4239,-1.2942,18.1948,-2.9674,46.3316
-1.1463,0.6086,38.9859,-0.7692,90.358
-3.584,-1.447,43.1389,-2.035,105.7606
3.3772,-2.0541,88.9313,1.9294,330.4049
-4.4804,2.5712,71.6427,-3.9988,234.4551
2.2014,-2.1409,65.1278,2.3861,207.9524
3.5053,-1.7902,75.3107,4.4661,257.5208
-4.6378,0.8901,29.8303,-4.0359,98.8493
-0.6239,1.4391,30.9775,-1.2542,65.6795
1.1502,0.7986,51.0426,2.7066,135.242
-1.968,-2.7994,35.888,-1.6824,76.8107
3.7502,0.8831,76.351,2.4708,254.6785
-0.8743,2.7811,69.7684,0.1171,194.7812
-3.4373,-1.8892,67.6032,-1.5671,191.7481
-3.8788,1.756,88.4475,-2.1514,300.7581
3.7941,-0.7117,10.2057,2.6302,33.0661
4.0795,-0.8264,28.3635,3.5576,72.7706
-4.0536,1.1223,43.4971,-3.3204,122.2615
1.7674,-1.6857,1.0755,-0.8872,17.555
-1.2608,-1.8295,50.3056,-1.1346,121.8613
-1.4659,2.6524,54.3851,-1.5963,139.4017
1.6568,-2.892,68.333,1.6891,222.5892
3.8509,1.2143,83.2682,2.2378,280.0464
0.8953,2.2579,91.7889,1.0969,307.227
-1.8364,-0.6993,,0.238,36.2763
-3.2465,-2.5962,59.6028,-2.6352,155.3084
4.9971,-2.6376,78.6319,5.5993,282.5582
-4.1552,-2.9467,49.348,-4.5729,125.4111
-4.3505,2.7505,39.0782,-2.8739,114.4844
-1.0383,-1.4552,4.947,-1.4063,8.028
-4.3284,-2.0229,32.5719,-1.2557,77.0233
1.9354,-0.0996,55.6213,0.5466,168.4663
-2.1546,-0.2936,30.118,-2.4851,65.9914
-1.7602,2.5902,75.4406,-1.2433,222.3112
0.4861,0.3029,8.8871,0.5323,18.2564
3.3738,1.7342,36.4421,1.7397,90.0535
-3.7257,1.6322,53.4969,-4.9148,145.3711
1.2682,-2.6438,75.0573,1.8904,245.1314
-4.3786,1.683,86.7888,-2.1425,304.0735
-4.8028,-2.0248,86.4208,-4.5495,285.7427
-2.2615,2.8589,97.5113,-0.2863,328.6172
-1.7778,-0.2291,86.6911,-2.0096,281.4914
2.0526,0.6648,17.3647,2.838,40.5094
0.8827,-0.62,70.755,1.5672,222.4147
-2.9769,-2.3357,62.6547,-5.0788,164.2828
0.0066,-2.3069,96.4041,1.8448,338.9796
2.5612,-1.967,70.7793,1.0842,235.1082
0.3325,-1.439,43.9198,-0.5716,113.5307
1.2015,-0.6485,13.4841,-0.0127,34.3374
-4.4523,1.2569,46.8605,-3.8148,137.3126
-0.9526,-2.0643,20.036,0.0726,39.9365
0.5693,-0.5627,0.304,0.4957,11.7208
-3.2023,0.0842,82.5766,-2.2726,260.8111
-1.7955,0.0329,77.2973,-0.4134,236.6397
-0.4325,-1.2063,55.9275,0.5234,150.3017
-2.9865,2.5963,80.8009,-3.079,256.8472
-4.5535,-2.0404,93.6626,-2.4717,319.7029
0.1938,-0.0635,93.934,0.6368,327.9546
-2.5752,1.6644,57.4274,-1.1751,153.2509
1.3245,2.0738,53.0332,0.7931,142.7943
-1.2327,1.6206,2.384,0.2609,-1.5126
3.8516,-1.6516,45.019,2.4472,137.8315
-3.4651,1.6613,93.5171,-1.205,320.4354
1.6749,-1.8156,46.8235,2.4932,135.0357
-3.0927,-0.0723,21.2325,-4.0255,54.4501
-2.9127,-1.5027,43.9025,-3.2827,107.1934
-4.1874,-0.9019,33.251,-3.0888,86.8949
-4.1229,-2.2257,62.1714,-2.0016,172.377
-1.5523,0.0457,53.0244,-1.909,131.6972
-4.2755,-0.6087,20.4556,-4.1224,65.5333
-1.8167,1.0606,93.0689,-1.5383,309.8763
2.9065,-2.1907,62.1158,3.3779,200.5831
1.4851,0.8167,55.9174,-0.0459,160.7539
-3.6602,-0.8621,71.7447,-2.898,213.6925
1.9185,-1.596,12.488,1.1215,41.5341
0.2746,2.8374,6.4396,-1.1406,6.2301
-0.3067,2.181,,-0.8865,137.7254
-0.111,1.048,14.5296,0.4867,29.2244
-1.4671,0.6016,11.7961,-1.232,24.0203
-4.57,-2.0299,22.7454,-5.4296,69.6494
3.0994,-2.3611,78.5828,1.4826,273.1246
-3.3679,0.705,31.4216,-3.413,74.0069
-2.6452,-1.4688,27.5847,-1.4291,55.3449
0.7902,2.6141,36.1514,1.0534,73.893
0.1076,0.8603,60.9607,1.1146,168.1121
-3.5772,0.4456,91.9976,-1.6625,311.4246
-2.2139,2.8453,43.5499,-2.4716,103.7307
0.0732,1.9398,3.809,0.9442,3.769
-3.3782,0.6552,27.2946,-3.4634,64.6981
0.2023,1.337,92.9792,0.8704,316.7347
0.2214,0.1605,64.1363,0.2208,183.5697
-2.4116,-2.2463,64.5713,-1.0899,176.3101
4.4061,1.216,56.7849,3.9972,160.3879
0.8099,-2.3477,31.3528,-1.9413,81.3025
-1.7289,-2.2617,34.731,-1.2154,72.2153
-2.805,-1.9092,94.4691,-2.5685,314.8332
1.8182,1.7195,84.683,0.8554,280.7392
4.0519,0.9027,49.7056,5.1996,139.0471
0.6993,-1.0515,16.0431,1.1789,39.3845
-4.5143,-0.518,38.1515,-4.7051,106.8163
-1.6762,2.7601,56.8819,-1.6343,147.2734
3.864,-0.737,7.9037,2.9177,28.4314
2.5307,0.5296,89.806,2.6414,321.2656
-2.4962,1.6152,84.257,-2.2019,265.327
-4.4828,2.2917,10.5853,-4.0671,51.3035
3.116,1.2994,10.0511,1.9544,27.9342
-0.0652,-2.3683,7.5935,-0.6617,16.8174
3.5897,-1.4399,7.482,3.4888,32.1663
-3.214,-2.1541,1.3918,-1.7842,16.5914
3.8162,-0.7237,92.2594,4.3114,345.2297
1.2008,1.9509,82.8506,0.0358,264.4266
0.7216,-2.6027,19.8941,0.5445,51.9626
4.3594,0.179,24.3199,4.9171,52.2729
3.1175,2.0924,9.302,3.3775,14.2138
2.7462,-2.0072,3.4373,2.2543,28.0747
-3.602,1.8491,38.8632,-4.4582,101.672
-1.2694,2.8083,90.8066,-0.306,295.0283
2.3443,1.8318,53.9714,1.8432,144.4816
-2.0087,1.1289,42.5759,-0.2153,102.0701
-0.7257,-0.0984,33.7948,0.2233,77.0525
-4.956,-0.4629,98.2609,-2.0953,361.1083
-3.2386,-0.1076,23.5985,-1.8954,57.0782
-4.3478,2.5788,46.1697,-2.8572,138.6136
-3.9263,1.556,20.8071,-4.9528,55.5234
-3.7607,2.8959,19.4064,-2.4755,57.2142
1.4487,-1.7598,99.6206,1.5642,375.4679
4.8694,-2.788,20.4104,4.053,67.1048
1.8139,0.9149,8.9673,1.7006,23.1899
-4.5704,0.5238,50.0757,-1.7835,154.9317
1.9453,-0.3733,75.0315,2.0837,244.8119
1.3129,-1.4117,,0.1411,38.9907
3.0403,-1.8001,20.2566,2.316,57.9374
4.9481,-1.3525,64.707,4.013,206.5
2.4727,1.1898,51.0266,0.7166,142.1506
-4.3247,0.7485,19.0203,-5.047,66.4306
1.3223,0.4654,91.133,3.5592,315.2266
1.3873,-2.3861,16.5197,2.8115,49.0296
0.2263,-0.0007,42.8371,-0.9671,105.968
2.3163,1.0534,4.9241,2.6184,19.4699
-4.7178,0.0036,88.1569,-3.2838,299.6605
-4.7677,-0.4379,5.8703,-3.3292,53.7889
-4.4562,2.7715,74.8044,-3.7656,237.068
3.159,0.1149,77.7526,3.5089,258.1379
1.6221,0.275,87.2753,-0.0292,298.6232
-2.0641,0.7551,42.9885,-0.8333,98.4014
-1.8611,1.3899,51.2867,-1.3421,125.5216
-2.5131,-1.2483,51.0697,-1.1158,125.5589
-0.6663,-2.5228,40.5259,0.0557,93.6759
1.2186,-1.3732,60.5934,1.1269,178.8058
2.496,-2.1771,2.7934,3.0412,29.1279
0.0077,-1.0972,62.0131,-0.5829,176.965
2.8309,1.9134,38.2142,4.8135,90.2269
-4.6612,-2.8903,10.308,-4.734,37.5925
1.2546,1.4219,51.2322,-0.0625,139.2665
4.7658,1.7403,8.5052,3.1871,-0.5621
1.5959,-2.0007,4.0749,3.4898,26.4091
1.9593,1.7232,66.5322,2.0065,202.5349
-3.7724,-1.831,8.5634,-3.3044,24.0417
4.9486,-2.2429,47.0824,2.7268,145.0215
2.5132,2.8541,81.9041,1.9239,264.0911
-0.5995,2.3221,9.6202,-0.3233,14.3698
-2.4328,0.237,46.0989,-2.9327,195.2288
1.1383,2.6464,15.6969,1.4617,27.2529
-0.2711,2.6004,87.4981,-0.9811,278.3886
4.8111,-0.8806,26.7418,3.5556,70.3701
4.6053,-1.3135,80.1157,3.6032,276.0589
3.5365,0.6493,78.7556,3.0587,255.7395
1.2979,1.7328,10.2347,0.4903,24.9598
-4.4667,-1.3238,67.1436,-3.471,209.8109
-2.4258,-0.1372,89.0695,-0.6933,289.3927
2.9368,0.8509,52.0046,2.5768,147.6739
2.5233,0.8969,47.01,2.212,125.6702
-0.1944,-1.0072,79.8084,-1.7723,253.4923
-3.323,-2.9385,38.1565,-3.3142,93.573
-4.6872,1.6126,11.2805,-2.474,57.0968
3.0275,0.0541,45.6033,2.476,127.1079
-2.3743,1.6402,19.5889,-1.4889,42.079
2.3139,-1.1617,2.8274,1.2702,-66.87
1.2568,1.2514,71.7977,1.3898,219.5826
1.7493,0.553,30.4272,1.11,73.4928
-4.7671,-2.7891,94.1326,-4.0489,330.6318
-2.1395,-2.9179,48.8759,-1.6456,115.9567
-4.8898,2.9086,67.4588,-4.7471,216.8462
-2.4144,-0.3123,93.632,-0.6364,312.2658
-4.5997,-0.9077,72.0548,-1.9509,234.6944
0.6694,-2.026,12.7542,0.8884,30.6576
-2.765,1.9865,,-1.876,72.704
-4.6005,2.7755,1.2109,-3.8627,46.6569
-3.6023,1.2565,35.0895,-4.2142,94.0081
3.4215,-2.4291,73.7065,3.0683,258.566
3.5337,-0.689,5.2264,2.7779,27.72
-4.6394,2.8441,58.4389,-3.532,189.497
1.7352,-2.9059,43.421,0.2809,124.8481
1.7123,-1.766,21.335,2.2598,57.2365
-1.6154,1.1959,67.9283,0.3085,183.5854
3.3589,-0.1711,78.0915,2.8178,269.5232
-4.7039,-1.1317,42.7137,-4.1033,122.9787
2.6007,1.8853,35.5902,3.7089,87.2518
2.5537,2.5979,26.864,3.5324,54.5576
-3.4479,2.4653,64.2305,-2.4175,182.4553
-0.9712,1.8671,12.4874,-0.1818,23.8512
-4.0721,2.6379,7.7065,-1.3275,49.8247
-2.2189,2.5577,27.02,-0.7149,58.5785
1.1023,-1.6977,14.5734,1.4373,40.232
-2.5925,-0.6987,97.7683,-3.563,337.0126
-3.1064,0.2525,7.5076,-1.8755,22.1642
-3.2871,2.5156,50.3295,-4.4103,138.5185
4.0451,-2.656,61.2285,3.4984,209.3488
3.6266,-2.0187,,3.2442,390.5902
-0.7831,-0.8105,27.8854,-0.4262,60.3435
-2.836,0.5821,73.6717,-1.4637,223.0578
-0.0633,-0.8532,78.17,0.0923,245.6041
4.6117,2.3615,75.3835,4.4882,224.3347
4.1533,2.1638,86.947,1.787,294.1012
0.1513,-0.811,69.0495,-0.3134,207.386
-2.5474,1.6434,47.5173,-1.2373,117.3039
-1.049,-0.7883,31.5532,1.0199,65.8341
0.4963,-1.4623,92.5431,0.5419,322.224
3.534,-2.9229,36.5323,0.9139,110.9559
-3.6317,-2.8187,74.36,-1.754,213.4205
-0.1949,-2.4209,71.359,-1.535,216.7637
2.9308,1.7427,81.7456,2.8415,271.9447
4.2378,1.7814,80.265,2.793,257.0599
-4.5263,2.4592,42.7949,-4.1961,130.8753
2.7394,-2.7349,97.4474,1.4854,373.2562
1.4317,-2.5103,39.7028,3.1023,111.9393
4.3604,-0.4313,55.4944,3.7653,164.4124
4.3011,-2.0604,59.8381,4.6876,185.7311
1.6087,2.2926,61.4667,-0.5892,165.7896
3.6661,1.94,83.347,4.3581,281.9833
4.0068,0.1841,79.4998,1.7408,273.8432
-1.8417,-2.1205,69.5039,-2.0523,196.7297
3.1504,-2.1876,68.5268,0.819,232.044
-0.8023,0.1729,96.8321,-0.2121,335.746
-2.5205,-2.9854,87.6839,-1.9144,277.8315
3.6407,0.6487,81.9425,4.1624,276.9229
-4.5982,2.9853,89.3297,-3.4903,315.3833
-1.0488,1.4164,76.6996,-1.0893,229.3279
3.5363,2.2959,75.0886,3.2561,232.2412
0.2213,-0.4344,36.9117,1.9577,90.1053
-4.3007,-0.9982,57.2237,-3.5886,168.5221
-0.8073,2.9003,50.1172,-1.129,119.7559
1.7602,1.3744,65.1702,1.3839,193.6095
-1.3331,0.9401,23.1835,-0.4829,45.6008
4.8966,-2.0384,,5.0596,96.3707
-3.9538,0.1707,61.3806,-2.4073,183.4945
-3.8984,-1.4069,60.978,-3.6893,177.1229
2.5852,-0.6798,38.1916,3.9152,106.3994
4.3861,-0.3557,46.2592,5.637,132.3751
-1.7797,0.5438,81.0198,-1.4497,240.3365
-3.446,0.9761,50.8863,-1.5015,138.5412
2.7948,-1.3268,20.2305,1.3973,68.9582
-2.2947,-2.6904,19.1154,-2.6429,30.4428
-4.4507,-1.1696,55.9071,-5.9477,167.2765
-1.7928,-2.1333,19.4271,-1.474,35.998
-2.1528,-2.5522,50.7251,-2.5598,118.9909
-3.9226,1.136,2.253,-2.3349,21.4687
-2.5365,-0.7264,83.9474,-1.4474,271.0973
2.7519,-1.7517,10.7758,2.5844,39.8691
1.4599,1.1574,92.9205,1.6839,326.4506
-0.9686,2.3982,34.9678,-1.5417,70.2382
3.2717,-1.1762,20.2622,2.9794,59.9637
-4.2174,0.9449,98.9613,-2.7286,355.1916
-4.5093,-0.3964,70.3778,-2.7162,221.594
-0.487,-0.398,3.3968,-1.3028,5.7261
-2.5473,2.7122,66.3861,-0.9308,183.7324
-3.4996,2.4029,99.9714,-2.093,343.9444
-3.8122,0.4336,34.7438,-2.9873,91.6956
2.6339,-2.4321,70.1993,4.0522,126.8071
0.5556,1.1203,74.2802,1.4647,227.1548
-0.6748,2.3794,29.8804,-1.1847,62.3287
-3.4376,1.3085,10.1963,-3.6102,28.1806
1.7414,-0.9331,23.8481,1.7733,66.2775
-0.2221,-0.7388,9.4463,-0.1921,20.2516
-0.4568,1.5539,37.6223,1.5071,82.3074
-1.9849,2.8348,49.5521,-3.0,120.0916
-1.0855,1.3671,74.8679,-0.4335,222.8475
4.948,-1.0726,35.7099,5.4406,101.3391
3.4207,2.7908,70.318,1.8003,205.1917
-2.583,2.837,70.1595,-5.1692,196.8563
-0.2498,-1.7117,85.194,-0.2557,276.3494
-1.853,1.5782,68.281,-2.9909,197.0484
-2.4056,0.1626,72.5001,-2.174,221.9167
1.9041,-2.6631,19.9282,1.6597,59.1215
4.5293,2.1717,99.103,2.8714,359.0569
0.3076,-1.1051,7.0705,-0.1567,20.4289
3.5363,2.8456,41.3167,2.9382,89.9983
-4.7674,1.0488,2.3906,-2.3221,47.3151
-4.2887,-2.1513,90.035,-3.2222,295.059
-1.4464,2.0651,80.7812,-1.9599,242.1522
4.6321,1.393,20.4097,4.6165,35.0757
3.996,0.4686,66.3617,4.7244,211.675
1.0177,0.9131,68.7496,0.5245,205.1148
-2.5222,0.5762,40.7002,-2.7924,100.1782
-3.8098,1.6916,60.6589,-4.0542,175.0823
1.1222,0.8873,43.5725,-0.0056,111.3106
-2.9708,0.5967,73.4939,-2.5135,214.7647
-2.0267,2.0983,61.8211,-1.021,162.0877
2.9782,-1.3179,18.4661,2.2671,52.9498
-3.25,0.7732,18.5391,-3.0439,44.7888
-4.8059,2.4373,60.615,-3.1534,191.2563
-1.9404,-1.433,73.4327,-0.1533,211.1394
1.8521,2.8884,77.6399,0.7628,235.458
-0.3424,-2.7789,2.2319,0.1827,10.322
4.1528,-1.1507,35.1463,2.9716,99.7027
1.9672,-2.8645,64.8497,0.3564,208.9183
3.5133,1.2858,51.5905,2.0456,144.2231
3.7451,1.6862,26.6947,3.2913,53.2633
0.57,2.9861,78.3722,-0.0043,236.9369
1.6743,-0.4117,53.5925,1.857,150.3794
-1.321,2.8384,35.352,-0.9934,72.113
2.5999,2.9377,72.0218,1.9326,211.4962
0.5376,-1.0519,90.1722,0.4178,313.6128
1.5257,2.2291,77.4123,0.4617,242.5117
1.077,-1.1927,70.9827,-0.0553,224.1269
4.247,1.0635,33.4767,3.0112,74.3482
-4.8591,1.3062,,-4.4929,163.3403
0.7925,-1.6613,66.7288,0.0645,202.0177
-4.2068,2.9089,30.5795,-4.0265,85.8708
0.0316,-2.0576,29.2408,0.0666,68.69
3.6072,-0.1831,30.129,3.5459,84.8969
4.8461,0.5148,92.9297,3.6361,333.7666
-1.7193,-2.4151,0.283,-3.2425,4.6718
4.0905,1.5284,80.068,2.5353,266.955
0.8268,2.1931,72.0586,-0.3424,213.8829
-2.1326,-0.2129,27.4057,-2.0193,64.4965
3.3513,-0.5806,87.1411,-0.0889,315.2718
1.5051,-0.2783,21.4945,0.524,53.2435
1.6227,-0.2642,24.9469,1.7597,67.844
0.0087,0.1028,98.1106,0.2302,344.315
-4.0212,2.2281,74.3815,-2.5587,240.4189
4.8659,2.247,12.8138,4.8123,1.7392
-2.109,-2.7221,68.3649,-1.7624,183.5684
-4.7282,1.8975,62.9867,-2.8174,203.3325
-3.7703,-2.2681,34.5334,-2.4144,81.4664
-1.9968,-1.9704,61.1869,-1.7219,162.3764
-1.8194,-1.3241,84.0558,-2.5775,260.4135
-1.7915,1.6634,27.158,0.3936,54.9792
-1.2364,-1.96,56.4654,1.0339,147.2527
-0.3349,-2.3877,18.8496,1.395,36.8938
3.2943,0.0461,62.535,1.186,190.1973
-1.0726,-1.6049,84.7706,-0.0578,269.4119
4.7326,1.6072,85.533,4.5888,291.6496
-1.4033,0.4555,99.5869,-3.63,339.8723
-4.6011,2.4378,18.9483,-2.948,72.7734
-0.67,-2.1756,41.4723,-1.8182,98.2427
-1.2639,2.8113,77.0789,-2.7465,230.1934
3.7253,1.0068,8.6618,3.6507,25.302
-3.7759,0.9648,26.4467,-3.1399,66.7624
-0.4523,2.9539,24.4662,-0.9954,40.7639
-4.8058,0.0357,81.6854,-3.3033,286.8409
0.2144,-2.2977,90.5582,-0.6867,308.3364
-0.6766,2.8501,53.249,-2.3606,123.9439
-4.562,-2.2992,47.6854,-3.0187,141.9282
3.7838,-0.1379,86.0566,1.7155,300.5009
-3.0741,-2.116,12.6881,-2.3883,24.1495
-0.7219,-2.84,48.0877,-0.6248,118.6968
0.0723,-2.7829,22.4354,0.831,53.8316
3.372,-2.5459,36.3324,2.8382,109.5905
4.1603,-1.6191,62.8973,3.0879,201.9255
-3.2804,0.9557,58.244,-1.4555,167.4879
-2.3267,-2.7917,39.3908,-1.9674,87.6964
-3.4383,1.3999,49.9271,-3.3829,132.6625
3.3612,0.1006,58.6823,3.8069,178.1701
-1.4288,1.2674,36.5658,-2.3422,81.7476
2.466,-2.083,27.7565,2.4532,79.3784
-0.8659,0.753,54.8568,-0.7357,144.6108
-1.3508,2.9969,15.2546,-1.5419,19.0796
-3.1969,-1.8731,72.0364,-3.5887,204.3103
-2.4188,-1.5595,99.4427,-2.3647,337.6425
-1.3615,0.2632,81.0142,-2.3057,252.425
-1.8555,2.6567,70.4255,-0.8824,196.1982
-1.7746,1.1548,96.1683,-1.442,326.6777
1.0164,2.7111,87.9515,-0.5416,288.1968
0.0406,0.2647,75.3786,-0.2893,231.7164
1.4629,-2.1862,21.4147,1.6859,57.4744
-0.1862,2.1823,61.4462,1.026,165.4833
1.8137,1.3384,10.9326,2.9867,25.8778
-3.9036,0.2687,19.4187,-3.3481,150.8782
0.4605,-1.4758,36.4483,0.7498,92.3285
-3.4183,0.7223,23.526,-3.0068,56.9382
0.2309,0.5048,33.1367,-1.742,75.2716
-2.9813,-0.0651,6.2077,-2.0704,25.4446
0.0683,0.1198,96.2909,-0.1798,339.3108
-3.1806,0.577,81.2177,-3.1856,253.2837
-1.2846,2.6862,71.6778,0.3441,204.4336
0.7686,0.3746,19.8375,-0.8754,48.6703
-3.8771,-1.2917,,-3.8536,49.9446
4.5342,-0.6715,73.9965,3.1363,249.7385
-1.8087,-1.0306,17.9936,-0.7397,31.9477
1.3592,-2.6895,82.3903,2.2353,277.221
-3.8582,-1.9443,13.9887,-2.3192,43.1768
-0.8141,-0.8793,78.2264,0.3125,241.5533
4.3211,-1.071,11.0486,5.0123,33.3311
3.2276,0.7566,6.0427,2.2307,21.9338
-2.8237,-0.2085,64.601,-2.3713,173.5571
3.688,2.8996,59.3638,3.0701,164.4855
-0.1329,-0.5789,48.4952,0.3848,126.4461
-1.5497,-2.3712,50.7045,-1.4505,125.101
-4.8701,2.9569,77.351,-4.5622,267.5978
-4.2883,-2.9999,43.7455,-6.179,109.0412
4.0028,-0.9439,21.5018,3.5691,59.4218
1.4374,1.795,42.316,0.5838,102.579
-1.7074,-2.2997,96.7203,-0.5341,324.4973
-1.9374,2.9281,78.2879,-1.7161,230.5188
3.7837,-1.0315,7.7344,3.4887,27.7449
-0.0072,0.8979,5.3511,0.4872,10.6366
4.4395,0.8974,42.0802,2.5197,112.0162
-1.1252,-0.6435,60.4474,-0.2191,164.5641
-4.6553,2.2052,81.7711,-1.3037,285.0781
3.0025,-2.6295,18.5282,2.0068,56.631
-1.4788,-1.7717,95.4875,-1.4669,319.2434
3.393,-2.5205,22.2462,3.4754,73.9219
2.6225,-0.6849,64.1338,1.9878,204.9795
0.2201,2.6848,35.0011,-0.6768,74.9324
4.9181,-0.9764,60.7693,5.0601,189.2314
4.6623,1.911,17.2219,4.0155,26.5859
3.4648,-0.0356,44.5888,2.1509,129.5611
1.9438,-1.4807,43.1053,-0.7437,127.3697
-2.9007,1.3272,21.2515,-2.4167,51.3018
1.5336,-0.3527,13.8772,2.4431,37.066
3.5164,-1.421,4.6628,4.144,22.9173
-2.1514,1.0997,62.2875,-1.4455,173.3282
2.2935,-0.5028,61.2275,1.0012,191.9115
1.092,1.2959,1.3984,-0.4523,6.0142
-3.396,0.7739,97.7209,-3.7804,336.1679
2.9571,-2.7222,94.3783,2.258,356.0983
-4.1329,-2.8163,96.263,-3.5206,323.0343
1.5947,-1.8403,88.5593,2.2491,310.6864
-0.4755,1.7017,31.7821,0.4549,65.1249
3.608,-0.4955,62.9069,2.9273,200.5688
-4.8606,-2.117,51.9737,-4.9789,148.3873
1.2952,1.6058,79.8836,-1.0879,259.4098
-0.0449,1.4721,76.5099,0.3837,233.7881
-1.1859,-2.0866,97.3371,-1.6621,331.7928
3.0783,1.9546,31.5058,2.0452,75.0411
4.1794,-2.9157,21.2512,2.1209,69.1157
-2.2193,-2.5605,32.6541,-1.7426,67.6187
3.2313,0.4243,82.7622,3.6214,282.7493
-1.6908,-2.6176,54.1823,-1.0042,131.7192
3.929,-0.8206,49.1962,2.2352,143.7492
4.1329,2.9889,61.7915,3.3413,175.1414
-4.9502,0.364,5.5588,-5.1402,46.676
2.2236,-0.0503,62.8476,2.1588,193.62
3.3284,1.1653,91.0094,3.8319,316.2538
-2.1875,1.5422,36.8752,-0.9826,83.3047
-0.5734,-0.9897,96.564,-1.3146,334.4829
-0.3902,-1.4111,9.3621,-0.8322,19.2836
0.6149,-1.8555,96.2147,2.492,345.3445
-3.4642,1.2609,48.3724,-4.0886,139.3921
-0.103,-1.36,77.8064,0.5886,242.8653
-3.3447,-0.6967,69.42,-2.4468,200.7436
-3.1586,-2.0572,95.943,-3.4941,317.682
-2.0545,2.2526,95.9555,-2.8725,319.6741
1.5786,2.2152,98.9543,0.6297,349.8589
-3.1354,0.8039,3.2435,-3.1244,20.3828
3.4265,2.6408,43.0035,2.7725,98.0767
0.544,1.9736,65.4943,-0.1351,188.7558
-3.1386,-0.1799,59.9547,-2.8296,170.8452
-4.5814,-1.1087,94.8271,-3.301,331.4129
-0.5747,1.1701,5.8583,0.0496,9.5368
-2.5324,-0.5216,21.9679,-3.1644,43.794
0.1931,2.9738,68.8516,0.3175,195.4332
-2.191,1.4523,54.4466,-2.5561,144.0544
2.1076,-2.8514,38.1729,1.8374,110.2658
-1.5764,-2.3838,,-1.6205,307.4761
-4.6978,-2.227,74.8893,-3.5877,236.6495
-3.6496,-2.7563,38.1784,-2.3239,87.999
-1.8782,2.0309,0.433,-1.422,5.0235
3.5187,-1.7838,22.7122,2.0089,63.6612
2.2368,-2.2871,5.41,2.1332,31.1932
3.7485,1.7557,77.9119,2.5242,249.91
-3.1239,0.8543,11.3059,-3.3668,32.657
1.6904,-2.8603,44.6001,0.3321,129.9993
-1.9905,-0.3321,72.136,-3.4936,203.8285
2.9227,-1.9833,28.0194,2.1406,85.1753
-2.9831,-0.2841,77.5876,-1.628,236.3871
4.1033,2.1404,2.5722,1.6834,-8.4562
4.8585,1.3942,68.2702,5.4867,209.8663
1.2775,2.4723,31.8957,-0.1086,67.593
-0.7412,-0.7282,41.7681,-1.6875,101.209
-3.5836,1.8921,97.889,-1.4628,350.359
-2.2966,1.0321,36.6996,-0.5623,85.643
1.6981,-0.4448,57.7893,1.1583,171.1185
3.7508,0.3232,18.3121,1.5118,48.6397
4.9044,-0.963,6.4479,4.4182,33.0094
-4.595,2.0097,94.7748,-4.8592,342.5587
1.3759,2.6659,94.0133,1.9545,320.4484
0.8899,0.2963,27.8749,-0.0312,64.2364
1.1971,-1.7921,88.0974,1.2284,311.9633
-4.876,-2.3269,95.3194,-4.157,339.4095
-2.2939,0.7116,44.1545,-1.6258,104.1758
4.8001,0.5229,30.6716,4.2529,69.1624
-0.8327,-0.9858,8.7747,-0.4136,18.1294
-4.2522,0.3902,82.2897,-5.1476,278.2204
4.9015,-0.9825,75.4791,3.7938,267.6194
-3.4639,-2.7333,93.8637,-1.5376,312.9044
-0.5179,1.1579,87.1259,-0.53,278.1504
3.2367,-0.661,77.4632,2.8857,264.2936
-1.3589,1.0864,34.2531,0.6264,74.0269
3.9473,-1.4451,87.4199,4.449,317.5503
-2.4669,-2.1747,97.3061,-1.264,322.2564
-0.709,0.4044,84.1883,0.3479,266.5927
-2.0496,2.8498,69.402,-2.058,191.7522
-4.8532,-1.7364,10.3661,-3.9278,52.6133
2.9243,1.666,45.7965,2.383,113.5244
4.093,-1.4517,39.0263,4.0085,114.7367
4.1643,1.211,98.3675,2.7194,369.0569
0.6547,-0.0541,33.2234,-1.0116,82.0106
-2.2198,-0.9055,74.7287,-2.5346,115.6244
-1.9975,0.8627,62.1277,-0.5111,168.2376
-2.7607,-1.3673,20.4906,-3.3831,45.6938
4.1343,1.9252,94.542,3.7841,335.7891
-3.7277,-1.2118,99.0935,-3.5368,340.7049
4.754,-2.6068,89.0869,3.3618,336.9655
4.0955,-0.3386,42.235,2.5141,120.9758
-2.3397,1.9187,79.7106,-0.6637,243.2988
3.3603,1.3397,76.7662,3.8479,249.35
-3.5102,0.1626,79.3302,-4.675,246.5702
1.1474,-2.1485,92.9842,1.6068,335.4584
1.2271,0.5412,16.282,0.5132,36.3941
-3.4933,-1.5583,37.6802,-1.4154,88.1573
-0.8816,-2.9845,21.5014,1.288,41.2809
-4.4461,2.1703,65.8541,-3.2967,220.9324
-3.7195,1.2592,61.9901,-3.2408,176.0627
2.6042,0.3245,50.1775,1.9878,145.9602
-2.7175,-2.5111,79.7931,-2.2837,240.1031
-4.387,-2.2331,28.3101,-3.501,78.0937
0.2098,-2.3531,16.254,-0.6274,38.2037
0.6508,-0.4275,25.4954,1.4267,62.3991
3.6546,-0.6838,48.9732,2.5716,146.063
0.5255,2.7268,29.0167,0.9549,55.3866
-1.8763,2.98,5.3277,-1.3175,8.139
2.8606,2.1249,90.7941,2.7302,312.6596
-0.9122,1.5442,86.0137,-0.4224,271.2721
-0.7909,2.8394,25.4534,-1.1719,50.363
1.4095,1.3817,42.7712,1.6692,115.7133
3.1056,0.6138,36.5801,3.2563,97.2794
-0.2583,0.6432,21.5563,-1.2847,43.5926
-4.6384,0.1669,29.75,-5.0023,87.1524
4.9238,-0.8449,88.8813,3.1126,324.7145
4.4437,1.886,56.8127,4.0163,155.8817
-1.7984,0.1203,58.5455,-1.4325,155.445
3.6569,1.6532,88.157,2.9777,300.1702
-4.8587,-0.3195,57.8084,-4.3163,194.0958
4.9765,1.1914,35.4643,4.7782,84.2192
1.5531,-0.5935,95.2491,-1.1055,345.4989
3.5278,0.1255,26.771,1.7915,68.2283
4.1338,2.8185,32.3283,3.2262,61.9164
2.8692,2.0944,8.9436,0.491,18.883
2.4145,-1.8411,63.5684,3.1092,209.4312
-4.5916,2.8676,10.6103,-3.4312,55.8569
3.1884,0.7031,31.4838,2.8694,83.2807
0.7802,0.3358,84.3029,0.5074,278.6481
2.0487,1.2752,84.0434,0.6396,287.0904
-1.0904,-2.0502,42.261,-1.4633,99.2534
-3.9886,-1.3722,81.8139,-1.897,261.6934
-3.1448,0.3729,66.2701,-0.7773,197.7991
4.1315,-0.4573,68.8329,4.4902,223.5094
4.0709,-2.2567,12.8384,4.1531,48.9669
0.9074,-2.261,75.1478,1.7638,246.1441
-1.6098,-1.6148,92.0962,-2.4212,302.0617
2.2341,1.4166,65.6042,0.1509,193.1995
-2.6019,2.3738,11.461,-1.174,27.228
-3.3413,-0.0618,70.069,-4.1321,116.8023
0.5358,2.2202,43.6053,0.247,101.8416
-0.8238,-1.4141,61.4707,-0.627,167.9408
-3.9271,1.9663,59.9423,-2.8586,168.2941
0.0515,-2.8847,78.7075,-0.026,246.8956
-4.6482,1.293,34.8186,-4.3089,103.6486
-4.0673,-2.4437,80.3159,-1.8692,242.0499
-0.2744,0.956,83.8297,1.5024,268.9554
3.5409,1.9185,72.181,2.8659,219.8692
0.7195,-1.4127,93.3438,0.8972,327.2356
-2.4298,-1.142,52.9414,-1.3597,132.408
-2.1653,-1.0838,35.2317,-1.3819,75.5806
-0.6201,2.0299,37.9521,0.1748,84.6723
-1.731,0.2925,34.2467,-0.61,74.6504
2.1818,0.4761,17.6415,1.8455,43.4492
3.6885,0.8286,48.1684,4.2149,133.4308
2.6028,1.2163,42.6139,2.3387,113.3311
0.2837,-1.1919,13.5913,1.2917,32.0602
-1.2073,-0.0858,12.6775,0.0416,18.2088
-3.3029,1.5799,39.9908,-1.6423,100.416
3.5104,-0.1079,85.9385,3.3046,313.3748
4.9765,0.7316,85.9716,4.972,295.7989
-3.3714,0.6132,69.7168,-0.9152,206.8613
3.0429,0.9548,75.9451,3.3588,247.7258
-2.64,1.0985,92.7316,-1.6807,313.1844
0.4699,2.868,93.6998,0.0032,316.6809
-1.3326,-0.8377,80.537,-1.2919,250.9241
-3.0911,1.7182,25.0965,-2.2912,59.129
0.8764,-2.3001,87.1279,0.6071,297.5701
4.7459,0.001,0.1317,4.135,2.7751
-0.6285,-0.2801,6.958,0.4968,10.1292
4.6155,2.721,61.7726,3.4347,164.4012
0.6755,1.2242,70.6944,-0.488,212.5801
-4.1856,0.002,98.7254,-3.04,358.8893
-4.0964,-2.9396,80.0748,-2.7116,244.8514
2.7677,-1.7826,0.2614,3.3746,24.8499
-3.0769,2.5258,49.0852,-3.3431,126.2662
4.3468,2.0772,48.3377,2.9727,121.2928
1.517,1.7494,11.2513,2.3731,24.6109
0.9361,1.5623,27.476,0.5603,67.0424
2.5214,0.3318,40.9692,3.7736,107.3365
-4.0642,-1.994,15.6719,-3.5446,44.1209
4.2196,-1.7123,31.964,2.9635,91.9139
-0.0676,-1.6842,,-0.3365,38.7712
-2.0604,0.9698,2.1839,-2.4438,6.2178
1.6192,-0.8536,99.0008,1.8547,365.6057
2.8775,2.9587,16.6613,2.6731,30.5989
-0.2277,1.882,42.9777,-1.5852,97.5008
0.7487,-1.0759,92.3601,-0.0856,326.7273
-2.0969,2.0973,2.7578,-3.6773,6.8465
0.9037,1.5993,27.5435,0.8566,60.5381
-4.842,0.7674,97.9615,-3.4106,364.3583
1.9671,-1.8452,48.6313,-0.2926,139.2192
-0.833,-1.8391,42.311,-1.7184,104.4452
0.2702,0.894,22.8899,1.5665,51.6202
3.0694,1.4923,90.6299,3.6013,319.9909
3.1811,-1.8723,72.9329,2.5476,250.1682
-1.1544,1.5814,97.9578,-0.9968,334.3199
1.7303,-0.8037,91.3337,1.6815,328.0833
-3.0486,-1.7,77.1254,-3.4661,227.5539
-4.3317,2.4983,16.3105,-1.293,63.9888
2.803,0.9514,77.552,3.9381,250.5054
-3.634,1.7957,16.0184,-2.1559,49.6877
1.8305,-1.957,51.1517,2.0347,153.7973
-3.6244,-0.7106,62.3949,-4.1619,169.6111
2.7542,0.0386,40.6882,1.7237,106.5685
-0.1909,-0.729,41.441,-0.3768,104.4535
0.543,-2.5369,98.7295,0.509,357.7889
-4.5262,-0.4515,1.6846,-4.1774,39.7552
0.5236,-1.1711,98.9047,-0.7956,354.2261
-3.1553,-2.1547,12.5707,-2.7608,25.8253
0.03,0.7815,51.7242,0.613,135.428
0.5351,0.0473,51.9875,1.3409,141.1808
-4.2984,2.9198,80.8809,-4.6443,267.4008
-3.2219,-1.1479,23.3615,-1.1817,55.5083
3.5658,-0.1171,51.001,2.9142,151.1829
0.627,2.8252,87.1353,-0.8816,280.6431
1.6464,2.6985,80.8549,2.1601,253.9258
2.9835,1.3397,48.6765,1.769,124.3656
-4.1946,2.9103,46.3751,-3.5597,143.2307
-3.1144,-2.2524,65.0451,-2.5197,187.3124
-4.1235,0.2252,11.5733,-3.1053,42.6384
1.5882,-1.5053,12.7021,2.2422,39.2054
2.5735,0.5544,69.966,2.9524,224.8834
-3.0304,-1.9936,60.9953,-1.8377,167.9945
4.7653,-2.9471,27.0768,2.2459,88.6902
1.1154,-0.1881,60.5729,0.2236,176.0001
-0.5659,-2.2771,39.1131,-1.005,92.2959
1.9113,-1.7382,18.2904,2.5856,53.2893
0.2192,-2.5904,18.7598,0.6897,41.8115
0.6233,-1.8505,39.04,0.4376,104.9409
4.077,-0.0739,25.3995,3.4,73.9961
2.2788,1.031,43.2538,1.9807,122.3747
-4.5075,0.028,54.7472,-6.1931,162.0437
1.0813,0.8367,8.3583,-0.8817,19.6777
-1.1532,-2.8135,80.9191,-2.6758,251.6496
-0.421,-1.7587,47.475,-1.0505,123.6105
3.5549,1.3374,76.7016,1.9578,252.156
-0.5955,-0.9779,91.8503,-0.6176,310.9184
2.2127,1.3505,99.5723,2.2734,363.966
-0.4749,2.4532,95.087,-0.1153,320.7675
0.9522,-0.1535,22.2933,0.6199,53.0607
2.6584,0.6458,37.5943,1.8769,94.5463
-1.2908,0.9143,8.1101,-2.1266,16.3207
-2.2517,-1.0053,95.3153,-0.9495,320.4165
-3.1331,1.867,46.4349,-3.6381,121.3899
-1.2554,2.4115,4.1309,-0.3986,7.5987
-4.4858,1.2683,29.8478,-3.8792,101.0529
3.2307,-1.9318,40.674,5.1765,119.4894
-3.8598,2.1116,87.7673,-3.1784,295.1967
-2.3655,0.7438,73.7978,-2.1621,214.0762
-0.8626,1.2594,93.5568,1.088,311.7955
1.8161,-2.2963,51.4299,2.4283,152.5266
1.4248,2.7909,14.5078,1.1481,20.9742
-2.8693,1.8536,12.9742,-3.1516,31.8098
-0.8488,2.038,25.2741,-2.2813,46.8493
2.2784,-0.4659,51.4552,3.0203,152.8058
-3.8609,-0.8363,54.6593,-2.5575,154.9108
4.9602,-1.6332,4.6272,4.1608,18.1503
1.0341,-1.6269,32.7045,1.268,82.6178
3.6063,0.0601,97.7918,3.6129,364.485
0.5483,2.5892,67.8141,0.9478,189.7345
2.9615,-0.4062,14.3103,1.69,43.7819
-1.0499,-1.6699,42.7302,-2.622,102.3031
3.6749,-1.7717,12.605,2.3486,44.6212
4.8536,-0.2254,84.6057,4.9318,302.2902
-1.3366,-1.4936,47.2887,-1.4931,115.7171
1.931,0.1577,92.8305,0.2003,335.2361
-1.9704,-1.21,6.072,-0.8881,7.9629
4.6751,-0.2641,62.554,4.8333,191.8482
-3.1482,2.035,25.8396,-3.7522,65.7179
-4.5275,-1.9686,4.859,-1.3133,31.0347
-0.1568,-2.705,4.7116,0.1298,14.2742
4.1406,-0.8321,46.5992,1.2256,134.755
2.2436,0.7048,57.1693,1.811,163.2902
3.2547,2.2052,7.0718,1.9567,7.4026
2.9185,2.8403,46.9534,3.22,111.7112
0.8929,-0.4559,96.1864,1.0209,338.2901
-4.8023,2.7717,96.1468,-3.0811,362.0478
-1.9154,0.6289,56.8756,-1.4024,147.0818
1.0866,1.2526,9.3307,0.8301,20.6888
-3.8517,-0.756,89.1887,-4.0395,298.3768
-4.7314,-1.2447,32.79,-2.3503,96.2162
1.8613,-2.2078,8.7572,1.1096,30.5687
-1.2699,-0.2891,42.1596,-1.001,103.0281
-0.3325,1.8855,57.8933,0.6683,149.9403
2.3489,-0.3789,26.8984,1.8255,74.2603
2.2158,-1.1954,79.3922,2.0766,267.4175
4.5907,0.5472,8.5666,2.8567,14.8277
2.3114,2.4345,87.9866,2.7468,300.5051
-2.1092,1.2288,0.9956,-3.1328,6.1432
4.5903,2.9661,17.7824,3.4238,17.6422
-0.1939,-1.9133,86.2435,0.9566,278.8651
3.3664,0.3734,60.7553,3.1532,184.7991
1.9737,-2.0614,99.0972,3.4276,370.3317
-2.2185,0.1476,6.3501,-1.0367,14.4527
3.1973,0.635,94.6822,0.383,341.6436
1.8672,-0.1797,23.2527,2.1283,59.9462
-0.5761,-2.9104,96.123,-1.0454,327.5297
0.274,0.3086,36.6171,0.6788,86.8234
-0.6622,-1.3201,39.0557,-0.5595,88.8456
3.5453,-1.653,14.9741,4.778,43.6232
-3.4576,0.609,37.2506,-2.9364,94.2511
3.2999,-0.9788,49.5315,2.0154,149.4997
-3.121,1.8838,72.8842,-2.1967,216.5383
-2.8591,0.6351,74.8929,-1.3397,221.4449
0.3384,1.8523,90.9074,-0.3343,304.8211
-4.3688,-1.4714,46.6241,-3.039,123.6066
-1.9553,-1.3183,28.3588,-2.5148,52.0208
-4.1107,-2.861,97.7347,-3.3511,328.2731
2.667,-0.8217,4.2919,-0.8394,20.9007
-2.8733,-0.8341,96.7531,-2.4318,322.5188
-2.4072,0.6711,19.3401,-0.8611,38.3886
1.674,-2.6964,86.9459,0.904,310.0638
-1.5619,2.771,12.7184,-1.4512,17.311
-0.0819,0.4682,91.0086,-0.2095,306.4964
4.4059,1.4159,11.6362,4.3443,15.1075
1.4818,1.5734,82.3359,-0.1456,262.8734
4.5065,2.0087,48.1989,3.5155,124.8791
4.6201,0.0223,79.1936,3.0108,265.1796
-3.3437,-1.533,64.9676,-2.8056,176.4065
4.2412,0.8686,60.441,2.844,180.0264
-0.354,0.6239,46.8958,0.1141,120.9021
3.5052,1.2368,69.5866,4.0903,216.3151
-2.1449,1.9673,95.4311,-2.3697,323.6993
1.889,-1.3092,17.5183,2.6717,47.4024
3.027,-2.6195,81.5807,3.5414,287.6142
-4.772,1.0029,86.0247,-4.7014,300.9315
-1.4547,2.3597,44.9543,-2.4808,102.9073
-2.7316,-2.131,66.6452,-2.5215,184.1226
-1.2198,-1.8681,27.6736,-1.4816,60.0422
-0.2664,0.8098,49.2704,0.0277,128.7976
0.7447,1.2829,14.1799,0.8979,31.7692
3.1981,-2.73,88.199,1.8456,328.7401
3.9254,2.0058,73.8315,1.1597,234.5554
3.0599,2.4795,54.2904,2.8859,139.5816
-4.6146,-1.1317,17.502,-4.3841,47.5949
-2.6216,-0.3973,47.8815,-2.0526,118.0198
2.7815,-1.0453,61.0832,2.2383,198.1412
3.0191,-0.8131,29.4311,2.334,79.0497
3.749,2.3138,34.1288,2.9004,71.1135
-2.1868,-0.6217,16.4783,-1.3112,32.9673
-4.9599,-1.9924,71.695,-2.1098,234.4948
-3.1104,-0.6975,,-2.1856,141.0039
4.4414,1.8642,46.9723,5.4745,109.1034
1.1443,-0.0678,72.8945,2.0439,233.4507
0.5266,0.859,49.4267,-0.8816,129.1289
-3.1153,2.483,67.3877,-1.8575,193.548
0.7482,0.5818,11.3658,3.0681,26.6981
-2.0867,-2.645,60.9885,-0.488,159.2317
-1.4494,1.508,83.0956,-0.2036,264.928
-2.1311,-1.6146,25.2008,-1.2475,54.1031
-4.5054,-0.586,42.0305,-2.6735,113.2607
3.2676,-2.5183,7.7368,1.826,36.4773
2.5631,-2.8963,,2.7763,175.8255
-2.1669,-2.7832,94.2564,-2.3581,303.9668
1.032,1.4281,98.4404,0.5334,348.9629
3.8799,-0.1367,30.0561,4.0116,85.2255
0.1702,-2.3259,56.7474,0.085,158.0217
-0.7872,-1.084,47.7428,0.0225,118.6255
1.8042,-1.9649,29.6485,1.5409,83.2705
0.5526,1.7745,71.4149,1.8381,212.4681
-1.7789,1.9584,26.5532,-0.6413,51.8335
-1.2563,0.595,82.2076,-0.3614,252.5018
-3.7585,1.3666,73.2128,-2.0238,229.2585
-2.8567,-1.9834,40.3449,-2.5036,94.0458
-0.5262,0.644,51.1542,0.2649,126.8033
-2.9265,-2.4257,62.0897,0.5767,163.1359
-2.2751,-1.2353,99.2012,-2.6186,338.7474
4.4035,0.4159,77.2986,2.4629,262.5611
4.4602,1.2907,12.5504,4.6164,17.4617
3.3661,-0.8443,68.0677,3.6868,229.4009
-2.3354,-0.9036,65.5548,-0.0084,179.7473
-4.6719,0.4725,28.1558,-3.8634,93.2679
-1.5941,2.7592,46.8935,-1.2115,113.9877
3.0623,1.6163,55.7528,1.0783,157.3655
4.8663,0.0568,77.3093,3.967,261.3138
4.6023,-1.7133,99.9478,4.3312,394.5077
2.7061,1.1737,57.3593,3.1481,166.3757
0.6301,-0.4308,77.0298,-0.2235,243.1916
-4.7773,-0.0475,30.4769,-5.9177,99.1204
2.4594,-0.2192,94.3842,0.8293,339.5855
-1.5964,2.814,98.0748,-0.7801,332.4051
-1.5735,2.1538,38.0731,-1.0346,82.4153
2.436,1.0858,90.151,2.7497,314.7328
1.818,-0.8324,70.0821,1.8778,226.6299
2.2419,2.7729,19.7586,4.2157,35.0086
-2.5133,-0.6421,97.993,-2.6215,336.8202
3.892,-0.107,36.401,2.9091,99.9521
-1.0557,-1.8793,99.3481,-0.5164,344.3737
0.1959,-0.8437,99.8848,0.7061,358.6512
-4.9936,0.7869,41.6624,-4.0737,145.2714
-0.3499,1.9243,,0.1904,191.1875
-4.6128,-0.9179,,-4.3954,202.1839
0.1766,0.3002,40.656,-0.2354,101.4
-0.6997,-1.6783,11.6346,-2.1985,22.4986
-3.9889,0.2809,11.5786,-2.2101,41.7261
0.2866,-1.0947,30.4072,2.6761,74.2293
-0.02,-0.1461,19.4729,0.3898,43.9661
-0.6082,1.1571,58.7886,-1.2737,155.4619
2.1748,-1.5751,3.1985,0.8148,18.1892
-2.7221,2.538,63.2366,-4.9745,175.2513
0.7243,-0.4009,61.9511,-0.922,181.1062
0.6857,0.9233,29.4762,2.1864,67.0933
2.8471,2.9414,53.2081,2.0076,136.8592
-3.0182,1.3417,87.6938,-2.3295,283.9871
-4.6952,2.3293,61.9718,-5.2102,205.2081
2.6151,-2.0248,9.8136,4.3343,44.7639
3.6445,-1.4314,97.0223,4.8666,367.796
2.3349,0.5304,70.0263,3.1088,219.8942
-4.596,1.7379,43.1464,-2.5665,141.1969
-0.1666,-2.7102,37.1728,0.384,92.6119
0.1494,2.9292,1.7722,-0.9449,-2.3339
3.864,-1.0381,8.0359,3.1688,25.9411
0.0596,-2.4852,63.4385,-1.1713,183.3314
-1.555,-1.9532,24.4835,0.4124,49.9923
-4.6273,-1.8902,72.4346,-3.7933,228.2171
1.0653,1.1951,86.3016,0.6498,282.2145
4.4985,0.6471,20.1702,2.0927,47.4024
1.1371,-1.7448,14.7401,0.8986,41.8447
-1.8084,-2.6769,42.5479,-2.2002,102.4091
-2.7245,-1.9113,18.281,-2.7955,39.2334
-2.5851,0.8743,21.8148,-3.1655,45.7892
-2.4263,1.1401,26.5128,-2.1579,61.4137
-1.452,2.8884,43.5778,-0.124,104.5433
-4.9895,1.8443,76.4239,-4.7668,261.286
-4.8177,0.625,,-4.6507,53.841
2.4346,-0.2485,76.0368,0.4933,252.298
0.8125,2.9163,70.8308,1.4795,206.0102
0.0819,0.1283,59.2795,-0.9272,165.3978
-1.3462,-0.256,57.2814,-1.9779,154.377
2.9358,1.9823,16.4241,1.942,32.7412
0.3662,0.9871,82.2606,-0.2896,263.0904
0.5299,1.2344,78.3258,-0.3512,247.0701
2.8756,1.3499,34.0144,1.5539,82.9327
-1.0364,0.2353,14.0892,-0.6739,27.2257
-0.9168,-1.0235,47.8504,-1.1396,121.125
1.1099,-0.4582,56.8599,-0.1958,162.5515
-3.5225,1.8927,4.7073,-2.0935,27.359
-3.494,-2.3501,70.7569,-3.518,197.9648
3.2625,-1.1423,48.9771,4.4538,141.331
-3.4987,-2.0359,45.468,-2.9817,112.9774
3.0148,-2.8649,,1.0597,31.6789
-1.0262,2.3872,70.5015,-1.9508,201.4818
0.2198,-1.797,95.0039,-0.8458,332.4315
4.6542,0.9478,31.8832,4.2172,76.1389
-1.8968,2.9386,75.8096,-0.8689,220.1916
-0.1384,1.0449,52.1764,-0.9321,131.9696
-2.5443,-1.7111,69.2625,-3.293,197.4275
0.7173,0.841,15.1761,1.009,36.351
2.6852,1.9186,77.1576,1.6692,242.8543
4.4964,2.028,4.0096,2.9577,-1.4983
4.5059,2.8333,99.7766,2.7263,358.2394
3.5757,1.3352,66.848,2.5816,206.8064
-1.521,2.7349,20.4002,0.2238,39.9837
3.7671,0.6167,28.5769,3.7349,80.9667
-0.879,-1.6008,56.174,0.3919,143.6382
-4.1127,0.9609,,-2.9602,65.3896
3.9812,2.822,37.1499,2.7245,76.0403
-3.2209,2.6793,49.5836,-3.0287,134.5893
3.7924,0.559,67.2225,3.776,217.094
0.9848,1.8201,36.5878,0.6968,81.6485
2.6195,-2.2775,25.0905,1.8459,79.4353
-3.3562,-0.0371,94.6081,-4.5586,325.0606
-0.4895,0.4456,56.7829,-0.3615,152.4784
-0.9795,1.5706,18.5473,-1.8887,36.2968
4.184,-0.0124,70.5046,2.149,241.8821
2.5665,2.417,95.7555,3.1718,330.8413
-4.9074,0.8573,12.824,-4.2823,75.1516
-4.2531,-0.2011,87.6641,-5.0979,288.7461
2.8393,1.3906,48.811,2.7378,135.4688
-1.6843,1.6398,40.8877,0.7081,92.6156
-4.877,0.6067,7.1888,-4.5628,59.8928
-2.3943,2.866,80.3304,-2.6408,248.5236
4.3568,-0.3554,5.4684,2.0903,18.7122
3.0476,-0.6704,70.1975,3.3439,234.3563
-3.7086,-2.5073,29.8227,-2.1394,69.6503
0.22,1.0908,99.8824,0.8061,356.5384
0.2467,-0.4756,61.9367,-0.06,181.1493
-4.5754,-0.9314,94.7092,-2.5561,330.9647
-4.2184,-1.4619,38.9563,-4.4532,109.3339
0.2646,-0.6054,92.0971,0.0538,315.2814
2.7583,-2.2281,61.9821,2.2981,196.3202
3.3035,0.1105,82.9801,1.6293,288.4229
0.4914,1.66,26.5786,-0.3202,196.0434
2.583,-2.352,30.3251,0.474,88.4448
-0.5175,0.2017,69.0249,0.2649,200.2801
-3.6038,1.7012,30.1339,-2.3737,81.1585
-4.5253,0.5997,95.7273,-5.4103,336.2353
1.6521,0.3219,25.9175,2.7568,58.4874
0.6435,1.4405,73.8181,-0.6373,226.9976
-2.0397,-1.5511,55.1368,-1.4706,136.3325
4.8794,-1.4983,99.8149,2.8259,391.1546
3.1953,-2.5309,74.9684,2.8024,261.1574
4.1199,0.7128,82.7715,4.3172,279.4995
-3.2698,2.6639,94.4869,-3.5768,318.3263
0.1295,-0.9289,29.2429,-1.4223,71.1716
3.362,-0.8304,32.329,3.3932,96.5181
3.668,2.196,63.101,2.8457,177.9602
-4.417,1.8652,55.6608,-4.2266,169.4166
-3.5857,0.1111,39.9819,-2.9122,95.4036
-4.9453,-0.6427,,-4.3786,258.4055
-4.5344,1.9863,60.9893,-3.7332,187.468
0.7922,2.7123,16.7117,-0.137,27.7058
-1.1363,-1.4838,64.2795,-1.2807,170.8455
-1.5861,0.5865,91.1381,-2.8831,302.7116
4.4448,-2.7667,62.6722,3.5128,213.3575
1.6286,0.3903,70.9414,1.5512,224.5325
-1.6026,-2.4364,55.7809,0.9,144.6134
1.2263,2.4046,34.7816,0.7068,73.014
1.2682,-2.3606,86.3969,1.3368,300.6569
0.3178,2.1176,16.4944,1.1025,31.3265
-3.3087,2.6524,51.9569,-2.4459,134.1401
3.1695,-1.54,4.3468,3.3595,31.585
2.2575,2.2382,92.2777,1.368,328.9251
-0.5065,-2.9834,20.8385,-0.0634,43.8364
4.2465,0.9522,27.0821,3.9521,63.1089
4.3757,-1.7726,77.7297,4.0561,270.2265
1.8767,-1.3556,18.0324,-0.1828,48.3307
2.6766,0.1474,92.6628,1.9003,331.3737
-4.3106,1.082,42.5502,-2.4966,125.578
-3.9361,1.7341,63.6417,-2.6978,192.6562
0.6332,-0.8059,30.1425,0.6996,72.7247
-4.0246,0.4867,84.6495,-3.7309,280.9769
-2.0306,0.3679,42.6131,-0.6562,102.0047
-4.5913,-1.176,29.4565,-1.7667,82.4553
-1.5865,-1.9071,99.4321,-1.5023,340.8193
-4.3647,-2.9682,9.706,-3.5134,41.1255
2.6299,2.0864,73.4736,1.794,230.228
2.5443,0.0423,63.3944,1.1755,190.5483
4.2824,-2.8248,21.7599,4.3502,68.237
-0.1077,-1.4314,45.7577,-2.4907,114.1708
-0.3235,1.2401,59.4295,2.1651,162.0029
-1.9752,0.1331,6.7355,-2.822,16.9784
2.5802,1.16,58.0836,1.0383,171.6417
-0.9361,-2.8016,87.6695,-1.3939,276.6131
0.5076,0.0556,3.7234,1.2614,16.9057
-4.7817,0.5469,39.1039,-3.7874,110.2564
3.2819,2.0368,42.3625,4.4269,108.8553
-2.8338,-1.9389,26.2374,-3.0974,62.2048
0.0318,-1.8298,53.1148,-0.8999,144.4506
3.4094,2.3055,72.78,4.5623,227.4232
-0.2812,-1.9063,46.0698,0.2348,113.7587
2.5967,0.7303,94.6184,0.8472,350.7044
0.7051,0.8192,95.6909,-0.566,333.0999
0.1657,-1.5179,78.2661,-1.3288,245.3925
0.2342,0.151,16.4805,-1.1638,35.4517
3.636,-1.4914,63.8468,4.1627,210.7877
0.5032,-0.84,22.7259,0.6758,53.6889
-0.3296,2.5495,91.5381,0.083,299.9926
0.0305,1.4131,87.0916,-0.8006,284.8609
-0.7873,1.067,55.664,-2.5657,144.1339
-4.9555,1.3055,54.5668,-3.9524,174.1718
3.4306,-0.0241,5.6167,2.8143,24.4933
-0.8311,2.0757,49.8512,0.302,122.21
3.6181,1.2118,85.4408,4.0079,295.0955
4.5917,2.0204,8.0062,2.6956,-2.9024
4.7114,-0.5223,75.6469,4.5817,252.9853
-4.1025,2.9559,97.3339,-2.3541,350.215
4.5298,-1.3316,67.7146,1.3115,224.67
1.6045,-1.8142,47.6202,-0.9572,141.1655
0.6776,-1.1346,65.5218,1.4742,192.881
-2.7436,1.738,64.6079,-1.7788,182.2236
-1.3043,-2.3429,82.9261,-0.4804,256.5639
4.9767,1.5848,21.3824,5.7462,36.9381
-3.966,0.2088,8.3148,-4.0183,35.6328
-0.389,0.1698,39.9721,-1.3813,95.0443
-2.6294,-1.4959,66.9474,-3.3722,186.3974
-0.3818,-0.7897,76.733,1.2653,235.4782
-3.8012,-1.5016,66.4812,-4.8124,192.1277
2.9951,2.811,70.8522,3.5201,207.8977
4.7183,-0.0101,75.1418,4.3072,248.7388
-0.9311,1.1547,38.476,-0.5754,85.9789
-0.8995,-0.2799,36.9449,-0.1482,85.7933
4.4002,1.3016,91.6288,3.6696,322.8788
-4.3263,-0.9965,41.3439,-3.8416,106.5544
-2.783,-1.9806,18.1015,-2.916,33.6025
-2.4634,1.4681,13.4708,-1.3962,27.5621
-4.4825,2.4061,15.0191,-3.0272,62.5211
3.8123,1.7262,16.666,4.0748,34.5407
-2.4682,1.6417,6.1939,0.4584,16.2586
0.0074,0.3528,62.8213,-0.152,177.3569
2.4161,-1.3535,74.9507,0.6714,254.5553
-2.0059,-0.2103,97.6175,0.4423,331.1779
-4.1444,1.66,45.495,-2.8162,128.2331
3.4767,-0.0198,55.3871,2.1508,164.457
2.7251,2.6518,16.849,3.4847,29.283
-1.1033,0.1621,16.4655,0.5505,32.9117
-1.0972,-0.6745,60.7396,-1.5595,164.8265
-3.4445,2.0957,87.5891,-2.9155,285.2813
4.1909,-0.453,52.8015,4.0938,153.8577
4.9039,-1.0504,9.4685,3.8741,27.9622
-0.1064,-2.4972,10.4609,0.0968,22.5517
-0.695,2.3477,89.8867,-1.3034,287.9264
1.8133,2.3277,46.6994,2.4674,115.8528
3.3592,-2.1003,17.424,2.6303,58.0548
2.0027,1.6755,92.2836,2.5231,315.0114
3.8139,1.2885,0.5674,5.0025,4.672
0.8962,2.001,42.5346,0.7541,100.8542
2.3167,0.0868,28.062,2.3891,73.3589
0.8475,-1.5634,22.1514,0.8924,57.7917
3.3814,0.0574,57.1255,3.0592,174.9256
3.5202,-0.4013,60.741,2.9526,185.7089
-0.0594,0.9097,75.5471,0.8082,228.9229
-3.988,-0.3512,87.9562,-2.5991,294.5143
2.3349,-1.5998,3.8049,2.7427,23.1097
-0.9096,2.6705,60.9075,0.4854,162.0974
3.7748,2.6166,61.0852,1.9192,176.1171
-1.7376,0.0431,76.1409,-1.2169,230.1676
-3.7598,2.9968,26.0645,-3.2584,74.1032
-3.9764,1.8544,29.6976,-3.4854,75.8889
-2.7907,-1.1437,41.6789,-0.1352,106.6249
-2.2684,0.9344,57.2333,0.8663,152.7811
-1.576,-2.9689,62.7679,-1.4721,163.4929
1.0227,1.1522,84.3765,1.2052,279.0639
-3.4248,-2.1948,68.0437,-2.8408,194.1936
-0.408,2.8449,81.0928,0.2941,247.9346
-0.6197,-2.7355,37.7732,0.2569,89.9867
1.746,2.1381,23.1018,1.8482,50.1297
-1.9452,-1.7642,92.5568,-0.9877,295.8844
-0.7598,-1.4755,34.9432,-1.4012,79.3946
4.7366,2.3717,72.894,3.466,222.446
3.1219,0.3402,82.1009,2.1321,287.7267
-4.5975,-2.8384,38.8606,-2.8471,98.2823
3.4939,1.6426,8.8868,2.2466,15.6571
2.5629,-2.3917,10.9356,2.7066,43.2773
0.9218,0.3443,97.6692,-0.3456,353.4241
-2.2687,0.5084,55.8001,-1.9975,146.5072
2.8956,-2.8485,56.1041,1.0529,181.8304
3.5597,1.088,21.5376,1.3298,52.766
3.4867,1.9078,90.7279,3.2485,312.2251
-4.2467,-2.4788,3.9982,-3.9317,15.0723
3.2051,1.0188,14.892,0.3679,28.1404
0.0983,-2.743,80.0786,-1.7471,258.7361
-3.892,-2.0432,55.5646,-2.082,147.1348
-4.8377,1.508,83.6153,-3.1174,293.7729
2.9804,-0.0688,76.0148,1.3921,260.8114
-4.0566,-1.4657,36.5869,-2.5466,99.6293
-0.9673,-2.6198,86.3264,-0.3873,282.6898
3.1966,-2.1017,18.1352,2.2793,63.1176
-3.9425,1.9617,85.2826,-2.0271,276.934
-4.0319,-1.2107,2.7343,-2.8866,27.9873
-4.1885,-2.7802,42.2184,-3.6465,102.6405
3.6946,-1.9118,3.5426,2.0367,34.7499
4.6126,1.4663,0.2831,1.8605,-8.7956
-4.4294,-2.1477,34.1335,-3.7072,89.9358
3.9248,-0.1702,71.1503,3.7786,237.3896
-3.8928,2.2223,34.0153,-3.7407,91.914
-1.7643,-2.16,59.8055,-1.4467,157.3922
-0.3513,-1.329,77.3064,-1.131,241.4967
3.1823,-0.7566,32.6878,2.4606,87.5432
0.9962,-0.9447,63.8269,-0.0437,190.6777
4.069,-0.7395,53.923,2.4813,161.2061
-0.9184,1.4312,62.1546,-0.7359,170.2716
1.6434,1.7917,69.8262,1.8449,215.0361
-4.0192,0.8537,85.7023,-4.0738,165.9446
-3.6884,0.6191,36.8505,-3.8219,94.3623
1.5013,1.5513,78.1125,0.5082,247.4557
-4.1808,-0.1407,43.4602,-4.0462,118.8917
0.4932,1.0643,87.9912,0.6118,295.7625
-0.934,1.4734,48.5343,0.2126,116.0728
0.6267,0.9582,89.3764,-0.8257,299.5749
-4.5702,-0.4207,16.9697,-4.5287,54.1616
-4.7347,2.825,33.2446,-4.1289,118.0594
2.3746,2.3215,73.37,3.9344,220.8567
-3.3726,0.2876,1.5575,-1.8231,18.8473
2.924,-2.3753,43.4642,2.221,134.2631
-4.6213,-0.7398,82.2431,-3.6416,274.0991
-0.8143,1.5417,91.7604,-0.5318,297.2119
-3.5699,1.7615,45.0436,-1.5042,121.1623
-0.4045,-2.1199,93.3534,-0.9873,319.4141
-3.0536,2.2265,61.3428,-2.1389,177.6364
4.7411,0.3171,85.3922,4.4238,299.503
3.673,0.5349,11.6213,5.0203,32.5368
1.7226,-2.0627,82.579,2.1265,278.7064
2.9987,-2.7556,4.6588,2.5365,33.7743
4.9883,2.4842,2.2461,3.6302,-22.0112
1.6345,-0.6051,18.4484,2.4829,50.4839
2.6143,-2.3136,91.1993,2.8509,347.5578
-3.1434,-1.624,64.5061,-1.8293,173.4028
0.2963,-0.989,50.4992,-1.5352,134.7548
-2.223,1.1891,26.0005,-1.3733,59.5078
2.729,-2.5812,28.8535,0.8987,87.878
0.9008,-0.0309,,1.6338,321.9601
-3.6163,-0.2575,96.8372,-2.8658,327.2088
-0.7307,2.0863,33.0841,1.4291,66.3591
2.1671,2.1938,16.9008,2.8547,30.8249
3.7893,1.6527,30.4873,2.3901,72.0292
3.0206,1.1997,73.6884,1.7181,231.8067
-1.362,1.7108,78.6408,-0.285,237.8562
-1.8033,1.4615,8.6952,-2.1923,23.9174
4.4395,1.5314,14.5834,4.4116,30.7425
-3.9358,0.8946,64.8975,-3.6145,193.2522
1.9863,2.0691,25.5822,2.3786,57.7289
0.5485,2.3495,7.0406,2.0873,10.1745
-3.7184,-2.592,52.9661,-2.2245,133.1415
3.6824,1.9683,42.9197,2.8338,102.1395
2.1752,1.2327,77.2565,0.4192,246.9579
-4.3138,1.7402,10.8646,-4.7739,44.4137
2.6259,-1.3706,13.0845,1.5868,41.8919
4.3987,-0.7564,95.8657,3.3105,351.3593
-2.9898,1.0992,84.4334,-2.245,264.177
-0.4375,-0.4122,3.0861,0.1946,-92.5944
-0.8557,-1.7165,23.7821,-1.6486,54.8274
3.8633,-0.7626,57.2123,2.0951,176.6078
4.146,-2.2641,42.731,2.5087,128.1831
-1.1475,-2.2398,18.804,-0.6724,33.9399
1.2086,0.1097,30.988,-0.1179,81.4887
1.8071,-2.7877,73.5545,2.4314,249.2235
-0.5606,-1.1785,55.2525,0.8036,148.0473
-2.9057,2.6465,72.5632,-2.942,216.7848
-1.0763,-2.1768,18.1782,-2.5685,33.8408
-4.5885,2.1588,10.4147,-3.1483,-17.2166
4.2239,-0.0526,89.8752,3.1445,316.6457
-4.3917,-1.1578,63.0276,-3.5206,189.4542
1.3083,-1.4562,32.9284,1.8291,91.7452
4.8342,0.817,28.8319,5.5965,60.93
2.783,1.8297,56.7977,3.1066,154.3088
-0.0574,0.8031,4.5071,1.5991,10.2154
0.4294,-1.9955,72.9644,-1.8397,222.3465
0.1576,-0.8535,30.1394,0.8992,70.7686
-1.3073,-1.673,,-1.0145,327.0579
3.8038,0.8051,95.3054,1.9685,354.7885
-4.4473,1.9204,15.726,-3.0799,60.2097
-2.4141,0.4347,89.9093,-2.5898,291.9031
0.3607,0.1289,87.8537,-1.5269,292.9336
4.0215,1.3595,14.4064,4.0546,31.9704
3.3563,-2.1206,24.4545,2.0378,-41.9233
2.4565,1.6572,12.7627,2.9805,27.26
-1.1666,2.0291,67.6879,-1.157,185.5462
-1.5731,-1.2927,90.169,-1.3286,292.9023
2.7715,-2.0174,94.4337,1.1103,354.7739
-3.5743,1.0719,74.126,-3.4128,234.1472
1.2548,-2.629,96.1207,0.2467,349.7182
4.7922,-0.3726,2.4346,1.9133,12.4983
4.2331,2.3777,35.5461,4.9822,70.2644
-2.6201,-0.9981,15.026,-2.2489,24.173
-2.552,-2.2848,,-2.0919,38.1367
2.6865,2.589,98.0689,3.2751,353.4602
0.4236,0.0523,20.457,-1.8707,45.7303
-3.3822,-2.3826,27.7294,-3.3913,64.1485
-4.9368,-0.9592,82.921,-2.9998,282.2501
-0.3772,-0.2824,74.9846,-1.2602,226.7773
3.4025,-1.8676,74.5711,2.4386,261.8835
-2.8042,2.3972,81.8551,-2.0113,248.95
-0.1645,-1.1258,80.2186,-1.4677,252.1531
-3.7467,1.3475,62.5087,-1.1677,186.3156
4.7496,0.5385,79.8649,5.5954,266.4195
0.9519,-2.6348,73.7548,1.0737,232.7368
-4.9572,1.2077,74.3848,-4.6664,249.6514
-2.7995,-0.6478,2.7113,-1.3488,12.2244
4.7805,0.4628,51.7583,5.1917,139.2831
-2.9845,-1.6916,14.1166,-4.1428,25.6776
0.6577,2.9466,21.5431,0.0037,36.7592
2.5436,1.7911,71.2612,0.6144,218.9292
4.8663,2.2644,38.1611,4.1819,78.819
-2.9135,2.7384,35.2011,-1.9927,81.7673
2.0378,0.0251,69.7941,2.3836,226.9298
3.2774,-1.2138,53.06,3.9534,159.5336
2.3752,2.9272,9.5257,3.206,9.0588
-3.8187,-1.6863,3.7299,-1.1489,26.9298
0.1066,1.3515,13.7856,0.051,26.3291
-2.037,0.7079,65.8095,-0.2226,184.8286
-3.3973,-1.4985,87.4806,-2.2134,282.7414
2.7385,1.1904,46.1127,1.9701,125.0304
1.8006,-0.5211,45.3975,3.2828,125.8465
-2.9847,-1.3967,52.338,-1.5025,129.11
0.8577,-1.6676,55.1442,0.745,159.5208
-3.2187,-0.0183,28.9713,-1.888,72.7066
4.8223,-1.0478,11.8211,4.6368,42.1656
-3.7434,-0.624,76.801,-3.4291,230.8642
-2.9728,-0.4297,22.432,-1.3281,48.7498
0.6495,1.5793,46.1735,-1.7311,118.2791
2.6924,1.4482,50.6026,3.6464,134.0852
3.8172,-2.7873,20.9128,3.3879,72.3668
-1.9634,1.0264,79.1655,0.2664,239.0976
-0.6112,-2.2869,35.3634,-1.5073,82.6139
0.0615,1.0132,78.0549,-0.4099,243.2438
-1.799,0.6858,32.9312,-0.2742,70.325
-1.4159,0.5409,39.3212,-0.8153,90.9755
1.0342,-2.6349,50.4605,-0.9199,142.078
-1.0516,-1.7133,81.4218,0.2623,252.4833
-2.4238,0.284,65.7166,-2.2994,182.3352
-0.8147,1.6323,35.338,-2.8191,77.0836
-4.6918,-1.2672,8.6077,-2.6428,48.0875
-3.8941,0.1478,39.6381,-2.887,108.0553
-4.2405,1.6316,21.8899,-4.033,81.0343
-0.0244,1.5227,39.4733,-2.2821,93.4347
1.5021,-2.6238,42.1221,0.4316,120.3125
3.6248,-0.875,65.7964,3.2716,213.4488
4.2429,1.132,3.6028,1.5826,-2.2062
3.4427,-1.0592,79.2547,3.1842,282.2189
0.6642,-0.7542,82.7937,-0.9494,272.1404
-3.4501,-1.4163,22.2616,-3.1195,55.4247
4.4887,1.2288,95.7282,3.4931,339.8931
-3.5897,-2.2774,93.9413,-1.5073,314.6574
1.7639,0.8585,11.8299,0.8718,29.1324
3.4784,-2.8317,98.5116,1.5098,387.6721
0.5649,-2.7622,33.3665,-0.4901,81.0332
-4.3937,2.7478,6.6934,-4.2322,54.6711
2.5409,1.0546,83.1352,0.3549,283.4794
-0.4029,2.0897,78.1979,-0.4983,240.5719
-2.9973,-2.2005,35.5508,-3.4912,75.2815
4.233,2.3257,,4.3985,308.1262
4.8431,2.7391,40.839,3.7078,146.2348
-3.3409,0.0339,85.4356,-2.0392,268.8528
2.7491,-1.7307,26.0349,4.0029,70.0955
-0.1395,-0.216,27.8159,1.8279,61.2797
-0.014,-2.9634,91.0166,-0.4546,311.1681
2.7185,1.0075,61.4325,3.6086,177.7155
3.9676,-2.0356,52.2633,1.9462,162.8138
1.1439,-1.0139,36.7064,0.3451,94.9613
2.1002,1.7207,55.3185,1.6457,157.3715
-3.0789,-0.4476,60.702,-0.7001,169.7424
0.8041,0.4977,51.2343,0.3109,140.714
0.7446,2.7623,1.6891,-0.5009,-3.8905
-4.6933,2.9723,81.6646,-2.5667,286.3665
3.5716,-0.7598,96.0213,2.5162,358.8303
-4.4018,1.4299,10.5925,-3.0875,50.3836
-2.845,0.7291,27.1755,-2.3836,63.7025
3.7286,1.7758,37.4909,1.7619,95.4485
-1.1509,-2.8946,31.4186,-1.1272,63.3439
-4.4684,0.4874,3.1345,-1.3285,36.1654
-4.8442,-2.7085,71.8169,-3.2847,227.6645
-2.0544,-2.4335,65.0558,-0.5646,174.5041
-3.6761,1.5008,38.6483,-2.2702,102.2552
1.4346,1.0338,52.1433,-0.2569,143.7638
1.104,0.3438,55.3561,2.9381,158.7407
1.9351,0.5184,87.1007,2.4838,303.0274
-4.2364,0.8545,53.6397,-3.397,154.5574
0.0973,-1.4576,77.8615,0.6165,246.9192
-0.3273,2.3355,21.6954,-0.5011,40.2
-0.2479,-2.9523,67.2474,-2.2034,195.556
3.7942,0.7445,58.1555,2.4082,174.6915
-4.4595,0.8403,38.0044,-3.1319,111.8139
2.6863,0.6384,24.9378,3.9174,63.2531
2.4232,-0.9425,69.1718,1.3288,230.2719
4.1526,-0.716,5.0806,3.9751,24.9458
0.8243,-1.8257,58.333,1.2335,172.4215
-1.597,2.1682,28.5857,-1.0863,58.8708
-1.1521,1.3304,56.2464,-2.2771,143.084
0.8416,-0.5206,43.7135,0.3165,120.9141
-1.8512,-1.1291,94.7967,-1.8743,316.0719
4.6269,-1.1256,50.7233,1.5512,148.614
-4.5765,-1.7441,27.6347,-2.0788,79.7262
-2.6326,-0.6627,95.643,-3.6775,319.9488
-4.3344,-0.1068,31.2043,-2.0186,90.7528
-0.0839,-2.5446,1.5416,-0.2841,9.7672
-1.928,1.2688,58.1969,-3.0192,146.3909
-4.0007,2.456,50.6179,-3.6598,142.67
-4.5892,-0.6633,12.4887,-4.9836,52.0642
-0.9665,-0.0185,0.6722,-0.3829,1.1726
2.8073,-2.7706,55.7779,3.1875,177.712
-0.6658,-0.2719,94.5083,0.6132,323.7216
4.759,1.4236,23.5167,4.1263,39.5292
4.2236,-1.5774,32.406,4.5793,88.5118
-4.763,-0.7936,22.9056,-4.9382,78.6421
-0.2821,2.751,2.6909,-0.3058,-3.81
-3.3713,0.6517,89.2801,-3.0576,297.7285
0.1788,-0.1515,72.654,1.4378,218.7834
0.0528,1.0393,32.3444,-1.4704,74.8402
1.1972,-0.2658,80.6308,0.8206,263.6597
1.8431,-1.3213,82.7709,2.952,283.4858
2.3312,0.1497,2.4141,3.9065,19.6437
2.8759,0.7606,15.245,4.1111,42.2025
-0.5563,-0.5538,7.8828,0.485,17.0097
3.8803,-0.5934,55.6865,1.6475,174.2561
-1.8823,-0.9271,19.2701,-0.7684,36.9961
0.3923,-1.5998,54.8806,0.039,157.9111
1.9199,1.1013,7.5234,1.2657,18.1955
2.6751,1.7839,24.6835,2.9391,52.6289
4.0118,-1.9442,54.5737,2.0127,173.8055
-0.8419,-0.9498,94.7413,-0.5725,322.4571
-1.9187,-2.9763,75.5893,-1.5904,217.6991
0.5064,-0.8207,62.4977,-0.4643,184.6691
2.9801,2.5645,89.6251,4.5768,302.7039
4.886,2.8129,21.6496,3.7991,28.9473
-4.5509,2.9437,33.2586,-5.3224,117.0584
0.3141,0.6106,17.8544,-0.6264,40.0444
-0.3737,-2.6319,72.4838,-1.5777,219.5704
-4.9569,-1.2373,8.1653,-4.0356,50.1522
-1.9287,-0.3954,35.9059,-1.3789,85.0262
-2.2543,2.278,92.3139,-1.5079,307.0656
4.1041,2.9615,11.3139,3.9857,13.5246
-2.0008,-1.4821,95.8817,-2.0276,316.6495
4.9352,-2.7665,83.126,4.4284,307.094
-1.1298,0.3305,30.8514,0.6009,76.2288
-3.568,0.0408,23.9087,-5.6016,55.3388
4.0379,-1.7057,31.7501,5.1618,102.1844
0.0572,-1.2113,8.8837,-0.2257,23.871
-1.0253,1.5363,79.3923,-1.0979,238.9834
-1.0267,-1.1863,93.3229,-1.5628,313.0204
3.0203,0.8662,4.0232,2.3872,12.6059
-2.4674,-1.9858,9.7965,-4.5054,20.216
-1.8202,-0.2973,92.9566,-1.3033,306.5196
3.149,2.7858,43.1758,2.9921,101.9085
4.2767,2.6262,6.3019,3.676,-5.8484
1.6895,1.7224,17.486,1.3411,43.6791
0.6965,-0.4225,68.5616,1.286,202.6243
2.5997,2.6121,20.8275,3.5524,40.4173
2.3473,1.1553,,1.1313,105.6391
1.5373,0.9333,36.01,0.9024,88.8025
-2.0776,-0.5696,75.3706,0.7955,219.0876
-4.0089,2.9462,62.9032,-4.044,189.6421
4.4865,0.0359,91.6542,4.9195,342.9214
-1.6554,0.9781,51.4593,-0.8848,130.5426
4.2618,-2.0591,27.6934,4.6591,85.7462
1.5592,-2.6717,10.4108,0.8181,33.4771
-2.649,2.3543,93.3787,-1.4995,310.1686
-0.7962,2.6528,74.4651,-0.4867,213.7557
0.362,-1.8594,84.5602,-0.1594,278.4964
-3.6894,0.2003,42.8417,-3.9561,115.3498
3.4687,0.1808,31.5004,3.1658,93.2487
-3.0423,-2.7749,38.8967,-1.5837,96.1929
4.0019,-1.1633,11.5764,4.8156,44.4139
-2.4523,2.4908,10.0765,1.0479,23.1758
-0.3191,0.5064,58.9579,-1.1978,159.3146
3.9567,-2.291,16.2724,3.393,57.0103
1.3463,-1.5191,96.6075,1.8394,353.5743
3.8879,-2.8634,93.4604,2.2918,358.1435
4.2123,-2.7346,50.6512,2.4973,166.3773
-3.457,-1.2384,15.0382,-1.0773,31.6111
4.9308,-0.9715,3.5604,5.8538,20.321
2.6603,0.2683,43.2793,3.3318,122.922
-0.9204,-0.9645,22.2498,-2.7134,48.1178
1.1735,0.8193,80.2275,0.7285,257.5345
-3.5006,0.4587,43.3828,-3.3552,109.8421
-3.1899,-2.3662,2.8656,-1.2049,8.5794
-1.5517,0.3878,23.8712,0.1414,51.4136
-3.3642,-1.9608,20.1445,-3.2795,42.8133
-1.688,1.9178,0.5794,-2.4295,-1.4606
-0.7709,-0.8778,32.5581,0.0191,72.01
-3.8105,-1.5074,82.8879,-4.0609,264.9803
1.5587,0.5045,38.8515,2.1782,104.8182
0.6855,-2.8909,31.99,0.4334,81.8108
2.0956,-0.1324,19.9215,2.2927,50.0702
3.3325,-2.3928,49.2216,2.0054,153.5789
4.194,-1.4405,56.7324,3.0302,185.7748
0.0725,0.4419,73.8871,-0.6557,224.4341
-0.9208,-2.9938,11.3258,-0.1975,25.5571
-2.6434,0.2178,59.863,-2.0148,165.7709
-3.9707,-0.1146,26.2549,-4.5419,72.0142
2.7669,0.0069,70.5526,2.9829,228.4237
1.0721,0.221,84.7869,3.7855,286.846
-2.8088,0.8926,90.0216,-1.7419,297.3272
1.0813,-2.8372,6.9535,0.3456,26.1927
-1.4251,-0.4105,32.582,-1.1388,67.4614
-3.8414,0.4521,68.2434,-2.6727,202.37
-4.1556,1.1214,19.9224,-3.3688,64.0975
1.5776,-2.7576,53.4546,0.0176,159.878
-0.6627,2.2266,57.9264,0.0943,88.2622
2.8779,-0.3911,20.1369,2.8739,59.0211
2.4711,-1.8057,9.2448,2.108,33.9695
-2.956,0.3809,17.1909,-3.585,41.0048
-3.5346,-1.9639,24.5214,-2.0876,55.6958
0.6182,-2.9943,0.626,1.0317,10.8575
-2.118,-2.0565,5.4167,-3.3051,17.0265
3.0559,0.6398,5.3276,2.0694,24.3046
3.457,-1.6065,24.8145,3.5637,79.1894
3.0388,1.3463,53.296,1.8146,144.4654
-4.4719,2.1349,41.4898,-2.164,133.346
-4.2977,-0.2307,31.9299,-3.673,98.6072
-2.6314,-0.4448,,-1.6193,21.3845
-2.7482,2.8871,82.9107,-5.5757,258.2632
-0.25,-2.464,47.5052,0.3625,124.2155
-0.289,-0.5811,73.7401,-0.5896,224.1416
-3.8078,2.9506,21.6099,-3.8756,57.7443
4.9087,0.1958,20.9884,2.9829,52.7887
4.0397,-0.8729,88.2423,2.0914,321.158
2.2248,1.9484,10.8329,2.5247,22.6602
0.1589,-2.9684,70.9943,-0.217,212.0197
1.0256,-2.6895,61.0717,0.5096,185.2044
-4.8925,1.269,40.2054,-4.2255,145.2402
-2.572,-0.9504,65.1569,-3.6473,180.0603
-0.6073,-1.5617,61.5404,-0.9929,171.0777
2.8472,-1.472,48.7296,3.762,152.4236
-2.1408,1.9113,61.341,-1.3137,162.1443
-4.6639,2.9514,12.3768,-4.2075,75.683
-3.1214,2.5127,8.463,-1.7523,25.4787
-3.045,-2.7064,89.2861,-3.3075,282.4227
-0.6287,2.6252,37.1662,-1.2395,83.4158
3.9303,0.6053,24.8316,3.7386,59.7181
-4.6516,0.5181,2.2812,-5.1543,41.6425
3.1657,0.9053,70.3997,3.0577,223.0682
4.425,-0.4385,52.2823,4.8977,151.3925
-0.8997,2.3793,81.591,-1.3613,248.8076
0.304,-2.8722,92.142,0.2699,318.1071
0.8447,-1.4314,96.0881,0.0404,342.1409
2.7434,-2.7314,74.5186,3.3958,253.1745
-1.8296,2.4771,89.2227,-0.8292,287.2108
-2.4829,-2.24,17.0231,-3.9829,35.3776
-0.098,-2.1325,30.1935,0.0513,67.7407
-2.6932,0.282,49.1992,-2.4652,124.1783
2.1675,-0.2237,49.6998,1.7894,144.339
-0.7992,-1.9498,60.2011,-0.3032,167.934
-2.2575,2.8663,18.4341,-2.252,37.4085
3.2466,-2.1696,46.8798,3.7216,147.5567
0.6741,0.2086,53.2145,-0.3896,143.9243
-4.1518,0.4981,27.371,-4.2591,81.0747
-0.5372,0.9546,15.3743,-1.969,29.7059
2.6472,-0.811,10.0299,3.5116,34.0373
-3.7437,0.63,75.948,-3.6547,234.4461
-1.986,2.8707,42.853,-1.3588,100.1298
3.0071,2.1248,62.5061,2.7618,181.1032
-4.8778,2.2148,87.5095,-3.9931,317.792
4.6452,1.6716,1.141,4.482,-1.309
3.9249,2.9203,89.1138,3.3827,289.977
2.3241,-2.3485,31.3801,2.18,93.2498
-1.8935,0.0922,67.6576,-1.8307,189.0861
-2.4909,0.032,53.0347,-1.8019,129.1507
-4.6269,1.9524,16.0412,-3.8526,68.1332
-4.6102,-2.5353,79.3457,-2.3394,257.3998
0.0633,2.0763,14.8317,-0.1398,29.9583
-0.8472,-2.651,0.4883,-1.4732,5.2312
-1.9642,-2.4683,93.3188,-3.5778,304.6569
0.5404,-1.3018,52.4409,-0.3448,146.1105
-3.0481,-0.7732,4.2095,-0.9956,14.6283
-2.9759,-1.071,12.5514,-1.7394,31.8152
3.0139,1.5828,15.1233,2.8024,29.2798
3.7847,-0.3564,72.1814,4.4047,251.9327
3.4898,2.0907,69.6605,2.5011,211.5938
-4.9638,0.755,64.587,-4.7405,219.6489
-1.7754,0.8717,,-0.6069,277.2943
1.904,0.4618,9.9515,2.1191,29.7923
0.7903,1.2204,72.5058,1.5966,218.954
1.3377,-1.3957,42.2352,1.8515,243.6977
-4.4318,0.7515,24.9771,-4.0612,77.85
-2.7531,1.7604,95.3945,-3.108,322.8381
-0.6939,2.3136,67.5158,0.3191,187.8851
0.0123,-1.0648,58.8314,0.3839,162.2977
-0.0302,2.6042,19.622,-0.8901,33.1877
-0.3907,2.3032,73.9182,-1.0466,212.5076
-3.4558,-0.824,41.6001,-3.1029,104.4587
-4.5358,2.9703,56.0949,-3.6679,171.5228
2.8786,0.0535,59.2745,1.8611,177.5167
4.2481,-2.3194,22.2607,2.5899,67.5672
-1.7186,-1.5136,96.7825,-0.895,321.6385
-2.733,-2.0231,4.2408,-3.1963,11.3108
-4.0166,0.4643,22.3307,-3.79,65.3838
-4.8907,1.2084,89.3445,-3.9548,317.4173
-1.6784,-0.8913,45.6166,0.1565,108.4449
1.6833,-0.1256,16.9304,0.8694,47.1865
2.1869,-2.9198,22.2293,2.2357,64.0612
-2.3727,2.2016,45.9654,-1.3568,111.7084
1.2269,0.1293,5.5807,1.1526,16.6419
-4.4623,-0.3422,96.3915,-2.6751,337.8343
-3.1912,1.1591,84.0071,-1.9596,268.644
4.0835,1.5571,58.4547,4.6932,165.5516
1.8753,0.5274,63.3814,0.1781,187.6804
-0.8295,-2.7114,78.0895,-0.938,238.8825
2.1386,0.4379,70.3143,0.1801,226.4877
-3.6608,-0.9107,79.8099,-4.2865,255.5825
-2.9172,-1.6807,74.893,-0.0983,219.5122
-0.6246,0.6757,8.9924,-0.2931,13.8185
-1.7466,1.9089,29.1347,-1.0726,65.9861
4.2784,-2.5551,58.0871,3.5611,188.0238
-0.0716,0.8569,34.235,-0.7311,73.9991
-1.0149,-1.4365,18.4938,-1.4228,38.5602
-1.5586,2.5527,63.4467,-0.7302,167.59
-4.282,1.9733,44.9453,-4.4183,129.9467
-4.2675,-2.0251,64.7137,-3.3978,193.4427
-3.0697,-0.3042,83.8994,-3.7702,267.499
0.5458,-2.0615,99.8969,-0.3563,362.2994
-2.6727,-0.6358,55.2465,-3.603,145.632
4.1525,1.7512,40.3325,3.8177,98.9334
0.8763,-0.7763,11.3835,0.6368,30.9137
4.9768,-0.0916,3.4844,5.0971,7.7448
4.8139,-1.4141,34.706,5.0907,104.2185
2.2837,-1.4078,49.0152,2.9362,146.5144
0.4827,-1.8023,9.4175,3.0638,24.0256
3.5334,0.5987,19.9988,3.0969,48.9497
0.6817,2.6995,6.2649,-1.2399,6.5348
-2.8408,-0.3579,37.1147,-4.5861,89.3697
-2.8011,-2.4297,90.1217,-2.3709,286.0815
-1.424,2.2129,25.5598,-2.257,48.9275
-2.6745,1.8561,20.9592,-0.5723,38.4013
1.1361,0.195,2.5582,-0.0152,11.5082
-3.7613,-1.5307,27.5529,-3.6889,69.5626
1.9992,-0.4089,62.5478,2.2027,191.7621
-4.3579,0.5489,44.0492,-4.2432,131.4319
3.6986,1.1023,28.2316,4.447,74.2884
2.981,-2.7395,68.1294,4.5063,224.9666
4.3706,-1.5584,6.7136,3.7184,26.3165
-1.8926,-2.0938,15.4003,-0.513,27.592
0.1917,-1.2245,96.8901,0.0211,344.7938
1.6859,-2.3331,42.6701,-0.574,119.1018
-3.1127,0.3323,24.4486,-0.3123,57.9007
-0.4144,1.3428,40.1692,1.3765,91.4448
2.2596,2.755,52.0329,0.9965,133.812
-1.2955,0.0794,38.5442,0.0948,85.594
-2.8364,-0.7512,65.3907,-1.9358,187.2433
-2.6411,1.4825,79.4348,-2.7102,248.7302
-2.5352,0.1682,52.0298,-0.4147,138.3521
0.3834,0.2027,51.6963,0.6956,136.4969
1.9832,-0.7997,54.0722,0.9606,159.8608
3.8384,-1.3198,92.7174,2.6656,348.7346
-3.1619,2.4568,,-2.0024,161.1217
0.4335,-1.1691,22.9821,-0.6923,55.5668
-0.5682,-0.0191,10.2835,-1.6306,19.7979
-1.155,1.7764,86.03,-1.5666,278.4145
-4.3745,-1.8131,21.2438,-3.4859,68.2797
1.5457,-2.5992,78.3145,0.3197,262.469
-3.94,-0.3219,28.1483,-4.16,72.2005
4.2853,1.9456,56.9861,3.2503,154.7163
3.155,-1.2512,17.4816,2.8001,65.1809
3.2442,0.5837,5.8165,3.4158,24.4953
1.484,-1.0714,42.8089,1.6176,126.0436
-1.0306,-0.4546,22.1745,-0.5534,49.102
3.282,-2.9526,33.8894,1.6468,111.3234
0.1153,2.3505,78.5881,-0.2436,242.201
3.2909,1.4929,21.7927,3.2253,46.0359
0.6086,0.8946,31.2341,0.3845,72.2415
-4.5104,-1.7634,32.3777,-4.3818,91.8128
-1.8286,-0.9258,27.6516,-1.8737,56.7145
4.5605,1.0346,10.2777,2.8397,13.2702
1.1034,-1.8293,31.6728,2.3511,85.5595
2.4045,1.4481,21.5109,3.8369,51.5669
2.2482,-2.6943,56.2437,2.8397,174.1864
-4.4662,0.5623,27.8369,-3.8801,85.642
0.9136,0.1349,30.0965,0.2586,70.8932
4.3182,-2.1105,42.3132,4.4426,129.5248
-3.6995,-0.6732,73.8498,-3.1117,227.1852
-1.0032,1.3181,78.1266,0.5795,237.9154
2.8743,2.0873,64.3291,1.4694,181.4342
-0.3439,0.5758,37.2959,0.7186,85.2556
4.039,-0.5344,87.3508,2.7259,311.3109
-1.4996,-0.4281,50.0952,-0.2504,123.4333
-2.7309,-1.6794,72.2408,-4.3425,205.0762
-1.1491,1.1586,31.9663,-0.6872,71.9113
-2.8881,0.0626,55.4597,-1.8323,150.6203
0.5972,2.6195,30.7472,-0.5336,64.6916
-1.4614,0.1326,83.5932,-3.2982,260.4404
2.3635,2.702,89.3717,3.1934,301.8858
4.1879,-0.6951,73.5223,4.4405,245.7804
-4.8927,-0.3079,30.8889,-3.322,101.0088
-1.0145,-1.9317,75.1016,-3.105,225.0907
-4.3058,0.0994,27.6413,-2.294,81.9111
-1.17,-2.1734,99.5248,-1.097,341.9032
-4.9776,-2.8929,43.6117,-4.0805,130.7054
1.4891,-2.8941,4.5024,2.8693,25.938
-1.1925,1.2801,54.1146,-0.4402,204.339
2.1554,1.7061,19.4545,0.5313,41.9398
0.2528,-0.6755,68.8078,-0.0363,207.5686
-1.2054,0.189,84.3785,-0.8741,264.4508
0.1224,-1.7231,31.3872,1.4736,74.4244
1.0394,-0.507,72.9314,-1.5349,225.2448
0.2363,-0.0828,83.3791,-1.6498,269.8913
1.1274,1.9361,12.241,1.4569,21.7061
4.098,0.809,24.8843,4.2133,55.1589
1.9824,-0.0309,19.3566,0.4583,49.209
-4.4842,1.2518,93.6388,-4.0993,324.7728
-3.2536,-1.6723,17.6148,-2.893,52.3706
2.5533,1.3297,8.1536,1.1253,24.6795
-2.5327,-0.5499,11.069,-2.5114,19.3549
-0.6767,0.4425,67.3049,0.3443,192.8688
2.6207,2.3384,81.4686,0.6909,259.1833
4.6865,-1.14,54.0848,3.9916,159.0103
4.1089,-0.1575,50.8253,2.6342,143.3386
0.9213,1.0145,68.0556,0.6965,198.693
-4.9807,1.9704,89.9004,-3.6465,325.0409
-1.0005,1.6584,86.823,-0.7456,272.7521
2.535,-2.0735,62.4828,1.8608,201.9939
3.109,-1.2303,73.941,2.4833,254.5622
0.2007,2.7124,46.644,0.1266,111.0616
-2.2065,1.263,40.0071,-0.8404,88.7618
-4.2891,1.7435,88.7094,-3.1635,304.5093
-2.9461,-1.8183,22.8843,-1.6007,43.8753
-3.879,-2.5836,98.3881,-3.8426,332.7345
4.9668,-2.6943,89.74,3.6261,341.6232
4.9177,1.7284,29.2953,4.0186,58.545
-2.5332,-1.2499,7.3119,-1.2812,18.0847
0.4728,2.8231,78.0627,2.0997,241.225
-4.9901,-0.0553,76.6088,-4.3173,261.8999
-2.2776,-2.2245,10.3354,-0.4534,16.5245
2.0088,-0.3895,60.6966,1.7912,189.1852
-1.3627,-1.7976,62.2633,-0.6179,163.6605
0.0376,1.117,75.9249,-0.0717,230.4929
-1.7817,-2.2882,10.8817,-2.1173,18.6914
3.3494,1.0973,93.5797,0.4006,333.8007
0.5024,-0.6523,20.2911,1.6181,45.6775
-0.1364,2.7791,31.2309,-0.129,62.684
4.9883,1.7524,57.0101,4.9792,152.0897
0.8112,1.4999,5.5368,-1.098,16.187
2.1172,-0.2909,96.146,1.121,352.36
4.098,1.6011,0.2461,4.1173,-2.8163
2.1036,-2.8432,32.0677,1.5836,93.9102
4.5154,2.4447,2.7012,4.2425,-11.1095
-3.9967,2.9005,36.2363,-2.7363,99.5337
-1.3101,-2.9153,43.1205,-0.8356,100.9648
-1.5213,0.1833,79.5769,-0.9378,239.3987
4.6059,1.3944,30.74,4.2853,61.0718
1.9942,-1.7239,46.893,0.0655,134.6424
-4.955,-2.568,13.537,-4.441,49.1054
-0.8432,-1.0699,88.1726,1.5107,283.8253
0.6921,0.4979,26.961,1.1065,60.7127
3.7431,-2.2656,67.0058,2.3086,232.2925
-0.1579,0.1683,28.6815,-1.3263,64.304
4.2967,0.6057,13.8918,2.9876,33.228
3.1478,0.3005,13.2952,3.6839,27.4879
2.2332,-0.5009,14.1626,2.3271,45.4042
0.8244,0.6772,45.2499,0.7066,111.4209
-0.2374,-2.0559,25.3831,0.3599,58.3653
-1.0136,2.913,53.922,-1.6638,141.2837
-3.8574,2.515,,-3.1214,43.513
0.4048,0.4346,49.9774,-1.1212,129.0297
1.3761,-1.2385,39.4246,0.3156,110.0021
-1.2472,0.0258,55.4063,-1.5678,144.2245
-3.5966,2.4476,50.0208,-2.6123,141.0703
0.2046,1.2505,21.3029,-0.088,40.9122
3.893,1.1049,30.4554,3.0676,78.6668
-3.0046,-0.7744,97.1917,-0.919,331.2736
1.3228,2.341,42.542,2.7514,102.9342
-2.1488,-2.188,27.4845,-2.4777,55.1978
-2.8308,0.6217,73.7997,0.0979,215.9157
-3.0302,-0.9798,45.546,-1.402,107.6845
1.5397,-0.9321,80.8705,2.8382,273.3645
0.6267,2.2162,32.2087,0.8113,68.5175
3.4877,-2.6433,10.1005,3.3091,42.436
-4.1096,-2.1716,99.2473,-3.2462,348.8109
-0.7823,0.0174,34.9881,0.1865,79.6609
-0.2982,1.2646,60.3371,-0.6274,165.3491
3.6183,-0.4046,96.8126,2.7613,363.4785
3.6614,0.673,31.0046,3.1173,76.4256
-2.7805,-0.1997,36.6768,-1.72,93.0308
1.02,-1.4816,84.6157,1.6016,288.5218
-3.6135,-0.4238,38.3296,-3.6789,90.2385
-2.4479,2.525,21.7885,-2.5969,46.3655
-1.953,-2.7274,68.898,0.3302,186.108
-1.6098,-0.6399,74.4739,-1.4925,219.2577
2.5837,-0.5746,41.3983,2.3594,112.5581
2.3508,-1.5694,95.0794,1.4761,354.4966
1.1438,-0.7257,48.9452,-0.126,133.8051
3.6089,1.116,71.1685,4.1205,228.1787
3.9001,-1.4162,90.4314,4.8931,330.6972
-3.3873,-0.9082,7.3003,-2.6485,29.6219
2.1931,-1.6414,36.251,0.8379,100.7984
4.9032,0.108,54.5686,2.8982,161.5005
3.2922,2.242,34.7555,1.507,82.6942
1.5279,0.5732,37.7629,0.5934,93.0501
-2.7898,-1.5582,88.7166,-2.2433,290.7982
0.055,-1.3598,69.4561,-0.8253,211.0899
-3.8057,1.1312,33.928,-3.5777,91.4367
-3.3969,-1.4369,63.4682,-2.5589,169.7329
4.4886,0.602,85.8711,3.1901,295.0088
-2.1323,-0.7305,82.2995,0.1521,249.1723
1.0874,1.0672,65.0327,1.0534,188.7936
-2.6229,-0.8643,48.1847,-2.1415,125.7052
-3.3905,0.9173,68.9938,-3.0577,203.7904
-1.5446,-0.1749,80.8349,-0.5862,251.4978
1.0881,-2.817,62.611,0.2424,187.515
-1.7308,-2.7739,99.35,-1.1818,337.843
-1.8354,0.1158,10.3916,-1.7552,16.2371
4.5457,1.6257,42.1088,3.9972,101.2513
-4.3284,1.6887,98.3922,-1.6575,348.0343
-2.2099,2.4844,80.6659,-1.4314,242.8882
4.9408,1.3573,0.8884,0.2525,-12.9207
4.6189,-1.5585,32.2422,4.0485,96.0553
2.938,1.3461,57.9489,2.7384,158.5835
-1.7345,2.7741,77.87,-0.0109,228.3062
0.4927,-1.7065,82.8102,1.2356,274.1872
1.4044,2.1411,62.074,0.4377,174.9842
-4.1204,-2.1222,8.1109,-4.0804,30.1574
-4.8002,-1.9483,64.1843,-2.8555,200.5161
0.4485,-0.5228,21.6898,1.7642,46.3316
1.6291,-1.6079,72.0739,0.3164,234.2828
-2.0706,-0.3076,15.307,-1.5198,25.4662
-4.9627,-2.7877,50.8823,-2.0942,150.0243
-1.4726,-0.5686,72.3805,-1.5015,212.5199
0.5049,-2.6739,47.5252,0.2828,129.3655
0.298,-1.4088,51.5767,0.9188,140.5609
-0.7634,2.6362,43.6938,-0.0164,100.3782
-2.4285,-0.7881,53.6777,-2.5528,133.7739
3.0087,1.9095,51.6409,3.127,143.4937
-0.177,-1.8569,75.0735,-0.7774,232.1417
-0.9086,-2.6227,10.4268,-0.3449,19.3866
-0.3608,2.0333,26.1097,0.3159,53.3678
-1.8565,2.0816,27.5743,-2.6883,52.6452
4.5538,2.8127,59.029,2.8435,162.3665
3.1606,-0.9874,17.491,1.8107,59.4285
0.3166,2.093,54.4677,-0.9557,141.1059
-3.825,-1.7035,77.3332,-2.9993,237.3706
-3.1868,0.4646,37.6193,-2.1045,89.5243
-3.2966,-1.0777,63.2932,-3.1892,178.8411
-4.6724,1.5757,85.3391,-3.1273,298.6019
0.452,2.7049,48.4864,2.1309,114.8552
0.3182,-0.4836,48.1066,-0.2179,125.1576
-0.7492,-0.3373,23.2149,-1.0547,46.4125
-3.5781,2.2957,20.4994,-1.5203,62.6694
1.4741,1.8996,56.7064,-0.559,151.4657
2.5692,2.6393,99.2669,3.1047,357.9048
-0.6109,2.5105,19.7028,-1.768,39.2639
0.1422,-2.029,44.8723,-0.2462,118.5687
4.3605,-0.4496,78.5417,4.0217,274.2965
-2.7558,2.0733,66.7384,-1.3013,190.6454
3.9429,-2.3447,23.6905,4.4522,73.5654
3.8882,-1.154,30.3776,1.517,88.3378
-2.9072,-0.6457,55.7625,-1.7655,156.9778
1.0657,2.7286,5.3973,2.0743,8.7168
-0.7327,-0.4634,71.5781,-0.0727,213.7297
3.0958,-2.6326,42.9258,1.7355,126.2402
1.5263,-1.8925,42.8855,0.4433,121.971
-1.0394,-1.666,89.0467,-1.7762,290.3594
-3.6746,2.8665,33.6457,-2.3563,90.5876
-2.8321,-1.1743,69.8363,-2.1832,206.1098
-2.0313,-2.6452,5.6615,-2.3692,14.0903
-4.8115,-0.8044,84.1439,-4.6388,278.0041
-4.8557,-0.0661,50.6705,-4.8208,149.2878
-1.5505,-0.1876,97.6582,-1.0406,334.4109
-1.8296,1.4096,81.0088,-1.7679,248.1636
-1.4133,1.312,31.1036,-2.4442,62.275
-2.8618,-1.6629,70.4098,-1.2975,205.1899
2.3786,0.4399,64.968,1.842,193.4164
-0.8597,-1.0378,14.8096,-0.1088,27.328
-0.1909,2.7727,76.8486,-1.6782,227.5913
0.5091,-0.9366,0.0198,1.029,9.6148
2.6319,0.5672,48.4248,1.3251,135.7323
3.6543,2.3408,26.7655,3.6004,60.5352
-0.2235,-0.0923,96.7806,0.6694,334.9647
-0.5154,-0.9176,45.3525,-1.1659,110.3574
3.2161,2.0032,78.9522,4.213,251.9347
-1.9057,-2.1603,8.3304,-0.6243,15.5529
-0.8607,1.583,57.9501,-1.6939,151.1902
3.9313,-2.7389,98.2093,2.6541,395.9279
4.7199,1.3128,17.9345,3.4504,35.7565
-2.2657,-1.9658,59.6947,-2.2231,156.3753
-1.4681,0.2582,20.1104,0.0295,39.9701
-3.3425,2.2826,0.6609,-1.0447,22.9603
-1.5671,-0.8831,46.3284,-0.7744,111.8057
-0.6118,1.0277,,-3.0713,241.1719
-4.2935,-1.1607,14.1031,-4.7135,42.1717
0.5561,1.8964,74.3683,1.0489,226.2485
-2.9631,1.9247,95.0568,-1.3347,319.2714
-0.6835,1.0582,58.8964,-1.9715,154.8726
-4.1588,-0.2849,26.8988,-3.217,81.4826
0.3391,-0.6321,73.8883,0.7208,232.0962
-4.5288,-2.525,3.5224,-3.1446,31.0266
-0.8597,1.1451,59.3444,0.7716,157.6533
0.1114,1.9513,87.2281,1.101,285.2364
-0.5119,-1.4514,63.527,0.6765,183.0058
0.1261,2.5387,45.6936,2.5868,107.5989
4.5427,-1.9676,86.7461,5.7807,322.5135
1.9992,-1.449,30.2772,2.3144,80.5594
4.1245,0.8535,94.8254,2.4372,341.8495
2.6302,2.3204,90.0654,1.9068,313.609
1.1676,-0.4793,17.9298,-0.7416,47.4054
-1.0477,-0.496,4.6886,-0.495,12.1432
-0.2212,-2.0594,91.416,0.5535,310.7902
3.5215,-1.0379,4.0944,4.9492,25.1486
-4.8351,0.8342,94.4044,-3.7169,344.2529
-2.8907,2.6112,41.2317,-2.4676,91.3921
3.973,-1.8464,37.0809,2.8195,102.6161
2.3876,-2.6964,70.2312,2.8115,239.8606
2.5152,2.6047,83.2329,2.4396,276.4986
-0.0235,-0.2349,12.6589,1.5692,27.965
3.8218,2.7157,52.2843,4.0753,134.3598
-4.25,-0.9883,89.5774,-3.3151,296.9622
0.9843,-0.4328,30.433,1.7296,73.6081
-2.4219,1.6142,76.0972,-4.1752,225.5383
1.1176,-2.4666,68.6545,2.1759,214.5512
4.5193,0.9317,90.5272,3.8475,314.7762
4.7444,-1.6477,67.7578,1.7829,223.4229
-4.9391,-2.2774,2.3601,-3.6537,37.7767
2.0904,-2.9775,41.2621,1.2989,115.5287
4.9823,-1.934,5.8005,4.0456,28.0724
-3.6531,2.079,11.4605,-1.8899,39.6246
-2.1184,-1.5011,56.1092,-3.6621,143.6162
4.5938,-0.1178,74.3791,4.5055,247.7564
-2.6736,-2.7768,51.3089,-2.6549,125.1139
-4.3126,-1.5648,20.4309,-3.9066,56.3142
-4.5047,-0.6572,96.587,-3.2267,352.1787
-2.2577,0.1385,43.0838,-1.0908,100.9385
2.9367,-1.503,45.7818,2.3181,137.7227
-0.654,1.6548,52.1095,-1.7789,129.0752
2.2293,-0.6848,36.7645,1.3803,101.7021
-0.2014,2.4599,14.8108,-0.6897,26.8182
-1.8288,-2.6078,15.5475,-1.6621,26.3659
4.0861,-0.36,37.6445,2.1569,97.3506
2.1171,0.7372,76.2621,2.0078,248.5042
2.5289,0.4037,25.2858,1.0285,62.8505
1.1002,0.5423,41.3899,2.5938,107.5999
-0.2576,2.4517,75.6424,-0.5326,224.5845
-2.8492,1.8979,28.9485,-2.1609,67.2256
1.6458,-0.2384,89.3384,2.1903,307.8269
-2.7605,-1.8188,91.3028,-1.733,296.9861
-0.2151,0.6291,19.5396,0.0902,39.1042
-3.1555,0.7521,91.874,-4.1533,303.8047
2.3977,-2.0354,84.062,1.4873,304.6929
4.5006,1.3089,26.0686,3.8935,55.9897
-4.2256,-2.0309,48.3283,-4.7209,132.5941
2.0768,-2.1861,32.693,1.167,91.8257
-1.2141,2.9034,25.6789,-0.1335,46.8628
1.4923,-1.5029,28.8041,1.5244,76.4869
-0.1997,2.2757,62.5824,-0.8744,168.488
-3.3539,-0.4467,95.0624,-2.0591,318.6591
-3.5027,-2.3651,21.5616,-2.2958,54.7161
0.0453,0.9385,66.4325,-0.7756,191.0257
-0.9994,1.2468,62.5369,-2.7962,171.9322
-1.8615,-2.3258,32.5612,0.8498,71.6642
1.6,-2.3973,10.7972,0.7822,31.6433
3.9573,0.1108,96.4006,4.2809,361.8919
1.8384,-0.6593,89.4582,2.5411,318.078
-0.6524,-1.7233,20.8689,-0.6578,44.8761
-1.4796,-1.4644,28.8552,-2.5207,59.937
2.6686,2.2757,19.1657,2.4294,35.1944
3.8353,-1.5854,38.5836,5.1756,122.7553
-3.4581,0.6258,50.885,-3.4762,141.9916
3.1926,1.3756,32.7115,3.2247,78.8543
-3.8152,2.8575,75.0831,-2.4352,232.9852
3.5953,-0.4542,71.9293,3.4906,235.673
4.5385,1.3366,29.7616,3.5264,64.0413
3.1636,-2.0353,67.2782,4.2718,231.3484
1.7915,-0.5997,58.3709,1.5821,169.9021
-0.349,-0.2935,4.1114,0.2407,8.1098
-1.384,1.4925,45.1749,-0.9579,103.8432
3.8589,-0.3467,22.756,2.364,71.4528
-3.4195,-2.3549,70.0963,-2.3356,196.3351
-1.7768,-2.6868,50.8498,0.0129,124.2709
-3.0009,-0.4089,50.4476,-4.0454,131.1409
-3.1129,-1.6839,89.9895,-2.1153,294.161
-0.7641,-0.7033,75.5636,-1.1224,230.9706
-2.4422,-0.8333,91.0293,-1.6827,298.2991
-3.2784,-2.2792,6.9107,-2.9452,14.0847
2.58,2.2097,49.0966,2.1477,135.0367
0.8831,2.211,8.4162,0.5639,15.8532
-4.7166,-1.7329,55.4494,-2.5364,171.5085
-2.0673,-2.5287,60.569,-1.5262,159.3599
2.7186,-2.1697,23.5239,2.9152,75.5718
3.6001,-0.7495,62.3832,2.9944,196.1716
-3.1929,-1.1502,48.2695,-1.0873,125.2726
-1.2353,2.8591,13.7663,-0.6718,21.977
1.1456,1.0434,67.7556,0.6207,198.7502
2.6084,1.2999,2.4469,2.7969,3.1633
-3.3336,2.8114,95.6707,-2.7843,321.8024
-0.2073,2.7009,30.0509,0.6078,63.3139
-2.4261,1.7169,4.9729,-3.4915,13.5215
2.3402,0.0221,66.4036,3.0458,208.9167
1.9728,-0.8964,41.4811,1.974,117.3014
-3.4159,-1.2856,89.6044,-1.2657,297.1006
2.12,-1.0387,15.1948,2.2903,47.4657
1.3472,-1.0055,32.5191,1.74,87.4832
-4.3016,-1.8059,26.2151,-2.9073,72.3155
1.1912,-0.6304,33.0508,-0.055,80.3328
-2.0494,-1.8634,6.8015,-3.3698,11.5638
4.1274,2.8323,99.9094,3.6821,367.1212
-2.2795,1.5791,67.3824,-2.1132,193.5889
-4.7398,0.5044,77.7443,-5.4226,265.5566
-3.6397,-1.1879,63.0618,-3.4825,172.8952
0.6298,0.8305,12.596,-0.061,27.4846
0.8141,-1.6619,72.7292,0.0112,227.0993
2.2375,1.9919,34.1884,4.6121,77.5729
-0.4692,2.2397,,-0.9588,52.7648
0.5867,-1.1206,45.1408,-0.6158,120.1139
2.9697,-2.5409,94.9119,1.4128,359.9723
1.5196,2.5541,80.1624,1.9505,251.1146
-3.97,-0.4562,9.641,-1.7823,35.1554
2.8597,2.1589,78.5809,2.5353,251.4715
-3.5682,2.2237,25.2061,-2.1326,65.2935
-0.4204,-2.503,8.8887,-0.4788,19.6879
-3.1607,-2.9351,86.4934,-2.7257,272.6912
2.8534,-2.6509,52.8486,3.5926,169.8672
2.4607,-0.62,80.7904,2.416,276.7366
-3.0958,2.1594,49.121,-3.8414,125.6923
3.5834,0.958,85.8965,2.0998,295.6987
-1.5,-1.6328,82.5501,-0.8591,259.3868
-4.5394,0.567,21.037,-2.4632,74.528
0.9114,-2.8451,13.8095,2.1688,41.9993
-2.164,1.7156,79.6678,-3.7282,240.6705
-2.2449,2.1478,40.1418,-1.6074,90.8184
-4.4451,-2.5105,44.888,-3.6977,111.4531
-4.9969,0.7444,7.0873,-5.5523,57.3786
3.6414,-0.4897,37.0038,3.7475,106.7613
-2.736,-2.8395,4.5589,-1.156,7.6297
-2.3666,1.7133,33.6922,-1.9064,76.5083
3.7574,-2.9314,72.6059,3.5078,255.106
1.7534,2.9071,49.3286,1.5281,124.7665
4.2756,-1.827,98.5539,3.5535,386.8042
-3.9086,0.3955,76.5346,-5.1385,242.4395
0.1646,0.9935,79.9085,1.1311,249.6219
2.4948,-1.1592,48.9025,2.8235,136.054
-1.613,-2.0952,17.0391,-1.1606,23.4709
0.3717,-0.7627,0.9733,-0.1902,6.7525
-2.9622,2.8018,0.1318,-1.7947,19.4144
-2.232,1.144,12.1027,-1.4836,24.3103
4.9354,-2.6238,2.4309,4.3603,30.309
3.6909,1.4479,,3.8643,155.1946
0.054,-0.6539,80.426,-1.3838,257.4931
-0.3632,-2.1524,,-0.0125,14.6093
-2.5546,-2.1176,67.572,-2.6775,186.017
-4.1757,0.052,21.2391,-4.9491,68.6084
-0.372,-2.4588,87.3104,-2.3287,287.8614
4.7792,-2.9248,93.9699,3.8491,361.3018
0.1458,2.3748,99.6534,1.6032,347.801
1.1245,-1.9832,15.7612,0.254,44.3458
0.3543,-2.3406,36.2492,0.6254,88.7071
0.3545,2.645,26.3046,-0.7493,52.2524
-2.9614,-1.8944,82.7334,-1.7262,257.7262
1.0209,-1.624,49.3478,0.8197,138.3238
-0.3479,1.328,84.8211,-0.7242,270.9051
3.3721,1.8275,35.3344,1.6807,84.8982
-2.904,-2.0828,74.3577,-1.1138,212.1816
0.0453,-1.1148,1.8196,0.7894,8.7591
1.2731,-2.9975,34.2783,-0.7922,88.4051
1.5205,-0.3706,88.0443,0.0054,303.0969
1.6869,0.0656,66.514,2.3721,293.7073
2.3347,-1.0368,50.8451,1.7582,151.1851
4.4754,0.5982,36.7346,4.0176,91.8812
-1.8083,-0.7896,20.0851,-3.8864,32.8937
4.9567,2.3243,40.7303,3.4396,79.6545
-3.0458,0.1212,39.0404,-2.723,97.686
-0.3158,-0.8397,24.2318,-0.0106,51.3404
1.5853,-1.8023,98.7055,1.642,364.9947
-4.7342,0.639,41.2769,-2.7917,134.1955
3.4143,-2.7019,75.5307,4.3423,264.4674
2.9922,-1.0065,5.0987,2.3259,28.2922
-3.099,-0.2657,14.7187,-1.9067,41.6356
4.496,-2.9924,71.8112,4.2816,248.4765
-3.1907,2.0392,62.8561,-0.9121,274.5867
-2.1609,2.7733,52.7681,-1.5791,132.174
4.3166,1.4979,27.0872,3.9358,54.7564
-1.2168,-0.5084,69.5851,0.2406,201.5492
1.6683,1.8572,90.2128,2.8573,309.9487
4.2192,-1.6689,88.0734,3.1534,323.4762
-0.2078,0.9138,7.8575,-0.3916,11.4745
3.2641,0.408,23.2594,3.1804,59.3313
-4.7624,-2.6955,86.2496,-3.6248,287.167
3.6802,2.214,56.0964,1.8879,143.5257
4.3771,-0.7108,84.9745,3.8487,308.273
0.3129,-2.4488,94.5539,1.2285,329.9553
-0.3262,-0.4755,68.2972,0.6188,199.9904
2.1492,0.4699,36.6599,1.6695,8.349
0.1274,0.5183,21.8062,1.4993,47.467
4.204,1.8168,0.137,1.7652,0.2832
0.6065,1.2043,54.8815,1.5196,142.2914
-3.7112,0.6613,18.5149,-3.5408,53.4661
-4.7017,0.7908,19.3587,-3.3803,79.3556
1.7794,0.6347,66.9377,2.6615,201.306
2.2046,2.1971,9.1851,1.6535,14.8061
0.2189,2.9065,70.0727,0.7519,199.5014
1.2271,-2.2323,47.4138,0.6712,135.1062
-4.1692,1.6675,51.0965,-4.7936,151.1243
4.5697,1.7041,77.3732,5.1941,243.3105
-4.8987,2.9925,95.3301,-4.2758,360.0127
1.3707,-2.1801,35.6289,0.0142,100.608
-3.4399,1.3478,87.2898,-2.4864,287.9902
0.9645,0.0227,12.589,1.2663,31.0578
0.641,1.2935,58.0424,-0.3198,157.9572
3.0436,-2.5495,90.2782,2.7885,340.9959
-2.976,2.7457,63.9668,-1.1518,174.3193
3.2137,1.6421,5.1742,2.41,16.1876
-3.567,1.5253,22.1294,-2.9868,56.2089
3.3226,0.1721,12.125,2.4666,33.5975
2.1141,1.259,14.4437,2.7254,36.2822
1.7899,1.1611,66.5407,1.6521,195.7193
-1.7121,-1.3235,34.9923,-2.8447,73.6626
3.1576,0.9837,17.3906,2.2467,47.6621
2.2137,-2.8448,56.1763,0.0974,173.7362
3.2823,0.7891,60.2547,2.519,172.6658
-2.402,-0.1723,63.4006,-1.1678,171.8964
3.7911,2.7906,4.5589,3.8194,-4.7744
3.3412,0.6972,79.5915,4.1155,267.4388
4.5562,-2.1244,72.2571,1.5256,251.0899
-2.2856,-1.1999,8.948,-3.4626,16.9786
-1.5359,1.0655,54.1139,0.1688,142.6252
4.8128,1.2383,35.758,3.7517,81.7684
-2.3519,2.9232,92.0734,-2.5603,299.0443
3.2056,2.6793,10.8695,2.4631,18.754
0.9218,-1.585,3.4951,1.8959,17.9331
-0.6491,-0.4977,24.7743,-1.0691,50.4259
1.2285,1.097,69.8638,1.8195,209.9173
-4.8352,2.5937,28.265,-4.025,96.8147
3.194,-0.6465,38.7379,2.3479,111.5378
1.2179,-2.259,29.3425,0.9625,78.443
-4.7956,0.5208,35.7635,-4.9138,117.2618
1.7224,-2.4178,10.3916,2.9867,36.0394
-3.4503,-2.9798,60.3877,-3.1341,165.0072
-1.2582,0.6975,52.8249,-1.6628,131.5497
1.3024,1.1181,,-1.1075,235.0778
3.2865,-2.7986,68.5164,1.6398,235.7035
0.6515,2.6115,52.6344,-0.4578,129.3627
-0.356,-1.4381,73.7734,0.7386,226.3334
-3.6237,-1.24,40.2684,-2.8904,98.4568
-3.2415,0.2867,14.6776,-3.5571,42.9493
-4.2189,0.4908,0.2629,-3.0786,30.2547
-4.4479,-0.6409,99.2395,-4.2394,346.4385
-2.1168,0.9546,17.6239,-2.8188,34.0425
3.4634,0.8692,65.1224,3.6772,204.8575
0.5546,-1.7905,28.1736,1.2845,64.3367
-0.8545,-0.4392,40.3587,-0.9566,97.4699
-4.3086,1.4011,42.7531,-2.3942,123.4099
-2.8053,0.0788,7.7345,-4.0756,24.2339
2.3994,-1.2615,23.1375,4.6401,64.3926
-2.92,-1.0807,61.1065,-2.3396,168.3969
1.1779,-1.115,63.1721,1.9433,186.888
-3.5077,1.7034,9.0695,-1.4521,32.4254
2.4628,2.302,23.0069,2.0659,46.65
3.4441,1.349,29.4737,2.3727,80.2238
4.2168,1.8261,41.2249,3.258,99.7092
0.9571,-2.9101,87.1552,-0.2252,297.8277
2.2982,-0.7624,14.1184,2.6085,37.6321
4.4925,-2.6518,65.3591,3.436,225.5627
1.7351,-0.5664,40.2871,1.0499,108.6583
-1.7523,-2.275,88.8559,-0.9144,280.61
-4.8881,2.6017,21.1497,-3.6301,87.6599
3.6077,-2.6693,66.0061,3.6769,222.8611
-4.0477,-1.1439,95.6493,-2.2571,328.1097
-1.6301,0.9118,85.4886,0.7651,273.3143
-2.9094,-1.9702,95.3467,-2.5692,319.4784
-2.5402,2.5421,51.2495,-1.6678,132.1925
-3.9142,-0.4649,70.5787,-3.7098,209.3919
0.6297,-0.0382,80.0922,-0.3267,260.6397
-3.1621,-2.323,94.6717,-2.5889,314.4511
-3.5205,-1.0221,45.6912,-3.9714,119.4746
4.239,-1.3198,68.1473,3.7456,226.1923
-1.7164,2.1914,10.3716,-0.8928,19.9154
-1.7838,-0.7604,84.1419,-1.8239,262.546
4.4415,0.7432,84.2853,4.665,289.9244
-4.2817,2.7538,15.3977,-1.3929,55.7128
0.5429,-0.7227,17.2686,1.3072,41.2872
3.1402,0.4362,32.3592,3.0314,85.2936
1.1767,-1.1717,51.6794,0.8685,147.371
-3.2333,0.082,20.6985,-3.2394,51.1893
4.8731,0.9968,83.8264,3.8228,285.5695
-2.717,2.1446,51.9325,-3.0327,128.4807
4.9886,2.0734,60.6627,4.9148,167.5291
-3.9134,-2.9477,54.0857,-2.6063,139.1739
2.1,2.5132,56.5974,0.1998,151.0977
-0.8966,1.5042,61.2238,-0.5767,164.0671
3.1251,0.663,89.4462,2.1236,314.4701
-3.6908,1.2578,12.2972,-3.0259,45.9415
-2.8823,-1.4717,27.4353,-1.6885,61.2788
-0.7183,2.3937,61.9551,-0.4412,163.2743
-0.1504,2.5158,26.8847,0.8047,51.0806
-1.0816,-1.737,49.9875,-0.856,123.074
0.0418,-0.8496,12.9124,1.3719,29.8508
-1.786,1.6929,11.531,-1.2633,24.1401
-2.1145,-0.5332,71.2509,-1.532,210.7171
3.8768,2.7985,88.8197,1.6913,294.7925
3.6273,2.4117,79.5328,2.5898,250.5874
-2.1177,2.9118,15.8462,-1.9403,24.9638
4.6458,-1.6643,79.541,3.5552,288.7398
1.9188,2.6531,33.3307,2.2401,75.1065
-1.5729,-1.5397,23.1953,-0.0898,45.1419
-3.4834,2.9695,81.8571,-2.9329,254.574
4.6741,1.5559,40.2678,2.5374,99.2289
-3.3917,-0.5098,84.0129,-3.5388,264.9698
1.6849,1.2513,0.0648,1.1176,2.633
4.6759,1.5319,83.7951,3.0059,275.2585
-4.427,0.1664,33.0515,-2.8064,97.8015
3.0265,-0.3334,78.4689,2.0585,268.5752
4.532,-1.1148,63.2742,5.257,204.3369
3.2661,1.7224,35.112,2.4946,82.5173
3.7923,0.7911,39.1344,3.7457,99.9114
-4.513,1.7548,9.7326,-6.2321,57.461
1.7474,-0.7031,24.3445,0.6964,65.7908
-3.2968,-2.0178,60.0251,-1.2592,150.2591
-4.8097,1.6362,87.4362,-4.6079,314.6725
0.3048,0.0101,97.0307,-1.0486,344.6098
4.9826,1.1791,97.8341,4.1508,360.065
-4.7171,2.6931,9.7217,-4.1503,58.2941
-3.7539,2.8542,67.541,-3.0278,200.7258
-2.5579,1.8543,43.7953,-3.7509,105.6086
4.438,-1.7145,33.338,3.649,95.7485
-2.354,-2.6089,96.9079,0.4725,322.7706
-0.2651,0.6725,38.8137,-0.8412,87.9368
3.2812,-2.9799,88.0641,3.2615,325.8022
-3.4769,-2.6019,50.0276,-3.8057,125.3373
-4.8233,0.5627,3.4944,-4.2619,51.8098
4.1922,1.6922,30.4069,3.621,70.0215
0.576,-1.7631,66.341,0.6599,200.8588
-1.1898,0.6418,39.2087,-0.9562,86.505
2.2577,-0.5957,27.1116,2.6954,74.7929
4.1947,-0.4152,62.0869,3.7463,196.5151
-3.1686,-1.266,92.1791,-3.8507,303.9057
-3.2481,-1.3039,16.3928,-2.303,40.6928
-0.5498,0.2241,22.5285,-0.0397,44.8884
1.5182,-2.2448,97.9818,2.6665,361.8631
2.0818,2.6948,41.5562,-0.0189,96.437
1.7185,0.0092,82.9193,1.589,278.6817
-0.4162,1.9651,20.2506,-2.8937,35.6064
2.2191,1.6878,14.7222,2.5753,34.0189
-3.6115,1.7652,38.0548,-5.1028,105.2769
0.5622,0.5628,96.3019,-0.3984,331.4939
4.9337,2.1832,83.9713,3.7353,274.3998
4.1258,-0.5534,24.6243,3.2753,76.7527
-0.8769,-0.8539,65.4154,-2.2425,184.8233
3.3212,1.5928,18.3562,1.4296,39.9137
0.6483,-2.1769,0.9938,1.4629,13.2296
3.6905,-1.3986,40.3506,1.8766,198.1083
-0.0609,1.1761,79.359,1.1752,247.8746
3.3917,-2.6262,71.7913,1.5547,244.2163
-4.7729,-2.4254,88.616,-2.5515,302.5771
4.9977,-0.4282,79.3968,4.7157,388.8167
1.9927,-2.9443,73.6924,1.6056,243.4767
-4.4244,0.8304,84.2021,-3.8235,287.0254
-2.3597,0.3784,31.2939,-1.684,70.064
-4.8419,0.8033,14.3382,-1.7096,68.5693
-3.3806,-0.4637,61.0035,-3.7843,169.3422
4.3,-1.2052,52.9524,2.2962,167.7839
0.4307,-1.3237,65.6395,-0.323,199.0373
-4.4159,-0.2842,38.6473,-2.2755,107.8547
4.1514,1.8581,80.1025,3.6995,257.7458
-1.6932,-0.8417,56.9945,-1.5645,150.7194
3.2701,-2.7009,36.1274,2.2042,114.4943
4.3293,-2.8962,61.1497,3.8302,205.4975
-3.4088,-0.7815,38.529,-3.604,95.3438
-0.532,-1.9593,22.0735,-0.1472,45.1746
-3.8151,-2.864,41.807,-2.5897,98.2567
-3.9823,-0.6729,25.8708,-4.8251,75.8343
2.7936,1.6401,13.7178,-0.4663,34.5305
2.6341,2.1173,11.0061,2.8233,15.9692
0.484,-0.0018,78.1707,1.7532,247.8144
-3.5345,1.7015,99.6299,-3.0516,357.5267
-3.8925,0.2868,95.3581,-3.2212,329.6322
0.1569,1.7417,34.2146,0.1271,72.7053
4.2294,-2.7555,61.7995,4.9403,212.6255
2.1662,-1.2925,64.2441,0.3858,199.2379
-2.3235,-2.0688,73.6074,-0.4212,215.4407
-3.2482,-1.6187,,-2.8956,26.2411
3.8978,-2.2781,79.4017,3.2094,285.0271
0.9368,-0.2893,88.0002,2.5276,298.5087
-1.6028,-1.1152,60.0456,-2.1131,163.5517
1.8525,0.0878,58.018,2.0927,168.0017
-0.8309,0.8219,9.3938,-0.4789,14.5556
-2.7005,-2.7668,34.4508,-3.9145,66.4662
-1.5633,1.0687,71.8874,-0.4185,212.4933
-3.4604,2.7475,41.5284,-2.5383,103.4927
-4.5957,1.2331,70.0271,-4.5043,228.2298
-0.1762,0.6428,26.7958,1.2274,54.4922
-3.3661,0.9354,9.1686,-2.1034,27.7736
4.9281,2.0394,22.2228,2.8315,33.6959
2.2968,0.5069,90.871,0.1222,317.7646
1.3423,-0.4452,79.3066,2.2451,260.4222
3.1252,-1.9282,44.0846,2.2066,139.3666
1.0593,-2.5191,23.5796,1.8383,64.4164
4.2484,2.4468,22.1149,3.2281,36.8462
4.7613,1.8613,0.229,4.7398,-6.7519
1.0212,2.0184,61.5733,0.7058,174.7543
0.0999,-0.4281,43.7235,-1.6429,111.0218
-1.7208,1.1911,58.4858,-1.2734,154.34
1.0636,1.9853,25.2662,0.5929,52.3622
-3.7934,0.3808,32.305,-3.1741,88.9174
4.6183,1.8872,39.4993,3.8604,99.7707
-1.5513,-2.907,34.8321,-1.0914,71.6825
4.7962,-1.2496,20.8503,5.101,64.113
2.5772,-1.4529,89.5607,1.3695,320.1182
-2.6334,2.4762,5.2305,-1.0019,20.4551
-0.35,0.4669,26.6162,0.3679,55.8774
0.9296,0.3008,26.4084,-0.5192,59.9506
-0.5014,-0.7042,51.4059,-1.2979,131.1436
1.2605,0.6777,56.7972,2.6191,161.7322
-3.2622,2.9029,60.0386,-2.2287,168.6393
-3.1122,-0.1816,36.4993,-2.2207,87.3634
0.5238,-0.8697,66.1591,0.2491,198.5211
-4.424,1.8812,10.3024,-4.7333,53.8807
-2.9228,0.4042,36.95,-1.5989,94.1585
-0.6858,-0.3481,45.5564,-0.5821,111.0662
-2.7035,2.3189,9.4798,-2.2658,17.7771
-2.1151,-1.1255,1.07,-1.748,4.9611
-0.0649,-1.8856,0.9033,-1.0389,10.7928
3.2391,0.43,81.734,3.304,272.4551
2.2572,-0.9783,51.5236,0.6057,153.4359
-3.2108,1.1436,71.2533,-2.3052,214.0226
-3.6611,-1.9123,37.0752,-3.8248,90.7177
-0.0874,1.3698,51.0467,-0.8452,127.6838
-2.4545,-0.8127,23.6852,-2.4464,49.8425
-4.532,-1.6411,62.201,-3.4399,182.3781
-0.6041,-2.2805,19.1442,-0.2208,39.6288
-0.6791,-1.9221,5.2888,-1.6213,11.6367
-4.6582,0.1234,44.6128,-2.0265,136.7728
-4.5263,2.7956,89.4272,-4.4141,322.0884
-0.9786,2.5902,70.5018,-0.8355,196.128
-4.1515,-2.9306,37.6298,-2.7783,86.6806
-2.7763,-2.2023,9.0784,-3.0027,19.3976
-0.2469,-2.667,38.1333,-1.6694,89.3208
-4.8408,-2.5702,64.9808,-3.7989,194.5176
0.6314,-2.1519,83.0437,0.5257,275.1286
4.8076,2.2784,48.0059,4.2913,117.9899
1.9604,0.9324,22.3158,1.8465,49.6358
-2.9599,-1.1833,11.1052,-3.3975,23.4579
-4.6357,-0.7712,71.6935,-3.0595,230.0764
-4.5985,0.5949,71.4837,-2.7432,219.6987
-0.8836,1.0787,90.243,-1.5907,294.8577
-0.4498,-2.6866,17.2103,-0.0044,41.4153
4.5586,1.4268,90.9133,4.0044,306.0862
1.6792,0.7025,13.9127,0.3594,37.2569
-1.5618,-0.3695,26.5345,-1.3662,63.1249
-2.228,1.0865,62.1371,-1.9507,166.8157
2.0127,-0.7151,23.9195,0.7902,68.8172
-1.3962,0.378,84.7501,0.2701,265.1198
-4.9907,2.0002,36.2117,-5.9513,120.3963
4.3998,1.2193,95.9901,3.7605,351.1445
2.0377,0.3655,66.5679,1.1838,201.6741
3.888,2.9163,36.821,3.8259,82.7767
4.5968,-2.6137,31.8522,3.6284,93.5392
-0.4511,-0.8238,34.2608,-0.1257,77.1539
2.5934,2.4646,89.2586,3.5613,300.8958
-2.9563,1.0207,97.3037,-2.7887,332.8482
-0.6168,0.2457,66.6558,0.3282,184.8705
2.791,-1.4898,4.6992,2.8514,32.3806
-3.7942,1.2622,46.2526,-3.5597,132.8359
3.0619,-2.6725,51.0579,4.3151,158.1856
-2.0361,2.5078,48.4417,-1.733,110.427
-0.9314,0.8966,27.6969,-2.5041,58.2615
3.3002,1.5899,80.3889,3.4739,257.5928
-2.293,1.8916,82.8574,-3.1298,251.6666
4.5321,0.2271,58.3587,2.32,174.4918
-2.8482,-1.182,45.7013,-2.8463,115.8951
-4.8317,1.8977,55.9147,-3.5255,181.2365
2.8201,-2.3664,75.4929,1.4497,265.5359
2.7875,-0.4222,60.887,3.6531,186.8536
3.5813,-2.4003,89.4909,1.3213,333.6556
-3.288,0.1131,45.522,-3.5401,118.3805
-2.6455,-2.6206,88.4823,-2.7107,282.2717
0.4681,0.1598,18.3465,0.9958,43.8072
-0.5037,0.3202,20.409,-1.5799,42.094
1.9632,-2.3011,23.8037,1.3491,75.2711
-4.2704,1.8715,87.3923,-2.3681,302.0306
1.2146,0.2967,55.2479,0.082,157.0544
-2.4756,2.924,31.3054,-1.6776,71.6435
-3.5197,1.9951,47.0087,-2.7889,125.7738
1.5623,0.0769,27.2985,0.8394,69.5973
-4.8216,2.029,96.9764,-5.501,353.3766
-1.9666,-0.3874,56.0517,-1.1657,141.2952
-3.2051,0.2913,60.7805,-3.5019,171.2751
4.7088,2.1601,30.1017,3.9369,58.7607
3.9612,-2.5929,76.3269,3.9491,272.1276
-0.5633,-0.5714,46.3007,1.0645,115.9412
-0.1649,-0.6581,77.1503,0.5177,239.0385
0.532,-2.3097,37.7803,0.1715,90.7657
4.9028,-2.2365,44.6391,3.0593,134.1115
3.6742,0.0702,71.1159,1.9116,230.8579
4.7562,-0.008,25.5308,3.9818,68.4016
-2.657,2.7134,0.9249,-1.0475,5.7345
1.083,0.4383,70.1499,2.4549,210.2355
1.9819,-1.2046,78.6199,-0.0826,265.8948
3.2763,1.4631,58.4799,2.3815,163.3946
-1.8779,0.8219,81.9926,-1.897,259.5411
1.428,-0.8989,68.9768,-1.306,218.9701
-4.0598,2.5433,79.5667,-3.2539,256.1784
-4.8342,-1.2852,,-3.3843,212.4895
-2.8546,-0.2621,65.5794,-3.225,187.6114
-0.5709,-2.7895,16.8953,-0.525,34.0967
4.6648,-0.0809,14.0906,3.5807,41.8913
-3.5383,2.3095,41.7601,-3.7954,110.9631
1.7475,-1.6631,59.3678,1.2902,183.8857
-0.9264,0.9008,33.1086,-0.1555,70.76
-4.9265,1.0278,98.423,-4.7767,368.8197
1.2476,-1.8129,74.8777,-0.0705,244.2385
4.5852,2.4651,71.3073,3.4109,211.0296
-0.2058,0.0532,16.4478,-0.3776,36.0343
-1.6314,0.2395,64.1397,-1.3872,174.0268
3.5655,2.8138,40.078,3.8137,89.9722
1.491,-1.3634,57.7051,0.5325,172.8256
3.3832,2.9944,58.6598,0.6671,155.4781
-1.008,-2.1457,60.8076,0.5949,162.4368
0.5233,-2.8838,65.5482,-1.1859,190.6293
-4.4238,-0.2243,84.1789,-4.9382,287.9016
-4.4962,-1.6095,79.7153,-2.1251,246.6304
3.7575,0.7905,24.6737,4.104,61.4264
-0.0291,2.2662,31.442,-0.9541,66.658
2.5588,-0.0131,14.3874,2.5342,44.9137
-3.6179,1.0673,71.9445,-3.4807,217.0361
-1.2641,1.0179,65.4479,0.0878,181.7172
-4.412,-1.5846,58.3458,-4.6323,159.039
-3.619,1.7084,12.4699,-2.1195,39.268
-2.0213,-0.007,71.4402,-3.2844,204.5526
1.4482,0.4427,69.0352,-0.1337,213.7302
-3.0104,2.8882,21.7168,-2.0779,53.391
-1.6387,-1.4633,16.7636,-1.9736,29.303
-0.5772,-1.5103,28.6783,-0.8264,62.7178
2.2411,-2.5616,53.1692,1.7574,166.226
-0.0939,-0.8115,96.7754,1.5692,337.6856
-2.6031,-1.2014,24.3073,-2.0272,49.0282
-0.0671,-1.6216,25.6025,-0.8962,57.0462
-3.0233,-2.8818,57.3962,-1.328,146.6878
3.4276,1.7754,84.9762,3.3575,279.4421
3.1573,1.6419,50.0851,1.6861,137.783
2.7432,-0.4045,92.4848,3.0959,333.5464
3.1029,-1.7874,31.8597,2.0685,93.5594
-4.8214,-1.2782,94.7795,-2.9283,336.5249
-2.5112,2.7208,7.3697,-2.6939,22.1657
0.5216,-2.546,95.9131,1.6681,342.6697
0.0729,-0.4538,94.8656,0.3006,327.7966
0.183,0.5829,26.0145,-0.2309,62.1081
-2.9024,1.9137,1.1625,0.4542,25.504
4.2676,1.2194,5.2783,5.6912,10.2326
-1.0593,-0.0774,37.0369,-0.4952,83.0385
2.2623,-1.2689,62.3588,0.4638,199.592
1.2167,-0.9167,78.0437,-0.8622,255.4563
-0.649,1.2407,43.9406,0.5524,102.1565
-0.8777,0.3165,9.2668,1.9894,13.7708
-3.8918,1.7954,31.147,-2.2937,92.3322
4.8689,1.4899,93.1559,1.6975,330.5606
4.9556,1.7642,98.4643,5.8951,359.8155
0.2086,2.498,8.8012,-0.5088,12.9391
4.8818,2.2951,29.8561,4.6938,57.2241
2.5316,-0.4897,54.9059,1.494,163.4054
-2.2436,-0.1416,94.7129,-1.386,313.1448
4.174,-2.1279,78.2062,2.8031,279.62
0.6386,2.1003,79.2036,0.0115,249.0256
1.8783,-1.4589,20.7974,4.1818,58.8112
3.9271,2.331,87.5331,1.4514,446.7469
3.407,-1.3647,64.602,3.9273,207.9851
-3.1325,2.461,46.0329,-1.6336,113.3334
2.4528,-2.2803,58.2077,0.1363,187.0815
-1.9725,-1.7755,88.1602,-2.1312,286.0246
-0.5506,1.2914,99.2937,-0.3582,340.4626
0.7121,-0.9415,98.6176,2.0754,356.9003
1.5885,-0.9465,94.6151,-0.2511,340.2998
3.2311,-0.5832,26.9876,2.3753,75.9908
4.2185,1.8694,58.5163,2.0235,167.4864
-1.9323,0.7939,0.2859,-1.3004,5.9498
2.2474,-1.9174,96.3264,0.7052,358.1811
3.8208,1.1872,,1.8554,96.9062
2.7402,1.8443,79.7575,2.7116,257.6909
-3.3658,-0.7654,32.5356,-2.0127,83.5382
-1.6371,1.1531,4.7209,-1.6943,9.5597
-3.2763,0.0551,43.9988,-3.7617,108.6222
-4.7885,-2.8316,14.3244,-3.625,53.7674
-4.2876,2.1838,36.2838,-4.5262,110.5465
-3.3447,2.0302,10.3006,-3.1142,39.048
4.8237,1.4984,15.2969,3.844,23.1258
3.6035,2.5542,63.6549,2.6266,178.2327
1.5546,-1.7471,21.8465,2.4241,59.8022
3.3346,1.3181,69.3505,4.5554,215.2695
0.3339,0.7239,61.3695,0.6883,169.8395
1.2123,-0.5722,53.7902,0.7432,156.362
-2.8617,2.9413,65.558,-3.8367,189.8662
3.7634,0.0871,72.1273,2.8049,233.418
-2.4527,0.1694,16.9189,-1.6929,37.3102
0.2897,1.9524,36.5772,0.7529,79.0031
-0.3483,-0.5355,8.7324,-1.8179,18.6664
1.3554,-2.7336,80.0176,1.8551,267.5684
3.1784,1.0336,72.04,1.2247,233.5812
0.2375,-0.993,93.9822,-0.0736,471.3493
1.4643,-0.3054,23.7972,0.106,60.9357
-4.2472,-2.2309,93.8563,-3.5093,314.6964
0.0479,0.7486,40.1876,0.9319,96.7152
-3.2156,2.9736,71.0679,-1.7183,210.5517
-0.3637,-0.9248,82.4185,0.6888,261.2661
1.5078,0.8849,47.0573,1.476,127.13
4.1322,-2.6783,27.0439,2.3721,89.4316
2.1192,-2.6593,68.1709,2.1775,224.1947
-2.0163,-1.7369,14.872,-0.7614,29.18
0.92,-0.0383,58.2382,1.1889,166.9708
-2.0467,0.2932,76.4357,-2.0304,229.3763
-4.9249,-0.9632,3.5105,-4.3046,44.3871
-0.1381,-2.7568,89.195,-2.093,300.5442
4.4108,0.5992,61.0968,2.135,176.0827
-0.8774,-1.71,87.6827,-0.9534,284.6543
4.1221,-2.1829,96.4329,1.9697,366.8302
-4.0887,-1.5536,28.1907,-3.5184,77.879
1.7797,-1.5161,19.0317,1.3529,57.9389
-3.7261,0.6577,73.9489,-4.4723,228.339
1.6058,-0.4162,67.8539,1.7965,210.5783
-1.8446,-0.2421,75.2949,-0.6138,223.6054
0.9604,-1.6461,7.4604,0.5737,30.1334
-4.738,-0.7294,0.3915,-3.7922,41.5703
4.9435,0.1804,89.2674,3.8661,311.6374
2.9875,-1.5135,83.6551,2.1564,297.3726
2.535,-0.0032,49.1063,3.0095,140.4333
-1.1722,1.676,60.0465,-0.9591,163.7736
0.1886,1.8683,93.0387,0.2927,311.4079
4.3308,-1.132,89.1904,3.9161,331.6772
1.8938,-2.6888,31.3127,-0.6046,87.6848
1.6804,1.853,68.3006,1.3382,205.805
2.4751,-0.7963,94.8316,2.9671,351.0704
-3.1719,-2.7695,56.3569,-3.4712,147.1039
-3.6025,0.0128,70.3339,-2.6789,208.4651
3.4078,-1.4652,14.9237,1.8584,53.4757
4.0436,-0.2248,61.3697,2.6699,196.8267
3.4986,0.0553,1.3373,2.2765,18.3801
0.4605,1.5379,67.0472,-1.0872,196.0024
-0.5064,2.8786,69.7903,1.0916,193.3931
-3.0696,1.8768,22.6007,-4.1662,46.4913
4.059,2.0261,97.3995,3.8076,349.769
2.7914,-2.8341,88.6862,2.9029,327.2581
0.5445,0.7025,8.3327,-0.9663,16.9135
-2.5393,-2.7926,87.0964,-2.8855,269.0516
-1.3166,1.0105,63.5033,-1.9584,171.6303
0.8044,-1.8494,23.2733,1.1787,56.6273
-3.4743,-1.1878,79.3007,-1.2865,246.622
4.529,1.1913,61.2528,3.6075,182.8577
-0.4174,2.4094,70.4032,1.8594,197.6529
-2.2908,1.2295,86.6824,-0.364,276.6576
2.7009,1.9581,64.832,0.905,196.2465
3.7456,-2.1077,25.6206,1.7918,76.9515
-0.0326,1.8475,70.7932,1.1644,204.6301
-3.4648,-2.7303,18.9178,-5.0358,38.7411
0.1463,-2.8458,32.4765,1.4651,75.1043
2.061,-1.2669,0.8721,2.7045,18.3164
-1.0952,-2.9528,55.0893,-1.005,139.4492
0.7915,-1.9427,69.3975,1.4473,215.5322
1.7415,-0.6448,3.2881,0.4121,24.6242
-1.8556,1.2229,1.2163,-1.1176,5.6776
-4.9394,-2.1028,49.1925,-4.1691,136.1436
2.629,0.4516,42.0637,2.3249,114.9066
1.3829,1.381,86.0505,0.8698,289.0961
-4.1156,-2.2815,87.45,-3.7198,280.2229
2.6975,-0.6357,21.1523,0.9892,54.9187
2.4973,-1.487,82.5911,2.1632,293.159
-4.3248,1.4656,81.4809,-3.6377,276.9198
-4.7963,-1.7379,71.0563,-3.4802,225.1673
4.1685,2.7073,84.4294,3.2409,272.5587
-0.7895,0.3632,15.5699,0.3157,32.2427
1.7244,-0.8347,62.4858,2.085,189.0922
3.0455,0.6627,43.0526,2.0588,120.4838
2.8521,0.5536,53.7731,3.1851,157.4459
0.6984,-0.4996,91.0676,-0.8303,316.0581
-4.0481,-0.9747,78.8912,-5.398,247.9136
0.9817,-0.7756,42.3124,3.2758,113.6129
-4.6785,2.2574,11.3209,-5.2106,58.1624
3.7978,-0.7873,73.6946,2.6083,250.9076
4.81,2.5869,81.4881,4.3858,256.531
0.9554,-1.7942,29.9413,0.7251,73.793
0.1204,-2.3318,89.128,0.0891,300.6887
-1.5674,1.2564,65.3683,-3.5354,180.2828
-3.0333,-1.1226,19.7821,-1.7434,46.6226
0.0661,-2.8946,62.9032,-0.4757,181.4518
-4.0593,0.6073,17.9501,-4.2137,59.144
0.3362,0.8182,37.5484,1.9841,87.5215
3.5686,2.8418,78.0319,0.8796,247.4204
-4.0495,1.1329,23.3705,-3.175,74.0161
4.8465,0.9321,59.9483,4.3206,173.329
-2.1167,-2.4235,38.2517,-1.2728,87.3079
-2.8981,1.8057,75.7597,-1.4288,229.3845
-1.1755,-2.3133,34.1673,-0.3429,75.8436
3.562,0.963,98.5867,3.0106,360.4408
-4.1226,-1.4074,70.7265,-1.7741,215.0956
-0.4082,-1.9297,15.2971,-0.868,34.0872
-0.207,-0.225,63.4279,-0.4623,180.5298
4.7719,2.4981,11.8033,1.9071,4.7972
-0.864,2.992,37.5111,-0.6717,76.7492
3.5997,-0.2154,12.4979,3.4576,37.4803
-1.4534,1.0552,24.6304,-1.7792,47.4287
-1.1195,-2.1232,75.1542,-1.5314,223.7636
-1.2954,-2.8762,15.3462,-1.3061,24.8556
-1.816,1.3155,77.9666,-3.1806,238.026
3.4277,-1.9768,18.0391,0.9327,59.3045
-4.2093,-0.4735,8.3221,-2.9207,32.0054
-2.2287,-1.6945,14.9018,-2.342,28.8268
-1.574,2.4335,55.1638,-1.6099,136.799
-1.2875,1.3384,57.3026,-0.3785,150.7752
3.0577,2.5945,92.946,4.5499,314.6356
-2.6166,2.0064,16.8536,-0.5385,33.2134
3.8837,1.7205,88.0453,2.6995,304.6027
4.4957,-1.3623,39.3468,2.1876,112.5261
-0.5384,0.6976,29.277,0.005,191.0799
3.7524,-1.0814,47.0296,3.2673,145.9202
0.3719,2.9852,21.1967,1.6925,34.9543
-2.9581,-1.5692,42.7647,-3.3701,97.3505
-3.059,-0.3475,13.3717,-1.1643,34.2072
-0.6868,-2.1003,74.3872,-1.6261,223.9393
4.8845,1.466,84.3857,4.1928,280.4644
2.586,0.0194,1.7509,1.5214,12.3575
4.1882,-1.0965,45.7865,3.2178,138.9601
-3.3966,-2.8086,47.4164,-2.4701,114.3722
-4.0337,1.5424,21.2588,-2.4366,66.5775
0.8298,-2.3375,62.1634,0.0639,184.9504
-4.6911,0.6002,1.8424,-3.7855,39.8759
-3.9472,-2.3356,0.4213,-3.0262,19.2297
-2.5926,2.788,45.4416,-2.058,109.53
-4.3392,-1.8261,51.6801,-1.7211,138.4252
1.5226,-0.3042,20.5795,2.9374,59.7344
0.902,-0.2119,69.5413,-0.337,209.1689
-1.7566,-1.0001,40.3814,-1.5873,95.3309
-2.6743,2.7122,18.8275,-1.6198,40.3927
-1.9675,0.8123,20.1583,-1.1298,39.4856
1.4038,1.356,11.0112,1.4022,21.3983
-2.2129,-0.042,81.5591,-1.6686,253.1407
-2.8991,-0.2155,11.3268,-0.3148,19.6975
2.0001,2.903,5.0461,0.1525,1.7672
-0.3532,-2.3071,50.0296,0.7928,129.819
-1.8894,0.9331,17.9344,-1.9383,31.4011
-3.816,-2.2195,72.3494,-3.1097,203.2862
-0.087,-2.3541,84.6782,-1.9578,274.4883
-3.4051,-2.0683,6.5413,-1.9034,124.3787
1.0943,2.3074,57.0802,1.5608,149.6397
-4.9514,-2.9856,9.4727,-4.5581,42.1851
-0.4226,2.2485,93.5425,-1.261,311.9047
4.7422,0.6647,86.7764,5.1889,299.5525
-3.7808,0.7561,51.8712,-3.181,140.968
-2.7407,1.387,13.4559,0.9158,30.7706
-2.1068,2.0217,49.2403,-1.2052,119.1
-1.7792,2.7661,28.4329,-2.4295,63.0575
-2.8185,1.8169,59.4948,-2.7293,164.417
-2.4026,2.1982,91.8019,-0.1032,292.2413
-1.7283,-2.9028,14.6007,0.0002,26.0916
-1.8531,-0.7138,90.3621,-2.5525,295.4369
-3.4147,-0.4462,22.5769,-2.0051,58.0721
-3.0537,-2.9888,65.6622,-1.5068,180.235
-1.9125,2.4001,18.6204,-0.4702,34.2845
-0.9501,0.2174,3.62,-2.9113,10.5775
4.523,2.45,99.0593,4.5978,344.223
0.529,0.5674,63.3921,0.3772,185.7925
-1.5574,-2.2619,46.859,-0.9467,115.149
-4.4628,1.8776,47.7096,-2.8573,157.1099
0.4331,0.6514,29.4015,2.7114,63.9187
-3.3625,0.5224,54.2047,-1.992,149.698
-4.9893,-1.7169,,-1.7937,174.0095
-0.2149,2.1106,99.2533,-1.4235,340.6185
